2025-11-06 00:51:46,479 [INFO] WebApp:194 - Connection lost
2025-11-06 02:13:00,959 [INFO] WebApp:191 - Connection restablished
2025-11-06 02:13:01,197 [INFO] WebApp:194 - Connection lost
2025-11-06 02:13:02,271 [INFO] WebApp:191 - Connection restablished
2025-11-06 02:13:04,363 [INFO] WebApp:194 - Connection lost
2025-11-06 02:13:04,628 [INFO] WebApp:191 - Connection restablished
2025-11-06 05:57:16,944 [INFO] WebApp:194 - Connection lost
2025-11-06 05:57:17,098 [INFO] WebApp:191 - Connection restablished
2025-11-06 06:53:52,848 [INFO] MainUpdater:2872 - connection check result : 10
2025-11-06 06:53:53,026 [INFO] McuFinderGlobals:76 - Set McuFinderConnectedMode to true
2025-11-06 06:53:53,032 [INFO] MultiScanPanel:200 - Auto-refresh data requested => check proxy status ongoing
2025-11-06 06:53:53,034 [INFO] FinderPluginLoader:95 - Searching for filters in installed packs
2025-11-06 06:53:55,273 [INFO] LoadUrlFilesThread:185 - End of LoadServerUrlFiles without Thread
2025-11-06 06:53:55,273 [INFO] DetailPanel:341 - Set advertising image to C:/Users/siree/STM32Cube/Repository/\en.mcu-finder-stm32n6dk.jpg
2025-11-06 06:53:58,425 [INFO] McuFinderGlobals:76 - Set McuFinderConnectedMode to true
2025-11-06 06:53:58,630 [INFO] ApiDb:448 - Save user favorites file C:\Users\siree/.stm32cubeide/favorites.mcus.txt: 0 item(s)
2025-11-06 06:53:58,630 [INFO] ApiDb:452 - User favorites MCUs=[]
2025-11-06 07:08:05,077 [INFO] MainUpdater:2872 - connection check result : 10
2025-11-06 07:08:05,172 [INFO] McuFinderGlobals:76 - Set McuFinderConnectedMode to true
2025-11-06 07:08:05,176 [INFO] MultiScanPanel:200 - Auto-refresh data requested => check proxy status ongoing
2025-11-06 07:08:05,176 [INFO] FinderPluginLoader:95 - Searching for filters in installed packs
2025-11-06 07:08:06,044 [INFO] LoadUrlFilesThread:185 - End of LoadServerUrlFiles without Thread
2025-11-06 07:08:06,044 [INFO] DetailPanel:341 - Set advertising image to C:/Users/siree/STM32Cube/Repository/\en.mcu-finder-stm32n6dk.jpg
2025-11-06 07:08:14,240 [INFO] MultiScanPanel:200 - Auto-refresh data requested => check proxy status ongoing
2025-11-06 07:08:14,304 [INFO] LoadUrlFilesThread:185 - End of LoadServerUrlFiles without Thread
2025-11-06 07:08:14,305 [INFO] DetailPanel:341 - Set advertising image to C:/Users/siree/STM32Cube/Repository/\en.mcu-finder-stm32n6dk.jpg
2025-11-06 07:08:46,131 [INFO] MainUpdater:2872 - connection check result : 10
2025-11-06 07:08:46,132 [INFO] MainUpdater:2872 - connection check result : 10
2025-11-06 07:08:46,153 [ERROR] IocParser:57 - IOException caught: C:\stm32\26_GPIObaremetal\26_GPIObaremetal.ioc (The system cannot find the path specified)
2025-11-06 07:08:46,154 [ERROR] PeripheralListParser:95 - Something went wrong with ioc file reading: C:\stm32\26_GPIObaremetal\26_GPIObaremetal.ioc (The system cannot find the path specified)
2025-11-06 07:08:46,155 [ERROR] RegexParser:59 - Issue caught when parsing regex: C:\stm32\26_GPIObaremetal\26_GPIObaremetal.ioc (The system cannot find the path specified)
2025-11-06 07:08:46,437 [INFO] MicroXplorer:468 - Change Database Path : 
2025-11-06 07:08:46,438 [INFO] MicroXplorer:498 - Change Database Version : DB.6.0.141
2025-11-06 07:08:46,495 [ERROR] ProjectManagerView:395 - 
java.lang.NullPointerException: Cannot invoke "javax.swing.JTextField.getText()" because the return value of "java.util.List.get(int)" is null
	at com.st.microxplorer.plugins.projectmanager.gui.ProjectChoiceTab$9.caretUpdate(ProjectChoiceTab.java:2678) ~[filemanager.jar:?]
	at javax.swing.text.JTextComponent.fireCaretUpdate(JTextComponent.java:408) ~[?:?]
	at javax.swing.text.JTextComponent$MutableCaretEvent.fire(JTextComponent.java:4484) ~[?:?]
	at javax.swing.text.JTextComponent$MutableCaretEvent.stateChanged(JTextComponent.java:4506) ~[?:?]
	at javax.swing.text.DefaultCaret.fireStateChanged(DefaultCaret.java:857) ~[?:?]
	at javax.swing.text.DefaultCaret.changeCaretPosition(DefaultCaret.java:1343) ~[?:?]
	at javax.swing.text.DefaultCaret.handleSetDot(DefaultCaret.java:1242) ~[?:?]
	at javax.swing.text.DefaultCaret.setDot(DefaultCaret.java:1223) ~[?:?]
	at javax.swing.text.DefaultCaret$Handler.insertUpdate(DefaultCaret.java:1819) ~[?:?]
	at javax.swing.text.AbstractDocument.fireInsertUpdate(AbstractDocument.java:227) ~[?:?]
	at javax.swing.text.AbstractDocument.handleInsertString(AbstractDocument.java:781) ~[?:?]
	at javax.swing.text.AbstractDocument.insertString(AbstractDocument.java:740) ~[?:?]
	at javax.swing.text.PlainDocument.insertString(PlainDocument.java:131) ~[?:?]
	at javax.swing.text.AbstractDocument.replace(AbstractDocument.java:699) ~[?:?]
	at javax.swing.text.JTextComponent.setText(JTextComponent.java:1725) ~[?:?]
	at com.st.microxplorer.plugins.projectmanager.gui.ProjectChoiceTab.createHeapStackFields(ProjectChoiceTab.java:979) ~[filemanager.jar:?]
	at com.st.microxplorer.plugins.projectmanager.gui.ProjectChoiceTab.buildLinkSettingsPanel(ProjectChoiceTab.java:3766) ~[filemanager.jar:?]
	at com.st.microxplorer.plugins.projectmanager.gui.ProjectChoiceTab.defineWindowsFields(ProjectChoiceTab.java:1962) ~[filemanager.jar:?]
	at com.st.microxplorer.plugins.projectmanager.gui.ProjectChoiceTab.updateSettings(ProjectChoiceTab.java:555) ~[filemanager.jar:?]
	at com.st.microxplorer.plugins.projectmanager.gui.ProjectSettingsPanel.UpdateDialog(ProjectSettingsPanel.java:245) ~[filemanager.jar:?]
	at com.st.microxplorer.plugins.projectmanager.ProjectManagerView.propertyChange(ProjectManagerView.java:392) ~[filemanager.jar:?]
	at java.beans.PropertyChangeSupport.fire(PropertyChangeSupport.java:343) ~[?:?]
	at java.beans.PropertyChangeSupport.firePropertyChange(PropertyChangeSupport.java:335) ~[?:?]
	at java.beans.PropertyChangeSupport.firePropertyChange(PropertyChangeSupport.java:268) ~[?:?]
	at com.st.microxplorer.util.MXPropertyChangeSupport.firePropertyChange(MXPropertyChangeSupport.java:54) ~[STM32CubeMX.jar:?]
	at com.st.microxplorer.mxsystem.MxSystem.closeConfig(MxSystem.java:899) ~[STM32CubeMX.jar:?]
	at com.st.microxplorer.maingui.MainPanel.closeConfig(MainPanel.java:789) ~[STM32CubeMX.jar:?]
	at com.st.microxplorer.plugins.filemanager.engine.OpenFileManager.loadConfigurationFile(OpenFileManager.java:287) ~[filemanager.jar:?]
	at com.st.microxplorer.plugins.filemanager.engine.MainFileManager.userLoadConfig(MainFileManager.java:341) ~[filemanager.jar:?]
	at com.st.microxplorer.plugins.filemanager.FileManagerView.getSpecificTask(FileManagerView.java:250) ~[filemanager.jar:?]
	at com.st.stm32cube.common.mx.editor.CubeMxEditor.getMxTabbedPaneInstance(CubeMxEditor.java:1191) ~[com.st.stm32cube.common.mx_6.14.1.202504091515/:?]
	at com.st.stm32cube.common.mx.editor.CubeMxEditor$12$1.createSwingComponent(CubeMxEditor.java:1068) ~[com.st.stm32cube.common.mx_6.14.1.202504091515/:?]
	at com.st.stm32cube.common.mx.oss.core.awtswtbridge.EmbeddedSwingComposite.doComponentCreation(EmbeddedSwingComposite.java:492) ~[com.st.stm32cube.common.mx.oss_6.14.1.202504091515/:?]
	at com.st.stm32cube.common.mx.oss.core.awtswtbridge.EmbeddedSwingComposite$4.run(EmbeddedSwingComposite.java:291) ~[com.st.stm32cube.common.mx.oss_6.14.1.202504091515/:?]
	at com.st.stm32cube.common.mx.oss.core.awtswtbridge.AwtEnvironment$2.run(AwtEnvironment.java:166) ~[com.st.stm32cube.common.mx.oss_6.14.1.202504091515/:?]
	at java.awt.event.InvocationEvent.dispatch(InvocationEvent.java:318) ~[?:?]
	at java.awt.EventQueue.dispatchEventImpl(EventQueue.java:773) ~[?:?]
	at java.awt.EventQueue$4.run(EventQueue.java:720) ~[?:?]
	at java.awt.EventQueue$4.run(EventQueue.java:714) ~[?:?]
	at java.security.AccessController.doPrivileged(AccessController.java:400) ~[?:?]
	at java.security.ProtectionDomain$JavaSecurityAccessImpl.doIntersectionPrivilege(ProtectionDomain.java:87) ~[?:?]
	at java.awt.EventQueue.dispatchEvent(EventQueue.java:742) ~[?:?]
	at java.awt.EventDispatchThread.pumpOneEventForFilters(EventDispatchThread.java:203) ~[?:?]
	at java.awt.EventDispatchThread.pumpEventsForFilter(EventDispatchThread.java:124) ~[?:?]
	at java.awt.EventDispatchThread.pumpEventsForHierarchy(EventDispatchThread.java:113) ~[?:?]
	at java.awt.EventDispatchThread.pumpEvents(EventDispatchThread.java:109) ~[?:?]
	at java.awt.EventDispatchThread.pumpEvents(EventDispatchThread.java:101) ~[?:?]
	at java.awt.EventDispatchThread.run(EventDispatchThread.java:90) ~[?:?]
2025-11-06 07:08:46,523 [WARN] ThirdParty:871 - waiting for thirdparty lock release [close project]
2025-11-06 07:08:46,523 [INFO] ThirdParty:873 - entering critical section [close project]
2025-11-06 07:08:46,524 [INFO] ThirdParty:883 - exiting critical section [close project]
2025-11-06 07:08:46,529 [INFO] PinOutPanel:1589 - setPackage(No Configuration,No Configuration)
2025-11-06 07:08:46,560 [WARN] IpParametersView:155 - Warning: This peripheral hasn't parameters
2025-11-06 07:08:46,590 [WARN] MainPanel:289 - <html><b><center>Warning: This peripheral has no parameters to be configured<br></b></html>
2025-11-06 07:08:46,613 [INFO] UtilMem:75 - Begin LoadConfig() Used Memory: 833972888 Bytes (1073741824)
2025-11-06 07:08:46,614 [INFO] OpenFileManager:354 - Change cursor
2025-11-06 07:08:46,650 [INFO] RulesReader:64 - Compatibility file has been processed (302 Rules)
2025-11-06 07:08:46,661 [INFO] ProjectFactory:442 - No CPN specified for board NUCLEO-L476RG => set CPN to STM32L476RGT3
2025-11-06 07:08:46,661 [INFO] Mcu:2011 - Initializing MCU STM32L476R(C-E-G)Tx STM32L476RGTx STM32L476RGT3
2025-11-06 07:08:48,727 [INFO] Context:756 - Trying to add GPIOservice into a context  which must be forbidden
2025-11-06 07:08:49,591 [INFO] Rule:225 - rule 117617 - U5Cobra4M][GTZC] default value MPCBB3 and MPCBB5 - Not Secured memory - MPCBB1 is applicable
2025-11-06 07:08:49,591 [INFO] Rule:225 - rule 117617 - U5Cobra4M][GTZC] default value MPCBB3 and MPCBB5 - Not Secured memory - MPCBB1 is applicable
2025-11-06 07:08:49,591 [INFO] Rule:225 - rule 117617 - U5Cobra4M][GTZC] default value MPCBB3 and MPCBB5 - Not Secured memory - MPCBB2 is applicable
2025-11-06 07:08:49,591 [INFO] Rule:225 - rule 117617 - U5Cobra4M][GTZC] default value MPCBB3 and MPCBB5 - Not Secured memory - MPCBB2 is applicable
2025-11-06 07:08:49,591 [INFO] Rule:225 - rule 117617 - U5Cobra4M][GTZC] default value MPCBB3 and MPCBB5 - Not Secured memory - MPCBB3 is applicable
2025-11-06 07:08:49,591 [INFO] Rule:225 - rule 117617 - U5Cobra4M][GTZC] default value MPCBB3 and MPCBB5 - Not Secured memory - MPCBB3 is applicable
2025-11-06 07:08:49,591 [INFO] Rule:225 - rule 117617 - U5Cobra4M][GTZC] default value MPCBB3 and MPCBB5 - Not Secured memory - MPCBB4 is applicable
2025-11-06 07:08:49,591 [INFO] Rule:225 - rule 117617 - U5Cobra4M][GTZC] default value MPCBB3 and MPCBB5 - Not Secured memory - MPCBB4 is applicable
2025-11-06 07:08:49,592 [INFO] Rule:225 - rule 117617 - U5Cobra4M][GTZC] default value MPCBB3 and MPCBB5 - Secured memory - MPCBB1 is applicable
2025-11-06 07:08:49,592 [INFO] Rule:225 - rule 117617 - U5Cobra4M][GTZC] default value MPCBB3 and MPCBB5 - Secured memory - MPCBB2 is applicable
2025-11-06 07:08:49,592 [INFO] Rule:225 - rule 117617 - U5Cobra4M][GTZC] default value MPCBB3 and MPCBB5 - Secured memory - MPCBB3 is applicable
2025-11-06 07:08:49,592 [INFO] Rule:225 - rule 117617 - U5Cobra4M][GTZC] default value MPCBB3 and MPCBB5 - Secured memory - MPCBB4 is applicable
2025-11-06 07:08:49,592 [INFO] Rule:225 - rule 117617 - U5Cobra4M][GTZC] default value MPCBB3 and MPCBB5 - Privileged memory - MPCBB1 is applicable
2025-11-06 07:08:49,592 [INFO] Rule:225 - rule 117617 - U5Cobra4M][GTZC] default value MPCBB3 and MPCBB5 - Privileged memory - MPCBB2 is applicable
2025-11-06 07:08:49,592 [INFO] Rule:225 - rule 117617 - U5Cobra4M][GTZC] default value MPCBB3 and MPCBB5 - Privileged memory - MPCBB3 is applicable
2025-11-06 07:08:49,592 [INFO] Rule:225 - rule 117617 - U5Cobra4M][GTZC] default value MPCBB3 and MPCBB5 - Privileged memory - MPCBB4 is applicable
2025-11-06 07:08:49,592 [INFO] Rule:225 - rule 117617 - U5Cobra4M][GTZC] default value MPCBB3 and MPCBB5 - Not Privileged memory - MPCBB1 is applicable
2025-11-06 07:08:49,592 [INFO] Rule:225 - rule 117617 - U5Cobra4M][GTZC] default value MPCBB3 and MPCBB5 - Not Privileged memory - MPCBB2 is applicable
2025-11-06 07:08:49,592 [INFO] Rule:225 - rule 117617 - U5Cobra4M][GTZC] default value MPCBB3 and MPCBB5 - Not Privileged memory - MPCBB3 is applicable
2025-11-06 07:08:49,592 [INFO] Rule:225 - rule 117617 - U5Cobra4M][GTZC] default value MPCBB3 and MPCBB5 - Not Privileged memory - MPCBB4 is applicable
2025-11-06 07:08:49,592 [INFO] Rule:225 - rule 117617 - U5Cobra4M][GTZC] default value MPCBB3 and MPCBB5 - Privileged memory - MPCBB1 is applicable
2025-11-06 07:08:49,592 [INFO] Rule:225 - rule 117617 - U5Cobra4M][GTZC] default value MPCBB3 and MPCBB5 - Privileged memory - MPCBB2 is applicable
2025-11-06 07:08:49,592 [INFO] Rule:225 - rule 117617 - U5Cobra4M][GTZC] default value MPCBB3 and MPCBB5 - Privileged memory - MPCBB3 is applicable
2025-11-06 07:08:49,592 [INFO] Rule:225 - rule 117617 - U5Cobra4M][GTZC] default value MPCBB3 and MPCBB5 - Privileged memory - MPCBB4 is applicable
2025-11-06 07:08:49,592 [INFO] Rule:225 - rule 117617 - U5Cobra4M][GTZC] default value MPCBB3 and MPCBB5 - Privileged memory - MPCBB1 is applicable
2025-11-06 07:08:49,592 [INFO] Rule:225 - rule 117617 - U5Cobra4M][GTZC] default value MPCBB3 and MPCBB5 - Privileged memory - MPCBB2 is applicable
2025-11-06 07:08:49,592 [INFO] Rule:225 - rule 117617 - U5Cobra4M][GTZC] default value MPCBB3 and MPCBB5 - Privileged memory - MPCBB3 is applicable
2025-11-06 07:08:49,592 [INFO] Rule:225 - rule 117617 - U5Cobra4M][GTZC] default value MPCBB3 and MPCBB5 - Privileged memory - MPCBB4 is applicable
2025-11-06 07:08:49,592 [INFO] Rule:225 - rule 117617 - U5Cobra4M][GTZC] default value MPCBB3 and MPCBB5 - Not Privileged memory - MPCBB1 is applicable
2025-11-06 07:08:49,592 [INFO] Rule:225 - rule 117617 - U5Cobra4M][GTZC] default value MPCBB3 and MPCBB5 - Not Privileged memory - MPCBB2 is applicable
2025-11-06 07:08:49,592 [INFO] Rule:225 - rule 117617 - U5Cobra4M][GTZC] default value MPCBB3 and MPCBB5 - Not Privileged memory - MPCBB3 is applicable
2025-11-06 07:08:49,592 [INFO] Rule:225 - rule 117617 - U5Cobra4M][GTZC] default value MPCBB3 and MPCBB5 - Not Privileged memory - MPCBB4 is applicable
2025-11-06 07:08:49,592 [INFO] Rule:225 - rule 117617 - U5Cobra4M][GTZC] default value MPCBB3 and MPCBB5 - Privileged memory - MPCBB1 is applicable
2025-11-06 07:08:49,592 [INFO] Rule:225 - rule 117617 - U5Cobra4M][GTZC] default value MPCBB3 and MPCBB5 - Privileged memory - MPCBB2 is applicable
2025-11-06 07:08:49,592 [INFO] Rule:225 - rule 117617 - U5Cobra4M][GTZC] default value MPCBB3 and MPCBB5 - Privileged memory - MPCBB3 is applicable
2025-11-06 07:08:49,592 [INFO] Rule:225 - rule 117617 - U5Cobra4M][GTZC] default value MPCBB3 and MPCBB5 - Privileged memory - MPCBB4 is applicable
2025-11-06 07:08:49,592 [INFO] Rule:225 - rule Rename SubGHz_Phy SUBGHZ_APPLICATION SUBGHZ_PINGPONG to SUBGHZ_ADV_APPLICATION is applicable
2025-11-06 07:08:49,592 [INFO] Rule:225 - rule Rename Enabled to IBEACON is applicable
2025-11-06 07:08:49,592 [INFO] Rule:225 - rule GTZC_S instance for project manager is applicable
2025-11-06 07:08:49,592 [INFO] Rule:225 - rule GTZC_S instance for context M33S is applicable
2025-11-06 07:08:49,592 [INFO] Rule:225 - rule GTZC_S instance value for IP GTZC is applicable
2025-11-06 07:08:49,593 [INFO] Rule:225 - rule GTZC_S instance for mcu.IP is applicable
2025-11-06 07:08:49,593 [INFO] Rule:225 - rule GTZC_S instance for VP is applicable
2025-11-06 07:08:49,593 [INFO] Rule:225 - rule GTZC_S instance for signal is applicable
2025-11-06 07:08:49,593 [INFO] Rule:225 - rule GTZC_S instance for mcu.Pin is applicable
2025-11-06 07:08:49,593 [INFO] Rule:225 - rule GTZC_S instance for VP is applicable
2025-11-06 07:08:49,593 [INFO] Rule:225 - rule GTZC_S instance for signal is applicable
2025-11-06 07:08:49,593 [INFO] Rule:225 - rule GTZC_S instance for mcu is applicable
2025-11-06 07:08:49,593 [INFO] Rule:225 - rule GTZC_S instance for mcu.Pin is applicable
2025-11-06 07:08:49,593 [INFO] Rule:225 - rule GTZC_S instance value for IP GTZC is applicable
2025-11-06 07:08:49,593 [INFO] Rule:225 - rule GTZC_S instance for project manager is applicable
2025-11-06 07:08:49,593 [INFO] Rule:225 - rule GTZC_S instance for context M33S is applicable
2025-11-06 07:08:49,593 [INFO] Rule:225 - rule GTZC_S instance for VP is applicable
2025-11-06 07:08:49,593 [INFO] Rule:225 - rule GTZC_S instance for signal is applicable
2025-11-06 07:08:49,593 [INFO] Rule:225 - rule SPDIFRX instance for mcu is applicable
2025-11-06 07:08:49,593 [INFO] Rule:225 - rule Rename Tracer Mode is applicable
2025-11-06 07:08:49,593 [INFO] Rule:225 - rule SPDIFRX instance value for IP SPDIFRX is applicable
2025-11-06 07:08:49,593 [INFO] Rule:225 - rule SPDIFRX instance for signal is applicable
2025-11-06 07:08:49,593 [INFO] Rule:225 - rule SPDIFRX instance for project manager is applicable
2025-11-06 07:08:49,593 [INFO] Rule:225 - rule SPDIFRX instance for project manager is applicable
2025-11-06 07:08:49,593 [INFO] Rule:225 - rule ADC Scan  fix with FW F7 is applicable
2025-11-06 07:08:49,593 [INFO] Rule:225 - rule ADC Scan  fix with FW F7 is applicable
2025-11-06 07:08:49,593 [INFO] Rule:225 - rule WakeUp0 Mode is applicable
2025-11-06 07:08:49,593 [INFO] Rule:225 - rule WakeUp0 SIGNAL is applicable
2025-11-06 07:08:49,593 [INFO] Rule:225 - rule WakeUp1 Mode is applicable
2025-11-06 07:08:49,593 [INFO] Rule:225 - rule WakeUp1 SIGNAL is applicable
2025-11-06 07:08:49,593 [INFO] Rule:225 - rule WakeUp2 Mode is applicable
2025-11-06 07:08:49,593 [INFO] Rule:225 - rule WakeUp2 SIGNAL is applicable
2025-11-06 07:08:49,593 [INFO] Rule:225 - rule WakeUp4 Mode is applicable
2025-11-06 07:08:49,593 [INFO] Rule:225 - rule WakeUp4 SIGNAL is applicable
2025-11-06 07:08:49,593 [INFO] Rule:225 - rule WakeUp5 Mode is applicable
2025-11-06 07:08:49,594 [INFO] Rule:225 - rule WakeUp5 SIGNAL is applicable
2025-11-06 07:08:49,594 [INFO] Rule:225 - rule Add RTC Activate Clock Source is applicable
2025-11-06 07:08:49,594 [INFO] Rule:225 - rule Add RTC Activate Calendar 1 is applicable
2025-11-06 07:08:49,594 [INFO] Rule:225 - rule Add RTC Activate Calendar 2 is applicable
2025-11-06 07:08:49,594 [INFO] Rule:225 - rule Add RTC Activate Calendar 3 is applicable
2025-11-06 07:08:49,594 [INFO] Rule:225 - rule UART/USART TX Mode is applicable
2025-11-06 07:08:49,594 [INFO] Rule:225 - rule UART/USART RX Mode is applicable
2025-11-06 07:08:49,594 [INFO] Rule:225 - rule UART/USART RX TX Mode is applicable
2025-11-06 07:08:49,594 [INFO] Rule:225 - rule UART/USART PARITY NONE is applicable
2025-11-06 07:08:49,594 [INFO] Rule:225 - rule UART/USART PARITY EVEN is applicable
2025-11-06 07:08:49,594 [INFO] Rule:225 - rule UART/USART PARITY ODD is applicable
2025-11-06 07:08:49,594 [INFO] Rule:225 - rule USART StopBits 1 is applicable
2025-11-06 07:08:49,594 [INFO] Rule:225 - rule USART StopBits 2 is applicable
2025-11-06 07:08:49,594 [INFO] Rule:225 - rule USART StopBits 1.5 is applicable
2025-11-06 07:08:49,594 [INFO] Rule:225 - rule USART StopBits 0.5 is applicable
2025-11-06 07:08:49,594 [INFO] Rule:225 - rule UART/USART WORD LENGTH 7 is applicable
2025-11-06 07:08:49,594 [INFO] Rule:225 - rule UART/USART WORD LENGTH 8 is applicable
2025-11-06 07:08:49,594 [INFO] Rule:225 - rule UART/USART WORD LENGTH 9 is applicable
2025-11-06 07:08:49,594 [INFO] Rule:225 - rule Rename FMC NAND NCE signal is applicable
2025-11-06 07:08:49,594 [INFO] Rule:225 - rule Rename FMC NAND INT signal is applicable
2025-11-06 07:08:49,594 [INFO] Rule:225 - rule Change Default Value for LSE Drive Capability for WB family is applicable
2025-11-06 07:08:49,595 [INFO] Rule:225 - rule Change Default Value for ADC Clock Prescaler G0 family is applicable
2025-11-06 07:08:49,595 [INFO] Rule:225 - rule Change Default Value for ADC ExternalTrigConv L4 family is applicable
2025-11-06 07:08:49,595 [INFO] Rule:225 - rule Change Default Value for ADC ExternalTrigInjecConv L4 family is applicable
2025-11-06 07:08:49,595 [INFO] Rule:225 - rule Change Default Value for ADC ExternalTrigConv F3 family is applicable
2025-11-06 07:08:49,595 [INFO] Rule:225 - rule Change Default Value for ADC ExternalTrigInjecConv F3 family is applicable
2025-11-06 07:08:49,595 [INFO] Rule:225 - rule Change Default Value for ADC ExternalTrigConv Goldfish serie is applicable
2025-11-06 07:08:49,595 [INFO] Rule:225 - rule Change Default Value for ADC ExternalTrigInjecConv Goldfish serie is applicable
2025-11-06 07:08:49,595 [INFO] Rule:225 - rule Change Default Value for ADC ExternalTrigConv L0 family is applicable
2025-11-06 07:08:49,595 [INFO] Rule:225 - rule Change Default Value for ADC ExternalTrigConv F0 family is applicable
2025-11-06 07:08:49,595 [INFO] Rule:225 - rule Change Default Value for ADC ExternalTrigConvn L1 family is applicable
2025-11-06 07:08:49,595 [INFO] Rule:225 - rule Change Default Value for ADC ExternalTrigInjecConv L1 family is applicable
2025-11-06 07:08:49,595 [INFO] Rule:225 - rule Change Default Value for ADC ExternalTrigConv F1 family is applicable
2025-11-06 07:08:49,595 [INFO] Rule:225 - rule Change Default Value for ADC ExternalTrigInjecConv F1 family is applicable
2025-11-06 07:08:49,595 [INFO] Rule:225 - rule Change Default Value for ADC ExternalTrigConv F7 family is applicable
2025-11-06 07:08:49,595 [INFO] Rule:225 - rule Change Default Value for ADC ExternalTrigInjecConv F7 family is applicable
2025-11-06 07:08:49,595 [INFO] Rule:225 - rule Change Default Value for ADC ExternalTrigConv F4 and F2 family is applicable
2025-11-06 07:08:49,595 [INFO] Rule:225 - rule Change Default Value for ADC ExternalTrigInjecConv F4 and F2 family is applicable
2025-11-06 07:08:49,595 [INFO] Rule:225 - rule ADC SamplingTime fix with FW L0  is applicable
2025-11-06 07:08:49,595 [INFO] Rule:225 - rule ADC SamplingTime fix with FW L0  is applicable
2025-11-06 07:08:49,595 [INFO] Rule:225 - rule ADC SamplingTime fix with FW L0 is applicable
2025-11-06 07:08:49,595 [INFO] Rule:225 - rule ADC SamplingTime fix with FW L0 is applicable
2025-11-06 07:08:49,595 [INFO] Rule:225 - rule ADC SamplingTime fix with FW L0  is applicable
2025-11-06 07:08:49,595 [INFO] Rule:225 - rule ADC SamplingTime fix with FW L0 is applicable
2025-11-06 07:08:49,595 [INFO] Rule:225 - rule Rename USB_OE Signal is applicable
2025-11-06 07:08:49,595 [INFO] Rule:225 - rule Rename Activate_OE Mode is applicable
2025-11-06 07:08:49,595 [INFO] Rule:225 - rule Rename DIE462/DIE415 pin PC14/OSC32_IN -> PC14-OSC32_IN (PC14) is applicable
2025-11-06 07:08:49,595 [INFO] Rule:225 - rule Rename DIE462/DIE415 pin PC15/OSC32_OUT -> PC15-OSC32_OUT (PC15) is applicable
2025-11-06 07:08:49,595 [INFO] Rule:225 - rule Rename DIE462/DIE415 pin PH0/OSC_IN -> PH0-OSC_IN (PH0) is applicable
2025-11-06 07:08:49,595 [INFO] Rule:225 - rule Rename DIE462/DIE415 pin PH1/OSC_OUT -> PH1-OSC_OUT (PH1) is applicable
2025-11-06 07:08:49,595 [INFO] Rule:225 - rule Rename DIE462 pin PA13 -> PA13 (JTMS/SWDIO) is applicable
2025-11-06 07:08:49,595 [INFO] Rule:225 - rule Rename DIE415 pin PA13 -> PA13 (JTMS/SWDIO) is applicable
2025-11-06 07:08:49,595 [INFO] Rule:225 - rule Rename DIE462 pin PA14 -> PA14 (JTCK/SWCLK) is applicable
2025-11-06 07:08:49,595 [INFO] Rule:225 - rule Rename DIE415 pin PA14 -> PA14 (JTCK/SWCLK) is applicable
2025-11-06 07:08:49,596 [INFO] Rule:225 - rule Rename DIE462/DIE415 pin PA15 -> PA15 (JTDI) is applicable
2025-11-06 07:08:49,596 [INFO] Rule:225 - rule Rename DIE462 pin PB3 -> PB3 (JTD0/TRACESWO) is applicable
2025-11-06 07:08:49,596 [INFO] Rule:225 - rule Rename DIE415 pin PB3 -> PB3 (JTD0-TRACESWO) is applicable
2025-11-06 07:08:49,596 [INFO] Rule:225 - rule Rename DIE462/DIE415 pin PB4 -> PB4 (NJTRST) is applicable
2025-11-06 07:08:49,596 [INFO] Rule:225 - rule Rename DIE462 pin PH3/BOOT0 -> PH3-BOOT0 (BOOT0) is applicable
2025-11-06 07:08:49,596 [INFO] Rule:225 - rule Rename CRYP DataEncryptionTypesList to Algorithm is applicable
2025-11-06 07:08:49,596 [INFO] Rule:225 - rule Rename AES DataEncryptionTypesList to Algorithm is applicable
2025-11-06 07:08:49,596 [INFO] Rule:225 - rule Rename TDESECB to CRYP_TDES_ECB is applicable
2025-11-06 07:08:49,596 [INFO] Rule:225 - rule Rename TDESCBC to CRYP_TDES_CBC is applicable
2025-11-06 07:08:49,596 [INFO] Rule:225 - rule Rename DESECB to CRYP_DES_ECB is applicable
2025-11-06 07:08:49,596 [INFO] Rule:225 - rule Rename DESCBC to CRYP_DES_CBC is applicable
2025-11-06 07:08:49,596 [INFO] Rule:225 - rule Rename AESECB to CRYP_AES_ECB is applicable
2025-11-06 07:08:49,596 [INFO] Rule:225 - rule Rename AESCBC to CRYP_AES_CBC is applicable
2025-11-06 07:08:49,596 [INFO] Rule:225 - rule Rename AESCTR to CRYP_AES_CTR is applicable
2025-11-06 07:08:49,596 [INFO] Rule:225 - rule Rename AESGCM to CRYP_AES_GCM is applicable
2025-11-06 07:08:49,596 [INFO] Rule:225 - rule Rename AESCCM to CRYP_AES_CCM is applicable
2025-11-06 07:08:49,596 [INFO] Rule:225 - rule Rename CAN TimeSeg1 to BS1 is applicable
2025-11-06 07:08:49,596 [INFO] Rule:225 - rule Rename CAN TimeSeg2 to BS2 is applicable
2025-11-06 07:08:49,596 [INFO] Rule:225 - rule Rename CAN SyncJumpWidth to SJW is applicable
2025-11-06 07:08:49,596 [INFO] Rule:225 - rule TimeTriggeredMode to TTCM is applicable
2025-11-06 07:08:49,596 [INFO] Rule:225 - rule Rename CAN AutoBusOff to ABOM is applicable
2025-11-06 07:08:49,596 [INFO] Rule:225 - rule Rename CAN AutoWakeUp to AWUM is applicable
2025-11-06 07:08:49,596 [INFO] Rule:225 - rule Rename CAN AutoRetransmission to NART is applicable
2025-11-06 07:08:49,596 [INFO] Rule:225 - rule Rename CAN ReceiveFifoLocked to RFLM is applicable
2025-11-06 07:08:49,596 [INFO] Rule:225 - rule Rename CAN TransmitFifoPriority to TXFP is applicable
2025-11-06 07:08:49,596 [INFO] Rule:225 - rule Rename HRTIMER HRTIM_OUTPUTFAULTLEVEL_HIGH in HRTIMER HRTIM_OUTPUTFAULTLEVEL_HIGHZ is applicable
2025-11-06 07:08:49,596 [INFO] Rule:225 - rule Rename TIMER TIM_CLEARINPUTSOURCE_OCREFCLR in  TIMER TIM_CLEARINPUTSOURCE_NONE for F7 family is applicable
2025-11-06 07:08:49,596 [INFO] Rule:225 - rule FDCAN_R1 - Rename FDCAN mode Master into Classic is applicable
2025-11-06 07:08:49,596 [INFO] Rule:225 - rule FDCAN_R2 - Rename FDCAN mode Slave into Classic is applicable
2025-11-06 07:08:49,597 [INFO] Rule:225 - rule FDCAN1_R3 - if PA10.Mode=FullDuplex, add Pin PA12 is applicable
2025-11-06 07:08:49,597 [INFO] Rule:225 - rule FDCAN1_R3 - if PA9.Mode=FullDuplex, add Pin PA11 is applicable
2025-11-06 07:08:49,597 [INFO] Rule:225 - rule FDCAN1_R3 - Alternatepin_1 - if PE1.Mode=FullDuplex, add Pin PB9 is applicable
2025-11-06 07:08:49,597 [INFO] Rule:225 - rule FDCAN1_R3 - Alternatepin_1 - if PE0.Mode=FullDuplex, add Pin PB8 is applicable
2025-11-06 07:08:49,597 [INFO] Rule:225 - rule FDCAN1_R3 - Alternatepin_2 - if PD5.Mode=FullDuplex, add Pin PD1 is applicable
2025-11-06 07:08:49,597 [INFO] Rule:225 - rule FDCAN1_R3 - Alternatepin_2 - if PD4.Mode=FullDuplex, add Pin PD0 is applicable
2025-11-06 07:08:49,597 [INFO] Rule:225 - rule FDCAN1_R4 - Rename Mode FullDuplex into Enable FDCAN_TXFD for pin PA10 is applicable
2025-11-06 07:08:49,597 [INFO] Rule:225 - rule FDCAN1_R4 - Rename Mode FullDuplex into Enable FDCAN_TXFD for pin PA9 is applicable
2025-11-06 07:08:49,597 [INFO] Rule:225 - rule FDCAN1_R4 - Alternatepin_1 - Rename Mode FullDuplex into Enable FDCAN_TXFD for pin PE1 is applicable
2025-11-06 07:08:49,597 [INFO] Rule:225 - rule FDCAN1_R4 - Alternatepin_1 - Rename Mode FullDuplex into Enable FDCAN_TXFD for pin PE0 is applicable
2025-11-06 07:08:49,597 [INFO] Rule:225 - rule FDCAN1_R4 - Alternatepin_2 - Rename Mode FullDuplex into Enable FDCAN_TXFD for pin PD5 is applicable
2025-11-06 07:08:49,597 [INFO] Rule:225 - rule FDCAN1_R4 - Alternatepin_2 - Rename Mode FullDuplex into Enable FDCAN_TXFD for pin PD4 is applicable
2025-11-06 07:08:49,597 [INFO] Rule:225 - rule FDCAN2_R3 - if PD10.Mode=FullDuplex, add Pin PB13 is applicable
2025-11-06 07:08:49,597 [INFO] Rule:225 - rule FDCAN2_R3 - if PD9.Mode=FullDuplex, add Pin PB12 is applicable
2025-11-06 07:08:49,597 [INFO] Rule:225 - rule FDCAN2_R3 - Alternatepin_1 - if PB7.Mode=FullDuplex, add Pin PB6 is applicable
2025-11-06 07:08:49,597 [INFO] Rule:225 - rule FDCAN2_R3 - Alternatepin_1 - if PD9.Mode=FullDuplex, add Pin PB12 is applicable
2025-11-06 07:08:49,597 [INFO] Rule:225 - rule FDCAN2_R4 - Rename Mode FullDuplex into Enable FDCAN_TXFD for pin PD10 is applicable
2025-11-06 07:08:49,597 [INFO] Rule:225 - rule FDCAN2_R4 - Rename Mode FullDuplex into Enable FDCAN_TXFD for pin PD9 is applicable
2025-11-06 07:08:49,597 [INFO] Rule:225 - rule FDCAN2_R4 - Alternatepin_1 - Rename Mode FullDuplex into Enable FDCAN_TXFD for pin PB7 is applicable
2025-11-06 07:08:49,597 [INFO] Rule:225 - rule FDCAN2_R4 - Alternatepin_1 - Rename Mode FullDuplex into Enable FDCAN_TXFD for pin PD6 is applicable
2025-11-06 07:08:49,597 [INFO] Rule:225 - rule USART TxPinLevelInvertParam Mode is applicable
2025-11-06 07:08:49,597 [INFO] Rule:225 - rule USART RxPinLevelInvertParam Mode is applicable
2025-11-06 07:08:49,597 [INFO] Rule:225 - rule USART DataInvertParam Mode is applicable
2025-11-06 07:08:49,597 [INFO] Rule:225 - rule USART SwapParam Mode is applicable
2025-11-06 07:08:49,598 [INFO] Rule:225 - rule USART OverrunDisableParam Mode is applicable
2025-11-06 07:08:49,598 [INFO] Rule:225 - rule USART DMADisableonRxErrorParam Mode is applicable
2025-11-06 07:08:49,598 [INFO] Rule:225 - rule USART MSBFirstParam Mode is applicable
2025-11-06 07:08:49,598 [INFO] Rule:225 - rule Update MwName for USB_DEVICE is applicable
2025-11-06 07:08:49,598 [INFO] Rule:225 - rule Change PWR_Regulator_Voltage_Scale Default Value for RCC  H7 family is applicable
2025-11-06 07:08:49,598 [INFO] Rule:225 - rule UART/USART IPParameter rename Prescaler parameter to ClockPrescaler is applicable
2025-11-06 07:08:49,598 [INFO] Rule:225 - rule UART/USART Prescaler rename Prescaler parameter to ClockPrescaler is applicable
2025-11-06 07:08:49,598 [INFO] Rule:225 - rule TIM1CLockSelection is applicable
2025-11-06 07:08:49,598 [INFO] Rule:225 - rule TIM15CLockSelection is applicable
2025-11-06 07:08:49,598 [INFO] Rule:225 - rule align RCC SDMMC3CLockSelection default value on MP1 is applicable
2025-11-06 07:08:49,598 [INFO] Rule:225 - rule align RCC SDMMC12CLockSelection default value on MP1 is applicable
2025-11-06 07:08:49,598 [INFO] Rule:225 - rule align RCC QSPICLockSelection default value on MP1 is applicable
2025-11-06 07:08:49,598 [INFO] Rule:225 - rule align RCC QSPICLockSelection default value on MP1 is applicable
2025-11-06 07:08:49,598 [INFO] Rule:225 - rule align RCC SPI6CLockSelection default value on MP1 is applicable
2025-11-06 07:08:49,598 [INFO] Rule:225 - rule align RCC LPTIM23CLockSelection default value on MP1 is applicable
2025-11-06 07:08:49,598 [INFO] Rule:225 - rule align RCC LPTIM1CLockSelection default value on MP1 is applicable
2025-11-06 07:08:49,598 [INFO] Rule:225 - rule align RCC USART1CLockSelection default value on MP1 is applicable
2025-11-06 07:08:49,598 [INFO] Rule:225 - rule align RCC USART24CLockSelection default value on MP1 is applicable
2025-11-06 07:08:49,598 [INFO] Rule:225 - rule align RCC USART6CLockSelection default value on MP1 is applicable
2025-11-06 07:08:49,598 [INFO] Rule:225 - rule align RCC UART78CLockSelection default value on MP1 is applicable
2025-11-06 07:08:49,598 [INFO] Rule:225 - rule align RCC USART35CLockSelection default value on MP1 is applicable
2025-11-06 07:08:49,598 [INFO] Rule:225 - rule align RCC SPI45CLockSelection default value on MP1 is applicable
2025-11-06 07:08:49,598 [INFO] Rule:225 - rule align RCC I2C46CLockSelection BCLK value on MP1 is applicable
2025-11-06 07:08:49,598 [INFO] Rule:225 - rule align RCC SPI45CLockSelection default value on MP1 is applicable
2025-11-06 07:08:49,598 [INFO] Rule:225 - rule align RCC I2C12CLockSelection default value on MP1 is applicable
2025-11-06 07:08:49,598 [INFO] Rule:225 - rule align RCC I2C35CLockSelection default value on MP1 is applicable
2025-11-06 07:08:49,598 [INFO] Rule:225 - rule align RCC LPTIM45CLockSelection default value on MP1 is applicable
2025-11-06 07:08:49,599 [INFO] Rule:225 - rule Rename DCMI PIXCK signal is applicable
2025-11-06 07:08:49,599 [INFO] Rule:225 - rule Change Default Value for I2C46CLockSelection MP1 family is applicable
2025-11-06 07:08:49,599 [INFO] Rule:225 - rule Change Default Value for UART for G4, G0 and WB families is applicable
2025-11-06 07:08:49,599 [INFO] Rule:225 - rule Change Default Value for USART for G4, G0 and WB families is applicable
2025-11-06 07:08:49,599 [INFO] Rule:225 - rule Change Default Value for USART for G4 family is applicable
2025-11-06 07:08:49,599 [INFO] Rule:225 - rule Change USART1CLockSelection refparam name for MP1 is applicable
2025-11-06 07:08:49,599 [INFO] Rule:225 - rule Change USART2CLockSelection refparam name for MP1 is applicable
2025-11-06 07:08:49,599 [INFO] Rule:225 - rule Change USART3CLockSelection refparam name for MP1 is applicable
2025-11-06 07:08:49,599 [INFO] Rule:225 - rule Change UART4CLockSelection refparam name for MP1 is applicable
2025-11-06 07:08:49,599 [INFO] Rule:225 - rule Change UART5CLockSelection refparam name for MP1 is applicable
2025-11-06 07:08:49,599 [INFO] Rule:225 - rule Change LPUART1CLockSelection refparam name for MP1 is applicable
2025-11-06 07:08:49,599 [INFO] Rule:225 - rule Change LPTIM1CLockSelection refparam name for MP1 is applicable
2025-11-06 07:08:49,599 [INFO] Rule:225 - rule Change LPTIM2CLockSelection refparam name for MP1 is applicable
2025-11-06 07:08:49,599 [INFO] Rule:225 - rule Change RCC_MCO1Source refparam name for MP1 is applicable
2025-11-06 07:08:49,599 [INFO] Rule:225 - rule Change LSCOSource1 refparam name for MP1 is applicable
2025-11-06 07:08:49,599 [INFO] Rule:225 - rule Change SMPSCLockSelection refparam name for MP1 is applicable
2025-11-06 07:08:49,599 [INFO] Rule:225 - rule Change LPTIM3CLockSelection refparam name for MP1 is applicable
2025-11-06 07:08:49,599 [INFO] Rule:225 - rule Change MPCBB* Default Template Mode to Parameters is applicable
2025-11-06 07:08:49,599 [INFO] Rule:225 - rule Change MPCWM* or MPCBB* Secure Mode to Parameters is applicable
2025-11-06 07:08:49,599 [INFO] Rule:225 - rule Change MPCWM* or MPCBB* No Secure Mode to Parameters is applicable
2025-11-06 07:08:49,599 [INFO] Rule:225 - rule Change TZSC IP Secure Mode to Parameters is applicable
2025-11-06 07:08:49,599 [INFO] Rule:225 - rule Change TZSC IP No Secure Mode to Parameters is applicable
2025-11-06 07:08:49,599 [INFO] Rule:225 - rule Change TZSC IP Privilege Mode to Parameters is applicable
2025-11-06 07:08:49,599 [INFO] Rule:225 - rule Change TZSC IP No Privilege Mode to Parameters is applicable
2025-11-06 07:08:49,599 [INFO] Rule:225 - rule Change TZIC IT Secure Mode to Parameters is applicable
2025-11-06 07:08:49,599 [INFO] Rule:225 - rule Change TZIC IT No Secure Mode to Parameters is applicable
2025-11-06 07:08:49,599 [INFO] Rule:225 - rule Add MPCBB1_NonSecureArea_Start_Address value with referenced to MPCBB1_NonSecureArea_Start value is applicable
2025-11-06 07:08:49,599 [INFO] Rule:225 - rule Add MPCBB2_NonSecureArea_Start_Address value with referenced to MPCBB2_NonSecureArea_Start value is applicable
2025-11-06 07:08:49,599 [INFO] Rule:225 - rule Add MPCWM1_NonSecureArea*_Start_Address value with referenced to MPCWM1_NonSecureArea*_Start value is applicable
2025-11-06 07:08:49,600 [INFO] Rule:225 - rule Add MPCWM2_NonSecureArea*_Start_Address value with referenced to MPCWM2_NonSecureArea*_Start value is applicable
2025-11-06 07:08:49,600 [INFO] Rule:225 - rule Add MPCWM3_NonSecureArea_Start_Address value with referenced to MPCWM3_NonSecureArea_Start value is applicable
2025-11-06 07:08:49,600 [INFO] Rule:225 - rule Change Default Value for PLL1UserDefinedConfig is applicable
2025-11-06 07:08:49,600 [INFO] Rule:225 - rule Change GPIO_PuPd Default Value for USART in async mode is applicable
2025-11-06 07:08:49,600 [INFO] Rule:225 - rule Change SMPSDivider Default Value is applicable
2025-11-06 07:08:49,600 [INFO] Rule:225 - rule OPAMP is applicable
2025-11-06 07:08:49,600 [INFO] Rule:225 - rule LPUART IPParameter rename Prescaler parameter to ClockPrescaler for STM32H7 is applicable
2025-11-06 07:08:49,600 [INFO] Rule:225 - rule LPUART IPParameter rename Prescaler parameter to ClockPrescaler for STM32H7 is applicable
2025-11-06 07:08:49,600 [INFO] Rule:225 - rule LPUART IPParameter rename Prescaler parameter to ClockPrescaler for STM32WB is applicable
2025-11-06 07:08:49,600 [INFO] Rule:225 - rule LPUART IPParameter rename Prescaler parameter to ClockPrescaler for STM32WB is applicable
2025-11-06 07:08:49,600 [INFO] Rule:225 - rule LPUART IPParameter rename Prescaler parameter to ClockPrescaler for STM32G4 is applicable
2025-11-06 07:08:49,600 [INFO] Rule:225 - rule LPUART IPParameter rename Prescaler parameter to ClockPrescaler for STM32G4 is applicable
2025-11-06 07:08:49,600 [INFO] Rule:225 - rule LPUART IPParameter rename Prescaler parameter to ClockPrescaler for STM32L5 is applicable
2025-11-06 07:08:49,600 [INFO] Rule:225 - rule LPUART IPParameter rename Prescaler parameter to ClockPrescaler for STM32L5 is applicable
2025-11-06 07:08:49,600 [INFO] Rule:225 - rule LPUART IPParameter rename Prescaler parameter to ClockPrescaler for STM32G4 is applicable
2025-11-06 07:08:49,600 [INFO] Rule:225 - rule LPUART IPParameter rename Prescaler parameter to ClockPrescaler for STM32G4 is applicable
2025-11-06 07:08:49,600 [INFO] Rule:225 - rule USB device lib V2.5.3 for L0 rename USBD_SUPPORT_USER_STRING parameter to USBD_SUPPORT_USER_STRING_DESC4 is applicable
2025-11-06 07:08:49,600 [INFO] Rule:225 - rule I2SCLockSelection clock entry align is applicable
2025-11-06 07:08:49,600 [INFO] Rule:225 - rule Assign TIMx context if used as SYS timebase is applicable
2025-11-06 07:08:49,600 [INFO] Rule:225 - rule Change GPIO_Pu Default Value for I2C is applicable
2025-11-06 07:08:49,600 [INFO] Rule:225 - rule Change GPIO_Pu Default Value for SMBus is applicable
2025-11-06 07:08:49,600 [INFO] Rule:225 - rule change FDCAN default value is applicable
2025-11-06 07:08:49,600 [INFO] Rule:225 - rule Change mode sai is applicable
2025-11-06 07:08:49,600 [INFO] Rule:225 - rule **Change sai mode is applicable
2025-11-06 07:08:49,600 [INFO] Rule:225 - rule Rename STM32WPAN CFG_BLE_IRK to CFG_BLE_IR is applicable
2025-11-06 07:08:49,600 [INFO] Rule:225 - rule Rename STM32WPAN CFG_BLE_ERK to CFG_BLE_ER is applicable
2025-11-06 07:08:49,600 [INFO] Rule:225 - rule Rename STM32WPAN CFG_BLE_IRK_HEX to CFG_BLE_IR_HEX is applicable
2025-11-06 07:08:49,600 [INFO] Rule:225 - rule Rename STM32WPAN CFG_BLE_ERK_HEX to CFG_BLE_ER_HEX is applicable
2025-11-06 07:08:49,600 [INFO] Rule:225 - rule Adapt Old IOC before rework replace old CORTEX_M33/CORTEX_M55 attributes by the new one. is applicable
2025-11-06 07:08:49,600 [INFO] Rule:225 - rule Rename parametre of RCC RCC_APBDBG_DIV2 to RCC_TIMPRES_DIV2 is applicable
2025-11-06 07:08:49,600 [INFO] Rule:225 - rule Rename DIE493 pin PA10 [PA12] -> PA10 is applicable
2025-11-06 07:08:49,600 [INFO] Rule:225 - rule Rename DIE493 pin PA9 [PA11] -> PA9 is applicable
2025-11-06 07:08:49,600 [INFO] Rule:225 - rule Adapt Old IOC CSI. is applicable
2025-11-06 07:08:49,614 [INFO] DbConfProperties:307 - Apply Compatibility (49/267 Rules)
2025-11-06 07:08:49,629 [INFO] ImportTextPane:218 - (OptionalMessage_ERROR) Unable to find key (Mcu.ThirdPartyNb) in loaded IOC file
2025-11-06 07:08:49,631 [INFO] ImportTextPane:218 - (OptionalMessage_ERROR) Pin12 (VP_RIF_VS_RIF1) cannot be retrieved for this MCU
2025-11-06 07:08:49,693 [INFO] RtosManager:558 - Registered RTOS mode: class=CMSIS, group=RTOS, mode=CMSIS_V1, owner=FREERTOS
2025-11-06 07:08:49,693 [INFO] RtosManager:558 - Registered RTOS mode: class=CMSIS, group=RTOS2, mode=CMSIS_V2, owner=FREERTOS
2025-11-06 07:08:49,693 [INFO] RtosManager:558 - Registered RTOS mode: class=RTOS, group=Core, mode=CMSIS_V1, owner=FREERTOS
2025-11-06 07:08:49,693 [INFO] RtosManager:558 - Registered RTOS mode: class=RTOS, group=Core, mode=CMSIS_V2, owner=FREERTOS
2025-11-06 07:08:49,693 [WARN] ModelIntegratedComponent:184 - Missing modes for component STMicroelectronics:FreeRTOS:0.0.1:STMicroelectronics:RTOS:FreeRTOS:Core:::10.2.0:
2025-11-06 07:08:49,723 [WARN] ModelIntegratedComponent:63 - No mode defined for component null
2025-11-06 07:08:49,723 [WARN] ModelIntegratedComponent:63 - No mode defined for component null
2025-11-06 07:08:49,723 [WARN] ModelIntegratedComponent:63 - No mode defined for component null
2025-11-06 07:08:49,723 [WARN] ModelIntegratedComponent:63 - No mode defined for component null
2025-11-06 07:08:49,723 [WARN] ModelIntegratedComponent:63 - No mode defined for component null
2025-11-06 07:08:49,723 [WARN] ModelIntegratedComponent:63 - No mode defined for component null
2025-11-06 07:08:49,723 [WARN] ModelIntegratedComponent:63 - No mode defined for component null
2025-11-06 07:08:49,723 [WARN] ModelIntegratedComponent:63 - No mode defined for component null
2025-11-06 07:08:49,724 [WARN] ModelIntegratedComponent:63 - No mode defined for component null
2025-11-06 07:08:49,724 [WARN] ModelIntegratedComponent:63 - No mode defined for component null
2025-11-06 07:08:49,724 [WARN] ModelIntegratedComponent:63 - No mode defined for component null
2025-11-06 07:08:49,724 [WARN] ModelIntegratedComponent:63 - No mode defined for component null
2025-11-06 07:08:49,724 [WARN] ModelIntegratedComponent:63 - No mode defined for component null
2025-11-06 07:08:49,724 [WARN] ModelIntegratedComponent:63 - No mode defined for component null
2025-11-06 07:08:49,724 [WARN] ModelIntegratedComponent:63 - No mode defined for component null
2025-11-06 07:08:49,724 [WARN] ModelIntegratedComponent:63 - No mode defined for component null
2025-11-06 07:08:49,724 [WARN] ModelIntegratedComponent:63 - No mode defined for component null
2025-11-06 07:08:49,724 [WARN] ModelIntegratedComponent:63 - No mode defined for component null
2025-11-06 07:08:49,724 [WARN] ModelIntegratedComponent:63 - No mode defined for component null
2025-11-06 07:08:49,724 [WARN] ModelIntegratedComponent:63 - No mode defined for component null
2025-11-06 07:08:49,724 [WARN] ModelIntegratedComponent:63 - No mode defined for component null
2025-11-06 07:08:49,724 [WARN] ModelIntegratedComponent:63 - No mode defined for component null
2025-11-06 07:08:49,724 [WARN] ModelIntegratedComponent:63 - No mode defined for component null
2025-11-06 07:08:49,724 [WARN] ModelIntegratedComponent:63 - No mode defined for component null
2025-11-06 07:08:49,724 [WARN] ModelIntegratedComponent:63 - No mode defined for component null
2025-11-06 07:08:49,724 [WARN] ModelIntegratedComponent:63 - No mode defined for component null
2025-11-06 07:08:49,724 [WARN] ModelIntegratedComponent:63 - No mode defined for component null
2025-11-06 07:08:49,724 [WARN] ModelIntegratedComponent:63 - No mode defined for component null
2025-11-06 07:08:49,724 [WARN] ModelIntegratedComponent:63 - No mode defined for component null
2025-11-06 07:08:49,724 [WARN] ModelIntegratedComponent:63 - No mode defined for component null
2025-11-06 07:08:49,724 [WARN] ModelIntegratedComponent:63 - No mode defined for component null
2025-11-06 07:08:49,724 [WARN] ModelIntegratedComponent:63 - No mode defined for component null
2025-11-06 07:08:49,724 [WARN] ModelIntegratedComponent:63 - No mode defined for component null
2025-11-06 07:08:49,724 [WARN] ModelIntegratedComponent:63 - No mode defined for component null
2025-11-06 07:08:49,725 [WARN] ModelIntegratedComponent:63 - No mode defined for component null
2025-11-06 07:08:49,725 [WARN] ModelPack:524 - Component already loaded: STMicroelectronics:HAL Drivers:0.0.0:STMicroelectronics:Device:STMicro_Driver:XSPI:HAL::0.0.1:HAL_XSPI
2025-11-06 07:08:49,824 [INFO] ThirdPartyModel:298 - Start build external matchings
2025-11-06 07:08:50,215 [INFO] ThirdPartyModel:316 - End build external matchings
2025-11-06 07:08:50,231 [INFO] ImportTextPane:218 - (OptionalMessage_ERROR) IP (RCC) : Invalid parameter (FamilyName)
2025-11-06 07:08:50,231 [INFO] ImportTextPane:218 - (OptionalMessage_ERROR) IP (RCC) : Parameter (RNGFreq_Value) has invalid value (64000000)
2025-11-06 07:08:50,231 [INFO] ImportTextPane:218 - (OptionalMessage_ERROR) IP (RCC) : Parameter (SDMMCFreq_Value) has invalid value (64000000)
2025-11-06 07:08:50,231 [INFO] ImportTextPane:218 - (OptionalMessage_ERROR) IP (RCC) : Parameter (USBFreq_Value) has invalid value (64000000)
2025-11-06 07:08:50,681 [INFO] UtilMem:75 - End LoadConfig() Used Memory: 742816472 Bytes (1073741824)
2025-11-06 07:08:50,832 [WARN] ThirdParty:833 - waiting for thirdparty lock release [change project]
2025-11-06 07:08:50,833 [INFO] ThirdParty:835 - entering critical section [change project]
2025-11-06 07:08:50,833 [INFO] ThirdParty:1030 - CMSIS Pack Vendor :STMicroelectronics X-CUBE-PM33A1 1.0.0
2025-11-06 07:08:50,833 [INFO] ThirdParty:1030 - CMSIS Pack Vendor :STMicroelectronics USBPD 4.1
2025-11-06 07:08:50,833 [INFO] ThirdParty:1030 - CMSIS Pack Vendor :STMicroelectronics X-CUBE-NFC9 1.0.0
2025-11-06 07:08:50,833 [INFO] ThirdParty:1030 - CMSIS Pack Vendor :STMicroelectronics USB_HOST 2.0.0
2025-11-06 07:08:50,833 [INFO] ThirdParty:1030 - CMSIS Pack Vendor :STMicroelectronics FP-SNS-MOTENVWB1 1.4.0
2025-11-06 07:08:50,833 [INFO] ThirdParty:1030 - CMSIS Pack Vendor :STMicroelectronics X-CUBE-AZRTOS-F4 1.1.0
2025-11-06 07:08:50,833 [INFO] ThirdParty:1030 - CMSIS Pack Vendor :STMicroelectronics LIBJPEG 8.0.0
2025-11-06 07:08:50,833 [INFO] ThirdParty:1030 - CMSIS Pack Vendor :STMicroelectronics FP-ATR-ASTRA1 2.0.2
2025-11-06 07:08:50,833 [INFO] ThirdParty:1030 - CMSIS Pack Vendor :wolfSSL I-CUBE-wolfSSL 5.8.2
2025-11-06 07:08:50,833 [INFO] ThirdParty:1030 - CMSIS Pack Vendor :STMicroelectronics X-CUBE-BLE1 7.1.0
2025-11-06 07:08:50,833 [INFO] ThirdParty:1030 - CMSIS Pack Vendor :STMicroelectronics X-CUBE-SMBUS 2.1.0
2025-11-06 07:08:50,833 [INFO] ThirdParty:1030 - CMSIS Pack Vendor :wolfSSL I-CUBE-wolfMQTT 1.19.2
2025-11-06 07:08:50,833 [INFO] ThirdParty:1030 - CMSIS Pack Vendor :STMicroelectronics USB_DEVICE 3.0.0
2025-11-06 07:08:50,833 [INFO] ThirdParty:1030 - CMSIS Pack Vendor :STMicroelectronics X-CUBE-ISPU 2.1.0
2025-11-06 07:08:50,833 [INFO] ThirdParty:1030 - CMSIS Pack Vendor :STMicroelectronics X-CUBE-EEPRMA1 5.2.0
2025-11-06 07:08:50,833 [INFO] ThirdParty:1030 - CMSIS Pack Vendor :STMicroelectronics X-CUBE-BLEMGR 4.1.0
2025-11-06 07:08:50,833 [INFO] ThirdParty:1030 - CMSIS Pack Vendor :STMicroelectronics X-CUBE-AZRTOS-WB 2.0.0
2025-11-06 07:08:50,833 [INFO] ThirdParty:1030 - CMSIS Pack Vendor :STMicroelectronics X-CUBE-GNSS1 7.0.1
2025-11-06 07:08:50,833 [INFO] ThirdParty:1030 - CMSIS Pack Vendor :STMicroelectronics X-CUBE-NFC12 1.0.0
2025-11-06 07:08:50,833 [INFO] ThirdParty:1030 - CMSIS Pack Vendor :STMicroelectronics X-CUBE-AZRTOS-F7 1.1.0
2025-11-06 07:08:50,833 [INFO] ThirdParty:1030 - CMSIS Pack Vendor :STMicroelectronics X-CUBE-AZRTOS-L5 2.0.0
2025-11-06 07:08:50,833 [INFO] ThirdParty:1030 - CMSIS Pack Vendor :STMicroelectronics USB_DEVICE 2.0.0
2025-11-06 07:08:50,833 [INFO] ThirdParty:1030 - CMSIS Pack Vendor :STMicroelectronics X-CUBE-NFC6 3.1.0
2025-11-06 07:08:50,833 [INFO] ThirdParty:1030 - CMSIS Pack Vendor :Cesanta I-CUBE-Mongoose 7.19.0
2025-11-06 07:08:50,833 [INFO] ThirdParty:1030 - CMSIS Pack Vendor :quantropi X-CUBE-qispace-sdk-base 2.1.0
2025-11-06 07:08:50,833 [INFO] ThirdParty:1030 - CMSIS Pack Vendor :STMicroelectronics FreeRTOS 0.0.1
2025-11-06 07:08:50,833 [INFO] ThirdParty:1030 - CMSIS Pack Vendor :STMicroelectronics X-CUBE-AZRTOS-G0 1.1.0
2025-11-06 07:08:50,833 [INFO] ThirdParty:1030 - CMSIS Pack Vendor :STMicroelectronics X-CUBE-SAFEA1 1.2.2
2025-11-06 07:08:50,833 [INFO] ThirdParty:1030 - CMSIS Pack Vendor :STMicroelectronics X-CUBE-NFC4 3.0.0
2025-11-06 07:08:50,833 [INFO] ThirdParty:1030 - CMSIS Pack Vendor :STMicroelectronics X-CUBE-SUBG2 5.0.0
2025-11-06 07:08:50,833 [INFO] ThirdParty:1030 - CMSIS Pack Vendor :STMicroelectronics X-CUBE-AZRTOS-H7RS 1.1.0
2025-11-06 07:08:50,833 [INFO] ThirdParty:1030 - CMSIS Pack Vendor :STMicroelectronics STM32_WPAN 1.0.0
2025-11-06 07:08:50,833 [INFO] ThirdParty:1030 - CMSIS Pack Vendor :EmbeddedOffice I-CUBE-FS-RTOS 1.0.1
2025-11-06 07:08:50,833 [INFO] ThirdParty:1030 - CMSIS Pack Vendor :STMicroelectronics lwIP 2.0.3
2025-11-06 07:08:50,833 [INFO] ThirdParty:1030 - CMSIS Pack Vendor :STMicroelectronics USB_HOST 1.0.0
2025-11-06 07:08:50,833 [INFO] ThirdParty:1030 - CMSIS Pack Vendor :Infineon AIROC-Wi-Fi-Bluetooth-STM32 1.7.1
2025-11-06 07:08:50,833 [INFO] ThirdParty:1030 - CMSIS Pack Vendor :STMicroelectronics X-CUBE-AZRTOS-G4 2.0.0
2025-11-06 07:08:50,833 [INFO] ThirdParty:1030 - CMSIS Pack Vendor :STMicroelectronics X-CUBE-WB05N 2.0.0
2025-11-06 07:08:50,833 [INFO] ThirdParty:1030 - CMSIS Pack Vendor :STMicroelectronics PDM2PCM 3.1.0
2025-11-06 07:08:50,833 [INFO] ThirdParty:1030 - CMSIS Pack Vendor :STMicroelectronics PDM2PCM 3.3.0
2025-11-06 07:08:50,833 [INFO] ThirdParty:1030 - CMSIS Pack Vendor :wolfSSL I-CUBE-wolfTPM 3.8.0
2025-11-06 07:08:50,833 [INFO] ThirdParty:1030 - CMSIS Pack Vendor :STMicroelectronics X-CUBE-AZRTOS-H7 3.4.0
2025-11-06 07:08:50,833 [INFO] ThirdParty:1030 - CMSIS Pack Vendor :STMicroelectronics X-CUBE-DISPLAY 3.0.0
2025-11-06 07:08:50,833 [INFO] ThirdParty:1030 - CMSIS Pack Vendor :wolfSSL I-CUBE-wolfSSH 1.4.20
2025-11-06 07:08:50,833 [INFO] ThirdParty:1030 - CMSIS Pack Vendor :STMicroelectronics X-CUBE-NFC7 2.0.0
2025-11-06 07:08:50,833 [INFO] ThirdParty:1030 - CMSIS Pack Vendor :STMicroelectronics X-CUBE-TCPP 4.2.0
2025-11-06 07:08:50,833 [INFO] ThirdParty:1030 - CMSIS Pack Vendor :RealThread X-CUBE-RT-Thread_Nano 4.1.1
2025-11-06 07:08:50,833 [INFO] ThirdParty:1030 - CMSIS Pack Vendor :STMicroelectronics FP-ATR-SIGFOX1 3.2.0
2025-11-06 07:08:50,833 [INFO] ThirdParty:1030 - CMSIS Pack Vendor :STMicroelectronics X-CUBE-NFC10 1.0.0
2025-11-06 07:08:50,834 [INFO] ThirdParty:1030 - CMSIS Pack Vendor :STMicroelectronics X-CUBE-FREERTOS 1.3.1
2025-11-06 07:08:50,834 [INFO] ThirdParty:1030 - CMSIS Pack Vendor :STMicroelectronics HAL Drivers 0.0.0
2025-11-06 07:08:50,834 [INFO] ThirdParty:1030 - CMSIS Pack Vendor :STMicroelectronics MBEDTLS 2.16.2
2025-11-06 07:08:50,834 [INFO] ThirdParty:1030 - CMSIS Pack Vendor :STMicroelectronics X-CUBE-ST60 1.1.0
2025-11-06 07:08:50,834 [INFO] ThirdParty:1030 - CMSIS Pack Vendor :STMicroelectronics X-CUBE-ALS 1.0.2
2025-11-06 07:08:50,834 [INFO] ThirdParty:1030 - CMSIS Pack Vendor :emotas I-CUBE-CANOPEN 1.3.0
2025-11-06 07:08:50,834 [INFO] ThirdParty:1030 - CMSIS Pack Vendor :STMicroelectronics MBEDTLS 2.14.1
2025-11-06 07:08:50,834 [INFO] ThirdParty:1030 - CMSIS Pack Vendor :STMicroelectronics X-CUBE-GNSS1 7.1.0
2025-11-06 07:08:50,834 [INFO] ThirdParty:1030 - CMSIS Pack Vendor :ITTIA_DB I-CUBE-ITTIADB 8.9.0
2025-11-06 07:08:50,834 [INFO] ThirdParty:1030 - CMSIS Pack Vendor :STMicroelectronics X-CUBE-TOUCHGFX 4.26.0
2025-11-06 07:08:50,834 [INFO] ThirdParty:1030 - CMSIS Pack Vendor :STMicroelectronics X-CUBE-STSE01 1.0.0
2025-11-06 07:08:50,834 [INFO] ThirdParty:1030 - CMSIS Pack Vendor :STMicroelectronics X-CUBE-AI 10.2.0
2025-11-06 07:08:50,834 [INFO] ThirdParty:1030 - CMSIS Pack Vendor :STMicroelectronics FP-SNS-STAIOTCFT 1.0.0
2025-11-06 07:08:50,834 [INFO] ThirdParty:1030 - CMSIS Pack Vendor :STMicroelectronics ThreadX 1.0.0
2025-11-06 07:08:50,834 [INFO] ThirdParty:1030 - CMSIS Pack Vendor :STMicroelectronics FP-SNS-SMARTAG2 1.2.0
2025-11-06 07:08:50,834 [INFO] ThirdParty:1030 - CMSIS Pack Vendor :STMicroelectronics FP-SNS-FLIGHT1 5.1.0
2025-11-06 07:08:50,834 [INFO] ThirdParty:1030 - CMSIS Pack Vendor :STMicroelectronics X-CUBE-AZRTOS-WL 2.0.0
2025-11-06 07:08:50,834 [INFO] ThirdParty:1030 - CMSIS Pack Vendor :SEGGER I-CUBE-embOS 1.3.1
2025-11-06 07:08:50,834 [INFO] ThirdParty:1030 - CMSIS Pack Vendor :STMicroelectronics X-CUBE-ALGOBUILD 1.4.0
2025-11-06 07:08:50,834 [INFO] ThirdParty:1030 - CMSIS Pack Vendor :STMicroelectronics X-CUBE-DPower 1.3.0
2025-11-06 07:08:50,834 [INFO] ThirdParty:1030 - CMSIS Pack Vendor :STMicroelectronics X-CUBE-MEMS1 11.3.0
2025-11-06 07:08:50,834 [INFO] ThirdParty:1030 - CMSIS Pack Vendor :STMicroelectronics USB_DEVICE 1.0.0
2025-11-06 07:08:50,834 [INFO] ThirdParty:1030 - CMSIS Pack Vendor :STMicroelectronics X-CUBE-AZRTOS-L4 2.0.0
2025-11-06 07:08:50,834 [INFO] ThirdParty:1030 - CMSIS Pack Vendor :STMicroelectronics ThreadX 0.0.2
2025-11-06 07:08:50,834 [INFO] ThirdParty:1030 - CMSIS Pack Vendor :STMicroelectronics lwIP 2.1.2
2025-11-06 07:08:50,834 [INFO] ThirdParty:1030 - CMSIS Pack Vendor :STMicroelectronics X-CUBE-SFXS2LP1 4.0.0
2025-11-06 07:08:50,834 [INFO] ThirdParty:1030 - CMSIS Pack Vendor :STMicroelectronics X-CUBE-BLE2 3.3.0
2025-11-06 07:08:50,834 [INFO] ThirdParty:1030 - CMSIS Pack Vendor :STMicroelectronics X-CUBE-TOF1 3.4.3
2025-11-06 07:08:50,834 [INFO] ThirdParty:1030 - CMSIS Pack Vendor :STMicroelectronics PDM2PCM 3.2.0
2025-11-06 07:08:50,834 [INFO] ThirdParty:841 - exiting critical section [change project]
2025-11-06 07:08:51,174 [INFO] PinOutPanel:1589 - setPackage(No Configuration,No Configuration)
2025-11-06 07:08:51,176 [INFO] PinOutPanel:1589 - setPackage(STM32L476RGTx,LQFP64)
2025-11-06 07:08:51,789 [INFO] UtilMem:75 - Before build in PCC Used Memory: 848820752 Bytes (1073741824)
2025-11-06 07:08:52,111 [INFO] UtilMem:75 - After build in PCC Used Memory: 929038864 Bytes (1073741824)
2025-11-06 07:08:52,132 [INFO] IPUIPlugin:80 - create IPUIPlugin
2025-11-06 07:08:52,132 [INFO] IPUIPlugin:80 - create IPUIPlugin
2025-11-06 07:08:52,132 [INFO] IPUIPlugin:80 - create IPUIPlugin
2025-11-06 07:08:52,132 [INFO] IPUIPlugin:80 - create IPUIPlugin
2025-11-06 07:08:52,132 [INFO] IPUIPlugin:80 - create IPUIPlugin
2025-11-06 07:08:52,133 [INFO] IPUIPlugin:80 - create IPUIPlugin
2025-11-06 07:08:52,133 [INFO] IPUIPlugin:80 - create IPUIPlugin
2025-11-06 07:08:52,133 [INFO] IPUIPlugin:80 - create IPUIPlugin
2025-11-06 07:08:52,133 [INFO] IPUIPlugin:80 - create IPUIPlugin
2025-11-06 07:08:52,133 [INFO] IPUIPlugin:80 - create IPUIPlugin
2025-11-06 07:08:52,133 [INFO] IPUIPlugin:80 - create IPUIPlugin
2025-11-06 07:08:52,133 [INFO] IPUIPlugin:80 - create IPUIPlugin
2025-11-06 07:08:52,133 [INFO] IPUIPlugin:80 - create IPUIPlugin
2025-11-06 07:08:52,133 [INFO] IPUIPlugin:80 - create IPUIPlugin
2025-11-06 07:08:52,133 [INFO] IPUIPlugin:80 - create IPUIPlugin
2025-11-06 07:08:52,133 [INFO] IPUIPlugin:80 - create IPUIPlugin
2025-11-06 07:08:52,133 [INFO] IPUIPlugin:80 - create IPUIPlugin
2025-11-06 07:08:52,133 [INFO] IPUIPlugin:80 - create IPUIPlugin
2025-11-06 07:08:52,134 [INFO] IPUIPlugin:80 - create IPUIPlugin
2025-11-06 07:08:52,134 [INFO] IPUIPlugin:80 - create IPUIPlugin
2025-11-06 07:08:52,134 [INFO] IPUIPlugin:80 - create IPUIPlugin
2025-11-06 07:08:52,134 [INFO] IPUIPlugin:80 - create IPUIPlugin
2025-11-06 07:08:52,134 [INFO] IPUIPlugin:80 - create IPUIPlugin
2025-11-06 07:08:52,134 [INFO] IPUIPlugin:80 - create IPUIPlugin
2025-11-06 07:08:52,134 [INFO] IPUIPlugin:80 - create IPUIPlugin
2025-11-06 07:08:52,134 [INFO] IPUIPlugin:80 - create IPUIPlugin
2025-11-06 07:08:52,135 [INFO] IPUIPlugin:80 - create IPUIPlugin
2025-11-06 07:08:52,135 [INFO] IPUIPlugin:80 - create IPUIPlugin
2025-11-06 07:08:52,135 [INFO] IPUIPlugin:80 - create IPUIPlugin
2025-11-06 07:08:52,135 [INFO] IPUIPlugin:80 - create IPUIPlugin
2025-11-06 07:08:52,135 [INFO] IPUIPlugin:80 - create IPUIPlugin
2025-11-06 07:08:52,135 [INFO] IPUIPlugin:80 - create IPUIPlugin
2025-11-06 07:08:52,135 [INFO] IPUIPlugin:80 - create IPUIPlugin
2025-11-06 07:08:52,135 [INFO] IPUIPlugin:80 - create IPUIPlugin
2025-11-06 07:08:52,136 [INFO] IPUIPlugin:80 - create IPUIPlugin
2025-11-06 07:08:52,136 [INFO] IPUIPlugin:80 - create IPUIPlugin
2025-11-06 07:08:52,136 [INFO] IPUIPlugin:80 - create IPUIPlugin
2025-11-06 07:08:52,136 [INFO] IPUIPlugin:80 - create IPUIPlugin
2025-11-06 07:08:52,136 [INFO] IPUIPlugin:80 - create IPUIPlugin
2025-11-06 07:08:52,136 [INFO] IPUIPlugin:80 - create IPUIPlugin
2025-11-06 07:08:52,136 [INFO] IPUIPlugin:80 - create IPUIPlugin
2025-11-06 07:08:52,136 [INFO] IPUIPlugin:80 - create IPUIPlugin
2025-11-06 07:08:52,137 [INFO] IPUIPlugin:80 - create IPUIPlugin
2025-11-06 07:08:52,137 [INFO] IPUIPlugin:80 - create IPUIPlugin
2025-11-06 07:08:52,137 [INFO] IPUIPlugin:80 - create IPUIPlugin
2025-11-06 07:08:52,137 [INFO] IPUIPlugin:80 - create IPUIPlugin
2025-11-06 07:08:52,137 [INFO] IPUIPlugin:80 - create IPUIPlugin
2025-11-06 07:08:52,137 [INFO] IPUIPlugin:80 - create IPUIPlugin
2025-11-06 07:08:52,138 [INFO] IPUIPlugin:80 - create IPUIPlugin
2025-11-06 07:08:52,138 [INFO] IPUIPlugin:80 - create IPUIPlugin
2025-11-06 07:08:52,138 [INFO] IPUIPlugin:80 - create IPUIPlugin
2025-11-06 07:08:52,138 [INFO] IPUIPlugin:80 - create IPUIPlugin
2025-11-06 07:08:52,138 [INFO] IPUIPlugin:80 - create IPUIPlugin
2025-11-06 07:08:52,139 [INFO] IPUIPlugin:80 - create IPUIPlugin
2025-11-06 07:08:52,139 [INFO] IPUIPlugin:80 - create IPUIPlugin
2025-11-06 07:08:52,139 [INFO] IPUIPlugin:80 - create IPUIPlugin
2025-11-06 07:08:52,139 [INFO] IPUIPlugin:80 - create IPUIPlugin
2025-11-06 07:08:52,139 [INFO] IPUIPlugin:80 - create IPUIPlugin
2025-11-06 07:08:52,140 [INFO] IPUIPlugin:80 - create IPUIPlugin
2025-11-06 07:08:52,230 [INFO] CADModel:165 - CPN selected for project levelSTM32L476RGT3
2025-11-06 07:08:52,230 [INFO] CADModel:114 - Register for checkConnection events
2025-11-06 07:08:52,280 [INFO] OpenFileManager:385 - Restore cursor
2025-11-06 07:08:52,720 [INFO] UtilMem:75 - End SaveConfig() Used Memory: 792794456 Bytes (1073741824)
2025-11-06 07:08:52,808 [INFO] UtilMem:75 - End SaveConfig() Used Memory: 818595696 Bytes (1073741824)
2025-11-06 07:08:53,069 [INFO] BlockDiagram:2775 - set Specific Code input for plugin: SYS
2025-11-06 07:08:53,069 [INFO] BlockDiagram:2775 - set Specific Code input for plugin: RCC
2025-11-06 07:08:53,069 [INFO] BlockDiagram:2775 - set Specific Code input for plugin: NVIC
2025-11-06 07:08:53,069 [INFO] BlockDiagram:2775 - set Specific Code input for plugin: USART
2025-11-06 07:08:53,069 [INFO] BlockDiagram:2775 - set Specific Code input for plugin: GPIO
2025-11-06 07:08:53,075 [INFO] CodeGenerator:882 - code generatio: config db path: C:\ST\STM32CubeIDE_1.18.1\STM32CubeIDE\plugins\com.st.stm32cube.common.mx_6.14.1.202504091515\\db\
2025-11-06 07:08:53,193 [INFO] CodeEngine:263 - oldGeneratedFile, C:\stm32\16x2_LCD\MXTmpFiles\license.tmp_save
2025-11-06 07:08:53,464 [INFO] CodeEngine:287 - Generated code: C:\stm32\16x2_LCD\MXTmpFiles\license.tmp
2025-11-06 07:08:53,535 [INFO] CodeEngine:263 - oldGeneratedFile, C:\stm32\16x2_LCD\MXTmpFiles\gpio.tmp_save
2025-11-06 07:08:53,768 [INFO] CodeEngine:287 - Generated code: C:\stm32\16x2_LCD\MXTmpFiles\gpio.tmp
2025-11-06 07:08:53,982 [INFO] CodeEngine:263 - oldGeneratedFile, C:\stm32\16x2_LCD\Core\Src\stm32l4xx_it.c_save
2025-11-06 07:08:54,146 [INFO] CodeEngine:287 - Generated code: C:\stm32\16x2_LCD\Core\Src\stm32l4xx_it.c
2025-11-06 07:08:54,151 [INFO] CodeEngine:263 - oldGeneratedFile, C:\stm32\16x2_LCD\Core\Inc\stm32l4xx_it.h_save
2025-11-06 07:08:54,221 [INFO] CodeEngine:287 - Generated code: C:\stm32\16x2_LCD\Core\Inc\stm32l4xx_it.h
2025-11-06 07:08:54,235 [INFO] CodeEngine:263 - oldGeneratedFile, C:\stm32\16x2_LCD\Core\Src\stm32l4xx_hal_msp.c_save
2025-11-06 07:08:54,361 [INFO] CodeEngine:287 - Generated code: C:\stm32\16x2_LCD\Core\Src\stm32l4xx_hal_msp.c
2025-11-06 07:08:54,367 [INFO] CodeEngine:263 - oldGeneratedFile, C:\stm32\16x2_LCD\MXTmpFiles\system.tmp_save
2025-11-06 07:08:54,420 [INFO] CodeEngine:287 - Generated code: C:\stm32\16x2_LCD\MXTmpFiles\system.tmp
2025-11-06 07:08:54,432 [INFO] CodeEngine:319 - oldGeneratedFile, C:\stm32\16x2_LCD\Core\Inc\stm32l4xx_hal_conf.h_save
2025-11-06 07:08:54,500 [INFO] CodeEngine:343 - Generated code: C:\stm32\16x2_LCD\Core\Inc\stm32l4xx_hal_conf.h
2025-11-06 07:08:54,623 [INFO] ApiDbMcu:508 - Load IP Config File for USART2
2025-11-06 07:08:54,631 [INFO] ApiDbMcu:508 - Load IP Config File for RCC
2025-11-06 07:08:54,644 [INFO] CodeEngine:263 - oldGeneratedFile, C:\stm32\16x2_LCD\Core\Inc\main.h_save
2025-11-06 07:08:54,729 [INFO] CodeEngine:287 - Generated code: C:\stm32\16x2_LCD\Core\Inc\main.h
2025-11-06 07:08:54,735 [INFO] CodeEngine:263 - oldGeneratedFile, C:\stm32\16x2_LCD\Core\Src\main.c_save
2025-11-06 07:08:54,826 [INFO] CodeEngine:287 - Generated code: C:\stm32\16x2_LCD\Core\Src\main.c
2025-11-06 07:08:55,080 [ERROR] ProjectBuilder:7054 - Problem during Copy of File LICENSE.txt
2025-11-06 07:08:55,390 [INFO] ProjectBuilder:3324 - Time for Copy HAL[1] : 399mS.
2025-11-06 07:08:55,390 [INFO] ProjectBuilder:4912 - Project Generator version: 4.6.0.1-B1
2025-11-06 07:08:55,474 [INFO] ConfigFileManager:1590 - The Die is : DIE415
2025-11-06 07:08:55,490 [INFO] ApiDbMcu:508 - Load IP Config File for FATFS
2025-11-06 07:08:55,514 [INFO] ApiDbMcu:508 - Load IP Config File for FREERTOS
2025-11-06 07:08:55,607 [INFO] ApiDbMcu:508 - Load IP Config File for TOUCHSENSING
2025-11-06 07:08:55,624 [INFO] ApiDbMcu:508 - Load IP Config File for USB_DEVICE
2025-11-06 07:08:55,641 [INFO] ApiDbMcu:508 - Load IP Config File for USB_HOST
2025-11-06 07:08:58,211 [INFO] ProjectBuilder:5191 - Time for Generating toolchain IDE Files: 2821mS.
2025-11-06 07:08:58,213 [INFO] ProjectBuilder:3181 - Time for Copy CMSIS : 1mS.
2025-11-06 07:08:58,215 [INFO] ProjectBuilder:3181 - Time for Copy CMSIS : 0mS.
2025-11-06 07:08:58,970 [INFO] McuFinderGlobals:76 - Set McuFinderConnectedMode to true
2025-11-06 07:08:58,974 [INFO] ApiDb:448 - Save user favorites file C:\Users\siree/.stm32cubeide/favorites.mcus.txt: 0 item(s)
2025-11-06 07:08:58,974 [INFO] ApiDb:452 - User favorites MCUs=[]
2025-11-06 07:08:58,977 [INFO] ApiDb:448 - Save user favorites file C:\Users\siree/.stm32cubeide/favorites.boards.txt: 0 item(s)
2025-11-06 07:08:58,977 [INFO] ApiDb:452 - User favorites Boards=[]
2025-11-06 09:10:46,960 [INFO] WebApp:194 - Connection lost
2025-11-06 09:10:47,893 [INFO] WebApp:191 - Connection restablished
2025-11-06 09:10:48,418 [INFO] WebApp:194 - Connection lost
2025-11-06 09:10:48,567 [INFO] WebApp:191 - Connection restablished
2025-11-06 10:10:49,121 [INFO] WebApp:194 - Connection lost
2025-11-06 10:10:53,605 [INFO] WebApp:191 - Connection restablished
2025-11-06 10:10:56,405 [INFO] WebApp:194 - Connection lost
2025-11-06 10:10:56,624 [INFO] WebApp:191 - Connection restablished
2025-11-06 11:07:29,787 [INFO] MainUpdater:2872 - connection check result : 10
2025-11-06 11:07:29,936 [INFO] McuFinderGlobals:76 - Set McuFinderConnectedMode to true
2025-11-06 11:07:29,944 [INFO] MultiScanPanel:200 - Auto-refresh data requested => check proxy status ongoing
2025-11-06 11:07:29,948 [INFO] FinderPluginLoader:95 - Searching for filters in installed packs
2025-11-06 11:07:32,118 [INFO] LoadUrlFilesThread:185 - End of LoadServerUrlFiles without Thread
2025-11-06 11:07:32,119 [INFO] DetailPanel:341 - Set advertising image to C:/Users/siree/STM32Cube/Repository/\en.mcu-finder-stm32n6dk.jpg
2025-11-06 11:07:36,024 [INFO] MultiScanPanel:200 - Auto-refresh data requested => check proxy status ongoing
2025-11-06 11:07:36,151 [INFO] LoadUrlFilesThread:185 - End of LoadServerUrlFiles without Thread
2025-11-06 11:07:36,151 [INFO] DetailPanel:341 - Set advertising image to C:/Users/siree/STM32Cube/Repository/\en.mcu-finder-stm32n6dk.jpg
2025-11-06 11:10:58,213 [INFO] WebApp:194 - Connection lost
2025-11-06 11:10:59,085 [INFO] WebApp:191 - Connection restablished
2025-11-06 11:13:54,758 [INFO] MainUpdater:2872 - connection check result : 10
2025-11-06 11:13:54,758 [INFO] MainUpdater:2872 - connection check result : 10
2025-11-06 11:13:55,380 [INFO] MicroXplorer:468 - Change Database Path : 
2025-11-06 11:13:55,380 [INFO] MicroXplorer:498 - Change Database Version : DB.6.0.141
2025-11-06 11:13:55,456 [ERROR] ProjectManagerView:395 - 
java.lang.NullPointerException: Cannot invoke "javax.swing.JTextField.getText()" because the return value of "java.util.List.get(int)" is null
	at com.st.microxplorer.plugins.projectmanager.gui.ProjectChoiceTab$9.caretUpdate(ProjectChoiceTab.java:2678) ~[filemanager.jar:?]
	at javax.swing.text.JTextComponent.fireCaretUpdate(JTextComponent.java:408) ~[?:?]
	at javax.swing.text.JTextComponent$MutableCaretEvent.fire(JTextComponent.java:4484) ~[?:?]
	at javax.swing.text.JTextComponent$MutableCaretEvent.stateChanged(JTextComponent.java:4506) ~[?:?]
	at javax.swing.text.DefaultCaret.fireStateChanged(DefaultCaret.java:857) ~[?:?]
	at javax.swing.text.DefaultCaret.changeCaretPosition(DefaultCaret.java:1343) ~[?:?]
	at javax.swing.text.DefaultCaret.handleSetDot(DefaultCaret.java:1242) ~[?:?]
	at javax.swing.text.DefaultCaret.setDot(DefaultCaret.java:1223) ~[?:?]
	at javax.swing.text.DefaultCaret$Handler.insertUpdate(DefaultCaret.java:1819) ~[?:?]
	at javax.swing.text.AbstractDocument.fireInsertUpdate(AbstractDocument.java:227) ~[?:?]
	at javax.swing.text.AbstractDocument.handleInsertString(AbstractDocument.java:781) ~[?:?]
	at javax.swing.text.AbstractDocument.insertString(AbstractDocument.java:740) ~[?:?]
	at javax.swing.text.PlainDocument.insertString(PlainDocument.java:131) ~[?:?]
	at javax.swing.text.AbstractDocument.replace(AbstractDocument.java:699) ~[?:?]
	at javax.swing.text.JTextComponent.setText(JTextComponent.java:1725) ~[?:?]
	at com.st.microxplorer.plugins.projectmanager.gui.ProjectChoiceTab.createHeapStackFields(ProjectChoiceTab.java:979) ~[filemanager.jar:?]
	at com.st.microxplorer.plugins.projectmanager.gui.ProjectChoiceTab.buildLinkSettingsPanel(ProjectChoiceTab.java:3766) ~[filemanager.jar:?]
	at com.st.microxplorer.plugins.projectmanager.gui.ProjectChoiceTab.defineWindowsFields(ProjectChoiceTab.java:1962) ~[filemanager.jar:?]
	at com.st.microxplorer.plugins.projectmanager.gui.ProjectChoiceTab.updateSettings(ProjectChoiceTab.java:555) ~[filemanager.jar:?]
	at com.st.microxplorer.plugins.projectmanager.gui.ProjectSettingsPanel.UpdateDialog(ProjectSettingsPanel.java:245) ~[filemanager.jar:?]
	at com.st.microxplorer.plugins.projectmanager.ProjectManagerView.propertyChange(ProjectManagerView.java:392) ~[filemanager.jar:?]
	at java.beans.PropertyChangeSupport.fire(PropertyChangeSupport.java:343) ~[?:?]
	at java.beans.PropertyChangeSupport.firePropertyChange(PropertyChangeSupport.java:335) ~[?:?]
	at java.beans.PropertyChangeSupport.firePropertyChange(PropertyChangeSupport.java:268) ~[?:?]
	at com.st.microxplorer.util.MXPropertyChangeSupport.firePropertyChange(MXPropertyChangeSupport.java:54) ~[STM32CubeMX.jar:?]
	at com.st.microxplorer.mxsystem.MxSystem.closeConfig(MxSystem.java:899) ~[STM32CubeMX.jar:?]
	at com.st.microxplorer.maingui.MainPanel.closeConfig(MainPanel.java:789) ~[STM32CubeMX.jar:?]
	at com.st.microxplorer.plugins.filemanager.engine.OpenFileManager.loadConfigurationFile(OpenFileManager.java:287) ~[filemanager.jar:?]
	at com.st.microxplorer.plugins.filemanager.engine.MainFileManager.userLoadConfig(MainFileManager.java:341) ~[filemanager.jar:?]
	at com.st.microxplorer.plugins.filemanager.FileManagerView.getSpecificTask(FileManagerView.java:250) ~[filemanager.jar:?]
	at com.st.stm32cube.common.mx.editor.CubeMxEditor.getMxTabbedPaneInstance(CubeMxEditor.java:1191) ~[com.st.stm32cube.common.mx_6.14.1.202504091515/:?]
	at com.st.stm32cube.common.mx.editor.CubeMxEditor$12$1.createSwingComponent(CubeMxEditor.java:1068) ~[com.st.stm32cube.common.mx_6.14.1.202504091515/:?]
	at com.st.stm32cube.common.mx.oss.core.awtswtbridge.EmbeddedSwingComposite.doComponentCreation(EmbeddedSwingComposite.java:492) ~[com.st.stm32cube.common.mx.oss_6.14.1.202504091515/:?]
	at com.st.stm32cube.common.mx.oss.core.awtswtbridge.EmbeddedSwingComposite$4.run(EmbeddedSwingComposite.java:291) ~[com.st.stm32cube.common.mx.oss_6.14.1.202504091515/:?]
	at com.st.stm32cube.common.mx.oss.core.awtswtbridge.AwtEnvironment$2.run(AwtEnvironment.java:166) ~[com.st.stm32cube.common.mx.oss_6.14.1.202504091515/:?]
	at java.awt.event.InvocationEvent.dispatch(InvocationEvent.java:318) ~[?:?]
	at java.awt.EventQueue.dispatchEventImpl(EventQueue.java:773) ~[?:?]
	at java.awt.EventQueue$4.run(EventQueue.java:720) ~[?:?]
	at java.awt.EventQueue$4.run(EventQueue.java:714) ~[?:?]
	at java.security.AccessController.doPrivileged(AccessController.java:400) ~[?:?]
	at java.security.ProtectionDomain$JavaSecurityAccessImpl.doIntersectionPrivilege(ProtectionDomain.java:87) ~[?:?]
	at java.awt.EventQueue.dispatchEvent(EventQueue.java:742) ~[?:?]
	at java.awt.EventDispatchThread.pumpOneEventForFilters(EventDispatchThread.java:203) ~[?:?]
	at java.awt.EventDispatchThread.pumpEventsForFilter(EventDispatchThread.java:124) ~[?:?]
	at java.awt.EventDispatchThread.pumpEventsForHierarchy(EventDispatchThread.java:113) ~[?:?]
	at java.awt.EventDispatchThread.pumpEvents(EventDispatchThread.java:109) ~[?:?]
	at java.awt.EventDispatchThread.pumpEvents(EventDispatchThread.java:101) ~[?:?]
	at java.awt.EventDispatchThread.run(EventDispatchThread.java:90) ~[?:?]
2025-11-06 11:13:55,463 [WARN] ThirdParty:871 - waiting for thirdparty lock release [close project]
2025-11-06 11:13:55,464 [INFO] ThirdParty:873 - entering critical section [close project]
2025-11-06 11:13:55,464 [INFO] ThirdParty:883 - exiting critical section [close project]
2025-11-06 11:13:55,466 [INFO] PinOutPanel:1589 - setPackage(No Configuration,No Configuration)
2025-11-06 11:13:55,479 [INFO] UtilMem:75 - Begin LoadConfig() Used Memory: 877299688 Bytes (1073741824)
2025-11-06 11:13:55,481 [INFO] OpenFileManager:354 - Change cursor
2025-11-06 11:13:55,534 [INFO] RulesReader:64 - Compatibility file has been processed (302 Rules)
2025-11-06 11:13:55,547 [INFO] ProjectFactory:442 - No CPN specified for board NUCLEO-F411RE => set CPN to STM32F411RET6
2025-11-06 11:13:55,548 [INFO] Mcu:2011 - Initializing MCU STM32F411R(C-E)Tx STM32F411RETx STM32F411RET6
2025-11-06 11:13:56,708 [INFO] Context:756 - Trying to add GPIOservice into a context  which must be forbidden
2025-11-06 11:13:57,103 [INFO] Rule:225 - rule 117617 - U5Cobra4M][GTZC] default value MPCBB3 and MPCBB5 - Not Secured memory - MPCBB1 is applicable
2025-11-06 11:13:57,103 [INFO] Rule:225 - rule 117617 - U5Cobra4M][GTZC] default value MPCBB3 and MPCBB5 - Not Secured memory - MPCBB1 is applicable
2025-11-06 11:13:57,103 [INFO] Rule:225 - rule 117617 - U5Cobra4M][GTZC] default value MPCBB3 and MPCBB5 - Not Secured memory - MPCBB2 is applicable
2025-11-06 11:13:57,103 [INFO] Rule:225 - rule 117617 - U5Cobra4M][GTZC] default value MPCBB3 and MPCBB5 - Not Secured memory - MPCBB2 is applicable
2025-11-06 11:13:57,103 [INFO] Rule:225 - rule 117617 - U5Cobra4M][GTZC] default value MPCBB3 and MPCBB5 - Not Secured memory - MPCBB3 is applicable
2025-11-06 11:13:57,103 [INFO] Rule:225 - rule 117617 - U5Cobra4M][GTZC] default value MPCBB3 and MPCBB5 - Not Secured memory - MPCBB3 is applicable
2025-11-06 11:13:57,103 [INFO] Rule:225 - rule 117617 - U5Cobra4M][GTZC] default value MPCBB3 and MPCBB5 - Not Secured memory - MPCBB4 is applicable
2025-11-06 11:13:57,103 [INFO] Rule:225 - rule 117617 - U5Cobra4M][GTZC] default value MPCBB3 and MPCBB5 - Not Secured memory - MPCBB4 is applicable
2025-11-06 11:13:57,103 [INFO] Rule:225 - rule 117617 - U5Cobra4M][GTZC] default value MPCBB3 and MPCBB5 - Secured memory - MPCBB1 is applicable
2025-11-06 11:13:57,103 [INFO] Rule:225 - rule 117617 - U5Cobra4M][GTZC] default value MPCBB3 and MPCBB5 - Secured memory - MPCBB2 is applicable
2025-11-06 11:13:57,103 [INFO] Rule:225 - rule 117617 - U5Cobra4M][GTZC] default value MPCBB3 and MPCBB5 - Secured memory - MPCBB3 is applicable
2025-11-06 11:13:57,103 [INFO] Rule:225 - rule 117617 - U5Cobra4M][GTZC] default value MPCBB3 and MPCBB5 - Secured memory - MPCBB4 is applicable
2025-11-06 11:13:57,103 [INFO] Rule:225 - rule 117617 - U5Cobra4M][GTZC] default value MPCBB3 and MPCBB5 - Privileged memory - MPCBB1 is applicable
2025-11-06 11:13:57,103 [INFO] Rule:225 - rule 117617 - U5Cobra4M][GTZC] default value MPCBB3 and MPCBB5 - Privileged memory - MPCBB2 is applicable
2025-11-06 11:13:57,103 [INFO] Rule:225 - rule 117617 - U5Cobra4M][GTZC] default value MPCBB3 and MPCBB5 - Privileged memory - MPCBB3 is applicable
2025-11-06 11:13:57,103 [INFO] Rule:225 - rule 117617 - U5Cobra4M][GTZC] default value MPCBB3 and MPCBB5 - Privileged memory - MPCBB4 is applicable
2025-11-06 11:13:57,103 [INFO] Rule:225 - rule 117617 - U5Cobra4M][GTZC] default value MPCBB3 and MPCBB5 - Not Privileged memory - MPCBB1 is applicable
2025-11-06 11:13:57,103 [INFO] Rule:225 - rule 117617 - U5Cobra4M][GTZC] default value MPCBB3 and MPCBB5 - Not Privileged memory - MPCBB2 is applicable
2025-11-06 11:13:57,103 [INFO] Rule:225 - rule 117617 - U5Cobra4M][GTZC] default value MPCBB3 and MPCBB5 - Not Privileged memory - MPCBB3 is applicable
2025-11-06 11:13:57,103 [INFO] Rule:225 - rule 117617 - U5Cobra4M][GTZC] default value MPCBB3 and MPCBB5 - Not Privileged memory - MPCBB4 is applicable
2025-11-06 11:13:57,103 [INFO] Rule:225 - rule 117617 - U5Cobra4M][GTZC] default value MPCBB3 and MPCBB5 - Privileged memory - MPCBB1 is applicable
2025-11-06 11:13:57,103 [INFO] Rule:225 - rule 117617 - U5Cobra4M][GTZC] default value MPCBB3 and MPCBB5 - Privileged memory - MPCBB2 is applicable
2025-11-06 11:13:57,103 [INFO] Rule:225 - rule 117617 - U5Cobra4M][GTZC] default value MPCBB3 and MPCBB5 - Privileged memory - MPCBB3 is applicable
2025-11-06 11:13:57,103 [INFO] Rule:225 - rule 117617 - U5Cobra4M][GTZC] default value MPCBB3 and MPCBB5 - Privileged memory - MPCBB4 is applicable
2025-11-06 11:13:57,103 [INFO] Rule:225 - rule 117617 - U5Cobra4M][GTZC] default value MPCBB3 and MPCBB5 - Privileged memory - MPCBB1 is applicable
2025-11-06 11:13:57,103 [INFO] Rule:225 - rule 117617 - U5Cobra4M][GTZC] default value MPCBB3 and MPCBB5 - Privileged memory - MPCBB2 is applicable
2025-11-06 11:13:57,103 [INFO] Rule:225 - rule 117617 - U5Cobra4M][GTZC] default value MPCBB3 and MPCBB5 - Privileged memory - MPCBB3 is applicable
2025-11-06 11:13:57,103 [INFO] Rule:225 - rule 117617 - U5Cobra4M][GTZC] default value MPCBB3 and MPCBB5 - Privileged memory - MPCBB4 is applicable
2025-11-06 11:13:57,103 [INFO] Rule:225 - rule 117617 - U5Cobra4M][GTZC] default value MPCBB3 and MPCBB5 - Not Privileged memory - MPCBB1 is applicable
2025-11-06 11:13:57,103 [INFO] Rule:225 - rule 117617 - U5Cobra4M][GTZC] default value MPCBB3 and MPCBB5 - Not Privileged memory - MPCBB2 is applicable
2025-11-06 11:13:57,103 [INFO] Rule:225 - rule 117617 - U5Cobra4M][GTZC] default value MPCBB3 and MPCBB5 - Not Privileged memory - MPCBB3 is applicable
2025-11-06 11:13:57,103 [INFO] Rule:225 - rule 117617 - U5Cobra4M][GTZC] default value MPCBB3 and MPCBB5 - Not Privileged memory - MPCBB4 is applicable
2025-11-06 11:13:57,103 [INFO] Rule:225 - rule 117617 - U5Cobra4M][GTZC] default value MPCBB3 and MPCBB5 - Privileged memory - MPCBB1 is applicable
2025-11-06 11:13:57,103 [INFO] Rule:225 - rule 117617 - U5Cobra4M][GTZC] default value MPCBB3 and MPCBB5 - Privileged memory - MPCBB2 is applicable
2025-11-06 11:13:57,103 [INFO] Rule:225 - rule 117617 - U5Cobra4M][GTZC] default value MPCBB3 and MPCBB5 - Privileged memory - MPCBB3 is applicable
2025-11-06 11:13:57,103 [INFO] Rule:225 - rule 117617 - U5Cobra4M][GTZC] default value MPCBB3 and MPCBB5 - Privileged memory - MPCBB4 is applicable
2025-11-06 11:13:57,103 [INFO] Rule:225 - rule Rename SubGHz_Phy SUBGHZ_APPLICATION SUBGHZ_PINGPONG to SUBGHZ_ADV_APPLICATION is applicable
2025-11-06 11:13:57,103 [INFO] Rule:225 - rule Rename Enabled to IBEACON is applicable
2025-11-06 11:13:57,103 [INFO] Rule:225 - rule GTZC_S instance for project manager is applicable
2025-11-06 11:13:57,103 [INFO] Rule:225 - rule GTZC_S instance for context M33S is applicable
2025-11-06 11:13:57,103 [INFO] Rule:225 - rule GTZC_S instance value for IP GTZC is applicable
2025-11-06 11:13:57,103 [INFO] Rule:225 - rule GTZC_S instance for mcu.IP is applicable
2025-11-06 11:13:57,103 [INFO] Rule:225 - rule GTZC_S instance for VP is applicable
2025-11-06 11:13:57,103 [INFO] Rule:225 - rule GTZC_S instance for signal is applicable
2025-11-06 11:13:57,103 [INFO] Rule:225 - rule GTZC_S instance for mcu.Pin is applicable
2025-11-06 11:13:57,103 [INFO] Rule:225 - rule GTZC_S instance for VP is applicable
2025-11-06 11:13:57,103 [INFO] Rule:225 - rule GTZC_S instance for signal is applicable
2025-11-06 11:13:57,103 [INFO] Rule:225 - rule GTZC_S instance for mcu is applicable
2025-11-06 11:13:57,103 [INFO] Rule:225 - rule GTZC_S instance for mcu.Pin is applicable
2025-11-06 11:13:57,103 [INFO] Rule:225 - rule GTZC_S instance value for IP GTZC is applicable
2025-11-06 11:13:57,103 [INFO] Rule:225 - rule GTZC_S instance for project manager is applicable
2025-11-06 11:13:57,103 [INFO] Rule:225 - rule GTZC_S instance for context M33S is applicable
2025-11-06 11:13:57,103 [INFO] Rule:225 - rule GTZC_S instance for VP is applicable
2025-11-06 11:13:57,103 [INFO] Rule:225 - rule GTZC_S instance for signal is applicable
2025-11-06 11:13:57,103 [INFO] Rule:225 - rule SPDIFRX instance for mcu is applicable
2025-11-06 11:13:57,103 [INFO] Rule:225 - rule Rename Tracer Mode is applicable
2025-11-06 11:13:57,103 [INFO] Rule:225 - rule SPDIFRX instance value for IP SPDIFRX is applicable
2025-11-06 11:13:57,103 [INFO] Rule:225 - rule SPDIFRX instance for signal is applicable
2025-11-06 11:13:57,103 [INFO] Rule:225 - rule SPDIFRX instance for project manager is applicable
2025-11-06 11:13:57,103 [INFO] Rule:225 - rule SPDIFRX instance for project manager is applicable
2025-11-06 11:13:57,103 [INFO] Rule:225 - rule ADC Scan  fix with FW F7 is applicable
2025-11-06 11:13:57,103 [INFO] Rule:225 - rule ADC Scan  fix with FW F7 is applicable
2025-11-06 11:13:57,103 [INFO] Rule:225 - rule WakeUp0 Mode is applicable
2025-11-06 11:13:57,103 [INFO] Rule:225 - rule WakeUp0 SIGNAL is applicable
2025-11-06 11:13:57,103 [INFO] Rule:225 - rule WakeUp1 Mode is applicable
2025-11-06 11:13:57,103 [INFO] Rule:225 - rule WakeUp1 SIGNAL is applicable
2025-11-06 11:13:57,103 [INFO] Rule:225 - rule WakeUp2 Mode is applicable
2025-11-06 11:13:57,103 [INFO] Rule:225 - rule WakeUp2 SIGNAL is applicable
2025-11-06 11:13:57,103 [INFO] Rule:225 - rule WakeUp4 Mode is applicable
2025-11-06 11:13:57,103 [INFO] Rule:225 - rule WakeUp4 SIGNAL is applicable
2025-11-06 11:13:57,103 [INFO] Rule:225 - rule WakeUp5 Mode is applicable
2025-11-06 11:13:57,103 [INFO] Rule:225 - rule WakeUp5 SIGNAL is applicable
2025-11-06 11:13:57,103 [INFO] Rule:225 - rule Add RTC Activate Clock Source is applicable
2025-11-06 11:13:57,103 [INFO] Rule:225 - rule Add RTC Activate Calendar 1 is applicable
2025-11-06 11:13:57,103 [INFO] Rule:225 - rule Add RTC Activate Calendar 2 is applicable
2025-11-06 11:13:57,103 [INFO] Rule:225 - rule Add RTC Activate Calendar 3 is applicable
2025-11-06 11:13:57,103 [INFO] Rule:225 - rule UART/USART TX Mode is applicable
2025-11-06 11:13:57,103 [INFO] Rule:225 - rule UART/USART RX Mode is applicable
2025-11-06 11:13:57,103 [INFO] Rule:225 - rule UART/USART RX TX Mode is applicable
2025-11-06 11:13:57,103 [INFO] Rule:225 - rule UART/USART PARITY NONE is applicable
2025-11-06 11:13:57,103 [INFO] Rule:225 - rule UART/USART PARITY EVEN is applicable
2025-11-06 11:13:57,103 [INFO] Rule:225 - rule UART/USART PARITY ODD is applicable
2025-11-06 11:13:57,103 [INFO] Rule:225 - rule USART StopBits 1 is applicable
2025-11-06 11:13:57,103 [INFO] Rule:225 - rule USART StopBits 2 is applicable
2025-11-06 11:13:57,103 [INFO] Rule:225 - rule USART StopBits 1.5 is applicable
2025-11-06 11:13:57,103 [INFO] Rule:225 - rule USART StopBits 0.5 is applicable
2025-11-06 11:13:57,103 [INFO] Rule:225 - rule UART/USART WORD LENGTH 7 is applicable
2025-11-06 11:13:57,103 [INFO] Rule:225 - rule UART/USART WORD LENGTH 8 is applicable
2025-11-06 11:13:57,103 [INFO] Rule:225 - rule UART/USART WORD LENGTH 9 is applicable
2025-11-06 11:13:57,103 [INFO] Rule:225 - rule Rename FMC NAND NCE signal is applicable
2025-11-06 11:13:57,103 [INFO] Rule:225 - rule Rename FMC NAND INT signal is applicable
2025-11-06 11:13:57,110 [INFO] Rule:225 - rule Change Default Value for LSE Drive Capability for WB family is applicable
2025-11-06 11:13:57,110 [INFO] Rule:225 - rule Change Default Value for ADC Clock Prescaler G0 family is applicable
2025-11-06 11:13:57,110 [INFO] Rule:225 - rule Change Default Value for ADC ExternalTrigConv L4 family is applicable
2025-11-06 11:13:57,110 [INFO] Rule:225 - rule Change Default Value for ADC ExternalTrigInjecConv L4 family is applicable
2025-11-06 11:13:57,110 [INFO] Rule:225 - rule Change Default Value for ADC ExternalTrigConv F3 family is applicable
2025-11-06 11:13:57,110 [INFO] Rule:225 - rule Change Default Value for ADC ExternalTrigInjecConv F3 family is applicable
2025-11-06 11:13:57,110 [INFO] Rule:225 - rule Change Default Value for ADC ExternalTrigConv Goldfish serie is applicable
2025-11-06 11:13:57,110 [INFO] Rule:225 - rule Change Default Value for ADC ExternalTrigInjecConv Goldfish serie is applicable
2025-11-06 11:13:57,110 [INFO] Rule:225 - rule Change Default Value for ADC ExternalTrigConv L0 family is applicable
2025-11-06 11:13:57,110 [INFO] Rule:225 - rule Change Default Value for ADC ExternalTrigConv F0 family is applicable
2025-11-06 11:13:57,110 [INFO] Rule:225 - rule Change Default Value for ADC ExternalTrigConvn L1 family is applicable
2025-11-06 11:13:57,110 [INFO] Rule:225 - rule Change Default Value for ADC ExternalTrigInjecConv L1 family is applicable
2025-11-06 11:13:57,110 [INFO] Rule:225 - rule Change Default Value for ADC ExternalTrigConv F1 family is applicable
2025-11-06 11:13:57,110 [INFO] Rule:225 - rule Change Default Value for ADC ExternalTrigInjecConv F1 family is applicable
2025-11-06 11:13:57,110 [INFO] Rule:225 - rule Change Default Value for ADC ExternalTrigConv F7 family is applicable
2025-11-06 11:13:57,110 [INFO] Rule:225 - rule Change Default Value for ADC ExternalTrigInjecConv F7 family is applicable
2025-11-06 11:13:57,110 [INFO] Rule:225 - rule Change Default Value for ADC ExternalTrigConv F4 and F2 family is applicable
2025-11-06 11:13:57,110 [INFO] Rule:225 - rule Change Default Value for ADC ExternalTrigInjecConv F4 and F2 family is applicable
2025-11-06 11:13:57,110 [INFO] Rule:225 - rule ADC SamplingTime fix with FW L0  is applicable
2025-11-06 11:13:57,110 [INFO] Rule:225 - rule ADC SamplingTime fix with FW L0  is applicable
2025-11-06 11:13:57,110 [INFO] Rule:225 - rule ADC SamplingTime fix with FW L0 is applicable
2025-11-06 11:13:57,110 [INFO] Rule:225 - rule ADC SamplingTime fix with FW L0 is applicable
2025-11-06 11:13:57,110 [INFO] Rule:225 - rule ADC SamplingTime fix with FW L0  is applicable
2025-11-06 11:13:57,110 [INFO] Rule:225 - rule ADC SamplingTime fix with FW L0 is applicable
2025-11-06 11:13:57,110 [INFO] Rule:225 - rule Rename USB_OE Signal is applicable
2025-11-06 11:13:57,110 [INFO] Rule:225 - rule Rename Activate_OE Mode is applicable
2025-11-06 11:13:57,110 [INFO] Rule:225 - rule Rename DIE462/DIE415 pin PC14/OSC32_IN -> PC14-OSC32_IN (PC14) is applicable
2025-11-06 11:13:57,110 [INFO] Rule:225 - rule Rename DIE462/DIE415 pin PC15/OSC32_OUT -> PC15-OSC32_OUT (PC15) is applicable
2025-11-06 11:13:57,110 [INFO] Rule:225 - rule Rename DIE462/DIE415 pin PH0/OSC_IN -> PH0-OSC_IN (PH0) is applicable
2025-11-06 11:13:57,110 [INFO] Rule:225 - rule Rename DIE462/DIE415 pin PH1/OSC_OUT -> PH1-OSC_OUT (PH1) is applicable
2025-11-06 11:13:57,110 [INFO] Rule:225 - rule Rename DIE462 pin PA13 -> PA13 (JTMS/SWDIO) is applicable
2025-11-06 11:13:57,110 [INFO] Rule:225 - rule Rename DIE415 pin PA13 -> PA13 (JTMS/SWDIO) is applicable
2025-11-06 11:13:57,110 [INFO] Rule:225 - rule Rename DIE462 pin PA14 -> PA14 (JTCK/SWCLK) is applicable
2025-11-06 11:13:57,110 [INFO] Rule:225 - rule Rename DIE415 pin PA14 -> PA14 (JTCK/SWCLK) is applicable
2025-11-06 11:13:57,110 [INFO] Rule:225 - rule Rename DIE462/DIE415 pin PA15 -> PA15 (JTDI) is applicable
2025-11-06 11:13:57,110 [INFO] Rule:225 - rule Rename DIE462 pin PB3 -> PB3 (JTD0/TRACESWO) is applicable
2025-11-06 11:13:57,110 [INFO] Rule:225 - rule Rename DIE415 pin PB3 -> PB3 (JTD0-TRACESWO) is applicable
2025-11-06 11:13:57,110 [INFO] Rule:225 - rule Rename DIE462/DIE415 pin PB4 -> PB4 (NJTRST) is applicable
2025-11-06 11:13:57,110 [INFO] Rule:225 - rule Rename DIE462 pin PH3/BOOT0 -> PH3-BOOT0 (BOOT0) is applicable
2025-11-06 11:13:57,110 [INFO] Rule:225 - rule Rename CRYP DataEncryptionTypesList to Algorithm is applicable
2025-11-06 11:13:57,110 [INFO] Rule:225 - rule Rename AES DataEncryptionTypesList to Algorithm is applicable
2025-11-06 11:13:57,110 [INFO] Rule:225 - rule Rename TDESECB to CRYP_TDES_ECB is applicable
2025-11-06 11:13:57,110 [INFO] Rule:225 - rule Rename TDESCBC to CRYP_TDES_CBC is applicable
2025-11-06 11:13:57,110 [INFO] Rule:225 - rule Rename DESECB to CRYP_DES_ECB is applicable
2025-11-06 11:13:57,110 [INFO] Rule:225 - rule Rename DESCBC to CRYP_DES_CBC is applicable
2025-11-06 11:13:57,110 [INFO] Rule:225 - rule Rename AESECB to CRYP_AES_ECB is applicable
2025-11-06 11:13:57,110 [INFO] Rule:225 - rule Rename AESCBC to CRYP_AES_CBC is applicable
2025-11-06 11:13:57,110 [INFO] Rule:225 - rule Rename AESCTR to CRYP_AES_CTR is applicable
2025-11-06 11:13:57,110 [INFO] Rule:225 - rule Rename AESGCM to CRYP_AES_GCM is applicable
2025-11-06 11:13:57,110 [INFO] Rule:225 - rule Rename AESCCM to CRYP_AES_CCM is applicable
2025-11-06 11:13:57,110 [INFO] Rule:225 - rule Rename CAN TimeSeg1 to BS1 is applicable
2025-11-06 11:13:57,110 [INFO] Rule:225 - rule Rename CAN TimeSeg2 to BS2 is applicable
2025-11-06 11:13:57,110 [INFO] Rule:225 - rule Rename CAN SyncJumpWidth to SJW is applicable
2025-11-06 11:13:57,110 [INFO] Rule:225 - rule TimeTriggeredMode to TTCM is applicable
2025-11-06 11:13:57,110 [INFO] Rule:225 - rule Rename CAN AutoBusOff to ABOM is applicable
2025-11-06 11:13:57,110 [INFO] Rule:225 - rule Rename CAN AutoWakeUp to AWUM is applicable
2025-11-06 11:13:57,110 [INFO] Rule:225 - rule Rename CAN AutoRetransmission to NART is applicable
2025-11-06 11:13:57,110 [INFO] Rule:225 - rule Rename CAN ReceiveFifoLocked to RFLM is applicable
2025-11-06 11:13:57,110 [INFO] Rule:225 - rule Rename CAN TransmitFifoPriority to TXFP is applicable
2025-11-06 11:13:57,110 [INFO] Rule:225 - rule Rename HRTIMER HRTIM_OUTPUTFAULTLEVEL_HIGH in HRTIMER HRTIM_OUTPUTFAULTLEVEL_HIGHZ is applicable
2025-11-06 11:13:57,110 [INFO] Rule:225 - rule Rename TIMER TIM_CLEARINPUTSOURCE_OCREFCLR in  TIMER TIM_CLEARINPUTSOURCE_NONE for F7 family is applicable
2025-11-06 11:13:57,110 [INFO] Rule:225 - rule FDCAN_R1 - Rename FDCAN mode Master into Classic is applicable
2025-11-06 11:13:57,110 [INFO] Rule:225 - rule FDCAN_R2 - Rename FDCAN mode Slave into Classic is applicable
2025-11-06 11:13:57,110 [INFO] Rule:225 - rule FDCAN1_R3 - if PA10.Mode=FullDuplex, add Pin PA12 is applicable
2025-11-06 11:13:57,110 [INFO] Rule:225 - rule FDCAN1_R3 - if PA9.Mode=FullDuplex, add Pin PA11 is applicable
2025-11-06 11:13:57,110 [INFO] Rule:225 - rule FDCAN1_R3 - Alternatepin_1 - if PE1.Mode=FullDuplex, add Pin PB9 is applicable
2025-11-06 11:13:57,110 [INFO] Rule:225 - rule FDCAN1_R3 - Alternatepin_1 - if PE0.Mode=FullDuplex, add Pin PB8 is applicable
2025-11-06 11:13:57,110 [INFO] Rule:225 - rule FDCAN1_R3 - Alternatepin_2 - if PD5.Mode=FullDuplex, add Pin PD1 is applicable
2025-11-06 11:13:57,110 [INFO] Rule:225 - rule FDCAN1_R3 - Alternatepin_2 - if PD4.Mode=FullDuplex, add Pin PD0 is applicable
2025-11-06 11:13:57,110 [INFO] Rule:225 - rule FDCAN1_R4 - Rename Mode FullDuplex into Enable FDCAN_TXFD for pin PA10 is applicable
2025-11-06 11:13:57,110 [INFO] Rule:225 - rule FDCAN1_R4 - Rename Mode FullDuplex into Enable FDCAN_TXFD for pin PA9 is applicable
2025-11-06 11:13:57,110 [INFO] Rule:225 - rule FDCAN1_R4 - Alternatepin_1 - Rename Mode FullDuplex into Enable FDCAN_TXFD for pin PE1 is applicable
2025-11-06 11:13:57,110 [INFO] Rule:225 - rule FDCAN1_R4 - Alternatepin_1 - Rename Mode FullDuplex into Enable FDCAN_TXFD for pin PE0 is applicable
2025-11-06 11:13:57,110 [INFO] Rule:225 - rule FDCAN1_R4 - Alternatepin_2 - Rename Mode FullDuplex into Enable FDCAN_TXFD for pin PD5 is applicable
2025-11-06 11:13:57,110 [INFO] Rule:225 - rule FDCAN1_R4 - Alternatepin_2 - Rename Mode FullDuplex into Enable FDCAN_TXFD for pin PD4 is applicable
2025-11-06 11:13:57,110 [INFO] Rule:225 - rule FDCAN2_R3 - if PD10.Mode=FullDuplex, add Pin PB13 is applicable
2025-11-06 11:13:57,110 [INFO] Rule:225 - rule FDCAN2_R3 - if PD9.Mode=FullDuplex, add Pin PB12 is applicable
2025-11-06 11:13:57,110 [INFO] Rule:225 - rule FDCAN2_R3 - Alternatepin_1 - if PB7.Mode=FullDuplex, add Pin PB6 is applicable
2025-11-06 11:13:57,110 [INFO] Rule:225 - rule FDCAN2_R3 - Alternatepin_1 - if PD9.Mode=FullDuplex, add Pin PB12 is applicable
2025-11-06 11:13:57,110 [INFO] Rule:225 - rule FDCAN2_R4 - Rename Mode FullDuplex into Enable FDCAN_TXFD for pin PD10 is applicable
2025-11-06 11:13:57,110 [INFO] Rule:225 - rule FDCAN2_R4 - Rename Mode FullDuplex into Enable FDCAN_TXFD for pin PD9 is applicable
2025-11-06 11:13:57,110 [INFO] Rule:225 - rule FDCAN2_R4 - Alternatepin_1 - Rename Mode FullDuplex into Enable FDCAN_TXFD for pin PB7 is applicable
2025-11-06 11:13:57,110 [INFO] Rule:225 - rule FDCAN2_R4 - Alternatepin_1 - Rename Mode FullDuplex into Enable FDCAN_TXFD for pin PD6 is applicable
2025-11-06 11:13:57,112 [INFO] Rule:225 - rule USART TxPinLevelInvertParam Mode is applicable
2025-11-06 11:13:57,112 [INFO] Rule:225 - rule USART RxPinLevelInvertParam Mode is applicable
2025-11-06 11:13:57,112 [INFO] Rule:225 - rule USART DataInvertParam Mode is applicable
2025-11-06 11:13:57,112 [INFO] Rule:225 - rule USART SwapParam Mode is applicable
2025-11-06 11:13:57,112 [INFO] Rule:225 - rule USART OverrunDisableParam Mode is applicable
2025-11-06 11:13:57,112 [INFO] Rule:225 - rule USART DMADisableonRxErrorParam Mode is applicable
2025-11-06 11:13:57,112 [INFO] Rule:225 - rule USART MSBFirstParam Mode is applicable
2025-11-06 11:13:57,112 [INFO] Rule:225 - rule Update MwName for USB_DEVICE is applicable
2025-11-06 11:13:57,112 [INFO] Rule:225 - rule Change PWR_Regulator_Voltage_Scale Default Value for RCC  H7 family is applicable
2025-11-06 11:13:57,112 [INFO] Rule:225 - rule UART/USART IPParameter rename Prescaler parameter to ClockPrescaler is applicable
2025-11-06 11:13:57,112 [INFO] Rule:225 - rule UART/USART Prescaler rename Prescaler parameter to ClockPrescaler is applicable
2025-11-06 11:13:57,112 [INFO] Rule:225 - rule TIM1CLockSelection is applicable
2025-11-06 11:13:57,112 [INFO] Rule:225 - rule TIM15CLockSelection is applicable
2025-11-06 11:13:57,112 [INFO] Rule:225 - rule align RCC SDMMC3CLockSelection default value on MP1 is applicable
2025-11-06 11:13:57,112 [INFO] Rule:225 - rule align RCC SDMMC12CLockSelection default value on MP1 is applicable
2025-11-06 11:13:57,112 [INFO] Rule:225 - rule align RCC QSPICLockSelection default value on MP1 is applicable
2025-11-06 11:13:57,112 [INFO] Rule:225 - rule align RCC QSPICLockSelection default value on MP1 is applicable
2025-11-06 11:13:57,112 [INFO] Rule:225 - rule align RCC SPI6CLockSelection default value on MP1 is applicable
2025-11-06 11:13:57,112 [INFO] Rule:225 - rule align RCC LPTIM23CLockSelection default value on MP1 is applicable
2025-11-06 11:13:57,112 [INFO] Rule:225 - rule align RCC LPTIM1CLockSelection default value on MP1 is applicable
2025-11-06 11:13:57,112 [INFO] Rule:225 - rule align RCC USART1CLockSelection default value on MP1 is applicable
2025-11-06 11:13:57,112 [INFO] Rule:225 - rule align RCC USART24CLockSelection default value on MP1 is applicable
2025-11-06 11:13:57,112 [INFO] Rule:225 - rule align RCC USART6CLockSelection default value on MP1 is applicable
2025-11-06 11:13:57,112 [INFO] Rule:225 - rule align RCC UART78CLockSelection default value on MP1 is applicable
2025-11-06 11:13:57,112 [INFO] Rule:225 - rule align RCC USART35CLockSelection default value on MP1 is applicable
2025-11-06 11:13:57,112 [INFO] Rule:225 - rule align RCC SPI45CLockSelection default value on MP1 is applicable
2025-11-06 11:13:57,112 [INFO] Rule:225 - rule align RCC I2C46CLockSelection BCLK value on MP1 is applicable
2025-11-06 11:13:57,112 [INFO] Rule:225 - rule align RCC SPI45CLockSelection default value on MP1 is applicable
2025-11-06 11:13:57,112 [INFO] Rule:225 - rule align RCC I2C12CLockSelection default value on MP1 is applicable
2025-11-06 11:13:57,112 [INFO] Rule:225 - rule align RCC I2C35CLockSelection default value on MP1 is applicable
2025-11-06 11:13:57,112 [INFO] Rule:225 - rule align RCC LPTIM45CLockSelection default value on MP1 is applicable
2025-11-06 11:13:57,112 [INFO] Rule:225 - rule Rename DCMI PIXCK signal is applicable
2025-11-06 11:13:57,112 [INFO] Rule:225 - rule Change Default Value for I2C46CLockSelection MP1 family is applicable
2025-11-06 11:13:57,112 [INFO] Rule:225 - rule Change Default Value for UART for G4, G0 and WB families is applicable
2025-11-06 11:13:57,112 [INFO] Rule:225 - rule Change Default Value for USART for G4, G0 and WB families is applicable
2025-11-06 11:13:57,112 [INFO] Rule:225 - rule Change Default Value for USART for G4 family is applicable
2025-11-06 11:13:57,112 [INFO] Rule:225 - rule Change USART1CLockSelection refparam name for MP1 is applicable
2025-11-06 11:13:57,112 [INFO] Rule:225 - rule Change USART2CLockSelection refparam name for MP1 is applicable
2025-11-06 11:13:57,112 [INFO] Rule:225 - rule Change USART3CLockSelection refparam name for MP1 is applicable
2025-11-06 11:13:57,112 [INFO] Rule:225 - rule Change UART4CLockSelection refparam name for MP1 is applicable
2025-11-06 11:13:57,112 [INFO] Rule:225 - rule Change UART5CLockSelection refparam name for MP1 is applicable
2025-11-06 11:13:57,112 [INFO] Rule:225 - rule Change LPUART1CLockSelection refparam name for MP1 is applicable
2025-11-06 11:13:57,112 [INFO] Rule:225 - rule Change LPTIM1CLockSelection refparam name for MP1 is applicable
2025-11-06 11:13:57,112 [INFO] Rule:225 - rule Change LPTIM2CLockSelection refparam name for MP1 is applicable
2025-11-06 11:13:57,112 [INFO] Rule:225 - rule Change RCC_MCO1Source refparam name for MP1 is applicable
2025-11-06 11:13:57,112 [INFO] Rule:225 - rule Change LSCOSource1 refparam name for MP1 is applicable
2025-11-06 11:13:57,112 [INFO] Rule:225 - rule Change SMPSCLockSelection refparam name for MP1 is applicable
2025-11-06 11:13:57,112 [INFO] Rule:225 - rule Change LPTIM3CLockSelection refparam name for MP1 is applicable
2025-11-06 11:13:57,112 [INFO] Rule:225 - rule Change MPCBB* Default Template Mode to Parameters is applicable
2025-11-06 11:13:57,112 [INFO] Rule:225 - rule Change MPCWM* or MPCBB* Secure Mode to Parameters is applicable
2025-11-06 11:13:57,112 [INFO] Rule:225 - rule Change MPCWM* or MPCBB* No Secure Mode to Parameters is applicable
2025-11-06 11:13:57,112 [INFO] Rule:225 - rule Change TZSC IP Secure Mode to Parameters is applicable
2025-11-06 11:13:57,112 [INFO] Rule:225 - rule Change TZSC IP No Secure Mode to Parameters is applicable
2025-11-06 11:13:57,112 [INFO] Rule:225 - rule Change TZSC IP Privilege Mode to Parameters is applicable
2025-11-06 11:13:57,112 [INFO] Rule:225 - rule Change TZSC IP No Privilege Mode to Parameters is applicable
2025-11-06 11:13:57,112 [INFO] Rule:225 - rule Change TZIC IT Secure Mode to Parameters is applicable
2025-11-06 11:13:57,112 [INFO] Rule:225 - rule Change TZIC IT No Secure Mode to Parameters is applicable
2025-11-06 11:13:57,112 [INFO] Rule:225 - rule Add MPCBB1_NonSecureArea_Start_Address value with referenced to MPCBB1_NonSecureArea_Start value is applicable
2025-11-06 11:13:57,112 [INFO] Rule:225 - rule Add MPCBB2_NonSecureArea_Start_Address value with referenced to MPCBB2_NonSecureArea_Start value is applicable
2025-11-06 11:13:57,112 [INFO] Rule:225 - rule Add MPCWM1_NonSecureArea*_Start_Address value with referenced to MPCWM1_NonSecureArea*_Start value is applicable
2025-11-06 11:13:57,112 [INFO] Rule:225 - rule Add MPCWM2_NonSecureArea*_Start_Address value with referenced to MPCWM2_NonSecureArea*_Start value is applicable
2025-11-06 11:13:57,112 [INFO] Rule:225 - rule Add MPCWM3_NonSecureArea_Start_Address value with referenced to MPCWM3_NonSecureArea_Start value is applicable
2025-11-06 11:13:57,112 [INFO] Rule:225 - rule Change Default Value for PLL1UserDefinedConfig is applicable
2025-11-06 11:13:57,112 [INFO] Rule:225 - rule Change GPIO_PuPd Default Value for USART in async mode is applicable
2025-11-06 11:13:57,112 [INFO] Rule:225 - rule Change SMPSDivider Default Value is applicable
2025-11-06 11:13:57,112 [INFO] Rule:225 - rule OPAMP is applicable
2025-11-06 11:13:57,112 [INFO] Rule:225 - rule LPUART IPParameter rename Prescaler parameter to ClockPrescaler for STM32H7 is applicable
2025-11-06 11:13:57,112 [INFO] Rule:225 - rule LPUART IPParameter rename Prescaler parameter to ClockPrescaler for STM32H7 is applicable
2025-11-06 11:13:57,112 [INFO] Rule:225 - rule LPUART IPParameter rename Prescaler parameter to ClockPrescaler for STM32WB is applicable
2025-11-06 11:13:57,112 [INFO] Rule:225 - rule LPUART IPParameter rename Prescaler parameter to ClockPrescaler for STM32WB is applicable
2025-11-06 11:13:57,112 [INFO] Rule:225 - rule LPUART IPParameter rename Prescaler parameter to ClockPrescaler for STM32G4 is applicable
2025-11-06 11:13:57,112 [INFO] Rule:225 - rule LPUART IPParameter rename Prescaler parameter to ClockPrescaler for STM32G4 is applicable
2025-11-06 11:13:57,112 [INFO] Rule:225 - rule LPUART IPParameter rename Prescaler parameter to ClockPrescaler for STM32L5 is applicable
2025-11-06 11:13:57,112 [INFO] Rule:225 - rule LPUART IPParameter rename Prescaler parameter to ClockPrescaler for STM32L5 is applicable
2025-11-06 11:13:57,112 [INFO] Rule:225 - rule LPUART IPParameter rename Prescaler parameter to ClockPrescaler for STM32G4 is applicable
2025-11-06 11:13:57,112 [INFO] Rule:225 - rule LPUART IPParameter rename Prescaler parameter to ClockPrescaler for STM32G4 is applicable
2025-11-06 11:13:57,112 [INFO] Rule:225 - rule USB device lib V2.5.3 for L0 rename USBD_SUPPORT_USER_STRING parameter to USBD_SUPPORT_USER_STRING_DESC4 is applicable
2025-11-06 11:13:57,112 [INFO] Rule:225 - rule I2SCLockSelection clock entry align is applicable
2025-11-06 11:13:57,112 [INFO] Rule:225 - rule Assign TIMx context if used as SYS timebase is applicable
2025-11-06 11:13:57,112 [INFO] Rule:225 - rule Change GPIO_Pu Default Value for I2C is applicable
2025-11-06 11:13:57,112 [INFO] Rule:225 - rule Change GPIO_Pu Default Value for SMBus is applicable
2025-11-06 11:13:57,112 [INFO] Rule:225 - rule change FDCAN default value is applicable
2025-11-06 11:13:57,112 [INFO] Rule:225 - rule Change mode sai is applicable
2025-11-06 11:13:57,112 [INFO] Rule:225 - rule **Change sai mode is applicable
2025-11-06 11:13:57,112 [INFO] Rule:225 - rule Rename STM32WPAN CFG_BLE_IRK to CFG_BLE_IR is applicable
2025-11-06 11:13:57,112 [INFO] Rule:225 - rule Rename STM32WPAN CFG_BLE_ERK to CFG_BLE_ER is applicable
2025-11-06 11:13:57,112 [INFO] Rule:225 - rule Rename STM32WPAN CFG_BLE_IRK_HEX to CFG_BLE_IR_HEX is applicable
2025-11-06 11:13:57,112 [INFO] Rule:225 - rule Rename STM32WPAN CFG_BLE_ERK_HEX to CFG_BLE_ER_HEX is applicable
2025-11-06 11:13:57,112 [INFO] Rule:225 - rule Adapt Old IOC before rework replace old CORTEX_M33/CORTEX_M55 attributes by the new one. is applicable
2025-11-06 11:13:57,112 [INFO] Rule:225 - rule Rename parametre of RCC RCC_APBDBG_DIV2 to RCC_TIMPRES_DIV2 is applicable
2025-11-06 11:13:57,112 [INFO] Rule:225 - rule Rename DIE493 pin PA10 [PA12] -> PA10 is applicable
2025-11-06 11:13:57,112 [INFO] Rule:225 - rule Rename DIE493 pin PA9 [PA11] -> PA9 is applicable
2025-11-06 11:13:57,112 [INFO] Rule:225 - rule Adapt Old IOC CSI. is applicable
2025-11-06 11:13:57,129 [INFO] DbConfProperties:307 - Apply Compatibility (49/267 Rules)
2025-11-06 11:13:57,151 [INFO] ImportTextPane:218 - (OptionalMessage_ERROR) Unable to find key (Mcu.ThirdPartyNb) in loaded IOC file
2025-11-06 11:13:57,151 [INFO] ImportTextPane:218 - (OptionalMessage_ERROR) Pin12 (VP_RIF_VS_RIF1) cannot be retrieved for this MCU
2025-11-06 11:13:57,199 [INFO] RtosManager:558 - Registered RTOS mode: class=CMSIS, group=RTOS, mode=CMSIS_V1, owner=FREERTOS
2025-11-06 11:13:57,199 [INFO] RtosManager:558 - Registered RTOS mode: class=CMSIS, group=RTOS2, mode=CMSIS_V2, owner=FREERTOS
2025-11-06 11:13:57,199 [INFO] RtosManager:558 - Registered RTOS mode: class=RTOS, group=Core, mode=CMSIS_V1, owner=FREERTOS
2025-11-06 11:13:57,199 [INFO] RtosManager:558 - Registered RTOS mode: class=RTOS, group=Core, mode=CMSIS_V2, owner=FREERTOS
2025-11-06 11:13:57,199 [WARN] ModelIntegratedComponent:184 - Missing modes for component STMicroelectronics:FreeRTOS:0.0.1:STMicroelectronics:RTOS:FreeRTOS:Core:::10.2.0:
2025-11-06 11:13:57,216 [WARN] ModelIntegratedComponent:182 - Modes not found for component STMicroelectronics:USB_HOST:1.0.0:STMicroelectronics:USB::USB Host:Audio HS::1.0:USB_HOST_1_0_RESTRICTED_HS
2025-11-06 11:13:57,216 [WARN] ModelIntegratedComponent:188 - Modes not found for component STMicroelectronics:USB_HOST:1.0.0:STMicroelectronics:USB::USB Host:Audio HS::1.0:USB_HOST_1_0_RESTRICTED_HS
2025-11-06 11:13:57,216 [WARN] ModelIntegratedComponent:182 - Modes not found for component STMicroelectronics:USB_HOST:1.0.0:STMicroelectronics:USB::USB Host:CDC HS::1.0:USB_HOST_1_0_RESTRICTED_HS
2025-11-06 11:13:57,216 [WARN] ModelIntegratedComponent:188 - Modes not found for component STMicroelectronics:USB_HOST:1.0.0:STMicroelectronics:USB::USB Host:CDC HS::1.0:USB_HOST_1_0_RESTRICTED_HS
2025-11-06 11:13:57,216 [WARN] ModelIntegratedComponent:182 - Modes not found for component STMicroelectronics:USB_HOST:1.0.0:STMicroelectronics:USB::USB Host:MSC HS::1.0:USB_HOST_1_0_RESTRICTED_HS
2025-11-06 11:13:57,216 [WARN] ModelIntegratedComponent:188 - Modes not found for component STMicroelectronics:USB_HOST:1.0.0:STMicroelectronics:USB::USB Host:MSC HS::1.0:USB_HOST_1_0_RESTRICTED_HS
2025-11-06 11:13:57,216 [WARN] ModelIntegratedComponent:182 - Modes not found for component STMicroelectronics:USB_HOST:1.0.0:STMicroelectronics:USB::USB Host:HID HS::1.0:USB_HOST_1_0_RESTRICTED_HS
2025-11-06 11:13:57,216 [WARN] ModelIntegratedComponent:188 - Modes not found for component STMicroelectronics:USB_HOST:1.0.0:STMicroelectronics:USB::USB Host:HID HS::1.0:USB_HOST_1_0_RESTRICTED_HS
2025-11-06 11:13:57,216 [WARN] ModelIntegratedComponent:182 - Modes not found for component STMicroelectronics:USB_HOST:1.0.0:STMicroelectronics:USB::USB Host:MTP HS::1.0:USB_HOST_1_0_RESTRICTED_HS
2025-11-06 11:13:57,216 [WARN] ModelIntegratedComponent:188 - Modes not found for component STMicroelectronics:USB_HOST:1.0.0:STMicroelectronics:USB::USB Host:MTP HS::1.0:USB_HOST_1_0_RESTRICTED_HS
2025-11-06 11:13:57,226 [WARN] ModelIntegratedComponent:63 - No mode defined for component null
2025-11-06 11:13:57,226 [WARN] ModelIntegratedComponent:63 - No mode defined for component null
2025-11-06 11:13:57,226 [WARN] ModelIntegratedComponent:63 - No mode defined for component null
2025-11-06 11:13:57,226 [WARN] ModelIntegratedComponent:63 - No mode defined for component null
2025-11-06 11:13:57,226 [WARN] ModelIntegratedComponent:63 - No mode defined for component null
2025-11-06 11:13:57,226 [WARN] ModelIntegratedComponent:63 - No mode defined for component null
2025-11-06 11:13:57,226 [WARN] ModelIntegratedComponent:63 - No mode defined for component null
2025-11-06 11:13:57,226 [WARN] ModelIntegratedComponent:63 - No mode defined for component null
2025-11-06 11:13:57,226 [WARN] ModelIntegratedComponent:63 - No mode defined for component null
2025-11-06 11:13:57,226 [WARN] ModelIntegratedComponent:63 - No mode defined for component null
2025-11-06 11:13:57,226 [WARN] ModelIntegratedComponent:63 - No mode defined for component null
2025-11-06 11:13:57,226 [WARN] ModelIntegratedComponent:63 - No mode defined for component null
2025-11-06 11:13:57,226 [WARN] ModelIntegratedComponent:63 - No mode defined for component null
2025-11-06 11:13:57,226 [WARN] ModelIntegratedComponent:63 - No mode defined for component null
2025-11-06 11:13:57,226 [WARN] ModelIntegratedComponent:63 - No mode defined for component null
2025-11-06 11:13:57,226 [WARN] ModelIntegratedComponent:63 - No mode defined for component null
2025-11-06 11:13:57,226 [WARN] ModelIntegratedComponent:63 - No mode defined for component null
2025-11-06 11:13:57,226 [WARN] ModelIntegratedComponent:63 - No mode defined for component null
2025-11-06 11:13:57,226 [WARN] ModelIntegratedComponent:63 - No mode defined for component null
2025-11-06 11:13:57,226 [WARN] ModelIntegratedComponent:63 - No mode defined for component null
2025-11-06 11:13:57,226 [WARN] ModelIntegratedComponent:63 - No mode defined for component null
2025-11-06 11:13:57,226 [WARN] ModelIntegratedComponent:63 - No mode defined for component null
2025-11-06 11:13:57,226 [WARN] ModelIntegratedComponent:63 - No mode defined for component null
2025-11-06 11:13:57,226 [WARN] ModelIntegratedComponent:63 - No mode defined for component null
2025-11-06 11:13:57,226 [WARN] ModelIntegratedComponent:63 - No mode defined for component null
2025-11-06 11:13:57,226 [WARN] ModelIntegratedComponent:63 - No mode defined for component null
2025-11-06 11:13:57,226 [WARN] ModelIntegratedComponent:63 - No mode defined for component null
2025-11-06 11:13:57,226 [WARN] ModelIntegratedComponent:63 - No mode defined for component null
2025-11-06 11:13:57,226 [WARN] ModelIntegratedComponent:63 - No mode defined for component null
2025-11-06 11:13:57,226 [WARN] ModelIntegratedComponent:63 - No mode defined for component null
2025-11-06 11:13:57,226 [WARN] ModelIntegratedComponent:63 - No mode defined for component null
2025-11-06 11:13:57,226 [WARN] ModelIntegratedComponent:63 - No mode defined for component null
2025-11-06 11:13:57,226 [WARN] ModelIntegratedComponent:63 - No mode defined for component null
2025-11-06 11:13:57,226 [WARN] ModelIntegratedComponent:63 - No mode defined for component null
2025-11-06 11:13:57,226 [WARN] ModelIntegratedComponent:63 - No mode defined for component null
2025-11-06 11:13:57,226 [WARN] ModelPack:524 - Component already loaded: STMicroelectronics:HAL Drivers:0.0.0:STMicroelectronics:Device:STMicro_Driver:XSPI:HAL::0.0.1:HAL_XSPI
2025-11-06 11:13:57,423 [WARN] ModelIntegratedComponent:182 - Modes not found for component STMicroelectronics:USB_DEVICE:1.0.0:STMicroelectronics:USB::USB Device:Audio HS::1.0:USB_DEVICE_1_0_RESTRICTED_HS
2025-11-06 11:13:57,423 [WARN] ModelIntegratedComponent:188 - Modes not found for component STMicroelectronics:USB_DEVICE:1.0.0:STMicroelectronics:USB::USB Device:Audio HS::1.0:USB_DEVICE_1_0_RESTRICTED_HS
2025-11-06 11:13:57,423 [WARN] ModelIntegratedComponent:182 - Modes not found for component STMicroelectronics:USB_DEVICE:1.0.0:STMicroelectronics:USB::USB Device:CDC HS::1.0:USB_DEVICE_1_0_RESTRICTED_HS
2025-11-06 11:13:57,423 [WARN] ModelIntegratedComponent:188 - Modes not found for component STMicroelectronics:USB_DEVICE:1.0.0:STMicroelectronics:USB::USB Device:CDC HS::1.0:USB_DEVICE_1_0_RESTRICTED_HS
2025-11-06 11:13:57,423 [WARN] ModelIntegratedComponent:182 - Modes not found for component STMicroelectronics:USB_DEVICE:1.0.0:STMicroelectronics:USB::USB Device:DFU HS::1.0:USB_DEVICE_1_0_RESTRICTED_HS
2025-11-06 11:13:57,423 [WARN] ModelIntegratedComponent:188 - Modes not found for component STMicroelectronics:USB_DEVICE:1.0.0:STMicroelectronics:USB::USB Device:DFU HS::1.0:USB_DEVICE_1_0_RESTRICTED_HS
2025-11-06 11:13:57,423 [WARN] ModelIntegratedComponent:182 - Modes not found for component STMicroelectronics:USB_DEVICE:1.0.0:STMicroelectronics:USB::USB Device:HID HS::1.0:USB_DEVICE_1_0_RESTRICTED_HS
2025-11-06 11:13:57,423 [WARN] ModelIntegratedComponent:188 - Modes not found for component STMicroelectronics:USB_DEVICE:1.0.0:STMicroelectronics:USB::USB Device:HID HS::1.0:USB_DEVICE_1_0_RESTRICTED_HS
2025-11-06 11:13:57,423 [WARN] ModelIntegratedComponent:182 - Modes not found for component STMicroelectronics:USB_DEVICE:1.0.0:STMicroelectronics:USB::USB Device:Custom HID HS::1.0:USB_DEVICE_1_0_RESTRICTED_HS
2025-11-06 11:13:57,423 [WARN] ModelIntegratedComponent:188 - Modes not found for component STMicroelectronics:USB_DEVICE:1.0.0:STMicroelectronics:USB::USB Device:Custom HID HS::1.0:USB_DEVICE_1_0_RESTRICTED_HS
2025-11-06 11:13:57,423 [WARN] ModelIntegratedComponent:182 - Modes not found for component STMicroelectronics:USB_DEVICE:1.0.0:STMicroelectronics:USB::USB Device:MSC HS::1.0:USB_DEVICE_1_0_RESTRICTED_HS
2025-11-06 11:13:57,423 [WARN] ModelIntegratedComponent:188 - Modes not found for component STMicroelectronics:USB_DEVICE:1.0.0:STMicroelectronics:USB::USB Device:MSC HS::1.0:USB_DEVICE_1_0_RESTRICTED_HS
2025-11-06 11:13:57,451 [INFO] ThirdPartyModel:298 - Start build external matchings
2025-11-06 11:13:58,203 [INFO] ThirdPartyModel:316 - End build external matchings
2025-11-06 11:13:58,221 [INFO] ImportTextPane:218 - (OptionalMessage_ERROR) IP (RCC) : Parameter (48MHZClocksFreq_Value) has invalid value (84000000)
2025-11-06 11:13:58,222 [INFO] ImportTextPane:218 - (OptionalMessage_ERROR) IP (RCC) : Parameter (FLatency) has Id (AdvancedSettings) currently not set
2025-11-06 11:13:58,223 [INFO] ImportTextPane:218 - (OptionalMessage_ERROR) IP (RCC) : Parameter (RTCHSEDivFreq_Value) has invalid value (4000000)
2025-11-06 11:13:58,890 [INFO] UtilMem:75 - End LoadConfig() Used Memory: 766829960 Bytes (1073741824)
2025-11-06 11:13:58,931 [WARN] ThirdParty:833 - waiting for thirdparty lock release [change project]
2025-11-06 11:13:58,931 [INFO] ThirdParty:835 - entering critical section [change project]
2025-11-06 11:13:58,931 [INFO] ThirdParty:1030 - CMSIS Pack Vendor :STMicroelectronics X-CUBE-PM33A1 1.0.0
2025-11-06 11:13:58,931 [INFO] ThirdParty:1030 - CMSIS Pack Vendor :STMicroelectronics USBPD 4.1
2025-11-06 11:13:58,931 [INFO] ThirdParty:1030 - CMSIS Pack Vendor :STMicroelectronics X-CUBE-NFC9 1.0.0
2025-11-06 11:13:58,931 [INFO] ThirdParty:1030 - CMSIS Pack Vendor :STMicroelectronics USB_HOST 2.0.0
2025-11-06 11:13:58,931 [INFO] ThirdParty:1030 - CMSIS Pack Vendor :STMicroelectronics FP-SNS-MOTENVWB1 1.4.0
2025-11-06 11:13:58,931 [INFO] ThirdParty:1030 - CMSIS Pack Vendor :STMicroelectronics X-CUBE-AZRTOS-F4 1.1.0
2025-11-06 11:13:58,931 [INFO] ThirdParty:1030 - CMSIS Pack Vendor :STMicroelectronics LIBJPEG 8.0.0
2025-11-06 11:13:58,931 [INFO] ThirdParty:1030 - CMSIS Pack Vendor :STMicroelectronics FP-ATR-ASTRA1 2.0.2
2025-11-06 11:13:58,931 [INFO] ThirdParty:1030 - CMSIS Pack Vendor :wolfSSL I-CUBE-wolfSSL 5.8.2
2025-11-06 11:13:58,931 [INFO] ThirdParty:1030 - CMSIS Pack Vendor :STMicroelectronics X-CUBE-BLE1 7.1.0
2025-11-06 11:13:58,931 [INFO] ThirdParty:1030 - CMSIS Pack Vendor :STMicroelectronics X-CUBE-SMBUS 2.1.0
2025-11-06 11:13:58,931 [INFO] ThirdParty:1030 - CMSIS Pack Vendor :wolfSSL I-CUBE-wolfMQTT 1.19.2
2025-11-06 11:13:58,931 [INFO] ThirdParty:1030 - CMSIS Pack Vendor :STMicroelectronics USB_DEVICE 3.0.0
2025-11-06 11:13:58,931 [INFO] ThirdParty:1030 - CMSIS Pack Vendor :STMicroelectronics X-CUBE-ISPU 2.1.0
2025-11-06 11:13:58,931 [INFO] ThirdParty:1030 - CMSIS Pack Vendor :STMicroelectronics X-CUBE-EEPRMA1 5.2.0
2025-11-06 11:13:58,931 [INFO] ThirdParty:1030 - CMSIS Pack Vendor :STMicroelectronics X-CUBE-BLEMGR 4.1.0
2025-11-06 11:13:58,932 [INFO] ThirdParty:1030 - CMSIS Pack Vendor :STMicroelectronics X-CUBE-AZRTOS-WB 2.0.0
2025-11-06 11:13:58,932 [INFO] ThirdParty:1030 - CMSIS Pack Vendor :STMicroelectronics X-CUBE-GNSS1 7.0.1
2025-11-06 11:13:58,932 [INFO] ThirdParty:1030 - CMSIS Pack Vendor :STMicroelectronics X-CUBE-NFC12 1.0.0
2025-11-06 11:13:58,932 [INFO] ThirdParty:1030 - CMSIS Pack Vendor :STMicroelectronics X-CUBE-AZRTOS-F7 1.1.0
2025-11-06 11:13:58,932 [INFO] ThirdParty:1030 - CMSIS Pack Vendor :STMicroelectronics X-CUBE-AZRTOS-L5 2.0.0
2025-11-06 11:13:58,932 [INFO] ThirdParty:1030 - CMSIS Pack Vendor :STMicroelectronics USB_DEVICE 2.0.0
2025-11-06 11:13:58,932 [INFO] ThirdParty:1030 - CMSIS Pack Vendor :STMicroelectronics X-CUBE-NFC6 3.1.0
2025-11-06 11:13:58,932 [INFO] ThirdParty:1030 - CMSIS Pack Vendor :Cesanta I-CUBE-Mongoose 7.19.0
2025-11-06 11:13:58,932 [INFO] ThirdParty:1030 - CMSIS Pack Vendor :quantropi X-CUBE-qispace-sdk-base 2.1.0
2025-11-06 11:13:58,932 [INFO] ThirdParty:1030 - CMSIS Pack Vendor :STMicroelectronics FreeRTOS 0.0.1
2025-11-06 11:13:58,932 [INFO] ThirdParty:1030 - CMSIS Pack Vendor :STMicroelectronics X-CUBE-AZRTOS-G0 1.1.0
2025-11-06 11:13:58,932 [INFO] ThirdParty:1030 - CMSIS Pack Vendor :STMicroelectronics X-CUBE-SAFEA1 1.2.2
2025-11-06 11:13:58,932 [INFO] ThirdParty:1030 - CMSIS Pack Vendor :STMicroelectronics X-CUBE-NFC4 3.0.0
2025-11-06 11:13:58,932 [INFO] ThirdParty:1030 - CMSIS Pack Vendor :STMicroelectronics X-CUBE-SUBG2 5.0.0
2025-11-06 11:13:58,932 [INFO] ThirdParty:1030 - CMSIS Pack Vendor :STMicroelectronics X-CUBE-AZRTOS-H7RS 1.1.0
2025-11-06 11:13:58,932 [INFO] ThirdParty:1030 - CMSIS Pack Vendor :STMicroelectronics STM32_WPAN 1.0.0
2025-11-06 11:13:58,932 [INFO] ThirdParty:1030 - CMSIS Pack Vendor :EmbeddedOffice I-CUBE-FS-RTOS 1.0.1
2025-11-06 11:13:58,932 [INFO] ThirdParty:1030 - CMSIS Pack Vendor :STMicroelectronics lwIP 2.0.3
2025-11-06 11:13:58,932 [INFO] ThirdParty:1030 - CMSIS Pack Vendor :STMicroelectronics USB_HOST 1.0.0
2025-11-06 11:13:58,932 [INFO] ThirdParty:1030 - CMSIS Pack Vendor :Infineon AIROC-Wi-Fi-Bluetooth-STM32 1.7.1
2025-11-06 11:13:58,932 [INFO] ThirdParty:1030 - CMSIS Pack Vendor :STMicroelectronics X-CUBE-AZRTOS-G4 2.0.0
2025-11-06 11:13:58,932 [INFO] ThirdParty:1030 - CMSIS Pack Vendor :STMicroelectronics X-CUBE-WB05N 2.0.0
2025-11-06 11:13:58,932 [INFO] ThirdParty:1030 - CMSIS Pack Vendor :STMicroelectronics PDM2PCM 3.1.0
2025-11-06 11:13:58,932 [INFO] ThirdParty:1030 - CMSIS Pack Vendor :STMicroelectronics PDM2PCM 3.3.0
2025-11-06 11:13:58,932 [INFO] ThirdParty:1030 - CMSIS Pack Vendor :wolfSSL I-CUBE-wolfTPM 3.8.0
2025-11-06 11:13:58,932 [INFO] ThirdParty:1030 - CMSIS Pack Vendor :STMicroelectronics X-CUBE-AZRTOS-H7 3.4.0
2025-11-06 11:13:58,932 [INFO] ThirdParty:1030 - CMSIS Pack Vendor :STMicroelectronics X-CUBE-DISPLAY 3.0.0
2025-11-06 11:13:58,932 [INFO] ThirdParty:1030 - CMSIS Pack Vendor :wolfSSL I-CUBE-wolfSSH 1.4.20
2025-11-06 11:13:58,932 [INFO] ThirdParty:1030 - CMSIS Pack Vendor :STMicroelectronics X-CUBE-NFC7 2.0.0
2025-11-06 11:13:58,932 [INFO] ThirdParty:1030 - CMSIS Pack Vendor :STMicroelectronics X-CUBE-TCPP 4.2.0
2025-11-06 11:13:58,932 [INFO] ThirdParty:1030 - CMSIS Pack Vendor :RealThread X-CUBE-RT-Thread_Nano 4.1.1
2025-11-06 11:13:58,932 [INFO] ThirdParty:1030 - CMSIS Pack Vendor :STMicroelectronics FP-ATR-SIGFOX1 3.2.0
2025-11-06 11:13:58,932 [INFO] ThirdParty:1030 - CMSIS Pack Vendor :STMicroelectronics X-CUBE-NFC10 1.0.0
2025-11-06 11:13:58,932 [INFO] ThirdParty:1030 - CMSIS Pack Vendor :STMicroelectronics X-CUBE-FREERTOS 1.3.1
2025-11-06 11:13:58,932 [INFO] ThirdParty:1030 - CMSIS Pack Vendor :STMicroelectronics HAL Drivers 0.0.0
2025-11-06 11:13:58,932 [INFO] ThirdParty:1030 - CMSIS Pack Vendor :STMicroelectronics MBEDTLS 2.16.2
2025-11-06 11:13:58,932 [INFO] ThirdParty:1030 - CMSIS Pack Vendor :STMicroelectronics X-CUBE-ST60 1.1.0
2025-11-06 11:13:58,932 [INFO] ThirdParty:1030 - CMSIS Pack Vendor :STMicroelectronics X-CUBE-ALS 1.0.2
2025-11-06 11:13:58,932 [INFO] ThirdParty:1030 - CMSIS Pack Vendor :emotas I-CUBE-CANOPEN 1.3.0
2025-11-06 11:13:58,933 [INFO] ThirdParty:1030 - CMSIS Pack Vendor :STMicroelectronics MBEDTLS 2.14.1
2025-11-06 11:13:58,933 [INFO] ThirdParty:1030 - CMSIS Pack Vendor :STMicroelectronics X-CUBE-GNSS1 7.1.0
2025-11-06 11:13:58,933 [INFO] ThirdParty:1030 - CMSIS Pack Vendor :ITTIA_DB I-CUBE-ITTIADB 8.9.0
2025-11-06 11:13:58,933 [INFO] ThirdParty:1030 - CMSIS Pack Vendor :STMicroelectronics X-CUBE-TOUCHGFX 4.26.0
2025-11-06 11:13:58,933 [INFO] ThirdParty:1030 - CMSIS Pack Vendor :STMicroelectronics X-CUBE-STSE01 1.0.0
2025-11-06 11:13:58,933 [INFO] ThirdParty:1030 - CMSIS Pack Vendor :STMicroelectronics X-CUBE-AI 10.2.0
2025-11-06 11:13:58,933 [INFO] ThirdParty:1030 - CMSIS Pack Vendor :STMicroelectronics FP-SNS-STAIOTCFT 1.0.0
2025-11-06 11:13:58,933 [INFO] ThirdParty:1030 - CMSIS Pack Vendor :STMicroelectronics ThreadX 1.0.0
2025-11-06 11:13:58,933 [INFO] ThirdParty:1030 - CMSIS Pack Vendor :STMicroelectronics FP-SNS-SMARTAG2 1.2.0
2025-11-06 11:13:58,933 [INFO] ThirdParty:1030 - CMSIS Pack Vendor :STMicroelectronics FP-SNS-FLIGHT1 5.1.0
2025-11-06 11:13:58,933 [INFO] ThirdParty:1030 - CMSIS Pack Vendor :STMicroelectronics X-CUBE-AZRTOS-WL 2.0.0
2025-11-06 11:13:58,933 [INFO] ThirdParty:1030 - CMSIS Pack Vendor :SEGGER I-CUBE-embOS 1.3.1
2025-11-06 11:13:58,933 [INFO] ThirdParty:1030 - CMSIS Pack Vendor :STMicroelectronics X-CUBE-ALGOBUILD 1.4.0
2025-11-06 11:13:58,933 [INFO] ThirdParty:1030 - CMSIS Pack Vendor :STMicroelectronics X-CUBE-DPower 1.3.0
2025-11-06 11:13:58,933 [INFO] ThirdParty:1030 - CMSIS Pack Vendor :STMicroelectronics X-CUBE-MEMS1 11.3.0
2025-11-06 11:13:58,933 [INFO] ThirdParty:1030 - CMSIS Pack Vendor :STMicroelectronics USB_DEVICE 1.0.0
2025-11-06 11:13:58,933 [INFO] ThirdParty:1030 - CMSIS Pack Vendor :STMicroelectronics X-CUBE-AZRTOS-L4 2.0.0
2025-11-06 11:13:58,933 [INFO] ThirdParty:1030 - CMSIS Pack Vendor :STMicroelectronics ThreadX 0.0.2
2025-11-06 11:13:58,933 [INFO] ThirdParty:1030 - CMSIS Pack Vendor :STMicroelectronics lwIP 2.1.2
2025-11-06 11:13:58,933 [INFO] ThirdParty:1030 - CMSIS Pack Vendor :STMicroelectronics X-CUBE-SFXS2LP1 4.0.0
2025-11-06 11:13:58,933 [INFO] ThirdParty:1030 - CMSIS Pack Vendor :STMicroelectronics X-CUBE-BLE2 3.3.0
2025-11-06 11:13:58,933 [INFO] ThirdParty:1030 - CMSIS Pack Vendor :STMicroelectronics X-CUBE-TOF1 3.4.3
2025-11-06 11:13:58,933 [INFO] ThirdParty:1030 - CMSIS Pack Vendor :STMicroelectronics PDM2PCM 3.2.0
2025-11-06 11:13:58,933 [INFO] ThirdParty:841 - exiting critical section [change project]
2025-11-06 11:13:59,214 [INFO] PinOutPanel:1589 - setPackage(No Configuration,No Configuration)
2025-11-06 11:13:59,215 [INFO] PinOutPanel:1589 - setPackage(STM32F411RETx,LQFP64)
2025-11-06 11:13:59,521 [INFO] UtilMem:75 - Before build in PCC Used Memory: 928570304 Bytes (1073741824)
2025-11-06 11:13:59,846 [INFO] UtilMem:75 - After build in PCC Used Memory: 973659088 Bytes (1073741824)
2025-11-06 11:13:59,870 [INFO] IPUIPlugin:80 - create IPUIPlugin
2025-11-06 11:13:59,870 [INFO] IPUIPlugin:80 - create IPUIPlugin
2025-11-06 11:13:59,870 [INFO] IPUIPlugin:80 - create IPUIPlugin
2025-11-06 11:13:59,870 [INFO] IPUIPlugin:80 - create IPUIPlugin
2025-11-06 11:13:59,871 [INFO] IPUIPlugin:80 - create IPUIPlugin
2025-11-06 11:13:59,871 [INFO] IPUIPlugin:80 - create IPUIPlugin
2025-11-06 11:13:59,871 [INFO] IPUIPlugin:80 - create IPUIPlugin
2025-11-06 11:13:59,871 [INFO] IPUIPlugin:80 - create IPUIPlugin
2025-11-06 11:13:59,871 [INFO] IPUIPlugin:80 - create IPUIPlugin
2025-11-06 11:13:59,871 [INFO] IPUIPlugin:80 - create IPUIPlugin
2025-11-06 11:13:59,871 [INFO] IPUIPlugin:80 - create IPUIPlugin
2025-11-06 11:13:59,871 [INFO] IPUIPlugin:80 - create IPUIPlugin
2025-11-06 11:13:59,872 [INFO] IPUIPlugin:80 - create IPUIPlugin
2025-11-06 11:13:59,872 [INFO] IPUIPlugin:80 - create IPUIPlugin
2025-11-06 11:13:59,872 [INFO] IPUIPlugin:80 - create IPUIPlugin
2025-11-06 11:13:59,872 [INFO] IPUIPlugin:80 - create IPUIPlugin
2025-11-06 11:13:59,872 [INFO] IPUIPlugin:80 - create IPUIPlugin
2025-11-06 11:13:59,872 [INFO] IPUIPlugin:80 - create IPUIPlugin
2025-11-06 11:13:59,872 [INFO] IPUIPlugin:80 - create IPUIPlugin
2025-11-06 11:13:59,872 [INFO] IPUIPlugin:80 - create IPUIPlugin
2025-11-06 11:13:59,872 [INFO] IPUIPlugin:80 - create IPUIPlugin
2025-11-06 11:13:59,873 [INFO] IPUIPlugin:80 - create IPUIPlugin
2025-11-06 11:13:59,873 [INFO] IPUIPlugin:80 - create IPUIPlugin
2025-11-06 11:13:59,873 [INFO] IPUIPlugin:80 - create IPUIPlugin
2025-11-06 11:13:59,873 [INFO] IPUIPlugin:80 - create IPUIPlugin
2025-11-06 11:13:59,873 [INFO] IPUIPlugin:80 - create IPUIPlugin
2025-11-06 11:13:59,873 [INFO] IPUIPlugin:80 - create IPUIPlugin
2025-11-06 11:13:59,874 [INFO] IPUIPlugin:80 - create IPUIPlugin
2025-11-06 11:13:59,874 [INFO] IPUIPlugin:80 - create IPUIPlugin
2025-11-06 11:13:59,874 [INFO] IPUIPlugin:80 - create IPUIPlugin
2025-11-06 11:13:59,874 [INFO] IPUIPlugin:80 - create IPUIPlugin
2025-11-06 11:13:59,874 [INFO] IPUIPlugin:80 - create IPUIPlugin
2025-11-06 11:13:59,874 [INFO] IPUIPlugin:80 - create IPUIPlugin
2025-11-06 11:13:59,875 [INFO] IPUIPlugin:80 - create IPUIPlugin
2025-11-06 11:13:59,875 [INFO] IPUIPlugin:80 - create IPUIPlugin
2025-11-06 11:13:59,875 [INFO] IPUIPlugin:80 - create IPUIPlugin
2025-11-06 11:13:59,876 [INFO] IPUIPlugin:80 - create IPUIPlugin
2025-11-06 11:13:59,876 [INFO] IPUIPlugin:80 - create IPUIPlugin
2025-11-06 11:13:59,877 [INFO] IPUIPlugin:80 - create IPUIPlugin
2025-11-06 11:13:59,877 [INFO] IPUIPlugin:80 - create IPUIPlugin
2025-11-06 11:13:59,877 [INFO] IPUIPlugin:80 - create IPUIPlugin
2025-11-06 11:13:59,877 [INFO] IPUIPlugin:80 - create IPUIPlugin
2025-11-06 11:13:59,878 [INFO] IPUIPlugin:80 - create IPUIPlugin
2025-11-06 11:13:59,884 [INFO] ApiDbMcu:508 - Load IP Config File for PDM2PCM
2025-11-06 11:13:59,973 [INFO] CADModel:165 - CPN selected for project levelSTM32F411RET6
2025-11-06 11:13:59,973 [INFO] CADModel:114 - Register for checkConnection events
2025-11-06 11:14:00,030 [INFO] OpenFileManager:385 - Restore cursor
2025-11-06 11:14:00,514 [INFO] UtilMem:75 - End SaveConfig() Used Memory: 795850128 Bytes (1073741824)
2025-11-06 11:14:00,600 [INFO] UtilMem:75 - End SaveConfig() Used Memory: 813675928 Bytes (1073741824)
2025-11-06 11:14:00,773 [INFO] BlockDiagram:2775 - set Specific Code input for plugin: SYS
2025-11-06 11:14:00,773 [INFO] BlockDiagram:2775 - set Specific Code input for plugin: RCC
2025-11-06 11:14:00,773 [INFO] BlockDiagram:2775 - set Specific Code input for plugin: NVIC
2025-11-06 11:14:00,773 [INFO] BlockDiagram:2775 - set Specific Code input for plugin: USART
2025-11-06 11:14:00,776 [INFO] BlockDiagram:2775 - set Specific Code input for plugin: GPIO
2025-11-06 11:14:00,778 [INFO] CodeGenerator:882 - code generatio: config db path: C:\ST\STM32CubeIDE_1.18.1\STM32CubeIDE\plugins\com.st.stm32cube.common.mx_6.14.1.202504091515\\db\
2025-11-06 11:14:00,944 [INFO] CodeEngine:263 - oldGeneratedFile, C:\stm32\16_x_2_LCD\MXTmpFiles\license.tmp_save
2025-11-06 11:14:01,196 [INFO] CodeEngine:287 - Generated code: C:\stm32\16_x_2_LCD\MXTmpFiles\license.tmp
2025-11-06 11:14:01,244 [INFO] CodeEngine:263 - oldGeneratedFile, C:\stm32\16_x_2_LCD\MXTmpFiles\gpio.tmp_save
2025-11-06 11:14:01,383 [INFO] CodeEngine:287 - Generated code: C:\stm32\16_x_2_LCD\MXTmpFiles\gpio.tmp
2025-11-06 11:14:01,461 [INFO] CodeEngine:263 - oldGeneratedFile, C:\stm32\16_x_2_LCD\Core\Src\stm32f4xx_it.c_save
2025-11-06 11:14:01,808 [INFO] CodeEngine:287 - Generated code: C:\stm32\16_x_2_LCD\Core\Src\stm32f4xx_it.c
2025-11-06 11:14:01,817 [INFO] CodeEngine:263 - oldGeneratedFile, C:\stm32\16_x_2_LCD\Core\Inc\stm32f4xx_it.h_save
2025-11-06 11:14:01,917 [INFO] CodeEngine:287 - Generated code: C:\stm32\16_x_2_LCD\Core\Inc\stm32f4xx_it.h
2025-11-06 11:14:01,936 [INFO] CodeEngine:263 - oldGeneratedFile, C:\stm32\16_x_2_LCD\Core\Src\stm32f4xx_hal_msp.c_save
2025-11-06 11:14:02,065 [INFO] CodeEngine:287 - Generated code: C:\stm32\16_x_2_LCD\Core\Src\stm32f4xx_hal_msp.c
2025-11-06 11:14:02,070 [INFO] CodeEngine:263 - oldGeneratedFile, C:\stm32\16_x_2_LCD\MXTmpFiles\system.tmp_save
2025-11-06 11:14:02,135 [INFO] CodeEngine:287 - Generated code: C:\stm32\16_x_2_LCD\MXTmpFiles\system.tmp
2025-11-06 11:14:02,151 [INFO] CodeEngine:319 - oldGeneratedFile, C:\stm32\16_x_2_LCD\Core\Inc\stm32f4xx_hal_conf.h_save
2025-11-06 11:14:02,220 [INFO] CodeEngine:343 - Generated code: C:\stm32\16_x_2_LCD\Core\Inc\stm32f4xx_hal_conf.h
2025-11-06 11:14:02,259 [INFO] ApiDbMcu:508 - Load IP Config File for USART2
2025-11-06 11:14:02,267 [INFO] ApiDbMcu:508 - Load IP Config File for RCC
2025-11-06 11:14:02,278 [INFO] CodeEngine:263 - oldGeneratedFile, C:\stm32\16_x_2_LCD\Core\Inc\main.h_save
2025-11-06 11:14:02,370 [INFO] CodeEngine:287 - Generated code: C:\stm32\16_x_2_LCD\Core\Inc\main.h
2025-11-06 11:14:02,377 [INFO] CodeEngine:263 - oldGeneratedFile, C:\stm32\16_x_2_LCD\Core\Src\main.c_save
2025-11-06 11:14:02,483 [INFO] CodeEngine:287 - Generated code: C:\stm32\16_x_2_LCD\Core\Src\main.c
2025-11-06 11:14:03,397 [INFO] ProjectBuilder:3324 - Time for Copy HAL[1] : 580mS.
2025-11-06 11:14:03,403 [INFO] ProjectBuilder:4912 - Project Generator version: 4.6.0.1-B1
2025-11-06 11:14:03,494 [INFO] ConfigFileManager:1590 - The Die is : DIE431
2025-11-06 11:14:03,507 [INFO] ApiDbMcu:508 - Load IP Config File for FATFS
2025-11-06 11:14:03,546 [INFO] ApiDbMcu:508 - Load IP Config File for FREERTOS
2025-11-06 11:14:03,554 [INFO] ApiDbMcu:508 - Load IP Config File for LIBJPEG
2025-11-06 11:14:03,599 [INFO] ApiDbMcu:508 - Load IP Config File for MBEDTLS
2025-11-06 11:14:03,647 [INFO] ApiDbMcu:508 - Load IP Config File for USB_DEVICE
2025-11-06 11:14:03,657 [INFO] ApiDbMcu:508 - Load IP Config File for USB_HOST
2025-11-06 11:14:06,341 [INFO] ProjectBuilder:5191 - Time for Generating toolchain IDE Files: 2938mS.
2025-11-06 11:14:06,344 [INFO] ProjectBuilder:3181 - Time for Copy CMSIS : 3mS.
2025-11-06 11:14:06,346 [INFO] ProjectBuilder:3181 - Time for Copy CMSIS : 0mS.
2025-11-06 11:14:07,120 [INFO] McuFinderGlobals:76 - Set McuFinderConnectedMode to true
2025-11-06 11:14:07,124 [INFO] ApiDb:448 - Save user favorites file C:\Users\siree/.stm32cubeide/favorites.mcus.txt: 0 item(s)
2025-11-06 11:14:07,124 [INFO] ApiDb:452 - User favorites MCUs=[]
2025-11-06 11:14:07,128 [INFO] ApiDb:448 - Save user favorites file C:\Users\siree/.stm32cubeide/favorites.boards.txt: 0 item(s)
2025-11-06 11:14:07,128 [INFO] ApiDb:452 - User favorites Boards=[]
2025-11-06 11:19:30,960 [INFO] UtilMem:75 - End SaveConfig() Used Memory: 835074480 Bytes (1073741824)
2025-11-06 11:19:33,110 [INFO] UtilMem:75 - End SaveConfig() Used Memory: 859718064 Bytes (1073741824)
2025-11-06 11:19:36,211 [INFO] UtilMem:75 - End SaveConfig() Used Memory: 945758328 Bytes (1073741824)
2025-11-06 11:19:36,414 [INFO] BlockDiagram:2775 - set Specific Code input for plugin: SYS
2025-11-06 11:19:36,414 [INFO] BlockDiagram:2775 - set Specific Code input for plugin: RCC
2025-11-06 11:19:36,414 [INFO] BlockDiagram:2775 - set Specific Code input for plugin: RTC
2025-11-06 11:19:36,414 [INFO] BlockDiagram:2775 - set Specific Code input for plugin: NVIC
2025-11-06 11:19:36,414 [INFO] BlockDiagram:2775 - set Specific Code input for plugin: USART
2025-11-06 11:19:36,414 [INFO] BlockDiagram:2775 - set Specific Code input for plugin: GPIO
2025-11-06 11:19:36,417 [INFO] CodeGenerator:882 - code generatio: config db path: C:\ST\STM32CubeIDE_1.18.1\STM32CubeIDE\plugins\com.st.stm32cube.common.mx_6.14.1.202504091515\\db\
2025-11-06 11:19:36,548 [INFO] CodeEngine:263 - oldGeneratedFile, C:\stm32\16_x_2_LCD\MXTmpFiles\license.tmp_save
2025-11-06 11:19:36,770 [INFO] CodeEngine:287 - Generated code: C:\stm32\16_x_2_LCD\MXTmpFiles\license.tmp
2025-11-06 11:19:36,810 [INFO] CodeEngine:263 - oldGeneratedFile, C:\stm32\16_x_2_LCD\MXTmpFiles\gpio.tmp_save
2025-11-06 11:19:36,930 [INFO] CodeEngine:287 - Generated code: C:\stm32\16_x_2_LCD\MXTmpFiles\gpio.tmp
2025-11-06 11:19:37,065 [INFO] CodeEngine:263 - oldGeneratedFile, C:\stm32\16_x_2_LCD\Core\Src\stm32f4xx_it.c_save
2025-11-06 11:19:37,199 [INFO] CodeEngine:287 - Generated code: C:\stm32\16_x_2_LCD\Core\Src\stm32f4xx_it.c
2025-11-06 11:19:37,214 [INFO] CodeEngine:263 - oldGeneratedFile, C:\stm32\16_x_2_LCD\Core\Inc\stm32f4xx_it.h_save
2025-11-06 11:19:37,330 [INFO] CodeEngine:287 - Generated code: C:\stm32\16_x_2_LCD\Core\Inc\stm32f4xx_it.h
2025-11-06 11:19:37,356 [INFO] CodeEngine:263 - oldGeneratedFile, C:\stm32\16_x_2_LCD\Core\Src\stm32f4xx_hal_msp.c_save
2025-11-06 11:19:37,512 [INFO] CodeEngine:287 - Generated code: C:\stm32\16_x_2_LCD\Core\Src\stm32f4xx_hal_msp.c
2025-11-06 11:19:37,523 [INFO] CodeEngine:263 - oldGeneratedFile, C:\stm32\16_x_2_LCD\MXTmpFiles\system.tmp_save
2025-11-06 11:19:37,597 [INFO] CodeEngine:287 - Generated code: C:\stm32\16_x_2_LCD\MXTmpFiles\system.tmp
2025-11-06 11:19:37,614 [INFO] CodeEngine:319 - oldGeneratedFile, C:\stm32\16_x_2_LCD\Core\Inc\stm32f4xx_hal_conf.h_save
2025-11-06 11:19:37,713 [INFO] CodeEngine:343 - Generated code: C:\stm32\16_x_2_LCD\Core\Inc\stm32f4xx_hal_conf.h
2025-11-06 11:19:37,750 [INFO] ApiDbMcu:508 - Load IP Config File for RTC
2025-11-06 11:19:37,765 [INFO] CodeEngine:263 - oldGeneratedFile, C:\stm32\16_x_2_LCD\Core\Inc\main.h_save
2025-11-06 11:19:37,852 [INFO] CodeEngine:287 - Generated code: C:\stm32\16_x_2_LCD\Core\Inc\main.h
2025-11-06 11:19:37,865 [INFO] CodeEngine:263 - oldGeneratedFile, C:\stm32\16_x_2_LCD\Core\Src\main.c_save
2025-11-06 11:19:37,993 [INFO] CodeEngine:287 - Generated code: C:\stm32\16_x_2_LCD\Core\Src\main.c
2025-11-06 11:19:38,743 [ERROR] ProjectBuilder:7054 - Problem during Copy of File LICENSE.txt
2025-11-06 11:19:38,750 [ERROR] ProjectBuilder:7054 - Problem during Copy of File LICENSE.txt
2025-11-06 11:19:38,759 [ERROR] ProjectBuilder:7054 - Problem during Copy of File LICENSE.txt
2025-11-06 11:19:39,029 [INFO] ProjectBuilder:3324 - Time for Copy HAL[1] : 651mS.
2025-11-06 11:19:39,035 [INFO] ProjectBuilder:4912 - Project Generator version: 4.6.0.1-B1
2025-11-06 11:19:39,146 [INFO] ConfigFileManager:1590 - The Die is : DIE431
2025-11-06 11:19:40,518 [INFO] ProjectBuilder:5191 - Time for Generating toolchain IDE Files: 1483mS.
2025-11-06 11:19:40,522 [INFO] ProjectBuilder:3181 - Time for Copy CMSIS : 4mS.
2025-11-06 11:19:40,525 [INFO] ProjectBuilder:3181 - Time for Copy CMSIS : 0mS.
2025-11-06 12:10:59,692 [INFO] WebApp:194 - Connection lost
2025-11-06 12:11:00,208 [INFO] WebApp:191 - Connection restablished
2025-11-06 12:30:50,170 [INFO] MainUpdater:2872 - connection check result : 10
2025-11-06 12:30:50,387 [INFO] McuFinderGlobals:76 - Set McuFinderConnectedMode to true
2025-11-06 12:30:50,403 [INFO] MultiScanPanel:200 - Auto-refresh data requested => check proxy status ongoing
2025-11-06 12:30:50,408 [INFO] FinderPluginLoader:95 - Searching for filters in installed packs
2025-11-06 12:30:53,145 [INFO] LoadUrlFilesThread:185 - End of LoadServerUrlFiles without Thread
2025-11-06 12:30:53,146 [INFO] DetailPanel:341 - Set advertising image to C:/Users/siree/STM32Cube/Repository/\en.mcu-finder-stm32n6dk.jpg
2025-11-06 12:30:58,513 [INFO] MultiScanPanel:200 - Auto-refresh data requested => check proxy status ongoing
2025-11-06 12:30:58,642 [INFO] LoadUrlFilesThread:185 - End of LoadServerUrlFiles without Thread
2025-11-06 12:30:58,644 [INFO] DetailPanel:341 - Set advertising image to C:/Users/siree/STM32Cube/Repository/\en.mcu-finder-stm32n6dk.jpg
2025-11-06 12:31:47,968 [INFO] McuFinderGlobals:76 - Set McuFinderConnectedMode to true
2025-11-06 12:31:47,972 [INFO] ApiDb:448 - Save user favorites file C:\Users\siree/.stm32cubeide/favorites.mcus.txt: 0 item(s)
2025-11-06 12:31:47,972 [INFO] ApiDb:452 - User favorites MCUs=[]
2025-11-06 12:31:47,975 [INFO] ApiDb:448 - Save user favorites file C:\Users\siree/.stm32cubeide/favorites.boards.txt: 0 item(s)
2025-11-06 12:31:47,975 [INFO] ApiDb:452 - User favorites Boards=[]
2025-11-06 14:02:00,206 [INFO] WebApp:194 - Connection lost
2025-11-06 14:02:03,197 [INFO] WebApp:191 - Connection restablished
2025-11-06 14:12:25,327 [INFO] WebApp:194 - Connection lost
2025-11-06 14:12:26,101 [INFO] WebApp:191 - Connection restablished
2025-11-06 14:14:10,613 [INFO] MainUpdater:2872 - connection check result : 10
2025-11-06 14:14:11,028 [INFO] McuFinderGlobals:76 - Set McuFinderConnectedMode to true
2025-11-06 14:14:11,065 [INFO] MultiScanPanel:200 - Auto-refresh data requested => check proxy status ongoing
2025-11-06 14:14:11,093 [INFO] FinderPluginLoader:95 - Searching for filters in installed packs
2025-11-06 14:14:13,022 [INFO] LoadUrlFilesThread:185 - End of LoadServerUrlFiles without Thread
2025-11-06 14:14:13,030 [INFO] DetailPanel:341 - Set advertising image to C:/Users/siree/STM32Cube/Repository/\en.mcu-finder-stm32n6dk.jpg
2025-11-06 14:14:19,895 [INFO] MultiScanPanel:200 - Auto-refresh data requested => check proxy status ongoing
2025-11-06 14:14:20,287 [INFO] LoadUrlFilesThread:185 - End of LoadServerUrlFiles without Thread
2025-11-06 14:14:20,290 [INFO] DetailPanel:341 - Set advertising image to C:/Users/siree/STM32Cube/Repository/\en.mcu-finder-stm32n6dk.jpg
2025-11-06 14:14:55,740 [INFO] MainUpdater:2872 - connection check result : 10
2025-11-06 14:14:55,740 [INFO] MainUpdater:2872 - connection check result : 10
2025-11-06 14:14:56,004 [INFO] MicroXplorer:468 - Change Database Path : 
2025-11-06 14:14:56,004 [INFO] MicroXplorer:498 - Change Database Version : DB.6.0.141
2025-11-06 14:14:56,056 [ERROR] ProjectManagerView:395 - 
java.lang.NullPointerException: Cannot invoke "javax.swing.JTextField.getText()" because the return value of "java.util.List.get(int)" is null
	at com.st.microxplorer.plugins.projectmanager.gui.ProjectChoiceTab$9.caretUpdate(ProjectChoiceTab.java:2678) ~[filemanager.jar:?]
	at javax.swing.text.JTextComponent.fireCaretUpdate(JTextComponent.java:408) ~[?:?]
	at javax.swing.text.JTextComponent$MutableCaretEvent.fire(JTextComponent.java:4484) ~[?:?]
	at javax.swing.text.JTextComponent$MutableCaretEvent.stateChanged(JTextComponent.java:4506) ~[?:?]
	at javax.swing.text.DefaultCaret.fireStateChanged(DefaultCaret.java:857) ~[?:?]
	at javax.swing.text.DefaultCaret.changeCaretPosition(DefaultCaret.java:1343) ~[?:?]
	at javax.swing.text.DefaultCaret.handleSetDot(DefaultCaret.java:1242) ~[?:?]
	at javax.swing.text.DefaultCaret.setDot(DefaultCaret.java:1223) ~[?:?]
	at javax.swing.text.DefaultCaret$Handler.insertUpdate(DefaultCaret.java:1819) ~[?:?]
	at javax.swing.text.AbstractDocument.fireInsertUpdate(AbstractDocument.java:227) ~[?:?]
	at javax.swing.text.AbstractDocument.handleInsertString(AbstractDocument.java:781) ~[?:?]
	at javax.swing.text.AbstractDocument.insertString(AbstractDocument.java:740) ~[?:?]
	at javax.swing.text.PlainDocument.insertString(PlainDocument.java:131) ~[?:?]
	at javax.swing.text.AbstractDocument.replace(AbstractDocument.java:699) ~[?:?]
	at javax.swing.text.JTextComponent.setText(JTextComponent.java:1725) ~[?:?]
	at com.st.microxplorer.plugins.projectmanager.gui.ProjectChoiceTab.createHeapStackFields(ProjectChoiceTab.java:979) ~[filemanager.jar:?]
	at com.st.microxplorer.plugins.projectmanager.gui.ProjectChoiceTab.buildLinkSettingsPanel(ProjectChoiceTab.java:3766) ~[filemanager.jar:?]
	at com.st.microxplorer.plugins.projectmanager.gui.ProjectChoiceTab.defineWindowsFields(ProjectChoiceTab.java:1962) ~[filemanager.jar:?]
	at com.st.microxplorer.plugins.projectmanager.gui.ProjectChoiceTab.updateSettings(ProjectChoiceTab.java:555) ~[filemanager.jar:?]
	at com.st.microxplorer.plugins.projectmanager.gui.ProjectSettingsPanel.UpdateDialog(ProjectSettingsPanel.java:245) ~[filemanager.jar:?]
	at com.st.microxplorer.plugins.projectmanager.ProjectManagerView.propertyChange(ProjectManagerView.java:392) ~[filemanager.jar:?]
	at java.beans.PropertyChangeSupport.fire(PropertyChangeSupport.java:343) ~[?:?]
	at java.beans.PropertyChangeSupport.firePropertyChange(PropertyChangeSupport.java:335) ~[?:?]
	at java.beans.PropertyChangeSupport.firePropertyChange(PropertyChangeSupport.java:268) ~[?:?]
	at com.st.microxplorer.util.MXPropertyChangeSupport.firePropertyChange(MXPropertyChangeSupport.java:54) ~[STM32CubeMX.jar:?]
	at com.st.microxplorer.mxsystem.MxSystem.closeConfig(MxSystem.java:899) ~[STM32CubeMX.jar:?]
	at com.st.microxplorer.maingui.MainPanel.closeConfig(MainPanel.java:789) ~[STM32CubeMX.jar:?]
	at com.st.microxplorer.plugins.filemanager.engine.OpenFileManager.loadConfigurationFile(OpenFileManager.java:287) ~[filemanager.jar:?]
	at com.st.microxplorer.plugins.filemanager.engine.MainFileManager.userLoadConfig(MainFileManager.java:341) ~[filemanager.jar:?]
	at com.st.microxplorer.plugins.filemanager.FileManagerView.getSpecificTask(FileManagerView.java:250) ~[filemanager.jar:?]
	at com.st.stm32cube.common.mx.editor.CubeMxEditor.getMxTabbedPaneInstance(CubeMxEditor.java:1191) ~[com.st.stm32cube.common.mx_6.14.1.202504091515/:?]
	at com.st.stm32cube.common.mx.editor.CubeMxEditor$12$1.createSwingComponent(CubeMxEditor.java:1068) ~[com.st.stm32cube.common.mx_6.14.1.202504091515/:?]
	at com.st.stm32cube.common.mx.oss.core.awtswtbridge.EmbeddedSwingComposite.doComponentCreation(EmbeddedSwingComposite.java:492) ~[com.st.stm32cube.common.mx.oss_6.14.1.202504091515/:?]
	at com.st.stm32cube.common.mx.oss.core.awtswtbridge.EmbeddedSwingComposite$4.run(EmbeddedSwingComposite.java:291) ~[com.st.stm32cube.common.mx.oss_6.14.1.202504091515/:?]
	at com.st.stm32cube.common.mx.oss.core.awtswtbridge.AwtEnvironment$2.run(AwtEnvironment.java:166) ~[com.st.stm32cube.common.mx.oss_6.14.1.202504091515/:?]
	at java.awt.event.InvocationEvent.dispatch(InvocationEvent.java:318) ~[?:?]
	at java.awt.EventQueue.dispatchEventImpl(EventQueue.java:773) ~[?:?]
	at java.awt.EventQueue$4.run(EventQueue.java:720) ~[?:?]
	at java.awt.EventQueue$4.run(EventQueue.java:714) ~[?:?]
	at java.security.AccessController.doPrivileged(AccessController.java:400) ~[?:?]
	at java.security.ProtectionDomain$JavaSecurityAccessImpl.doIntersectionPrivilege(ProtectionDomain.java:87) ~[?:?]
	at java.awt.EventQueue.dispatchEvent(EventQueue.java:742) ~[?:?]
	at java.awt.EventDispatchThread.pumpOneEventForFilters(EventDispatchThread.java:203) ~[?:?]
	at java.awt.EventDispatchThread.pumpEventsForFilter(EventDispatchThread.java:124) ~[?:?]
	at java.awt.EventDispatchThread.pumpEventsForHierarchy(EventDispatchThread.java:113) ~[?:?]
	at java.awt.EventDispatchThread.pumpEvents(EventDispatchThread.java:109) ~[?:?]
	at java.awt.EventDispatchThread.pumpEvents(EventDispatchThread.java:101) ~[?:?]
	at java.awt.EventDispatchThread.run(EventDispatchThread.java:90) ~[?:?]
2025-11-06 14:14:56,059 [WARN] ThirdParty:871 - waiting for thirdparty lock release [close project]
2025-11-06 14:14:56,059 [INFO] ThirdParty:873 - entering critical section [close project]
2025-11-06 14:14:56,059 [INFO] ThirdParty:883 - exiting critical section [close project]
2025-11-06 14:14:56,063 [INFO] PinOutPanel:1589 - setPackage(No Configuration,No Configuration)
2025-11-06 14:14:56,075 [WARN] IpParametersView:155 - Warning: This peripheral hasn't parameters
2025-11-06 14:14:56,088 [WARN] MainPanel:289 - <html><b><center>Warning: This peripheral has no parameters to be configured<br></b></html>
2025-11-06 14:14:56,095 [INFO] UtilMem:75 - Begin LoadConfig() Used Memory: 739019776 Bytes (1073741824)
2025-11-06 14:14:56,097 [INFO] OpenFileManager:354 - Change cursor
2025-11-06 14:14:56,150 [INFO] RulesReader:64 - Compatibility file has been processed (302 Rules)
2025-11-06 14:14:56,163 [INFO] ProjectFactory:442 - No CPN specified for board NUCLEO-F411RE => set CPN to STM32F411RET6
2025-11-06 14:14:56,163 [INFO] Mcu:2011 - Initializing MCU STM32F411R(C-E)Tx STM32F411RETx STM32F411RET6
2025-11-06 14:14:57,334 [INFO] Context:756 - Trying to add GPIOservice into a context  which must be forbidden
2025-11-06 14:14:57,881 [INFO] Rule:225 - rule 117617 - U5Cobra4M][GTZC] default value MPCBB3 and MPCBB5 - Not Secured memory - MPCBB1 is applicable
2025-11-06 14:14:57,881 [INFO] Rule:225 - rule 117617 - U5Cobra4M][GTZC] default value MPCBB3 and MPCBB5 - Not Secured memory - MPCBB1 is applicable
2025-11-06 14:14:57,881 [INFO] Rule:225 - rule 117617 - U5Cobra4M][GTZC] default value MPCBB3 and MPCBB5 - Not Secured memory - MPCBB2 is applicable
2025-11-06 14:14:57,881 [INFO] Rule:225 - rule 117617 - U5Cobra4M][GTZC] default value MPCBB3 and MPCBB5 - Not Secured memory - MPCBB2 is applicable
2025-11-06 14:14:57,882 [INFO] Rule:225 - rule 117617 - U5Cobra4M][GTZC] default value MPCBB3 and MPCBB5 - Not Secured memory - MPCBB3 is applicable
2025-11-06 14:14:57,882 [INFO] Rule:225 - rule 117617 - U5Cobra4M][GTZC] default value MPCBB3 and MPCBB5 - Not Secured memory - MPCBB3 is applicable
2025-11-06 14:14:57,882 [INFO] Rule:225 - rule 117617 - U5Cobra4M][GTZC] default value MPCBB3 and MPCBB5 - Not Secured memory - MPCBB4 is applicable
2025-11-06 14:14:57,882 [INFO] Rule:225 - rule 117617 - U5Cobra4M][GTZC] default value MPCBB3 and MPCBB5 - Not Secured memory - MPCBB4 is applicable
2025-11-06 14:14:57,882 [INFO] Rule:225 - rule 117617 - U5Cobra4M][GTZC] default value MPCBB3 and MPCBB5 - Secured memory - MPCBB1 is applicable
2025-11-06 14:14:57,882 [INFO] Rule:225 - rule 117617 - U5Cobra4M][GTZC] default value MPCBB3 and MPCBB5 - Secured memory - MPCBB2 is applicable
2025-11-06 14:14:57,882 [INFO] Rule:225 - rule 117617 - U5Cobra4M][GTZC] default value MPCBB3 and MPCBB5 - Secured memory - MPCBB3 is applicable
2025-11-06 14:14:57,882 [INFO] Rule:225 - rule 117617 - U5Cobra4M][GTZC] default value MPCBB3 and MPCBB5 - Secured memory - MPCBB4 is applicable
2025-11-06 14:14:57,882 [INFO] Rule:225 - rule 117617 - U5Cobra4M][GTZC] default value MPCBB3 and MPCBB5 - Privileged memory - MPCBB1 is applicable
2025-11-06 14:14:57,882 [INFO] Rule:225 - rule 117617 - U5Cobra4M][GTZC] default value MPCBB3 and MPCBB5 - Privileged memory - MPCBB2 is applicable
2025-11-06 14:14:57,882 [INFO] Rule:225 - rule 117617 - U5Cobra4M][GTZC] default value MPCBB3 and MPCBB5 - Privileged memory - MPCBB3 is applicable
2025-11-06 14:14:57,882 [INFO] Rule:225 - rule 117617 - U5Cobra4M][GTZC] default value MPCBB3 and MPCBB5 - Privileged memory - MPCBB4 is applicable
2025-11-06 14:14:57,883 [INFO] Rule:225 - rule 117617 - U5Cobra4M][GTZC] default value MPCBB3 and MPCBB5 - Not Privileged memory - MPCBB1 is applicable
2025-11-06 14:14:57,883 [INFO] Rule:225 - rule 117617 - U5Cobra4M][GTZC] default value MPCBB3 and MPCBB5 - Not Privileged memory - MPCBB2 is applicable
2025-11-06 14:14:57,883 [INFO] Rule:225 - rule 117617 - U5Cobra4M][GTZC] default value MPCBB3 and MPCBB5 - Not Privileged memory - MPCBB3 is applicable
2025-11-06 14:14:57,883 [INFO] Rule:225 - rule 117617 - U5Cobra4M][GTZC] default value MPCBB3 and MPCBB5 - Not Privileged memory - MPCBB4 is applicable
2025-11-06 14:14:57,883 [INFO] Rule:225 - rule 117617 - U5Cobra4M][GTZC] default value MPCBB3 and MPCBB5 - Privileged memory - MPCBB1 is applicable
2025-11-06 14:14:57,883 [INFO] Rule:225 - rule 117617 - U5Cobra4M][GTZC] default value MPCBB3 and MPCBB5 - Privileged memory - MPCBB2 is applicable
2025-11-06 14:14:57,883 [INFO] Rule:225 - rule 117617 - U5Cobra4M][GTZC] default value MPCBB3 and MPCBB5 - Privileged memory - MPCBB3 is applicable
2025-11-06 14:14:57,884 [INFO] Rule:225 - rule 117617 - U5Cobra4M][GTZC] default value MPCBB3 and MPCBB5 - Privileged memory - MPCBB4 is applicable
2025-11-06 14:14:57,884 [INFO] Rule:225 - rule 117617 - U5Cobra4M][GTZC] default value MPCBB3 and MPCBB5 - Privileged memory - MPCBB1 is applicable
2025-11-06 14:14:57,884 [INFO] Rule:225 - rule 117617 - U5Cobra4M][GTZC] default value MPCBB3 and MPCBB5 - Privileged memory - MPCBB2 is applicable
2025-11-06 14:14:57,884 [INFO] Rule:225 - rule 117617 - U5Cobra4M][GTZC] default value MPCBB3 and MPCBB5 - Privileged memory - MPCBB3 is applicable
2025-11-06 14:14:57,884 [INFO] Rule:225 - rule 117617 - U5Cobra4M][GTZC] default value MPCBB3 and MPCBB5 - Privileged memory - MPCBB4 is applicable
2025-11-06 14:14:57,884 [INFO] Rule:225 - rule 117617 - U5Cobra4M][GTZC] default value MPCBB3 and MPCBB5 - Not Privileged memory - MPCBB1 is applicable
2025-11-06 14:14:57,884 [INFO] Rule:225 - rule 117617 - U5Cobra4M][GTZC] default value MPCBB3 and MPCBB5 - Not Privileged memory - MPCBB2 is applicable
2025-11-06 14:14:57,884 [INFO] Rule:225 - rule 117617 - U5Cobra4M][GTZC] default value MPCBB3 and MPCBB5 - Not Privileged memory - MPCBB3 is applicable
2025-11-06 14:14:57,884 [INFO] Rule:225 - rule 117617 - U5Cobra4M][GTZC] default value MPCBB3 and MPCBB5 - Not Privileged memory - MPCBB4 is applicable
2025-11-06 14:14:57,884 [INFO] Rule:225 - rule 117617 - U5Cobra4M][GTZC] default value MPCBB3 and MPCBB5 - Privileged memory - MPCBB1 is applicable
2025-11-06 14:14:57,884 [INFO] Rule:225 - rule 117617 - U5Cobra4M][GTZC] default value MPCBB3 and MPCBB5 - Privileged memory - MPCBB2 is applicable
2025-11-06 14:14:57,884 [INFO] Rule:225 - rule 117617 - U5Cobra4M][GTZC] default value MPCBB3 and MPCBB5 - Privileged memory - MPCBB3 is applicable
2025-11-06 14:14:57,885 [INFO] Rule:225 - rule 117617 - U5Cobra4M][GTZC] default value MPCBB3 and MPCBB5 - Privileged memory - MPCBB4 is applicable
2025-11-06 14:14:57,885 [INFO] Rule:225 - rule Rename SubGHz_Phy SUBGHZ_APPLICATION SUBGHZ_PINGPONG to SUBGHZ_ADV_APPLICATION is applicable
2025-11-06 14:14:57,885 [INFO] Rule:225 - rule Rename Enabled to IBEACON is applicable
2025-11-06 14:14:57,885 [INFO] Rule:225 - rule GTZC_S instance for project manager is applicable
2025-11-06 14:14:57,885 [INFO] Rule:225 - rule GTZC_S instance for context M33S is applicable
2025-11-06 14:14:57,885 [INFO] Rule:225 - rule GTZC_S instance value for IP GTZC is applicable
2025-11-06 14:14:57,885 [INFO] Rule:225 - rule GTZC_S instance for mcu.IP is applicable
2025-11-06 14:14:57,885 [INFO] Rule:225 - rule GTZC_S instance for VP is applicable
2025-11-06 14:14:57,885 [INFO] Rule:225 - rule GTZC_S instance for signal is applicable
2025-11-06 14:14:57,885 [INFO] Rule:225 - rule GTZC_S instance for mcu.Pin is applicable
2025-11-06 14:14:57,885 [INFO] Rule:225 - rule GTZC_S instance for VP is applicable
2025-11-06 14:14:57,885 [INFO] Rule:225 - rule GTZC_S instance for signal is applicable
2025-11-06 14:14:57,886 [INFO] Rule:225 - rule GTZC_S instance for mcu is applicable
2025-11-06 14:14:57,886 [INFO] Rule:225 - rule GTZC_S instance for mcu.Pin is applicable
2025-11-06 14:14:57,886 [INFO] Rule:225 - rule GTZC_S instance value for IP GTZC is applicable
2025-11-06 14:14:57,887 [INFO] Rule:225 - rule GTZC_S instance for project manager is applicable
2025-11-06 14:14:57,889 [INFO] Rule:225 - rule GTZC_S instance for context M33S is applicable
2025-11-06 14:14:57,889 [INFO] Rule:225 - rule GTZC_S instance for VP is applicable
2025-11-06 14:14:57,889 [INFO] Rule:225 - rule GTZC_S instance for signal is applicable
2025-11-06 14:14:57,889 [INFO] Rule:225 - rule SPDIFRX instance for mcu is applicable
2025-11-06 14:14:57,889 [INFO] Rule:225 - rule Rename Tracer Mode is applicable
2025-11-06 14:14:57,890 [INFO] Rule:225 - rule SPDIFRX instance value for IP SPDIFRX is applicable
2025-11-06 14:14:57,890 [INFO] Rule:225 - rule SPDIFRX instance for signal is applicable
2025-11-06 14:14:57,890 [INFO] Rule:225 - rule SPDIFRX instance for project manager is applicable
2025-11-06 14:14:57,890 [INFO] Rule:225 - rule SPDIFRX instance for project manager is applicable
2025-11-06 14:14:57,890 [INFO] Rule:225 - rule ADC Scan  fix with FW F7 is applicable
2025-11-06 14:14:57,890 [INFO] Rule:225 - rule ADC Scan  fix with FW F7 is applicable
2025-11-06 14:14:57,890 [INFO] Rule:225 - rule DFSDM instance value for IP DFSDM is applicable
2025-11-06 14:14:57,890 [INFO] Rule:225 - rule DFSDM instance for mcu is applicable
2025-11-06 14:14:57,890 [INFO] Rule:225 - rule DFSDM instance for VP is applicable
2025-11-06 14:14:57,890 [INFO] Rule:225 - rule DFSDM instance for signal is applicable
2025-11-06 14:14:57,890 [INFO] Rule:225 - rule DFSDM instance for shared is applicable
2025-11-06 14:14:57,890 [INFO] Rule:225 - rule BreakInputSource parameter for IP Timer is applicable
2025-11-06 14:14:57,890 [INFO] Rule:225 - rule Sourcebreak parameter for IP Timer is applicable
2025-11-06 14:14:57,890 [INFO] Rule:225 - rule Sourcebreak parameter for IP Timer is applicable
2025-11-06 14:14:57,891 [INFO] Rule:225 - rule DFSDM for PCC is applicable
2025-11-06 14:14:57,891 [INFO] Rule:225 - rule Serial_Wire Mode is applicable
2025-11-06 14:14:57,891 [INFO] Rule:225 - rule JTAG_4_pins Mode is applicable
2025-11-06 14:14:57,891 [INFO] Rule:225 - rule JTAG_5_pins Mode is applicable
2025-11-06 14:14:57,891 [INFO] Rule:225 - rule Trace_Asynchronous_SW Mode is applicable
2025-11-06 14:14:57,891 [INFO] Rule:225 - rule Trace_Synchro_1bit_JTAG Mode is applicable
2025-11-06 14:14:57,891 [INFO] Rule:225 - rule Trace_Synchro_2bits_JTAG Mode is applicable
2025-11-06 14:14:57,891 [INFO] Rule:225 - rule Trace_Synchro_4bits_JTAG Mode is applicable
2025-11-06 14:14:57,891 [INFO] Rule:225 - rule Trace_Synchro_1bit_SW Mode is applicable
2025-11-06 14:14:57,891 [INFO] Rule:225 - rule Trace_Synchro_2bits_SW Mode is applicable
2025-11-06 14:14:57,891 [INFO] Rule:225 - rule Trace_Synchro_4bits_SW Mode is applicable
2025-11-06 14:14:57,891 [INFO] Rule:225 - rule SYS_WakeUp0 Mode is applicable
2025-11-06 14:14:57,891 [INFO] Rule:225 - rule SYS_WakeUp0 Mode for STM32F446 is applicable
2025-11-06 14:14:57,891 [INFO] Rule:225 - rule SYS_WakeUp1 Mode is applicable
2025-11-06 14:14:57,892 [INFO] Rule:225 - rule SYS_WakeUp1 Mode for STM32F446 is applicable
2025-11-06 14:14:57,892 [INFO] Rule:225 - rule SYS_WakeUp2 Mode is applicable
2025-11-06 14:14:57,892 [INFO] Rule:225 - rule SYS_WakeUp3 Mode is applicable
2025-11-06 14:14:57,892 [INFO] Rule:225 - rule SYS_WakeUp4 Mode is applicable
2025-11-06 14:14:57,892 [INFO] Rule:225 - rule SYS_WakeUp5 Mode is applicable
2025-11-06 14:14:57,892 [INFO] Rule:225 - rule SYS_WakeUp6 Mode is applicable
2025-11-06 14:14:57,892 [INFO] Rule:225 - rule SYS_WakeUp7 Mode is applicable
2025-11-06 14:14:57,892 [INFO] Rule:225 - rule WakeUp0 Mode is applicable
2025-11-06 14:14:57,892 [INFO] Rule:225 - rule WakeUp0 SIGNAL is applicable
2025-11-06 14:14:57,892 [INFO] Rule:225 - rule WakeUp1 Mode is applicable
2025-11-06 14:14:57,892 [INFO] Rule:225 - rule WakeUp1 SIGNAL is applicable
2025-11-06 14:14:57,892 [INFO] Rule:225 - rule WakeUp2 Mode is applicable
2025-11-06 14:14:57,892 [INFO] Rule:225 - rule WakeUp2 SIGNAL is applicable
2025-11-06 14:14:57,892 [INFO] Rule:225 - rule WakeUp4 Mode is applicable
2025-11-06 14:14:57,892 [INFO] Rule:225 - rule WakeUp4 SIGNAL is applicable
2025-11-06 14:14:57,892 [INFO] Rule:225 - rule WakeUp5 Mode is applicable
2025-11-06 14:14:57,892 [INFO] Rule:225 - rule WakeUp5 SIGNAL is applicable
2025-11-06 14:14:57,893 [INFO] Rule:225 - rule Mode_PVD_Ext is applicable
2025-11-06 14:14:57,893 [INFO] Rule:225 - rule Mode_PVD_Int is applicable
2025-11-06 14:14:57,893 [INFO] Rule:225 - rule Add RTC Activate Clock Source is applicable
2025-11-06 14:14:57,893 [INFO] Rule:225 - rule Add RTC Activate Calendar 1 is applicable
2025-11-06 14:14:57,893 [INFO] Rule:225 - rule Add RTC Activate Calendar 2 is applicable
2025-11-06 14:14:57,893 [INFO] Rule:225 - rule Add RTC Activate Calendar 3 is applicable
2025-11-06 14:14:57,893 [INFO] Rule:225 - rule UART/USART TX Mode is applicable
2025-11-06 14:14:57,893 [INFO] Rule:225 - rule UART/USART RX Mode is applicable
2025-11-06 14:14:57,894 [INFO] Rule:225 - rule UART/USART RX TX Mode is applicable
2025-11-06 14:14:57,894 [INFO] Rule:225 - rule UART/USART PARITY NONE is applicable
2025-11-06 14:14:57,894 [INFO] Rule:225 - rule UART/USART PARITY EVEN is applicable
2025-11-06 14:14:57,894 [INFO] Rule:225 - rule UART/USART PARITY ODD is applicable
2025-11-06 14:14:57,894 [INFO] Rule:225 - rule USART StopBits 1 is applicable
2025-11-06 14:14:57,894 [INFO] Rule:225 - rule USART StopBits 2 is applicable
2025-11-06 14:14:57,894 [INFO] Rule:225 - rule USART StopBits 1.5 is applicable
2025-11-06 14:14:57,894 [INFO] Rule:225 - rule USART StopBits 0.5 is applicable
2025-11-06 14:14:57,894 [INFO] Rule:225 - rule UART/USART WORD LENGTH 7 is applicable
2025-11-06 14:14:57,894 [INFO] Rule:225 - rule UART/USART WORD LENGTH 8 is applicable
2025-11-06 14:14:57,895 [INFO] Rule:225 - rule UART/USART WORD LENGTH 9 is applicable
2025-11-06 14:14:57,895 [INFO] Rule:225 - rule Rename FMC NAND NCE signal is applicable
2025-11-06 14:14:57,895 [INFO] Rule:225 - rule Rename FMC NAND INT signal is applicable
2025-11-06 14:14:57,895 [INFO] Rule:225 - rule Change Default Value for LSE Drive Capability for WB family is applicable
2025-11-06 14:14:57,895 [INFO] Rule:225 - rule Change Default Value for ADC Clock Prescaler G0 family is applicable
2025-11-06 14:14:57,895 [INFO] Rule:225 - rule Change Default Value for ADC ExternalTrigConv L4 family is applicable
2025-11-06 14:14:57,895 [INFO] Rule:225 - rule Change Default Value for ADC ExternalTrigInjecConv L4 family is applicable
2025-11-06 14:14:57,895 [INFO] Rule:225 - rule Change Default Value for ADC ExternalTrigConv F3 family is applicable
2025-11-06 14:14:57,895 [INFO] Rule:225 - rule Change Default Value for ADC ExternalTrigInjecConv F3 family is applicable
2025-11-06 14:14:57,895 [INFO] Rule:225 - rule Change Default Value for ADC ExternalTrigConv Goldfish serie is applicable
2025-11-06 14:14:57,895 [INFO] Rule:225 - rule Change Default Value for ADC ExternalTrigInjecConv Goldfish serie is applicable
2025-11-06 14:14:57,895 [INFO] Rule:225 - rule Change Default Value for ADC ExternalTrigConv L0 family is applicable
2025-11-06 14:14:57,895 [INFO] Rule:225 - rule Change Default Value for ADC ExternalTrigConv F0 family is applicable
2025-11-06 14:14:57,895 [INFO] Rule:225 - rule Change Default Value for ADC ExternalTrigConvn L1 family is applicable
2025-11-06 14:14:57,895 [INFO] Rule:225 - rule Change Default Value for ADC ExternalTrigInjecConv L1 family is applicable
2025-11-06 14:14:57,895 [INFO] Rule:225 - rule Change Default Value for ADC ExternalTrigConv F1 family is applicable
2025-11-06 14:14:57,895 [INFO] Rule:225 - rule Change Default Value for ADC ExternalTrigInjecConv F1 family is applicable
2025-11-06 14:14:57,895 [INFO] Rule:225 - rule Change Default Value for ADC ExternalTrigConv F7 family is applicable
2025-11-06 14:14:57,895 [INFO] Rule:225 - rule Change Default Value for ADC ExternalTrigInjecConv F7 family is applicable
2025-11-06 14:14:57,895 [INFO] Rule:225 - rule Change Default Value for ADC ExternalTrigConv F4 and F2 family is applicable
2025-11-06 14:14:57,896 [INFO] Rule:225 - rule Change Default Value for ADC ExternalTrigInjecConv F4 and F2 family is applicable
2025-11-06 14:14:57,896 [INFO] Rule:225 - rule ADC SamplingTime fix with FW L0  is applicable
2025-11-06 14:14:57,896 [INFO] Rule:225 - rule ADC SamplingTime fix with FW L0  is applicable
2025-11-06 14:14:57,896 [INFO] Rule:225 - rule ADC SamplingTime fix with FW L0 is applicable
2025-11-06 14:14:57,896 [INFO] Rule:225 - rule ADC SamplingTime fix with FW L0 is applicable
2025-11-06 14:14:57,896 [INFO] Rule:225 - rule ADC SamplingTime fix with FW L0  is applicable
2025-11-06 14:14:57,896 [INFO] Rule:225 - rule ADC SamplingTime fix with FW L0 is applicable
2025-11-06 14:14:57,896 [INFO] Rule:225 - rule Rename USB_OE Signal is applicable
2025-11-06 14:14:57,896 [INFO] Rule:225 - rule Rename Activate_OE Mode is applicable
2025-11-06 14:14:57,896 [INFO] Rule:225 - rule Rename DIE462/DIE415 pin PC14/OSC32_IN -> PC14-OSC32_IN (PC14) is applicable
2025-11-06 14:14:57,896 [INFO] Rule:225 - rule Rename DIE462/DIE415 pin PC15/OSC32_OUT -> PC15-OSC32_OUT (PC15) is applicable
2025-11-06 14:14:57,897 [INFO] Rule:225 - rule Rename DIE462/DIE415 pin PH0/OSC_IN -> PH0-OSC_IN (PH0) is applicable
2025-11-06 14:14:57,897 [INFO] Rule:225 - rule Rename DIE462/DIE415 pin PH1/OSC_OUT -> PH1-OSC_OUT (PH1) is applicable
2025-11-06 14:14:57,897 [INFO] Rule:225 - rule Rename DIE462 pin PA13 -> PA13 (JTMS/SWDIO) is applicable
2025-11-06 14:14:57,897 [INFO] Rule:225 - rule Rename DIE415 pin PA13 -> PA13 (JTMS/SWDIO) is applicable
2025-11-06 14:14:57,898 [INFO] Rule:225 - rule Rename DIE462 pin PA14 -> PA14 (JTCK/SWCLK) is applicable
2025-11-06 14:14:57,898 [INFO] Rule:225 - rule Rename DIE415 pin PA14 -> PA14 (JTCK/SWCLK) is applicable
2025-11-06 14:14:57,898 [INFO] Rule:225 - rule Rename DIE462/DIE415 pin PA15 -> PA15 (JTDI) is applicable
2025-11-06 14:14:57,898 [INFO] Rule:225 - rule Rename DIE462 pin PB3 -> PB3 (JTD0/TRACESWO) is applicable
2025-11-06 14:14:57,898 [INFO] Rule:225 - rule Rename DIE415 pin PB3 -> PB3 (JTD0-TRACESWO) is applicable
2025-11-06 14:14:57,898 [INFO] Rule:225 - rule Rename DIE462/DIE415 pin PB4 -> PB4 (NJTRST) is applicable
2025-11-06 14:14:57,899 [INFO] Rule:225 - rule Rename DIE462 pin PH3/BOOT0 -> PH3-BOOT0 (BOOT0) is applicable
2025-11-06 14:14:57,899 [INFO] Rule:225 - rule Rename CRYP DataEncryptionTypesList to Algorithm is applicable
2025-11-06 14:14:57,899 [INFO] Rule:225 - rule Rename AES DataEncryptionTypesList to Algorithm is applicable
2025-11-06 14:14:57,899 [INFO] Rule:225 - rule Rename TDESECB to CRYP_TDES_ECB is applicable
2025-11-06 14:14:57,899 [INFO] Rule:225 - rule Rename TDESCBC to CRYP_TDES_CBC is applicable
2025-11-06 14:14:57,899 [INFO] Rule:225 - rule Rename DESECB to CRYP_DES_ECB is applicable
2025-11-06 14:14:57,899 [INFO] Rule:225 - rule Rename DESCBC to CRYP_DES_CBC is applicable
2025-11-06 14:14:57,899 [INFO] Rule:225 - rule Rename AESECB to CRYP_AES_ECB is applicable
2025-11-06 14:14:57,899 [INFO] Rule:225 - rule Rename AESCBC to CRYP_AES_CBC is applicable
2025-11-06 14:14:57,899 [INFO] Rule:225 - rule Rename AESCTR to CRYP_AES_CTR is applicable
2025-11-06 14:14:57,899 [INFO] Rule:225 - rule Rename AESGCM to CRYP_AES_GCM is applicable
2025-11-06 14:14:57,899 [INFO] Rule:225 - rule Rename AESCCM to CRYP_AES_CCM is applicable
2025-11-06 14:14:57,899 [INFO] Rule:225 - rule Rename CAN TimeSeg1 to BS1 is applicable
2025-11-06 14:14:57,899 [INFO] Rule:225 - rule Rename CAN TimeSeg2 to BS2 is applicable
2025-11-06 14:14:57,899 [INFO] Rule:225 - rule Rename CAN SyncJumpWidth to SJW is applicable
2025-11-06 14:14:57,899 [INFO] Rule:225 - rule TimeTriggeredMode to TTCM is applicable
2025-11-06 14:14:57,899 [INFO] Rule:225 - rule Rename CAN AutoBusOff to ABOM is applicable
2025-11-06 14:14:57,899 [INFO] Rule:225 - rule Rename CAN AutoWakeUp to AWUM is applicable
2025-11-06 14:14:57,899 [INFO] Rule:225 - rule Rename CAN AutoRetransmission to NART is applicable
2025-11-06 14:14:57,900 [INFO] Rule:225 - rule Rename CAN ReceiveFifoLocked to RFLM is applicable
2025-11-06 14:14:57,900 [INFO] Rule:225 - rule Rename CAN TransmitFifoPriority to TXFP is applicable
2025-11-06 14:14:57,900 [INFO] Rule:225 - rule Rename HRTIMER HRTIM_OUTPUTFAULTLEVEL_HIGH in HRTIMER HRTIM_OUTPUTFAULTLEVEL_HIGHZ is applicable
2025-11-06 14:14:57,900 [INFO] Rule:225 - rule Rename TIMER TIM_CLEARINPUTSOURCE_OCREFCLR in  TIMER TIM_CLEARINPUTSOURCE_NONE for F7 family is applicable
2025-11-06 14:14:57,900 [INFO] Rule:225 - rule FDCAN_R1 - Rename FDCAN mode Master into Classic is applicable
2025-11-06 14:14:57,900 [INFO] Rule:225 - rule FDCAN_R2 - Rename FDCAN mode Slave into Classic is applicable
2025-11-06 14:14:57,900 [INFO] Rule:225 - rule FDCAN1_R3 - if PA10.Mode=FullDuplex, add Pin PA12 is applicable
2025-11-06 14:14:57,900 [INFO] Rule:225 - rule FDCAN1_R3 - if PA9.Mode=FullDuplex, add Pin PA11 is applicable
2025-11-06 14:14:57,900 [INFO] Rule:225 - rule FDCAN1_R3 - Alternatepin_1 - if PE1.Mode=FullDuplex, add Pin PB9 is applicable
2025-11-06 14:14:57,900 [INFO] Rule:225 - rule FDCAN1_R3 - Alternatepin_1 - if PE0.Mode=FullDuplex, add Pin PB8 is applicable
2025-11-06 14:14:57,900 [INFO] Rule:225 - rule FDCAN1_R3 - Alternatepin_2 - if PD5.Mode=FullDuplex, add Pin PD1 is applicable
2025-11-06 14:14:57,900 [INFO] Rule:225 - rule FDCAN1_R3 - Alternatepin_2 - if PD4.Mode=FullDuplex, add Pin PD0 is applicable
2025-11-06 14:14:57,900 [INFO] Rule:225 - rule FDCAN1_R4 - Rename Mode FullDuplex into Enable FDCAN_TXFD for pin PA10 is applicable
2025-11-06 14:14:57,900 [INFO] Rule:225 - rule FDCAN1_R4 - Rename Mode FullDuplex into Enable FDCAN_TXFD for pin PA9 is applicable
2025-11-06 14:14:57,900 [INFO] Rule:225 - rule FDCAN1_R4 - Alternatepin_1 - Rename Mode FullDuplex into Enable FDCAN_TXFD for pin PE1 is applicable
2025-11-06 14:14:57,900 [INFO] Rule:225 - rule FDCAN1_R4 - Alternatepin_1 - Rename Mode FullDuplex into Enable FDCAN_TXFD for pin PE0 is applicable
2025-11-06 14:14:57,900 [INFO] Rule:225 - rule FDCAN1_R4 - Alternatepin_2 - Rename Mode FullDuplex into Enable FDCAN_TXFD for pin PD5 is applicable
2025-11-06 14:14:57,900 [INFO] Rule:225 - rule FDCAN1_R4 - Alternatepin_2 - Rename Mode FullDuplex into Enable FDCAN_TXFD for pin PD4 is applicable
2025-11-06 14:14:57,900 [INFO] Rule:225 - rule FDCAN2_R3 - if PD10.Mode=FullDuplex, add Pin PB13 is applicable
2025-11-06 14:14:57,900 [INFO] Rule:225 - rule FDCAN2_R3 - if PD9.Mode=FullDuplex, add Pin PB12 is applicable
2025-11-06 14:14:57,900 [INFO] Rule:225 - rule FDCAN2_R3 - Alternatepin_1 - if PB7.Mode=FullDuplex, add Pin PB6 is applicable
2025-11-06 14:14:57,901 [INFO] Rule:225 - rule FDCAN2_R3 - Alternatepin_1 - if PD9.Mode=FullDuplex, add Pin PB12 is applicable
2025-11-06 14:14:57,901 [INFO] Rule:225 - rule FDCAN2_R4 - Rename Mode FullDuplex into Enable FDCAN_TXFD for pin PD10 is applicable
2025-11-06 14:14:57,901 [INFO] Rule:225 - rule FDCAN2_R4 - Rename Mode FullDuplex into Enable FDCAN_TXFD for pin PD9 is applicable
2025-11-06 14:14:57,901 [INFO] Rule:225 - rule FDCAN2_R4 - Alternatepin_1 - Rename Mode FullDuplex into Enable FDCAN_TXFD for pin PB7 is applicable
2025-11-06 14:14:57,901 [INFO] Rule:225 - rule FDCAN2_R4 - Alternatepin_1 - Rename Mode FullDuplex into Enable FDCAN_TXFD for pin PD6 is applicable
2025-11-06 14:14:57,901 [INFO] Rule:225 - rule USART TxPinLevelInvertParam Mode is applicable
2025-11-06 14:14:57,901 [INFO] Rule:225 - rule USART RxPinLevelInvertParam Mode is applicable
2025-11-06 14:14:57,901 [INFO] Rule:225 - rule USART DataInvertParam Mode is applicable
2025-11-06 14:14:57,901 [INFO] Rule:225 - rule USART SwapParam Mode is applicable
2025-11-06 14:14:57,901 [INFO] Rule:225 - rule USART OverrunDisableParam Mode is applicable
2025-11-06 14:14:57,901 [INFO] Rule:225 - rule USART DMADisableonRxErrorParam Mode is applicable
2025-11-06 14:14:57,901 [INFO] Rule:225 - rule USART MSBFirstParam Mode is applicable
2025-11-06 14:14:57,901 [INFO] Rule:225 - rule Update MwName for USB_DEVICE is applicable
2025-11-06 14:14:57,901 [INFO] Rule:225 - rule Change PWR_Regulator_Voltage_Scale Default Value for RCC  H7 family is applicable
2025-11-06 14:14:57,901 [INFO] Rule:225 - rule UART/USART IPParameter rename Prescaler parameter to ClockPrescaler is applicable
2025-11-06 14:14:57,901 [INFO] Rule:225 - rule UART/USART Prescaler rename Prescaler parameter to ClockPrescaler is applicable
2025-11-06 14:14:57,901 [INFO] Rule:225 - rule TIM1CLockSelection is applicable
2025-11-06 14:14:57,901 [INFO] Rule:225 - rule TIM15CLockSelection is applicable
2025-11-06 14:14:57,901 [INFO] Rule:225 - rule align RCC SDMMC3CLockSelection default value on MP1 is applicable
2025-11-06 14:14:57,901 [INFO] Rule:225 - rule align RCC SDMMC12CLockSelection default value on MP1 is applicable
2025-11-06 14:14:57,902 [INFO] Rule:225 - rule align RCC QSPICLockSelection default value on MP1 is applicable
2025-11-06 14:14:57,902 [INFO] Rule:225 - rule align RCC QSPICLockSelection default value on MP1 is applicable
2025-11-06 14:14:57,902 [INFO] Rule:225 - rule align RCC SPI6CLockSelection default value on MP1 is applicable
2025-11-06 14:14:57,902 [INFO] Rule:225 - rule align RCC LPTIM23CLockSelection default value on MP1 is applicable
2025-11-06 14:14:57,902 [INFO] Rule:225 - rule align RCC LPTIM1CLockSelection default value on MP1 is applicable
2025-11-06 14:14:57,902 [INFO] Rule:225 - rule align RCC USART1CLockSelection default value on MP1 is applicable
2025-11-06 14:14:57,902 [INFO] Rule:225 - rule align RCC USART24CLockSelection default value on MP1 is applicable
2025-11-06 14:14:57,902 [INFO] Rule:225 - rule align RCC USART6CLockSelection default value on MP1 is applicable
2025-11-06 14:14:57,902 [INFO] Rule:225 - rule align RCC UART78CLockSelection default value on MP1 is applicable
2025-11-06 14:14:57,902 [INFO] Rule:225 - rule align RCC USART35CLockSelection default value on MP1 is applicable
2025-11-06 14:14:57,903 [INFO] Rule:225 - rule align RCC SPI45CLockSelection default value on MP1 is applicable
2025-11-06 14:14:57,903 [INFO] Rule:225 - rule align RCC I2C46CLockSelection BCLK value on MP1 is applicable
2025-11-06 14:14:57,903 [INFO] Rule:225 - rule align RCC SPI45CLockSelection default value on MP1 is applicable
2025-11-06 14:14:57,904 [INFO] Rule:225 - rule align RCC I2C12CLockSelection default value on MP1 is applicable
2025-11-06 14:14:57,904 [INFO] Rule:225 - rule align RCC I2C35CLockSelection default value on MP1 is applicable
2025-11-06 14:14:57,904 [INFO] Rule:225 - rule align RCC LPTIM45CLockSelection default value on MP1 is applicable
2025-11-06 14:14:57,904 [INFO] Rule:225 - rule Rename DCMI PIXCK signal is applicable
2025-11-06 14:14:57,904 [INFO] Rule:225 - rule Change Default Value for I2C46CLockSelection MP1 family is applicable
2025-11-06 14:14:57,904 [INFO] Rule:225 - rule Change Default Value for UART for G4, G0 and WB families is applicable
2025-11-06 14:14:57,904 [INFO] Rule:225 - rule Change Default Value for USART for G4, G0 and WB families is applicable
2025-11-06 14:14:57,904 [INFO] Rule:225 - rule Change Default Value for USART for G4 family is applicable
2025-11-06 14:14:57,904 [INFO] Rule:225 - rule Change USART1CLockSelection refparam name for MP1 is applicable
2025-11-06 14:14:57,904 [INFO] Rule:225 - rule Change USART2CLockSelection refparam name for MP1 is applicable
2025-11-06 14:14:57,904 [INFO] Rule:225 - rule Change USART3CLockSelection refparam name for MP1 is applicable
2025-11-06 14:14:57,904 [INFO] Rule:225 - rule Change UART4CLockSelection refparam name for MP1 is applicable
2025-11-06 14:14:57,904 [INFO] Rule:225 - rule Change UART5CLockSelection refparam name for MP1 is applicable
2025-11-06 14:14:57,904 [INFO] Rule:225 - rule Change LPUART1CLockSelection refparam name for MP1 is applicable
2025-11-06 14:14:57,904 [INFO] Rule:225 - rule Change LPTIM1CLockSelection refparam name for MP1 is applicable
2025-11-06 14:14:57,904 [INFO] Rule:225 - rule Change LPTIM2CLockSelection refparam name for MP1 is applicable
2025-11-06 14:14:57,905 [INFO] Rule:225 - rule Change RCC_MCO1Source refparam name for MP1 is applicable
2025-11-06 14:14:57,905 [INFO] Rule:225 - rule Change LSCOSource1 refparam name for MP1 is applicable
2025-11-06 14:14:57,905 [INFO] Rule:225 - rule Change SMPSCLockSelection refparam name for MP1 is applicable
2025-11-06 14:14:57,905 [INFO] Rule:225 - rule Change LPTIM3CLockSelection refparam name for MP1 is applicable
2025-11-06 14:14:57,905 [INFO] Rule:225 - rule Change MPCBB* Default Template Mode to Parameters is applicable
2025-11-06 14:14:57,905 [INFO] Rule:225 - rule Change MPCWM* or MPCBB* Secure Mode to Parameters is applicable
2025-11-06 14:14:57,905 [INFO] Rule:225 - rule Change MPCWM* or MPCBB* No Secure Mode to Parameters is applicable
2025-11-06 14:14:57,905 [INFO] Rule:225 - rule Change TZSC IP Secure Mode to Parameters is applicable
2025-11-06 14:14:57,905 [INFO] Rule:225 - rule Change TZSC IP No Secure Mode to Parameters is applicable
2025-11-06 14:14:57,905 [INFO] Rule:225 - rule Change TZSC IP Privilege Mode to Parameters is applicable
2025-11-06 14:14:57,905 [INFO] Rule:225 - rule Change TZSC IP No Privilege Mode to Parameters is applicable
2025-11-06 14:14:57,905 [INFO] Rule:225 - rule Change TZIC IT Secure Mode to Parameters is applicable
2025-11-06 14:14:57,905 [INFO] Rule:225 - rule Change TZIC IT No Secure Mode to Parameters is applicable
2025-11-06 14:14:57,905 [INFO] Rule:225 - rule Add MPCBB1_NonSecureArea_Start_Address value with referenced to MPCBB1_NonSecureArea_Start value is applicable
2025-11-06 14:14:57,905 [INFO] Rule:225 - rule Add MPCBB2_NonSecureArea_Start_Address value with referenced to MPCBB2_NonSecureArea_Start value is applicable
2025-11-06 14:14:57,906 [INFO] Rule:225 - rule Add MPCWM1_NonSecureArea*_Start_Address value with referenced to MPCWM1_NonSecureArea*_Start value is applicable
2025-11-06 14:14:57,906 [INFO] Rule:225 - rule Add MPCWM2_NonSecureArea*_Start_Address value with referenced to MPCWM2_NonSecureArea*_Start value is applicable
2025-11-06 14:14:57,906 [INFO] Rule:225 - rule Add MPCWM3_NonSecureArea_Start_Address value with referenced to MPCWM3_NonSecureArea_Start value is applicable
2025-11-06 14:14:57,906 [INFO] Rule:225 - rule Change Default Value for PLL1UserDefinedConfig is applicable
2025-11-06 14:14:57,906 [INFO] Rule:225 - rule Change GPIO_PuPd Default Value for USART in async mode is applicable
2025-11-06 14:14:57,906 [INFO] Rule:225 - rule Change SMPSDivider Default Value is applicable
2025-11-06 14:14:57,906 [INFO] Rule:225 - rule OPAMP is applicable
2025-11-06 14:14:57,906 [INFO] Rule:225 - rule LPUART IPParameter rename Prescaler parameter to ClockPrescaler for STM32H7 is applicable
2025-11-06 14:14:57,906 [INFO] Rule:225 - rule LPUART IPParameter rename Prescaler parameter to ClockPrescaler for STM32H7 is applicable
2025-11-06 14:14:57,906 [INFO] Rule:225 - rule LPUART IPParameter rename Prescaler parameter to ClockPrescaler for STM32WB is applicable
2025-11-06 14:14:57,906 [INFO] Rule:225 - rule LPUART IPParameter rename Prescaler parameter to ClockPrescaler for STM32WB is applicable
2025-11-06 14:14:57,906 [INFO] Rule:225 - rule LPUART IPParameter rename Prescaler parameter to ClockPrescaler for STM32G4 is applicable
2025-11-06 14:14:57,906 [INFO] Rule:225 - rule LPUART IPParameter rename Prescaler parameter to ClockPrescaler for STM32G4 is applicable
2025-11-06 14:14:57,906 [INFO] Rule:225 - rule LPUART IPParameter rename Prescaler parameter to ClockPrescaler for STM32L5 is applicable
2025-11-06 14:14:57,906 [INFO] Rule:225 - rule LPUART IPParameter rename Prescaler parameter to ClockPrescaler for STM32L5 is applicable
2025-11-06 14:14:57,906 [INFO] Rule:225 - rule LPUART IPParameter rename Prescaler parameter to ClockPrescaler for STM32G4 is applicable
2025-11-06 14:14:57,906 [INFO] Rule:225 - rule LPUART IPParameter rename Prescaler parameter to ClockPrescaler for STM32G4 is applicable
2025-11-06 14:14:57,906 [INFO] Rule:225 - rule USB device lib V2.5.3 for L0 rename USBD_SUPPORT_USER_STRING parameter to USBD_SUPPORT_USER_STRING_DESC4 is applicable
2025-11-06 14:14:57,906 [INFO] Rule:225 - rule I2SCLockSelection clock entry align is applicable
2025-11-06 14:14:57,906 [INFO] Rule:225 - rule Assign TIMx context if used as SYS timebase is applicable
2025-11-06 14:14:57,906 [INFO] Rule:225 - rule Change GPIO_Pu Default Value for I2C is applicable
2025-11-06 14:14:57,906 [INFO] Rule:225 - rule Change GPIO_Pu Default Value for SMBus is applicable
2025-11-06 14:14:57,906 [INFO] Rule:225 - rule change FDCAN default value is applicable
2025-11-06 14:14:57,906 [INFO] Rule:225 - rule Change mode sai is applicable
2025-11-06 14:14:57,907 [INFO] Rule:225 - rule **Change sai mode is applicable
2025-11-06 14:14:57,907 [INFO] Rule:225 - rule Rename STM32WPAN CFG_BLE_IRK to CFG_BLE_IR is applicable
2025-11-06 14:14:57,907 [INFO] Rule:225 - rule Rename STM32WPAN CFG_BLE_ERK to CFG_BLE_ER is applicable
2025-11-06 14:14:57,907 [INFO] Rule:225 - rule Rename STM32WPAN CFG_BLE_IRK_HEX to CFG_BLE_IR_HEX is applicable
2025-11-06 14:14:57,907 [INFO] Rule:225 - rule Rename STM32WPAN CFG_BLE_ERK_HEX to CFG_BLE_ER_HEX is applicable
2025-11-06 14:14:57,907 [INFO] Rule:225 - rule Adapt Old IOC before rework replace old CORTEX_M33/CORTEX_M55 attributes by the new one. is applicable
2025-11-06 14:14:57,907 [INFO] Rule:225 - rule Rename parametre of RCC RCC_APBDBG_DIV2 to RCC_TIMPRES_DIV2 is applicable
2025-11-06 14:14:57,907 [INFO] Rule:225 - rule Rename DIE493 pin PA10 [PA12] -> PA10 is applicable
2025-11-06 14:14:57,907 [INFO] Rule:225 - rule Rename DIE493 pin PA9 [PA11] -> PA9 is applicable
2025-11-06 14:14:57,907 [INFO] Rule:225 - rule Adapt Old IOC CSI. is applicable
2025-11-06 14:14:57,938 [INFO] DbConfProperties:307 - Apply Compatibility (78/298 Rules)
2025-11-06 14:14:57,966 [INFO] ImportTextPane:218 - (OptionalMessage_ERROR) Unable to find key (Mcu.ThirdPartyNb) in loaded IOC file
2025-11-06 14:14:57,968 [INFO] ImportTextPane:218 - (OptionalMessage_ERROR) Pin11 (VP_RIF_VS_RIF1) cannot be retrieved for this MCU
2025-11-06 14:14:58,029 [INFO] RtosManager:558 - Registered RTOS mode: class=CMSIS, group=RTOS, mode=CMSIS_V1, owner=FREERTOS
2025-11-06 14:14:58,029 [INFO] RtosManager:558 - Registered RTOS mode: class=CMSIS, group=RTOS2, mode=CMSIS_V2, owner=FREERTOS
2025-11-06 14:14:58,030 [INFO] RtosManager:558 - Registered RTOS mode: class=RTOS, group=Core, mode=CMSIS_V1, owner=FREERTOS
2025-11-06 14:14:58,030 [INFO] RtosManager:558 - Registered RTOS mode: class=RTOS, group=Core, mode=CMSIS_V2, owner=FREERTOS
2025-11-06 14:14:58,030 [WARN] ModelIntegratedComponent:184 - Missing modes for component STMicroelectronics:FreeRTOS:0.0.1:STMicroelectronics:RTOS:FreeRTOS:Core:::10.2.0:
2025-11-06 14:14:58,040 [WARN] ModelIntegratedComponent:182 - Modes not found for component STMicroelectronics:USB_HOST:1.0.0:STMicroelectronics:USB::USB Host:Audio HS::1.0:USB_HOST_1_0_RESTRICTED_HS
2025-11-06 14:14:58,040 [WARN] ModelIntegratedComponent:188 - Modes not found for component STMicroelectronics:USB_HOST:1.0.0:STMicroelectronics:USB::USB Host:Audio HS::1.0:USB_HOST_1_0_RESTRICTED_HS
2025-11-06 14:14:58,041 [WARN] ModelIntegratedComponent:182 - Modes not found for component STMicroelectronics:USB_HOST:1.0.0:STMicroelectronics:USB::USB Host:CDC HS::1.0:USB_HOST_1_0_RESTRICTED_HS
2025-11-06 14:14:58,041 [WARN] ModelIntegratedComponent:188 - Modes not found for component STMicroelectronics:USB_HOST:1.0.0:STMicroelectronics:USB::USB Host:CDC HS::1.0:USB_HOST_1_0_RESTRICTED_HS
2025-11-06 14:14:58,041 [WARN] ModelIntegratedComponent:182 - Modes not found for component STMicroelectronics:USB_HOST:1.0.0:STMicroelectronics:USB::USB Host:MSC HS::1.0:USB_HOST_1_0_RESTRICTED_HS
2025-11-06 14:14:58,041 [WARN] ModelIntegratedComponent:188 - Modes not found for component STMicroelectronics:USB_HOST:1.0.0:STMicroelectronics:USB::USB Host:MSC HS::1.0:USB_HOST_1_0_RESTRICTED_HS
2025-11-06 14:14:58,041 [WARN] ModelIntegratedComponent:182 - Modes not found for component STMicroelectronics:USB_HOST:1.0.0:STMicroelectronics:USB::USB Host:HID HS::1.0:USB_HOST_1_0_RESTRICTED_HS
2025-11-06 14:14:58,041 [WARN] ModelIntegratedComponent:188 - Modes not found for component STMicroelectronics:USB_HOST:1.0.0:STMicroelectronics:USB::USB Host:HID HS::1.0:USB_HOST_1_0_RESTRICTED_HS
2025-11-06 14:14:58,041 [WARN] ModelIntegratedComponent:182 - Modes not found for component STMicroelectronics:USB_HOST:1.0.0:STMicroelectronics:USB::USB Host:MTP HS::1.0:USB_HOST_1_0_RESTRICTED_HS
2025-11-06 14:14:58,041 [WARN] ModelIntegratedComponent:188 - Modes not found for component STMicroelectronics:USB_HOST:1.0.0:STMicroelectronics:USB::USB Host:MTP HS::1.0:USB_HOST_1_0_RESTRICTED_HS
2025-11-06 14:14:58,053 [WARN] ModelIntegratedComponent:63 - No mode defined for component null
2025-11-06 14:14:58,053 [WARN] ModelIntegratedComponent:63 - No mode defined for component null
2025-11-06 14:14:58,054 [WARN] ModelIntegratedComponent:63 - No mode defined for component null
2025-11-06 14:14:58,054 [WARN] ModelIntegratedComponent:63 - No mode defined for component null
2025-11-06 14:14:58,054 [WARN] ModelIntegratedComponent:63 - No mode defined for component null
2025-11-06 14:14:58,054 [WARN] ModelIntegratedComponent:63 - No mode defined for component null
2025-11-06 14:14:58,054 [WARN] ModelIntegratedComponent:63 - No mode defined for component null
2025-11-06 14:14:58,054 [WARN] ModelIntegratedComponent:63 - No mode defined for component null
2025-11-06 14:14:58,054 [WARN] ModelIntegratedComponent:63 - No mode defined for component null
2025-11-06 14:14:58,054 [WARN] ModelIntegratedComponent:63 - No mode defined for component null
2025-11-06 14:14:58,054 [WARN] ModelIntegratedComponent:63 - No mode defined for component null
2025-11-06 14:14:58,054 [WARN] ModelIntegratedComponent:63 - No mode defined for component null
2025-11-06 14:14:58,054 [WARN] ModelIntegratedComponent:63 - No mode defined for component null
2025-11-06 14:14:58,054 [WARN] ModelIntegratedComponent:63 - No mode defined for component null
2025-11-06 14:14:58,054 [WARN] ModelIntegratedComponent:63 - No mode defined for component null
2025-11-06 14:14:58,054 [WARN] ModelIntegratedComponent:63 - No mode defined for component null
2025-11-06 14:14:58,054 [WARN] ModelIntegratedComponent:63 - No mode defined for component null
2025-11-06 14:14:58,054 [WARN] ModelIntegratedComponent:63 - No mode defined for component null
2025-11-06 14:14:58,054 [WARN] ModelIntegratedComponent:63 - No mode defined for component null
2025-11-06 14:14:58,054 [WARN] ModelIntegratedComponent:63 - No mode defined for component null
2025-11-06 14:14:58,054 [WARN] ModelIntegratedComponent:63 - No mode defined for component null
2025-11-06 14:14:58,054 [WARN] ModelIntegratedComponent:63 - No mode defined for component null
2025-11-06 14:14:58,055 [WARN] ModelIntegratedComponent:63 - No mode defined for component null
2025-11-06 14:14:58,055 [WARN] ModelIntegratedComponent:63 - No mode defined for component null
2025-11-06 14:14:58,055 [WARN] ModelIntegratedComponent:63 - No mode defined for component null
2025-11-06 14:14:58,055 [WARN] ModelIntegratedComponent:63 - No mode defined for component null
2025-11-06 14:14:58,055 [WARN] ModelIntegratedComponent:63 - No mode defined for component null
2025-11-06 14:14:58,055 [WARN] ModelIntegratedComponent:63 - No mode defined for component null
2025-11-06 14:14:58,055 [WARN] ModelIntegratedComponent:63 - No mode defined for component null
2025-11-06 14:14:58,055 [WARN] ModelIntegratedComponent:63 - No mode defined for component null
2025-11-06 14:14:58,055 [WARN] ModelIntegratedComponent:63 - No mode defined for component null
2025-11-06 14:14:58,055 [WARN] ModelIntegratedComponent:63 - No mode defined for component null
2025-11-06 14:14:58,055 [WARN] ModelIntegratedComponent:63 - No mode defined for component null
2025-11-06 14:14:58,055 [WARN] ModelIntegratedComponent:63 - No mode defined for component null
2025-11-06 14:14:58,055 [WARN] ModelIntegratedComponent:63 - No mode defined for component null
2025-11-06 14:14:58,055 [WARN] ModelPack:524 - Component already loaded: STMicroelectronics:HAL Drivers:0.0.0:STMicroelectronics:Device:STMicro_Driver:XSPI:HAL::0.0.1:HAL_XSPI
2025-11-06 14:14:58,331 [WARN] ModelIntegratedComponent:182 - Modes not found for component STMicroelectronics:USB_DEVICE:1.0.0:STMicroelectronics:USB::USB Device:Audio HS::1.0:USB_DEVICE_1_0_RESTRICTED_HS
2025-11-06 14:14:58,332 [WARN] ModelIntegratedComponent:188 - Modes not found for component STMicroelectronics:USB_DEVICE:1.0.0:STMicroelectronics:USB::USB Device:Audio HS::1.0:USB_DEVICE_1_0_RESTRICTED_HS
2025-11-06 14:14:58,332 [WARN] ModelIntegratedComponent:182 - Modes not found for component STMicroelectronics:USB_DEVICE:1.0.0:STMicroelectronics:USB::USB Device:CDC HS::1.0:USB_DEVICE_1_0_RESTRICTED_HS
2025-11-06 14:14:58,332 [WARN] ModelIntegratedComponent:188 - Modes not found for component STMicroelectronics:USB_DEVICE:1.0.0:STMicroelectronics:USB::USB Device:CDC HS::1.0:USB_DEVICE_1_0_RESTRICTED_HS
2025-11-06 14:14:58,332 [WARN] ModelIntegratedComponent:182 - Modes not found for component STMicroelectronics:USB_DEVICE:1.0.0:STMicroelectronics:USB::USB Device:DFU HS::1.0:USB_DEVICE_1_0_RESTRICTED_HS
2025-11-06 14:14:58,332 [WARN] ModelIntegratedComponent:188 - Modes not found for component STMicroelectronics:USB_DEVICE:1.0.0:STMicroelectronics:USB::USB Device:DFU HS::1.0:USB_DEVICE_1_0_RESTRICTED_HS
2025-11-06 14:14:58,332 [WARN] ModelIntegratedComponent:182 - Modes not found for component STMicroelectronics:USB_DEVICE:1.0.0:STMicroelectronics:USB::USB Device:HID HS::1.0:USB_DEVICE_1_0_RESTRICTED_HS
2025-11-06 14:14:58,332 [WARN] ModelIntegratedComponent:188 - Modes not found for component STMicroelectronics:USB_DEVICE:1.0.0:STMicroelectronics:USB::USB Device:HID HS::1.0:USB_DEVICE_1_0_RESTRICTED_HS
2025-11-06 14:14:58,332 [WARN] ModelIntegratedComponent:182 - Modes not found for component STMicroelectronics:USB_DEVICE:1.0.0:STMicroelectronics:USB::USB Device:Custom HID HS::1.0:USB_DEVICE_1_0_RESTRICTED_HS
2025-11-06 14:14:58,332 [WARN] ModelIntegratedComponent:188 - Modes not found for component STMicroelectronics:USB_DEVICE:1.0.0:STMicroelectronics:USB::USB Device:Custom HID HS::1.0:USB_DEVICE_1_0_RESTRICTED_HS
2025-11-06 14:14:58,332 [WARN] ModelIntegratedComponent:182 - Modes not found for component STMicroelectronics:USB_DEVICE:1.0.0:STMicroelectronics:USB::USB Device:MSC HS::1.0:USB_DEVICE_1_0_RESTRICTED_HS
2025-11-06 14:14:58,332 [WARN] ModelIntegratedComponent:188 - Modes not found for component STMicroelectronics:USB_DEVICE:1.0.0:STMicroelectronics:USB::USB Device:MSC HS::1.0:USB_DEVICE_1_0_RESTRICTED_HS
2025-11-06 14:14:58,347 [INFO] ThirdPartyModel:298 - Start build external matchings
2025-11-06 14:14:58,879 [INFO] ThirdPartyModel:316 - End build external matchings
2025-11-06 14:14:59,135 [INFO] UtilMem:75 - End LoadConfig() Used Memory: 967314032 Bytes (1073741824)
2025-11-06 14:14:59,276 [WARN] ThirdParty:833 - waiting for thirdparty lock release [change project]
2025-11-06 14:14:59,276 [INFO] ThirdParty:835 - entering critical section [change project]
2025-11-06 14:14:59,276 [INFO] ThirdParty:1030 - CMSIS Pack Vendor :STMicroelectronics X-CUBE-PM33A1 1.0.0
2025-11-06 14:14:59,276 [INFO] ThirdParty:1030 - CMSIS Pack Vendor :STMicroelectronics USBPD 4.1
2025-11-06 14:14:59,276 [INFO] ThirdParty:1030 - CMSIS Pack Vendor :STMicroelectronics X-CUBE-NFC9 1.0.0
2025-11-06 14:14:59,276 [INFO] ThirdParty:1030 - CMSIS Pack Vendor :STMicroelectronics USB_HOST 2.0.0
2025-11-06 14:14:59,276 [INFO] ThirdParty:1030 - CMSIS Pack Vendor :STMicroelectronics FP-SNS-MOTENVWB1 1.4.0
2025-11-06 14:14:59,276 [INFO] ThirdParty:1030 - CMSIS Pack Vendor :STMicroelectronics X-CUBE-AZRTOS-F4 1.1.0
2025-11-06 14:14:59,276 [INFO] ThirdParty:1030 - CMSIS Pack Vendor :STMicroelectronics LIBJPEG 8.0.0
2025-11-06 14:14:59,277 [INFO] ThirdParty:1030 - CMSIS Pack Vendor :STMicroelectronics FP-ATR-ASTRA1 2.0.2
2025-11-06 14:14:59,277 [INFO] ThirdParty:1030 - CMSIS Pack Vendor :wolfSSL I-CUBE-wolfSSL 5.8.2
2025-11-06 14:14:59,277 [INFO] ThirdParty:1030 - CMSIS Pack Vendor :STMicroelectronics X-CUBE-BLE1 7.1.0
2025-11-06 14:14:59,277 [INFO] ThirdParty:1030 - CMSIS Pack Vendor :STMicroelectronics X-CUBE-SMBUS 2.1.0
2025-11-06 14:14:59,277 [INFO] ThirdParty:1030 - CMSIS Pack Vendor :wolfSSL I-CUBE-wolfMQTT 1.19.2
2025-11-06 14:14:59,277 [INFO] ThirdParty:1030 - CMSIS Pack Vendor :STMicroelectronics USB_DEVICE 3.0.0
2025-11-06 14:14:59,277 [INFO] ThirdParty:1030 - CMSIS Pack Vendor :STMicroelectronics X-CUBE-ISPU 2.1.0
2025-11-06 14:14:59,277 [INFO] ThirdParty:1030 - CMSIS Pack Vendor :STMicroelectronics X-CUBE-EEPRMA1 5.2.0
2025-11-06 14:14:59,277 [INFO] ThirdParty:1030 - CMSIS Pack Vendor :STMicroelectronics X-CUBE-BLEMGR 4.1.0
2025-11-06 14:14:59,277 [INFO] ThirdParty:1030 - CMSIS Pack Vendor :STMicroelectronics X-CUBE-AZRTOS-WB 2.0.0
2025-11-06 14:14:59,277 [INFO] ThirdParty:1030 - CMSIS Pack Vendor :STMicroelectronics X-CUBE-GNSS1 7.0.1
2025-11-06 14:14:59,277 [INFO] ThirdParty:1030 - CMSIS Pack Vendor :STMicroelectronics X-CUBE-NFC12 1.0.0
2025-11-06 14:14:59,277 [INFO] ThirdParty:1030 - CMSIS Pack Vendor :STMicroelectronics X-CUBE-AZRTOS-F7 1.1.0
2025-11-06 14:14:59,277 [INFO] ThirdParty:1030 - CMSIS Pack Vendor :STMicroelectronics X-CUBE-AZRTOS-L5 2.0.0
2025-11-06 14:14:59,277 [INFO] ThirdParty:1030 - CMSIS Pack Vendor :STMicroelectronics USB_DEVICE 2.0.0
2025-11-06 14:14:59,277 [INFO] ThirdParty:1030 - CMSIS Pack Vendor :STMicroelectronics X-CUBE-NFC6 3.1.0
2025-11-06 14:14:59,277 [INFO] ThirdParty:1030 - CMSIS Pack Vendor :Cesanta I-CUBE-Mongoose 7.19.0
2025-11-06 14:14:59,277 [INFO] ThirdParty:1030 - CMSIS Pack Vendor :quantropi X-CUBE-qispace-sdk-base 2.1.0
2025-11-06 14:14:59,277 [INFO] ThirdParty:1030 - CMSIS Pack Vendor :STMicroelectronics FreeRTOS 0.0.1
2025-11-06 14:14:59,277 [INFO] ThirdParty:1030 - CMSIS Pack Vendor :STMicroelectronics X-CUBE-AZRTOS-G0 1.1.0
2025-11-06 14:14:59,277 [INFO] ThirdParty:1030 - CMSIS Pack Vendor :STMicroelectronics X-CUBE-SAFEA1 1.2.2
2025-11-06 14:14:59,278 [INFO] ThirdParty:1030 - CMSIS Pack Vendor :STMicroelectronics X-CUBE-NFC4 3.0.0
2025-11-06 14:14:59,278 [INFO] ThirdParty:1030 - CMSIS Pack Vendor :STMicroelectronics X-CUBE-SUBG2 5.0.0
2025-11-06 14:14:59,278 [INFO] ThirdParty:1030 - CMSIS Pack Vendor :STMicroelectronics X-CUBE-AZRTOS-H7RS 1.1.0
2025-11-06 14:14:59,278 [INFO] ThirdParty:1030 - CMSIS Pack Vendor :STMicroelectronics STM32_WPAN 1.0.0
2025-11-06 14:14:59,278 [INFO] ThirdParty:1030 - CMSIS Pack Vendor :EmbeddedOffice I-CUBE-FS-RTOS 1.0.1
2025-11-06 14:14:59,278 [INFO] ThirdParty:1030 - CMSIS Pack Vendor :STMicroelectronics lwIP 2.0.3
2025-11-06 14:14:59,279 [INFO] ThirdParty:1030 - CMSIS Pack Vendor :STMicroelectronics USB_HOST 1.0.0
2025-11-06 14:14:59,279 [INFO] ThirdParty:1030 - CMSIS Pack Vendor :Infineon AIROC-Wi-Fi-Bluetooth-STM32 1.7.1
2025-11-06 14:14:59,279 [INFO] ThirdParty:1030 - CMSIS Pack Vendor :STMicroelectronics X-CUBE-AZRTOS-G4 2.0.0
2025-11-06 14:14:59,279 [INFO] ThirdParty:1030 - CMSIS Pack Vendor :STMicroelectronics X-CUBE-WB05N 2.0.0
2025-11-06 14:14:59,279 [INFO] ThirdParty:1030 - CMSIS Pack Vendor :STMicroelectronics PDM2PCM 3.1.0
2025-11-06 14:14:59,279 [INFO] ThirdParty:1030 - CMSIS Pack Vendor :STMicroelectronics PDM2PCM 3.3.0
2025-11-06 14:14:59,279 [INFO] ThirdParty:1030 - CMSIS Pack Vendor :wolfSSL I-CUBE-wolfTPM 3.8.0
2025-11-06 14:14:59,279 [INFO] ThirdParty:1030 - CMSIS Pack Vendor :STMicroelectronics X-CUBE-AZRTOS-H7 3.4.0
2025-11-06 14:14:59,279 [INFO] ThirdParty:1030 - CMSIS Pack Vendor :STMicroelectronics X-CUBE-DISPLAY 3.0.0
2025-11-06 14:14:59,279 [INFO] ThirdParty:1030 - CMSIS Pack Vendor :wolfSSL I-CUBE-wolfSSH 1.4.20
2025-11-06 14:14:59,279 [INFO] ThirdParty:1030 - CMSIS Pack Vendor :STMicroelectronics X-CUBE-NFC7 2.0.0
2025-11-06 14:14:59,279 [INFO] ThirdParty:1030 - CMSIS Pack Vendor :STMicroelectronics X-CUBE-TCPP 4.2.0
2025-11-06 14:14:59,279 [INFO] ThirdParty:1030 - CMSIS Pack Vendor :RealThread X-CUBE-RT-Thread_Nano 4.1.1
2025-11-06 14:14:59,279 [INFO] ThirdParty:1030 - CMSIS Pack Vendor :STMicroelectronics FP-ATR-SIGFOX1 3.2.0
2025-11-06 14:14:59,279 [INFO] ThirdParty:1030 - CMSIS Pack Vendor :STMicroelectronics X-CUBE-NFC10 1.0.0
2025-11-06 14:14:59,279 [INFO] ThirdParty:1030 - CMSIS Pack Vendor :STMicroelectronics X-CUBE-FREERTOS 1.3.1
2025-11-06 14:14:59,279 [INFO] ThirdParty:1030 - CMSIS Pack Vendor :STMicroelectronics HAL Drivers 0.0.0
2025-11-06 14:14:59,279 [INFO] ThirdParty:1030 - CMSIS Pack Vendor :STMicroelectronics MBEDTLS 2.16.2
2025-11-06 14:14:59,279 [INFO] ThirdParty:1030 - CMSIS Pack Vendor :STMicroelectronics X-CUBE-ST60 1.1.0
2025-11-06 14:14:59,279 [INFO] ThirdParty:1030 - CMSIS Pack Vendor :STMicroelectronics X-CUBE-ALS 1.0.2
2025-11-06 14:14:59,279 [INFO] ThirdParty:1030 - CMSIS Pack Vendor :emotas I-CUBE-CANOPEN 1.3.0
2025-11-06 14:14:59,279 [INFO] ThirdParty:1030 - CMSIS Pack Vendor :STMicroelectronics MBEDTLS 2.14.1
2025-11-06 14:14:59,279 [INFO] ThirdParty:1030 - CMSIS Pack Vendor :STMicroelectronics X-CUBE-GNSS1 7.1.0
2025-11-06 14:14:59,279 [INFO] ThirdParty:1030 - CMSIS Pack Vendor :ITTIA_DB I-CUBE-ITTIADB 8.9.0
2025-11-06 14:14:59,279 [INFO] ThirdParty:1030 - CMSIS Pack Vendor :STMicroelectronics X-CUBE-TOUCHGFX 4.26.0
2025-11-06 14:14:59,279 [INFO] ThirdParty:1030 - CMSIS Pack Vendor :STMicroelectronics X-CUBE-STSE01 1.0.0
2025-11-06 14:14:59,279 [INFO] ThirdParty:1030 - CMSIS Pack Vendor :STMicroelectronics X-CUBE-AI 10.2.0
2025-11-06 14:14:59,279 [INFO] ThirdParty:1030 - CMSIS Pack Vendor :STMicroelectronics FP-SNS-STAIOTCFT 1.0.0
2025-11-06 14:14:59,279 [INFO] ThirdParty:1030 - CMSIS Pack Vendor :STMicroelectronics ThreadX 1.0.0
2025-11-06 14:14:59,279 [INFO] ThirdParty:1030 - CMSIS Pack Vendor :STMicroelectronics FP-SNS-SMARTAG2 1.2.0
2025-11-06 14:14:59,279 [INFO] ThirdParty:1030 - CMSIS Pack Vendor :STMicroelectronics FP-SNS-FLIGHT1 5.1.0
2025-11-06 14:14:59,279 [INFO] ThirdParty:1030 - CMSIS Pack Vendor :STMicroelectronics X-CUBE-AZRTOS-WL 2.0.0
2025-11-06 14:14:59,279 [INFO] ThirdParty:1030 - CMSIS Pack Vendor :SEGGER I-CUBE-embOS 1.3.1
2025-11-06 14:14:59,280 [INFO] ThirdParty:1030 - CMSIS Pack Vendor :STMicroelectronics X-CUBE-ALGOBUILD 1.4.0
2025-11-06 14:14:59,280 [INFO] ThirdParty:1030 - CMSIS Pack Vendor :STMicroelectronics X-CUBE-DPower 1.3.0
2025-11-06 14:14:59,280 [INFO] ThirdParty:1030 - CMSIS Pack Vendor :STMicroelectronics X-CUBE-MEMS1 11.3.0
2025-11-06 14:14:59,280 [INFO] ThirdParty:1030 - CMSIS Pack Vendor :STMicroelectronics USB_DEVICE 1.0.0
2025-11-06 14:14:59,280 [INFO] ThirdParty:1030 - CMSIS Pack Vendor :STMicroelectronics X-CUBE-AZRTOS-L4 2.0.0
2025-11-06 14:14:59,280 [INFO] ThirdParty:1030 - CMSIS Pack Vendor :STMicroelectronics ThreadX 0.0.2
2025-11-06 14:14:59,280 [INFO] ThirdParty:1030 - CMSIS Pack Vendor :STMicroelectronics lwIP 2.1.2
2025-11-06 14:14:59,280 [INFO] ThirdParty:1030 - CMSIS Pack Vendor :STMicroelectronics X-CUBE-SFXS2LP1 4.0.0
2025-11-06 14:14:59,280 [INFO] ThirdParty:1030 - CMSIS Pack Vendor :STMicroelectronics X-CUBE-BLE2 3.3.0
2025-11-06 14:14:59,280 [INFO] ThirdParty:1030 - CMSIS Pack Vendor :STMicroelectronics X-CUBE-TOF1 3.4.3
2025-11-06 14:14:59,280 [INFO] ThirdParty:1030 - CMSIS Pack Vendor :STMicroelectronics PDM2PCM 3.2.0
2025-11-06 14:14:59,280 [INFO] ThirdParty:841 - exiting critical section [change project]
2025-11-06 14:14:59,556 [INFO] PinOutPanel:1589 - setPackage(No Configuration,No Configuration)
2025-11-06 14:14:59,558 [INFO] PinOutPanel:1589 - setPackage(STM32F411RETx,LQFP64)
2025-11-06 14:14:59,906 [INFO] UtilMem:75 - Before build in PCC Used Memory: 723814016 Bytes (1073741824)
2025-11-06 14:15:00,339 [INFO] UtilMem:75 - After build in PCC Used Memory: 766805648 Bytes (1073741824)
2025-11-06 14:15:00,365 [INFO] IPUIPlugin:80 - create IPUIPlugin
2025-11-06 14:15:00,365 [INFO] IPUIPlugin:80 - create IPUIPlugin
2025-11-06 14:15:00,365 [INFO] IPUIPlugin:80 - create IPUIPlugin
2025-11-06 14:15:00,365 [INFO] IPUIPlugin:80 - create IPUIPlugin
2025-11-06 14:15:00,366 [INFO] IPUIPlugin:80 - create IPUIPlugin
2025-11-06 14:15:00,366 [INFO] IPUIPlugin:80 - create IPUIPlugin
2025-11-06 14:15:00,366 [INFO] IPUIPlugin:80 - create IPUIPlugin
2025-11-06 14:15:00,366 [INFO] IPUIPlugin:80 - create IPUIPlugin
2025-11-06 14:15:00,366 [INFO] IPUIPlugin:80 - create IPUIPlugin
2025-11-06 14:15:00,366 [INFO] IPUIPlugin:80 - create IPUIPlugin
2025-11-06 14:15:00,366 [INFO] IPUIPlugin:80 - create IPUIPlugin
2025-11-06 14:15:00,367 [INFO] IPUIPlugin:80 - create IPUIPlugin
2025-11-06 14:15:00,367 [INFO] IPUIPlugin:80 - create IPUIPlugin
2025-11-06 14:15:00,367 [INFO] IPUIPlugin:80 - create IPUIPlugin
2025-11-06 14:15:00,367 [INFO] IPUIPlugin:80 - create IPUIPlugin
2025-11-06 14:15:00,367 [INFO] IPUIPlugin:80 - create IPUIPlugin
2025-11-06 14:15:00,368 [INFO] IPUIPlugin:80 - create IPUIPlugin
2025-11-06 14:15:00,368 [INFO] IPUIPlugin:80 - create IPUIPlugin
2025-11-06 14:15:00,368 [INFO] IPUIPlugin:80 - create IPUIPlugin
2025-11-06 14:15:00,368 [INFO] IPUIPlugin:80 - create IPUIPlugin
2025-11-06 14:15:00,368 [INFO] IPUIPlugin:80 - create IPUIPlugin
2025-11-06 14:15:00,369 [INFO] IPUIPlugin:80 - create IPUIPlugin
2025-11-06 14:15:00,369 [INFO] IPUIPlugin:80 - create IPUIPlugin
2025-11-06 14:15:00,369 [INFO] IPUIPlugin:80 - create IPUIPlugin
2025-11-06 14:15:00,369 [INFO] IPUIPlugin:80 - create IPUIPlugin
2025-11-06 14:15:00,370 [INFO] IPUIPlugin:80 - create IPUIPlugin
2025-11-06 14:15:00,370 [INFO] IPUIPlugin:80 - create IPUIPlugin
2025-11-06 14:15:00,370 [INFO] IPUIPlugin:80 - create IPUIPlugin
2025-11-06 14:15:00,371 [INFO] IPUIPlugin:80 - create IPUIPlugin
2025-11-06 14:15:00,371 [INFO] IPUIPlugin:80 - create IPUIPlugin
2025-11-06 14:15:00,371 [INFO] IPUIPlugin:80 - create IPUIPlugin
2025-11-06 14:15:00,371 [INFO] IPUIPlugin:80 - create IPUIPlugin
2025-11-06 14:15:00,371 [INFO] IPUIPlugin:80 - create IPUIPlugin
2025-11-06 14:15:00,371 [INFO] IPUIPlugin:80 - create IPUIPlugin
2025-11-06 14:15:00,371 [INFO] IPUIPlugin:80 - create IPUIPlugin
2025-11-06 14:15:00,372 [INFO] IPUIPlugin:80 - create IPUIPlugin
2025-11-06 14:15:00,372 [INFO] IPUIPlugin:80 - create IPUIPlugin
2025-11-06 14:15:00,372 [INFO] IPUIPlugin:80 - create IPUIPlugin
2025-11-06 14:15:00,372 [INFO] IPUIPlugin:80 - create IPUIPlugin
2025-11-06 14:15:00,372 [INFO] IPUIPlugin:80 - create IPUIPlugin
2025-11-06 14:15:00,372 [INFO] IPUIPlugin:80 - create IPUIPlugin
2025-11-06 14:15:00,373 [INFO] IPUIPlugin:80 - create IPUIPlugin
2025-11-06 14:15:00,373 [INFO] IPUIPlugin:80 - create IPUIPlugin
2025-11-06 14:15:00,380 [INFO] ApiDbMcu:508 - Load IP Config File for PDM2PCM
2025-11-06 14:15:00,435 [INFO] CADModel:165 - CPN selected for project levelSTM32F411RET6
2025-11-06 14:15:00,435 [INFO] CADModel:114 - Register for checkConnection events
2025-11-06 14:15:00,524 [INFO] OpenFileManager:385 - Restore cursor
2025-11-06 14:15:01,000 [INFO] UtilMem:75 - End SaveConfig() Used Memory: 845971072 Bytes (1073741824)
2025-11-06 14:15:01,084 [INFO] UtilMem:75 - End SaveConfig() Used Memory: 862748288 Bytes (1073741824)
2025-11-06 14:15:01,420 [INFO] BlockDiagram:2775 - set Specific Code input for plugin: RCC
2025-11-06 14:15:01,420 [INFO] BlockDiagram:2775 - set Specific Code input for plugin: NVIC
2025-11-06 14:15:01,420 [INFO] BlockDiagram:2775 - set Specific Code input for plugin: GPIO
2025-11-06 14:15:01,422 [INFO] CodeGenerator:882 - code generatio: config db path: C:\ST\STM32CubeIDE_1.18.1\STM32CubeIDE\plugins\com.st.stm32cube.common.mx_6.14.1.202504091515\\db\
2025-11-06 14:15:01,540 [INFO] CodeEngine:263 - oldGeneratedFile, C:\stm32\26_UART_Interrupt\MXTmpFiles\license.tmp_save
2025-11-06 14:15:01,819 [INFO] CodeEngine:287 - Generated code: C:\stm32\26_UART_Interrupt\MXTmpFiles\license.tmp
2025-11-06 14:15:01,857 [INFO] CodeEngine:263 - oldGeneratedFile, C:\stm32\26_UART_Interrupt\MXTmpFiles\gpio.tmp_save
2025-11-06 14:15:01,993 [INFO] CodeEngine:287 - Generated code: C:\stm32\26_UART_Interrupt\MXTmpFiles\gpio.tmp
2025-11-06 14:15:02,011 [INFO] CodeEngine:263 - oldGeneratedFile, C:\stm32\26_UART_Interrupt\Core\Src\stm32f4xx_it.c_save
2025-11-06 14:15:02,338 [INFO] CodeEngine:287 - Generated code: C:\stm32\26_UART_Interrupt\Core\Src\stm32f4xx_it.c
2025-11-06 14:15:02,350 [INFO] CodeEngine:263 - oldGeneratedFile, C:\stm32\26_UART_Interrupt\Core\Inc\stm32f4xx_it.h_save
2025-11-06 14:15:02,455 [INFO] CodeEngine:287 - Generated code: C:\stm32\26_UART_Interrupt\Core\Inc\stm32f4xx_it.h
2025-11-06 14:15:02,489 [INFO] CodeEngine:263 - oldGeneratedFile, C:\stm32\26_UART_Interrupt\Core\Src\stm32f4xx_hal_msp.c_save
2025-11-06 14:15:02,665 [INFO] CodeEngine:287 - Generated code: C:\stm32\26_UART_Interrupt\Core\Src\stm32f4xx_hal_msp.c
2025-11-06 14:15:02,672 [INFO] CodeEngine:263 - oldGeneratedFile, C:\stm32\26_UART_Interrupt\MXTmpFiles\system.tmp_save
2025-11-06 14:15:02,771 [INFO] CodeEngine:287 - Generated code: C:\stm32\26_UART_Interrupt\MXTmpFiles\system.tmp
2025-11-06 14:15:02,788 [INFO] CodeEngine:319 - oldGeneratedFile, C:\stm32\26_UART_Interrupt\Core\Inc\stm32f4xx_hal_conf.h_save
2025-11-06 14:15:02,887 [INFO] CodeEngine:343 - Generated code: C:\stm32\26_UART_Interrupt\Core\Inc\stm32f4xx_hal_conf.h
2025-11-06 14:15:02,923 [INFO] ApiDbMcu:508 - Load IP Config File for RCC
2025-11-06 14:15:02,938 [INFO] CodeEngine:263 - oldGeneratedFile, C:\stm32\26_UART_Interrupt\Core\Inc\main.h_save
2025-11-06 14:15:03,042 [INFO] CodeEngine:287 - Generated code: C:\stm32\26_UART_Interrupt\Core\Inc\main.h
2025-11-06 14:15:03,049 [INFO] CodeEngine:263 - oldGeneratedFile, C:\stm32\26_UART_Interrupt\Core\Src\main.c_save
2025-11-06 14:15:03,161 [INFO] CodeEngine:287 - Generated code: C:\stm32\26_UART_Interrupt\Core\Src\main.c
2025-11-06 14:15:03,513 [ERROR] ProjectBuilder:7054 - Problem during Copy of File LICENSE.txt
2025-11-06 14:15:03,748 [INFO] ProjectBuilder:3324 - Time for Copy HAL[1] : 346mS.
2025-11-06 14:15:03,751 [INFO] ProjectBuilder:4912 - Project Generator version: 4.6.0.1-B1
2025-11-06 14:15:03,858 [INFO] ConfigFileManager:1590 - The Die is : DIE431
2025-11-06 14:15:03,864 [INFO] ApiDbMcu:508 - Load IP Config File for FATFS
2025-11-06 14:15:03,871 [INFO] ApiDbMcu:508 - Load IP Config File for FREERTOS
2025-11-06 14:15:03,874 [INFO] ApiDbMcu:508 - Load IP Config File for LIBJPEG
2025-11-06 14:15:03,880 [INFO] ApiDbMcu:508 - Load IP Config File for MBEDTLS
2025-11-06 14:15:03,915 [INFO] ApiDbMcu:508 - Load IP Config File for USB_DEVICE
2025-11-06 14:15:03,920 [INFO] ApiDbMcu:508 - Load IP Config File for USB_HOST
2025-11-06 14:15:06,949 [INFO] ProjectBuilder:5191 - Time for Generating toolchain IDE Files: 3198mS.
2025-11-06 14:15:06,951 [INFO] ProjectBuilder:3181 - Time for Copy CMSIS : 1mS.
2025-11-06 14:15:06,953 [INFO] ProjectBuilder:3181 - Time for Copy CMSIS : 0mS.
2025-11-06 14:15:07,613 [INFO] McuFinderGlobals:76 - Set McuFinderConnectedMode to true
2025-11-06 14:15:07,617 [INFO] ApiDb:448 - Save user favorites file C:\Users\siree/.stm32cubeide/favorites.mcus.txt: 0 item(s)
2025-11-06 14:15:07,618 [INFO] ApiDb:452 - User favorites MCUs=[]
2025-11-06 14:15:07,619 [INFO] ApiDb:448 - Save user favorites file C:\Users\siree/.stm32cubeide/favorites.boards.txt: 0 item(s)
2025-11-06 14:15:07,620 [INFO] ApiDb:452 - User favorites Boards=[]
2025-11-06 14:15:29,054 [INFO] WebApp:194 - Connection lost
2025-11-06 14:15:29,912 [INFO] WebApp:191 - Connection restablished
2025-11-06 14:15:41,725 [INFO] MainUpdater:2872 - connection check result : 10
2025-11-06 14:15:41,869 [INFO] McuFinderGlobals:76 - Set McuFinderConnectedMode to true
2025-11-06 14:15:41,870 [INFO] MultiScanPanel:200 - Auto-refresh data requested => check proxy status ongoing
2025-11-06 14:15:41,870 [INFO] FinderPluginLoader:95 - Searching for filters in installed packs
2025-11-06 14:15:43,981 [INFO] LoadUrlFilesThread:185 - End of LoadServerUrlFiles without Thread
2025-11-06 14:15:43,981 [INFO] DetailPanel:341 - Set advertising image to C:/Users/siree/STM32Cube/Repository/\en.mcu-finder-stm32n6dk.jpg
2025-11-06 14:15:49,099 [INFO] MultiScanPanel:200 - Auto-refresh data requested => check proxy status ongoing
2025-11-06 14:15:49,177 [INFO] LoadUrlFilesThread:185 - End of LoadServerUrlFiles without Thread
2025-11-06 14:15:49,177 [INFO] DetailPanel:341 - Set advertising image to C:/Users/siree/STM32Cube/Repository/\en.mcu-finder-stm32n6dk.jpg
2025-11-06 14:16:21,508 [INFO] McuFinderGlobals:76 - Set McuFinderConnectedMode to true
2025-11-06 14:16:21,511 [INFO] ApiDb:448 - Save user favorites file C:\Users\siree/.stm32cubeide/favorites.mcus.txt: 0 item(s)
2025-11-06 14:16:21,511 [INFO] ApiDb:452 - User favorites MCUs=[]
2025-11-06 14:16:21,513 [INFO] ApiDb:448 - Save user favorites file C:\Users\siree/.stm32cubeide/favorites.boards.txt: 0 item(s)
2025-11-06 14:16:21,514 [INFO] ApiDb:452 - User favorites Boards=[]
2025-11-06 14:36:55,924 [INFO] MainUpdater:2872 - connection check result : 10
2025-11-06 14:36:56,263 [INFO] McuFinderGlobals:76 - Set McuFinderConnectedMode to true
2025-11-06 14:36:56,287 [INFO] MultiScanPanel:200 - Auto-refresh data requested => check proxy status ongoing
2025-11-06 14:36:56,294 [INFO] FinderPluginLoader:95 - Searching for filters in installed packs
2025-11-06 14:36:58,146 [INFO] LoadUrlFilesThread:185 - End of LoadServerUrlFiles without Thread
2025-11-06 14:36:58,150 [INFO] DetailPanel:341 - Set advertising image to C:/Users/siree/STM32Cube/Repository/\en.mcu-finder-stm32n6dk.jpg
2025-11-06 14:37:04,498 [INFO] MultiScanPanel:200 - Auto-refresh data requested => check proxy status ongoing
2025-11-06 14:37:05,001 [INFO] LoadUrlFilesThread:185 - End of LoadServerUrlFiles without Thread
2025-11-06 14:37:05,003 [INFO] DetailPanel:341 - Set advertising image to C:/Users/siree/STM32Cube/Repository/\en.mcu-finder-stm32n6dk.jpg
2025-11-06 14:37:39,431 [INFO] McuFinderGlobals:76 - Set McuFinderConnectedMode to true
2025-11-06 14:37:39,440 [INFO] ApiDb:448 - Save user favorites file C:\Users\siree/.stm32cubeide/favorites.mcus.txt: 0 item(s)
2025-11-06 14:37:39,441 [INFO] ApiDb:452 - User favorites MCUs=[]
2025-11-06 14:37:39,446 [INFO] ApiDb:448 - Save user favorites file C:\Users\siree/.stm32cubeide/favorites.boards.txt: 0 item(s)
2025-11-06 14:37:39,446 [INFO] ApiDb:452 - User favorites Boards=[]
2025-11-06 15:06:16,394 [INFO] MainUpdater:2872 - connection check result : 10
2025-11-06 15:06:16,792 [INFO] McuFinderGlobals:76 - Set McuFinderConnectedMode to true
2025-11-06 15:06:16,819 [INFO] MultiScanPanel:200 - Auto-refresh data requested => check proxy status ongoing
2025-11-06 15:06:16,827 [INFO] FinderPluginLoader:95 - Searching for filters in installed packs
2025-11-06 15:06:18,385 [INFO] LoadUrlFilesThread:185 - End of LoadServerUrlFiles without Thread
2025-11-06 15:06:18,388 [INFO] DetailPanel:341 - Set advertising image to C:/Users/siree/STM32Cube/Repository/\en.mcu-finder-stm32n6dk.jpg
2025-11-06 15:06:30,075 [INFO] MultiScanPanel:200 - Auto-refresh data requested => check proxy status ongoing
2025-11-06 15:06:30,168 [INFO] LoadUrlFilesThread:185 - End of LoadServerUrlFiles without Thread
2025-11-06 15:06:30,169 [INFO] DetailPanel:341 - Set advertising image to C:/Users/siree/STM32Cube/Repository/\en.mcu-finder-stm32n6dk.jpg
2025-11-06 15:07:05,419 [INFO] McuFinderGlobals:76 - Set McuFinderConnectedMode to true
2025-11-06 15:07:05,423 [INFO] ApiDb:448 - Save user favorites file C:\Users\siree/.stm32cubeide/favorites.mcus.txt: 0 item(s)
2025-11-06 15:07:05,424 [INFO] ApiDb:452 - User favorites MCUs=[]
2025-11-06 15:07:05,426 [INFO] ApiDb:448 - Save user favorites file C:\Users\siree/.stm32cubeide/favorites.boards.txt: 0 item(s)
2025-11-06 15:07:05,427 [INFO] ApiDb:452 - User favorites Boards=[]
2025-11-06 15:15:30,628 [INFO] WebApp:194 - Connection lost
2025-11-06 15:15:31,256 [INFO] WebApp:191 - Connection restablished
2025-11-06 15:31:02,693 [INFO] MainUpdater:2872 - connection check result : 10
2025-11-06 15:31:02,902 [INFO] McuFinderGlobals:76 - Set McuFinderConnectedMode to true
2025-11-06 15:31:02,909 [INFO] MultiScanPanel:200 - Auto-refresh data requested => check proxy status ongoing
2025-11-06 15:31:02,911 [INFO] FinderPluginLoader:95 - Searching for filters in installed packs
2025-11-06 15:31:04,184 [INFO] LoadUrlFilesThread:185 - End of LoadServerUrlFiles without Thread
2025-11-06 15:31:04,185 [INFO] DetailPanel:341 - Set advertising image to C:/Users/siree/STM32Cube/Repository/\en.mcu-finder-stm32n6dk.jpg
2025-11-06 15:31:07,387 [INFO] MultiScanPanel:200 - Auto-refresh data requested => check proxy status ongoing
2025-11-06 15:31:07,488 [INFO] LoadUrlFilesThread:185 - End of LoadServerUrlFiles without Thread
2025-11-06 15:31:07,492 [INFO] DetailPanel:341 - Set advertising image to C:/Users/siree/STM32Cube/Repository/\en.mcu-finder-stm32n6dk.jpg
2025-11-06 15:31:36,735 [INFO] MainUpdater:2872 - connection check result : 10
2025-11-06 15:31:36,736 [INFO] MainUpdater:2872 - connection check result : 10
2025-11-06 15:31:36,761 [ERROR] IocParser:57 - IOException caught: C:\stm32\26_UART_Interrupt\26_UART_Interrupt.ioc (The system cannot find the path specified)
2025-11-06 15:31:36,762 [ERROR] PeripheralListParser:95 - Something went wrong with ioc file reading: C:\stm32\26_UART_Interrupt\26_UART_Interrupt.ioc (The system cannot find the path specified)
2025-11-06 15:31:36,763 [ERROR] RegexParser:59 - Issue caught when parsing regex: C:\stm32\26_UART_Interrupt\26_UART_Interrupt.ioc (The system cannot find the path specified)
2025-11-06 15:31:37,042 [INFO] MicroXplorer:468 - Change Database Path : 
2025-11-06 15:31:37,042 [INFO] MicroXplorer:498 - Change Database Version : DB.6.0.141
2025-11-06 15:31:37,096 [ERROR] ProjectManagerView:395 - 
java.lang.NullPointerException: Cannot invoke "javax.swing.JTextField.getText()" because the return value of "java.util.List.get(int)" is null
	at com.st.microxplorer.plugins.projectmanager.gui.ProjectChoiceTab$9.caretUpdate(ProjectChoiceTab.java:2678) ~[filemanager.jar:?]
	at javax.swing.text.JTextComponent.fireCaretUpdate(JTextComponent.java:408) ~[?:?]
	at javax.swing.text.JTextComponent$MutableCaretEvent.fire(JTextComponent.java:4484) ~[?:?]
	at javax.swing.text.JTextComponent$MutableCaretEvent.stateChanged(JTextComponent.java:4506) ~[?:?]
	at javax.swing.text.DefaultCaret.fireStateChanged(DefaultCaret.java:857) ~[?:?]
	at javax.swing.text.DefaultCaret.changeCaretPosition(DefaultCaret.java:1343) ~[?:?]
	at javax.swing.text.DefaultCaret.handleSetDot(DefaultCaret.java:1242) ~[?:?]
	at javax.swing.text.DefaultCaret.setDot(DefaultCaret.java:1223) ~[?:?]
	at javax.swing.text.DefaultCaret$Handler.insertUpdate(DefaultCaret.java:1819) ~[?:?]
	at javax.swing.text.AbstractDocument.fireInsertUpdate(AbstractDocument.java:227) ~[?:?]
	at javax.swing.text.AbstractDocument.handleInsertString(AbstractDocument.java:781) ~[?:?]
	at javax.swing.text.AbstractDocument.insertString(AbstractDocument.java:740) ~[?:?]
	at javax.swing.text.PlainDocument.insertString(PlainDocument.java:131) ~[?:?]
	at javax.swing.text.AbstractDocument.replace(AbstractDocument.java:699) ~[?:?]
	at javax.swing.text.JTextComponent.setText(JTextComponent.java:1725) ~[?:?]
	at com.st.microxplorer.plugins.projectmanager.gui.ProjectChoiceTab.createHeapStackFields(ProjectChoiceTab.java:979) ~[filemanager.jar:?]
	at com.st.microxplorer.plugins.projectmanager.gui.ProjectChoiceTab.buildLinkSettingsPanel(ProjectChoiceTab.java:3766) ~[filemanager.jar:?]
	at com.st.microxplorer.plugins.projectmanager.gui.ProjectChoiceTab.defineWindowsFields(ProjectChoiceTab.java:1962) ~[filemanager.jar:?]
	at com.st.microxplorer.plugins.projectmanager.gui.ProjectChoiceTab.updateSettings(ProjectChoiceTab.java:555) ~[filemanager.jar:?]
	at com.st.microxplorer.plugins.projectmanager.gui.ProjectSettingsPanel.UpdateDialog(ProjectSettingsPanel.java:245) ~[filemanager.jar:?]
	at com.st.microxplorer.plugins.projectmanager.ProjectManagerView.propertyChange(ProjectManagerView.java:392) ~[filemanager.jar:?]
	at java.beans.PropertyChangeSupport.fire(PropertyChangeSupport.java:343) ~[?:?]
	at java.beans.PropertyChangeSupport.firePropertyChange(PropertyChangeSupport.java:335) ~[?:?]
	at java.beans.PropertyChangeSupport.firePropertyChange(PropertyChangeSupport.java:268) ~[?:?]
	at com.st.microxplorer.util.MXPropertyChangeSupport.firePropertyChange(MXPropertyChangeSupport.java:54) ~[STM32CubeMX.jar:?]
	at com.st.microxplorer.mxsystem.MxSystem.closeConfig(MxSystem.java:899) ~[STM32CubeMX.jar:?]
	at com.st.microxplorer.maingui.MainPanel.closeConfig(MainPanel.java:789) ~[STM32CubeMX.jar:?]
	at com.st.microxplorer.plugins.filemanager.engine.OpenFileManager.loadConfigurationFile(OpenFileManager.java:287) ~[filemanager.jar:?]
	at com.st.microxplorer.plugins.filemanager.engine.MainFileManager.userLoadConfig(MainFileManager.java:341) ~[filemanager.jar:?]
	at com.st.microxplorer.plugins.filemanager.FileManagerView.getSpecificTask(FileManagerView.java:250) ~[filemanager.jar:?]
	at com.st.stm32cube.common.mx.editor.CubeMxEditor.getMxTabbedPaneInstance(CubeMxEditor.java:1191) ~[com.st.stm32cube.common.mx_6.14.1.202504091515/:?]
	at com.st.stm32cube.common.mx.editor.CubeMxEditor$12$1.createSwingComponent(CubeMxEditor.java:1068) ~[com.st.stm32cube.common.mx_6.14.1.202504091515/:?]
	at com.st.stm32cube.common.mx.oss.core.awtswtbridge.EmbeddedSwingComposite.doComponentCreation(EmbeddedSwingComposite.java:492) ~[com.st.stm32cube.common.mx.oss_6.14.1.202504091515/:?]
	at com.st.stm32cube.common.mx.oss.core.awtswtbridge.EmbeddedSwingComposite$4.run(EmbeddedSwingComposite.java:291) ~[com.st.stm32cube.common.mx.oss_6.14.1.202504091515/:?]
	at com.st.stm32cube.common.mx.oss.core.awtswtbridge.AwtEnvironment$2.run(AwtEnvironment.java:166) ~[com.st.stm32cube.common.mx.oss_6.14.1.202504091515/:?]
	at java.awt.event.InvocationEvent.dispatch(InvocationEvent.java:318) ~[?:?]
	at java.awt.EventQueue.dispatchEventImpl(EventQueue.java:773) ~[?:?]
	at java.awt.EventQueue$4.run(EventQueue.java:720) ~[?:?]
	at java.awt.EventQueue$4.run(EventQueue.java:714) ~[?:?]
	at java.security.AccessController.doPrivileged(AccessController.java:400) ~[?:?]
	at java.security.ProtectionDomain$JavaSecurityAccessImpl.doIntersectionPrivilege(ProtectionDomain.java:87) ~[?:?]
	at java.awt.EventQueue.dispatchEvent(EventQueue.java:742) ~[?:?]
	at java.awt.EventDispatchThread.pumpOneEventForFilters(EventDispatchThread.java:203) ~[?:?]
	at java.awt.EventDispatchThread.pumpEventsForFilter(EventDispatchThread.java:124) ~[?:?]
	at java.awt.EventDispatchThread.pumpEventsForHierarchy(EventDispatchThread.java:113) ~[?:?]
	at java.awt.EventDispatchThread.pumpEvents(EventDispatchThread.java:109) ~[?:?]
	at java.awt.EventDispatchThread.pumpEvents(EventDispatchThread.java:101) ~[?:?]
	at java.awt.EventDispatchThread.run(EventDispatchThread.java:90) ~[?:?]
2025-11-06 15:31:37,100 [WARN] ThirdParty:871 - waiting for thirdparty lock release [close project]
2025-11-06 15:31:37,100 [INFO] ThirdParty:873 - entering critical section [close project]
2025-11-06 15:31:37,100 [INFO] ThirdParty:883 - exiting critical section [close project]
2025-11-06 15:31:37,102 [INFO] PinOutPanel:1589 - setPackage(No Configuration,No Configuration)
2025-11-06 15:31:37,115 [WARN] IpParametersView:155 - Warning: This peripheral hasn't parameters
2025-11-06 15:31:37,127 [WARN] MainPanel:289 - <html><b><center>Warning: This peripheral has no parameters to be configured<br></b></html>
2025-11-06 15:31:37,133 [INFO] UtilMem:75 - Begin LoadConfig() Used Memory: 849321200 Bytes (1073741824)
2025-11-06 15:31:37,135 [INFO] OpenFileManager:354 - Change cursor
2025-11-06 15:31:37,193 [INFO] RulesReader:64 - Compatibility file has been processed (302 Rules)
2025-11-06 15:31:37,205 [INFO] ProjectFactory:442 - No CPN specified for board NUCLEO-F411RE => set CPN to STM32F411RET6
2025-11-06 15:31:37,205 [INFO] Mcu:2011 - Initializing MCU STM32F411R(C-E)Tx STM32F411RETx STM32F411RET6
2025-11-06 15:31:38,430 [INFO] Context:756 - Trying to add GPIOservice into a context  which must be forbidden
2025-11-06 15:31:38,854 [INFO] Rule:225 - rule 117617 - U5Cobra4M][GTZC] default value MPCBB3 and MPCBB5 - Not Secured memory - MPCBB1 is applicable
2025-11-06 15:31:38,854 [INFO] Rule:225 - rule 117617 - U5Cobra4M][GTZC] default value MPCBB3 and MPCBB5 - Not Secured memory - MPCBB1 is applicable
2025-11-06 15:31:38,854 [INFO] Rule:225 - rule 117617 - U5Cobra4M][GTZC] default value MPCBB3 and MPCBB5 - Not Secured memory - MPCBB2 is applicable
2025-11-06 15:31:38,854 [INFO] Rule:225 - rule 117617 - U5Cobra4M][GTZC] default value MPCBB3 and MPCBB5 - Not Secured memory - MPCBB2 is applicable
2025-11-06 15:31:38,854 [INFO] Rule:225 - rule 117617 - U5Cobra4M][GTZC] default value MPCBB3 and MPCBB5 - Not Secured memory - MPCBB3 is applicable
2025-11-06 15:31:38,854 [INFO] Rule:225 - rule 117617 - U5Cobra4M][GTZC] default value MPCBB3 and MPCBB5 - Not Secured memory - MPCBB3 is applicable
2025-11-06 15:31:38,854 [INFO] Rule:225 - rule 117617 - U5Cobra4M][GTZC] default value MPCBB3 and MPCBB5 - Not Secured memory - MPCBB4 is applicable
2025-11-06 15:31:38,854 [INFO] Rule:225 - rule 117617 - U5Cobra4M][GTZC] default value MPCBB3 and MPCBB5 - Not Secured memory - MPCBB4 is applicable
2025-11-06 15:31:38,854 [INFO] Rule:225 - rule 117617 - U5Cobra4M][GTZC] default value MPCBB3 and MPCBB5 - Secured memory - MPCBB1 is applicable
2025-11-06 15:31:38,854 [INFO] Rule:225 - rule 117617 - U5Cobra4M][GTZC] default value MPCBB3 and MPCBB5 - Secured memory - MPCBB2 is applicable
2025-11-06 15:31:38,854 [INFO] Rule:225 - rule 117617 - U5Cobra4M][GTZC] default value MPCBB3 and MPCBB5 - Secured memory - MPCBB3 is applicable
2025-11-06 15:31:38,854 [INFO] Rule:225 - rule 117617 - U5Cobra4M][GTZC] default value MPCBB3 and MPCBB5 - Secured memory - MPCBB4 is applicable
2025-11-06 15:31:38,854 [INFO] Rule:225 - rule 117617 - U5Cobra4M][GTZC] default value MPCBB3 and MPCBB5 - Privileged memory - MPCBB1 is applicable
2025-11-06 15:31:38,854 [INFO] Rule:225 - rule 117617 - U5Cobra4M][GTZC] default value MPCBB3 and MPCBB5 - Privileged memory - MPCBB2 is applicable
2025-11-06 15:31:38,854 [INFO] Rule:225 - rule 117617 - U5Cobra4M][GTZC] default value MPCBB3 and MPCBB5 - Privileged memory - MPCBB3 is applicable
2025-11-06 15:31:38,854 [INFO] Rule:225 - rule 117617 - U5Cobra4M][GTZC] default value MPCBB3 and MPCBB5 - Privileged memory - MPCBB4 is applicable
2025-11-06 15:31:38,854 [INFO] Rule:225 - rule 117617 - U5Cobra4M][GTZC] default value MPCBB3 and MPCBB5 - Not Privileged memory - MPCBB1 is applicable
2025-11-06 15:31:38,854 [INFO] Rule:225 - rule 117617 - U5Cobra4M][GTZC] default value MPCBB3 and MPCBB5 - Not Privileged memory - MPCBB2 is applicable
2025-11-06 15:31:38,854 [INFO] Rule:225 - rule 117617 - U5Cobra4M][GTZC] default value MPCBB3 and MPCBB5 - Not Privileged memory - MPCBB3 is applicable
2025-11-06 15:31:38,854 [INFO] Rule:225 - rule 117617 - U5Cobra4M][GTZC] default value MPCBB3 and MPCBB5 - Not Privileged memory - MPCBB4 is applicable
2025-11-06 15:31:38,854 [INFO] Rule:225 - rule 117617 - U5Cobra4M][GTZC] default value MPCBB3 and MPCBB5 - Privileged memory - MPCBB1 is applicable
2025-11-06 15:31:38,854 [INFO] Rule:225 - rule 117617 - U5Cobra4M][GTZC] default value MPCBB3 and MPCBB5 - Privileged memory - MPCBB2 is applicable
2025-11-06 15:31:38,854 [INFO] Rule:225 - rule 117617 - U5Cobra4M][GTZC] default value MPCBB3 and MPCBB5 - Privileged memory - MPCBB3 is applicable
2025-11-06 15:31:38,854 [INFO] Rule:225 - rule 117617 - U5Cobra4M][GTZC] default value MPCBB3 and MPCBB5 - Privileged memory - MPCBB4 is applicable
2025-11-06 15:31:38,854 [INFO] Rule:225 - rule 117617 - U5Cobra4M][GTZC] default value MPCBB3 and MPCBB5 - Privileged memory - MPCBB1 is applicable
2025-11-06 15:31:38,854 [INFO] Rule:225 - rule 117617 - U5Cobra4M][GTZC] default value MPCBB3 and MPCBB5 - Privileged memory - MPCBB2 is applicable
2025-11-06 15:31:38,854 [INFO] Rule:225 - rule 117617 - U5Cobra4M][GTZC] default value MPCBB3 and MPCBB5 - Privileged memory - MPCBB3 is applicable
2025-11-06 15:31:38,854 [INFO] Rule:225 - rule 117617 - U5Cobra4M][GTZC] default value MPCBB3 and MPCBB5 - Privileged memory - MPCBB4 is applicable
2025-11-06 15:31:38,854 [INFO] Rule:225 - rule 117617 - U5Cobra4M][GTZC] default value MPCBB3 and MPCBB5 - Not Privileged memory - MPCBB1 is applicable
2025-11-06 15:31:38,854 [INFO] Rule:225 - rule 117617 - U5Cobra4M][GTZC] default value MPCBB3 and MPCBB5 - Not Privileged memory - MPCBB2 is applicable
2025-11-06 15:31:38,854 [INFO] Rule:225 - rule 117617 - U5Cobra4M][GTZC] default value MPCBB3 and MPCBB5 - Not Privileged memory - MPCBB3 is applicable
2025-11-06 15:31:38,854 [INFO] Rule:225 - rule 117617 - U5Cobra4M][GTZC] default value MPCBB3 and MPCBB5 - Not Privileged memory - MPCBB4 is applicable
2025-11-06 15:31:38,854 [INFO] Rule:225 - rule 117617 - U5Cobra4M][GTZC] default value MPCBB3 and MPCBB5 - Privileged memory - MPCBB1 is applicable
2025-11-06 15:31:38,854 [INFO] Rule:225 - rule 117617 - U5Cobra4M][GTZC] default value MPCBB3 and MPCBB5 - Privileged memory - MPCBB2 is applicable
2025-11-06 15:31:38,854 [INFO] Rule:225 - rule 117617 - U5Cobra4M][GTZC] default value MPCBB3 and MPCBB5 - Privileged memory - MPCBB3 is applicable
2025-11-06 15:31:38,854 [INFO] Rule:225 - rule 117617 - U5Cobra4M][GTZC] default value MPCBB3 and MPCBB5 - Privileged memory - MPCBB4 is applicable
2025-11-06 15:31:38,854 [INFO] Rule:225 - rule Rename SubGHz_Phy SUBGHZ_APPLICATION SUBGHZ_PINGPONG to SUBGHZ_ADV_APPLICATION is applicable
2025-11-06 15:31:38,854 [INFO] Rule:225 - rule Rename Enabled to IBEACON is applicable
2025-11-06 15:31:38,854 [INFO] Rule:225 - rule GTZC_S instance for project manager is applicable
2025-11-06 15:31:38,855 [INFO] Rule:225 - rule GTZC_S instance for context M33S is applicable
2025-11-06 15:31:38,855 [INFO] Rule:225 - rule GTZC_S instance value for IP GTZC is applicable
2025-11-06 15:31:38,855 [INFO] Rule:225 - rule GTZC_S instance for mcu.IP is applicable
2025-11-06 15:31:38,855 [INFO] Rule:225 - rule GTZC_S instance for VP is applicable
2025-11-06 15:31:38,855 [INFO] Rule:225 - rule GTZC_S instance for signal is applicable
2025-11-06 15:31:38,855 [INFO] Rule:225 - rule GTZC_S instance for mcu.Pin is applicable
2025-11-06 15:31:38,855 [INFO] Rule:225 - rule GTZC_S instance for VP is applicable
2025-11-06 15:31:38,855 [INFO] Rule:225 - rule GTZC_S instance for signal is applicable
2025-11-06 15:31:38,855 [INFO] Rule:225 - rule GTZC_S instance for mcu is applicable
2025-11-06 15:31:38,855 [INFO] Rule:225 - rule GTZC_S instance for mcu.Pin is applicable
2025-11-06 15:31:38,855 [INFO] Rule:225 - rule GTZC_S instance value for IP GTZC is applicable
2025-11-06 15:31:38,855 [INFO] Rule:225 - rule GTZC_S instance for project manager is applicable
2025-11-06 15:31:38,855 [INFO] Rule:225 - rule GTZC_S instance for context M33S is applicable
2025-11-06 15:31:38,855 [INFO] Rule:225 - rule GTZC_S instance for VP is applicable
2025-11-06 15:31:38,855 [INFO] Rule:225 - rule GTZC_S instance for signal is applicable
2025-11-06 15:31:38,855 [INFO] Rule:225 - rule SPDIFRX instance for mcu is applicable
2025-11-06 15:31:38,855 [INFO] Rule:225 - rule Rename Tracer Mode is applicable
2025-11-06 15:31:38,855 [INFO] Rule:225 - rule SPDIFRX instance value for IP SPDIFRX is applicable
2025-11-06 15:31:38,855 [INFO] Rule:225 - rule SPDIFRX instance for signal is applicable
2025-11-06 15:31:38,855 [INFO] Rule:225 - rule SPDIFRX instance for project manager is applicable
2025-11-06 15:31:38,855 [INFO] Rule:225 - rule SPDIFRX instance for project manager is applicable
2025-11-06 15:31:38,855 [INFO] Rule:225 - rule ADC Scan  fix with FW F7 is applicable
2025-11-06 15:31:38,855 [INFO] Rule:225 - rule ADC Scan  fix with FW F7 is applicable
2025-11-06 15:31:38,855 [INFO] Rule:225 - rule WakeUp0 Mode is applicable
2025-11-06 15:31:38,855 [INFO] Rule:225 - rule WakeUp0 SIGNAL is applicable
2025-11-06 15:31:38,855 [INFO] Rule:225 - rule WakeUp1 Mode is applicable
2025-11-06 15:31:38,855 [INFO] Rule:225 - rule WakeUp1 SIGNAL is applicable
2025-11-06 15:31:38,855 [INFO] Rule:225 - rule WakeUp2 Mode is applicable
2025-11-06 15:31:38,855 [INFO] Rule:225 - rule WakeUp2 SIGNAL is applicable
2025-11-06 15:31:38,855 [INFO] Rule:225 - rule WakeUp4 Mode is applicable
2025-11-06 15:31:38,855 [INFO] Rule:225 - rule WakeUp4 SIGNAL is applicable
2025-11-06 15:31:38,855 [INFO] Rule:225 - rule WakeUp5 Mode is applicable
2025-11-06 15:31:38,855 [INFO] Rule:225 - rule WakeUp5 SIGNAL is applicable
2025-11-06 15:31:38,855 [INFO] Rule:225 - rule Add RTC Activate Clock Source is applicable
2025-11-06 15:31:38,855 [INFO] Rule:225 - rule Add RTC Activate Calendar 1 is applicable
2025-11-06 15:31:38,855 [INFO] Rule:225 - rule Add RTC Activate Calendar 2 is applicable
2025-11-06 15:31:38,855 [INFO] Rule:225 - rule Add RTC Activate Calendar 3 is applicable
2025-11-06 15:31:38,855 [INFO] Rule:225 - rule UART/USART TX Mode is applicable
2025-11-06 15:31:38,855 [INFO] Rule:225 - rule UART/USART RX Mode is applicable
2025-11-06 15:31:38,855 [INFO] Rule:225 - rule UART/USART RX TX Mode is applicable
2025-11-06 15:31:38,855 [INFO] Rule:225 - rule UART/USART PARITY NONE is applicable
2025-11-06 15:31:38,855 [INFO] Rule:225 - rule UART/USART PARITY EVEN is applicable
2025-11-06 15:31:38,855 [INFO] Rule:225 - rule UART/USART PARITY ODD is applicable
2025-11-06 15:31:38,856 [INFO] Rule:225 - rule USART StopBits 1 is applicable
2025-11-06 15:31:38,856 [INFO] Rule:225 - rule USART StopBits 2 is applicable
2025-11-06 15:31:38,856 [INFO] Rule:225 - rule USART StopBits 1.5 is applicable
2025-11-06 15:31:38,856 [INFO] Rule:225 - rule USART StopBits 0.5 is applicable
2025-11-06 15:31:38,856 [INFO] Rule:225 - rule UART/USART WORD LENGTH 7 is applicable
2025-11-06 15:31:38,856 [INFO] Rule:225 - rule UART/USART WORD LENGTH 8 is applicable
2025-11-06 15:31:38,856 [INFO] Rule:225 - rule UART/USART WORD LENGTH 9 is applicable
2025-11-06 15:31:38,856 [INFO] Rule:225 - rule Rename FMC NAND NCE signal is applicable
2025-11-06 15:31:38,856 [INFO] Rule:225 - rule Rename FMC NAND INT signal is applicable
2025-11-06 15:31:38,856 [INFO] Rule:225 - rule Change Default Value for LSE Drive Capability for WB family is applicable
2025-11-06 15:31:38,856 [INFO] Rule:225 - rule Change Default Value for ADC Clock Prescaler G0 family is applicable
2025-11-06 15:31:38,856 [INFO] Rule:225 - rule Change Default Value for ADC ExternalTrigConv L4 family is applicable
2025-11-06 15:31:38,856 [INFO] Rule:225 - rule Change Default Value for ADC ExternalTrigInjecConv L4 family is applicable
2025-11-06 15:31:38,856 [INFO] Rule:225 - rule Change Default Value for ADC ExternalTrigConv F3 family is applicable
2025-11-06 15:31:38,856 [INFO] Rule:225 - rule Change Default Value for ADC ExternalTrigInjecConv F3 family is applicable
2025-11-06 15:31:38,856 [INFO] Rule:225 - rule Change Default Value for ADC ExternalTrigConv Goldfish serie is applicable
2025-11-06 15:31:38,856 [INFO] Rule:225 - rule Change Default Value for ADC ExternalTrigInjecConv Goldfish serie is applicable
2025-11-06 15:31:38,856 [INFO] Rule:225 - rule Change Default Value for ADC ExternalTrigConv L0 family is applicable
2025-11-06 15:31:38,856 [INFO] Rule:225 - rule Change Default Value for ADC ExternalTrigConv F0 family is applicable
2025-11-06 15:31:38,856 [INFO] Rule:225 - rule Change Default Value for ADC ExternalTrigConvn L1 family is applicable
2025-11-06 15:31:38,856 [INFO] Rule:225 - rule Change Default Value for ADC ExternalTrigInjecConv L1 family is applicable
2025-11-06 15:31:38,856 [INFO] Rule:225 - rule Change Default Value for ADC ExternalTrigConv F1 family is applicable
2025-11-06 15:31:38,856 [INFO] Rule:225 - rule Change Default Value for ADC ExternalTrigInjecConv F1 family is applicable
2025-11-06 15:31:38,856 [INFO] Rule:225 - rule Change Default Value for ADC ExternalTrigConv F7 family is applicable
2025-11-06 15:31:38,856 [INFO] Rule:225 - rule Change Default Value for ADC ExternalTrigInjecConv F7 family is applicable
2025-11-06 15:31:38,856 [INFO] Rule:225 - rule Change Default Value for ADC ExternalTrigConv F4 and F2 family is applicable
2025-11-06 15:31:38,856 [INFO] Rule:225 - rule Change Default Value for ADC ExternalTrigInjecConv F4 and F2 family is applicable
2025-11-06 15:31:38,856 [INFO] Rule:225 - rule ADC SamplingTime fix with FW L0  is applicable
2025-11-06 15:31:38,856 [INFO] Rule:225 - rule ADC SamplingTime fix with FW L0  is applicable
2025-11-06 15:31:38,856 [INFO] Rule:225 - rule ADC SamplingTime fix with FW L0 is applicable
2025-11-06 15:31:38,856 [INFO] Rule:225 - rule ADC SamplingTime fix with FW L0 is applicable
2025-11-06 15:31:38,856 [INFO] Rule:225 - rule ADC SamplingTime fix with FW L0  is applicable
2025-11-06 15:31:38,856 [INFO] Rule:225 - rule ADC SamplingTime fix with FW L0 is applicable
2025-11-06 15:31:38,856 [INFO] Rule:225 - rule Rename USB_OE Signal is applicable
2025-11-06 15:31:38,856 [INFO] Rule:225 - rule Rename Activate_OE Mode is applicable
2025-11-06 15:31:38,856 [INFO] Rule:225 - rule Rename DIE462/DIE415 pin PC14/OSC32_IN -> PC14-OSC32_IN (PC14) is applicable
2025-11-06 15:31:38,856 [INFO] Rule:225 - rule Rename DIE462/DIE415 pin PC15/OSC32_OUT -> PC15-OSC32_OUT (PC15) is applicable
2025-11-06 15:31:38,856 [INFO] Rule:225 - rule Rename DIE462/DIE415 pin PH0/OSC_IN -> PH0-OSC_IN (PH0) is applicable
2025-11-06 15:31:38,856 [INFO] Rule:225 - rule Rename DIE462/DIE415 pin PH1/OSC_OUT -> PH1-OSC_OUT (PH1) is applicable
2025-11-06 15:31:38,856 [INFO] Rule:225 - rule Rename DIE462 pin PA13 -> PA13 (JTMS/SWDIO) is applicable
2025-11-06 15:31:38,856 [INFO] Rule:225 - rule Rename DIE415 pin PA13 -> PA13 (JTMS/SWDIO) is applicable
2025-11-06 15:31:38,856 [INFO] Rule:225 - rule Rename DIE462 pin PA14 -> PA14 (JTCK/SWCLK) is applicable
2025-11-06 15:31:38,856 [INFO] Rule:225 - rule Rename DIE415 pin PA14 -> PA14 (JTCK/SWCLK) is applicable
2025-11-06 15:31:38,856 [INFO] Rule:225 - rule Rename DIE462/DIE415 pin PA15 -> PA15 (JTDI) is applicable
2025-11-06 15:31:38,856 [INFO] Rule:225 - rule Rename DIE462 pin PB3 -> PB3 (JTD0/TRACESWO) is applicable
2025-11-06 15:31:38,856 [INFO] Rule:225 - rule Rename DIE415 pin PB3 -> PB3 (JTD0-TRACESWO) is applicable
2025-11-06 15:31:38,856 [INFO] Rule:225 - rule Rename DIE462/DIE415 pin PB4 -> PB4 (NJTRST) is applicable
2025-11-06 15:31:38,856 [INFO] Rule:225 - rule Rename DIE462 pin PH3/BOOT0 -> PH3-BOOT0 (BOOT0) is applicable
2025-11-06 15:31:38,856 [INFO] Rule:225 - rule Rename CRYP DataEncryptionTypesList to Algorithm is applicable
2025-11-06 15:31:38,856 [INFO] Rule:225 - rule Rename AES DataEncryptionTypesList to Algorithm is applicable
2025-11-06 15:31:38,856 [INFO] Rule:225 - rule Rename TDESECB to CRYP_TDES_ECB is applicable
2025-11-06 15:31:38,856 [INFO] Rule:225 - rule Rename TDESCBC to CRYP_TDES_CBC is applicable
2025-11-06 15:31:38,856 [INFO] Rule:225 - rule Rename DESECB to CRYP_DES_ECB is applicable
2025-11-06 15:31:38,856 [INFO] Rule:225 - rule Rename DESCBC to CRYP_DES_CBC is applicable
2025-11-06 15:31:38,856 [INFO] Rule:225 - rule Rename AESECB to CRYP_AES_ECB is applicable
2025-11-06 15:31:38,856 [INFO] Rule:225 - rule Rename AESCBC to CRYP_AES_CBC is applicable
2025-11-06 15:31:38,856 [INFO] Rule:225 - rule Rename AESCTR to CRYP_AES_CTR is applicable
2025-11-06 15:31:38,856 [INFO] Rule:225 - rule Rename AESGCM to CRYP_AES_GCM is applicable
2025-11-06 15:31:38,856 [INFO] Rule:225 - rule Rename AESCCM to CRYP_AES_CCM is applicable
2025-11-06 15:31:38,857 [INFO] Rule:225 - rule Rename CAN TimeSeg1 to BS1 is applicable
2025-11-06 15:31:38,857 [INFO] Rule:225 - rule Rename CAN TimeSeg2 to BS2 is applicable
2025-11-06 15:31:38,857 [INFO] Rule:225 - rule Rename CAN SyncJumpWidth to SJW is applicable
2025-11-06 15:31:38,857 [INFO] Rule:225 - rule TimeTriggeredMode to TTCM is applicable
2025-11-06 15:31:38,857 [INFO] Rule:225 - rule Rename CAN AutoBusOff to ABOM is applicable
2025-11-06 15:31:38,857 [INFO] Rule:225 - rule Rename CAN AutoWakeUp to AWUM is applicable
2025-11-06 15:31:38,857 [INFO] Rule:225 - rule Rename CAN AutoRetransmission to NART is applicable
2025-11-06 15:31:38,857 [INFO] Rule:225 - rule Rename CAN ReceiveFifoLocked to RFLM is applicable
2025-11-06 15:31:38,857 [INFO] Rule:225 - rule Rename CAN TransmitFifoPriority to TXFP is applicable
2025-11-06 15:31:38,857 [INFO] Rule:225 - rule Rename HRTIMER HRTIM_OUTPUTFAULTLEVEL_HIGH in HRTIMER HRTIM_OUTPUTFAULTLEVEL_HIGHZ is applicable
2025-11-06 15:31:38,857 [INFO] Rule:225 - rule Rename TIMER TIM_CLEARINPUTSOURCE_OCREFCLR in  TIMER TIM_CLEARINPUTSOURCE_NONE for F7 family is applicable
2025-11-06 15:31:38,857 [INFO] Rule:225 - rule FDCAN_R1 - Rename FDCAN mode Master into Classic is applicable
2025-11-06 15:31:38,857 [INFO] Rule:225 - rule FDCAN_R2 - Rename FDCAN mode Slave into Classic is applicable
2025-11-06 15:31:38,857 [INFO] Rule:225 - rule FDCAN1_R3 - if PA10.Mode=FullDuplex, add Pin PA12 is applicable
2025-11-06 15:31:38,857 [INFO] Rule:225 - rule FDCAN1_R3 - if PA9.Mode=FullDuplex, add Pin PA11 is applicable
2025-11-06 15:31:38,857 [INFO] Rule:225 - rule FDCAN1_R3 - Alternatepin_1 - if PE1.Mode=FullDuplex, add Pin PB9 is applicable
2025-11-06 15:31:38,857 [INFO] Rule:225 - rule FDCAN1_R3 - Alternatepin_1 - if PE0.Mode=FullDuplex, add Pin PB8 is applicable
2025-11-06 15:31:38,857 [INFO] Rule:225 - rule FDCAN1_R3 - Alternatepin_2 - if PD5.Mode=FullDuplex, add Pin PD1 is applicable
2025-11-06 15:31:38,857 [INFO] Rule:225 - rule FDCAN1_R3 - Alternatepin_2 - if PD4.Mode=FullDuplex, add Pin PD0 is applicable
2025-11-06 15:31:38,857 [INFO] Rule:225 - rule FDCAN1_R4 - Rename Mode FullDuplex into Enable FDCAN_TXFD for pin PA10 is applicable
2025-11-06 15:31:38,857 [INFO] Rule:225 - rule FDCAN1_R4 - Rename Mode FullDuplex into Enable FDCAN_TXFD for pin PA9 is applicable
2025-11-06 15:31:38,857 [INFO] Rule:225 - rule FDCAN1_R4 - Alternatepin_1 - Rename Mode FullDuplex into Enable FDCAN_TXFD for pin PE1 is applicable
2025-11-06 15:31:38,857 [INFO] Rule:225 - rule FDCAN1_R4 - Alternatepin_1 - Rename Mode FullDuplex into Enable FDCAN_TXFD for pin PE0 is applicable
2025-11-06 15:31:38,857 [INFO] Rule:225 - rule FDCAN1_R4 - Alternatepin_2 - Rename Mode FullDuplex into Enable FDCAN_TXFD for pin PD5 is applicable
2025-11-06 15:31:38,857 [INFO] Rule:225 - rule FDCAN1_R4 - Alternatepin_2 - Rename Mode FullDuplex into Enable FDCAN_TXFD for pin PD4 is applicable
2025-11-06 15:31:38,857 [INFO] Rule:225 - rule FDCAN2_R3 - if PD10.Mode=FullDuplex, add Pin PB13 is applicable
2025-11-06 15:31:38,857 [INFO] Rule:225 - rule FDCAN2_R3 - if PD9.Mode=FullDuplex, add Pin PB12 is applicable
2025-11-06 15:31:38,857 [INFO] Rule:225 - rule FDCAN2_R3 - Alternatepin_1 - if PB7.Mode=FullDuplex, add Pin PB6 is applicable
2025-11-06 15:31:38,857 [INFO] Rule:225 - rule FDCAN2_R3 - Alternatepin_1 - if PD9.Mode=FullDuplex, add Pin PB12 is applicable
2025-11-06 15:31:38,857 [INFO] Rule:225 - rule FDCAN2_R4 - Rename Mode FullDuplex into Enable FDCAN_TXFD for pin PD10 is applicable
2025-11-06 15:31:38,857 [INFO] Rule:225 - rule FDCAN2_R4 - Rename Mode FullDuplex into Enable FDCAN_TXFD for pin PD9 is applicable
2025-11-06 15:31:38,857 [INFO] Rule:225 - rule FDCAN2_R4 - Alternatepin_1 - Rename Mode FullDuplex into Enable FDCAN_TXFD for pin PB7 is applicable
2025-11-06 15:31:38,857 [INFO] Rule:225 - rule FDCAN2_R4 - Alternatepin_1 - Rename Mode FullDuplex into Enable FDCAN_TXFD for pin PD6 is applicable
2025-11-06 15:31:38,857 [INFO] Rule:225 - rule USART TxPinLevelInvertParam Mode is applicable
2025-11-06 15:31:38,857 [INFO] Rule:225 - rule USART RxPinLevelInvertParam Mode is applicable
2025-11-06 15:31:38,857 [INFO] Rule:225 - rule USART DataInvertParam Mode is applicable
2025-11-06 15:31:38,857 [INFO] Rule:225 - rule USART SwapParam Mode is applicable
2025-11-06 15:31:38,857 [INFO] Rule:225 - rule USART OverrunDisableParam Mode is applicable
2025-11-06 15:31:38,857 [INFO] Rule:225 - rule USART DMADisableonRxErrorParam Mode is applicable
2025-11-06 15:31:38,857 [INFO] Rule:225 - rule USART MSBFirstParam Mode is applicable
2025-11-06 15:31:38,857 [INFO] Rule:225 - rule Update MwName for USB_DEVICE is applicable
2025-11-06 15:31:38,857 [INFO] Rule:225 - rule Change PWR_Regulator_Voltage_Scale Default Value for RCC  H7 family is applicable
2025-11-06 15:31:38,857 [INFO] Rule:225 - rule UART/USART IPParameter rename Prescaler parameter to ClockPrescaler is applicable
2025-11-06 15:31:38,857 [INFO] Rule:225 - rule UART/USART Prescaler rename Prescaler parameter to ClockPrescaler is applicable
2025-11-06 15:31:38,857 [INFO] Rule:225 - rule TIM1CLockSelection is applicable
2025-11-06 15:31:38,857 [INFO] Rule:225 - rule TIM15CLockSelection is applicable
2025-11-06 15:31:38,857 [INFO] Rule:225 - rule align RCC SDMMC3CLockSelection default value on MP1 is applicable
2025-11-06 15:31:38,857 [INFO] Rule:225 - rule align RCC SDMMC12CLockSelection default value on MP1 is applicable
2025-11-06 15:31:38,857 [INFO] Rule:225 - rule align RCC QSPICLockSelection default value on MP1 is applicable
2025-11-06 15:31:38,857 [INFO] Rule:225 - rule align RCC QSPICLockSelection default value on MP1 is applicable
2025-11-06 15:31:38,857 [INFO] Rule:225 - rule align RCC SPI6CLockSelection default value on MP1 is applicable
2025-11-06 15:31:38,857 [INFO] Rule:225 - rule align RCC LPTIM23CLockSelection default value on MP1 is applicable
2025-11-06 15:31:38,857 [INFO] Rule:225 - rule align RCC LPTIM1CLockSelection default value on MP1 is applicable
2025-11-06 15:31:38,857 [INFO] Rule:225 - rule align RCC USART1CLockSelection default value on MP1 is applicable
2025-11-06 15:31:38,857 [INFO] Rule:225 - rule align RCC USART24CLockSelection default value on MP1 is applicable
2025-11-06 15:31:38,857 [INFO] Rule:225 - rule align RCC USART6CLockSelection default value on MP1 is applicable
2025-11-06 15:31:38,857 [INFO] Rule:225 - rule align RCC UART78CLockSelection default value on MP1 is applicable
2025-11-06 15:31:38,857 [INFO] Rule:225 - rule align RCC USART35CLockSelection default value on MP1 is applicable
2025-11-06 15:31:38,857 [INFO] Rule:225 - rule align RCC SPI45CLockSelection default value on MP1 is applicable
2025-11-06 15:31:38,857 [INFO] Rule:225 - rule align RCC I2C46CLockSelection BCLK value on MP1 is applicable
2025-11-06 15:31:38,857 [INFO] Rule:225 - rule align RCC SPI45CLockSelection default value on MP1 is applicable
2025-11-06 15:31:38,858 [INFO] Rule:225 - rule align RCC I2C12CLockSelection default value on MP1 is applicable
2025-11-06 15:31:38,858 [INFO] Rule:225 - rule align RCC I2C35CLockSelection default value on MP1 is applicable
2025-11-06 15:31:38,858 [INFO] Rule:225 - rule align RCC LPTIM45CLockSelection default value on MP1 is applicable
2025-11-06 15:31:38,858 [INFO] Rule:225 - rule Rename DCMI PIXCK signal is applicable
2025-11-06 15:31:38,858 [INFO] Rule:225 - rule Change Default Value for I2C46CLockSelection MP1 family is applicable
2025-11-06 15:31:38,858 [INFO] Rule:225 - rule Change Default Value for UART for G4, G0 and WB families is applicable
2025-11-06 15:31:38,858 [INFO] Rule:225 - rule Change Default Value for USART for G4, G0 and WB families is applicable
2025-11-06 15:31:38,858 [INFO] Rule:225 - rule Change Default Value for USART for G4 family is applicable
2025-11-06 15:31:38,858 [INFO] Rule:225 - rule Change USART1CLockSelection refparam name for MP1 is applicable
2025-11-06 15:31:38,858 [INFO] Rule:225 - rule Change USART2CLockSelection refparam name for MP1 is applicable
2025-11-06 15:31:38,858 [INFO] Rule:225 - rule Change USART3CLockSelection refparam name for MP1 is applicable
2025-11-06 15:31:38,858 [INFO] Rule:225 - rule Change UART4CLockSelection refparam name for MP1 is applicable
2025-11-06 15:31:38,858 [INFO] Rule:225 - rule Change UART5CLockSelection refparam name for MP1 is applicable
2025-11-06 15:31:38,858 [INFO] Rule:225 - rule Change LPUART1CLockSelection refparam name for MP1 is applicable
2025-11-06 15:31:38,858 [INFO] Rule:225 - rule Change LPTIM1CLockSelection refparam name for MP1 is applicable
2025-11-06 15:31:38,858 [INFO] Rule:225 - rule Change LPTIM2CLockSelection refparam name for MP1 is applicable
2025-11-06 15:31:38,858 [INFO] Rule:225 - rule Change RCC_MCO1Source refparam name for MP1 is applicable
2025-11-06 15:31:38,858 [INFO] Rule:225 - rule Change LSCOSource1 refparam name for MP1 is applicable
2025-11-06 15:31:38,858 [INFO] Rule:225 - rule Change SMPSCLockSelection refparam name for MP1 is applicable
2025-11-06 15:31:38,858 [INFO] Rule:225 - rule Change LPTIM3CLockSelection refparam name for MP1 is applicable
2025-11-06 15:31:38,858 [INFO] Rule:225 - rule Change MPCBB* Default Template Mode to Parameters is applicable
2025-11-06 15:31:38,858 [INFO] Rule:225 - rule Change MPCWM* or MPCBB* Secure Mode to Parameters is applicable
2025-11-06 15:31:38,858 [INFO] Rule:225 - rule Change MPCWM* or MPCBB* No Secure Mode to Parameters is applicable
2025-11-06 15:31:38,858 [INFO] Rule:225 - rule Change TZSC IP Secure Mode to Parameters is applicable
2025-11-06 15:31:38,858 [INFO] Rule:225 - rule Change TZSC IP No Secure Mode to Parameters is applicable
2025-11-06 15:31:38,858 [INFO] Rule:225 - rule Change TZSC IP Privilege Mode to Parameters is applicable
2025-11-06 15:31:38,858 [INFO] Rule:225 - rule Change TZSC IP No Privilege Mode to Parameters is applicable
2025-11-06 15:31:38,858 [INFO] Rule:225 - rule Change TZIC IT Secure Mode to Parameters is applicable
2025-11-06 15:31:38,858 [INFO] Rule:225 - rule Change TZIC IT No Secure Mode to Parameters is applicable
2025-11-06 15:31:38,858 [INFO] Rule:225 - rule Add MPCBB1_NonSecureArea_Start_Address value with referenced to MPCBB1_NonSecureArea_Start value is applicable
2025-11-06 15:31:38,858 [INFO] Rule:225 - rule Add MPCBB2_NonSecureArea_Start_Address value with referenced to MPCBB2_NonSecureArea_Start value is applicable
2025-11-06 15:31:38,858 [INFO] Rule:225 - rule Add MPCWM1_NonSecureArea*_Start_Address value with referenced to MPCWM1_NonSecureArea*_Start value is applicable
2025-11-06 15:31:38,858 [INFO] Rule:225 - rule Add MPCWM2_NonSecureArea*_Start_Address value with referenced to MPCWM2_NonSecureArea*_Start value is applicable
2025-11-06 15:31:38,858 [INFO] Rule:225 - rule Add MPCWM3_NonSecureArea_Start_Address value with referenced to MPCWM3_NonSecureArea_Start value is applicable
2025-11-06 15:31:38,858 [INFO] Rule:225 - rule Change Default Value for PLL1UserDefinedConfig is applicable
2025-11-06 15:31:38,858 [INFO] Rule:225 - rule Change GPIO_PuPd Default Value for USART in async mode is applicable
2025-11-06 15:31:38,858 [INFO] Rule:225 - rule Change SMPSDivider Default Value is applicable
2025-11-06 15:31:38,858 [INFO] Rule:225 - rule OPAMP is applicable
2025-11-06 15:31:38,858 [INFO] Rule:225 - rule LPUART IPParameter rename Prescaler parameter to ClockPrescaler for STM32H7 is applicable
2025-11-06 15:31:38,858 [INFO] Rule:225 - rule LPUART IPParameter rename Prescaler parameter to ClockPrescaler for STM32H7 is applicable
2025-11-06 15:31:38,858 [INFO] Rule:225 - rule LPUART IPParameter rename Prescaler parameter to ClockPrescaler for STM32WB is applicable
2025-11-06 15:31:38,858 [INFO] Rule:225 - rule LPUART IPParameter rename Prescaler parameter to ClockPrescaler for STM32WB is applicable
2025-11-06 15:31:38,858 [INFO] Rule:225 - rule LPUART IPParameter rename Prescaler parameter to ClockPrescaler for STM32G4 is applicable
2025-11-06 15:31:38,858 [INFO] Rule:225 - rule LPUART IPParameter rename Prescaler parameter to ClockPrescaler for STM32G4 is applicable
2025-11-06 15:31:38,858 [INFO] Rule:225 - rule LPUART IPParameter rename Prescaler parameter to ClockPrescaler for STM32L5 is applicable
2025-11-06 15:31:38,858 [INFO] Rule:225 - rule LPUART IPParameter rename Prescaler parameter to ClockPrescaler for STM32L5 is applicable
2025-11-06 15:31:38,858 [INFO] Rule:225 - rule LPUART IPParameter rename Prescaler parameter to ClockPrescaler for STM32G4 is applicable
2025-11-06 15:31:38,858 [INFO] Rule:225 - rule LPUART IPParameter rename Prescaler parameter to ClockPrescaler for STM32G4 is applicable
2025-11-06 15:31:38,858 [INFO] Rule:225 - rule USB device lib V2.5.3 for L0 rename USBD_SUPPORT_USER_STRING parameter to USBD_SUPPORT_USER_STRING_DESC4 is applicable
2025-11-06 15:31:38,858 [INFO] Rule:225 - rule I2SCLockSelection clock entry align is applicable
2025-11-06 15:31:38,858 [INFO] Rule:225 - rule Assign TIMx context if used as SYS timebase is applicable
2025-11-06 15:31:38,858 [INFO] Rule:225 - rule Change GPIO_Pu Default Value for I2C is applicable
2025-11-06 15:31:38,858 [INFO] Rule:225 - rule Change GPIO_Pu Default Value for SMBus is applicable
2025-11-06 15:31:38,858 [INFO] Rule:225 - rule change FDCAN default value is applicable
2025-11-06 15:31:38,858 [INFO] Rule:225 - rule Change mode sai is applicable
2025-11-06 15:31:38,858 [INFO] Rule:225 - rule **Change sai mode is applicable
2025-11-06 15:31:38,858 [INFO] Rule:225 - rule Rename STM32WPAN CFG_BLE_IRK to CFG_BLE_IR is applicable
2025-11-06 15:31:38,858 [INFO] Rule:225 - rule Rename STM32WPAN CFG_BLE_ERK to CFG_BLE_ER is applicable
2025-11-06 15:31:38,858 [INFO] Rule:225 - rule Rename STM32WPAN CFG_BLE_IRK_HEX to CFG_BLE_IR_HEX is applicable
2025-11-06 15:31:38,858 [INFO] Rule:225 - rule Rename STM32WPAN CFG_BLE_ERK_HEX to CFG_BLE_ER_HEX is applicable
2025-11-06 15:31:38,858 [INFO] Rule:225 - rule Adapt Old IOC before rework replace old CORTEX_M33/CORTEX_M55 attributes by the new one. is applicable
2025-11-06 15:31:38,858 [INFO] Rule:225 - rule Rename parametre of RCC RCC_APBDBG_DIV2 to RCC_TIMPRES_DIV2 is applicable
2025-11-06 15:31:38,858 [INFO] Rule:225 - rule Rename DIE493 pin PA10 [PA12] -> PA10 is applicable
2025-11-06 15:31:38,859 [INFO] Rule:225 - rule Rename DIE493 pin PA9 [PA11] -> PA9 is applicable
2025-11-06 15:31:38,859 [INFO] Rule:225 - rule Adapt Old IOC CSI. is applicable
2025-11-06 15:31:38,870 [INFO] DbConfProperties:307 - Apply Compatibility (49/267 Rules)
2025-11-06 15:31:38,889 [INFO] ImportTextPane:218 - (OptionalMessage_ERROR) Unable to find key (Mcu.ThirdPartyNb) in loaded IOC file
2025-11-06 15:31:38,890 [INFO] ImportTextPane:218 - (OptionalMessage_ERROR) Pin12 (VP_RIF_VS_RIF1) cannot be retrieved for this MCU
2025-11-06 15:31:38,941 [INFO] RtosManager:558 - Registered RTOS mode: class=CMSIS, group=RTOS, mode=CMSIS_V1, owner=FREERTOS
2025-11-06 15:31:38,941 [INFO] RtosManager:558 - Registered RTOS mode: class=CMSIS, group=RTOS2, mode=CMSIS_V2, owner=FREERTOS
2025-11-06 15:31:38,941 [INFO] RtosManager:558 - Registered RTOS mode: class=RTOS, group=Core, mode=CMSIS_V1, owner=FREERTOS
2025-11-06 15:31:38,941 [INFO] RtosManager:558 - Registered RTOS mode: class=RTOS, group=Core, mode=CMSIS_V2, owner=FREERTOS
2025-11-06 15:31:38,941 [WARN] ModelIntegratedComponent:184 - Missing modes for component STMicroelectronics:FreeRTOS:0.0.1:STMicroelectronics:RTOS:FreeRTOS:Core:::10.2.0:
2025-11-06 15:31:38,949 [WARN] ModelIntegratedComponent:182 - Modes not found for component STMicroelectronics:USB_HOST:1.0.0:STMicroelectronics:USB::USB Host:Audio HS::1.0:USB_HOST_1_0_RESTRICTED_HS
2025-11-06 15:31:38,950 [WARN] ModelIntegratedComponent:188 - Modes not found for component STMicroelectronics:USB_HOST:1.0.0:STMicroelectronics:USB::USB Host:Audio HS::1.0:USB_HOST_1_0_RESTRICTED_HS
2025-11-06 15:31:38,950 [WARN] ModelIntegratedComponent:182 - Modes not found for component STMicroelectronics:USB_HOST:1.0.0:STMicroelectronics:USB::USB Host:CDC HS::1.0:USB_HOST_1_0_RESTRICTED_HS
2025-11-06 15:31:38,950 [WARN] ModelIntegratedComponent:188 - Modes not found for component STMicroelectronics:USB_HOST:1.0.0:STMicroelectronics:USB::USB Host:CDC HS::1.0:USB_HOST_1_0_RESTRICTED_HS
2025-11-06 15:31:38,950 [WARN] ModelIntegratedComponent:182 - Modes not found for component STMicroelectronics:USB_HOST:1.0.0:STMicroelectronics:USB::USB Host:MSC HS::1.0:USB_HOST_1_0_RESTRICTED_HS
2025-11-06 15:31:38,950 [WARN] ModelIntegratedComponent:188 - Modes not found for component STMicroelectronics:USB_HOST:1.0.0:STMicroelectronics:USB::USB Host:MSC HS::1.0:USB_HOST_1_0_RESTRICTED_HS
2025-11-06 15:31:38,950 [WARN] ModelIntegratedComponent:182 - Modes not found for component STMicroelectronics:USB_HOST:1.0.0:STMicroelectronics:USB::USB Host:HID HS::1.0:USB_HOST_1_0_RESTRICTED_HS
2025-11-06 15:31:38,950 [WARN] ModelIntegratedComponent:188 - Modes not found for component STMicroelectronics:USB_HOST:1.0.0:STMicroelectronics:USB::USB Host:HID HS::1.0:USB_HOST_1_0_RESTRICTED_HS
2025-11-06 15:31:38,950 [WARN] ModelIntegratedComponent:182 - Modes not found for component STMicroelectronics:USB_HOST:1.0.0:STMicroelectronics:USB::USB Host:MTP HS::1.0:USB_HOST_1_0_RESTRICTED_HS
2025-11-06 15:31:38,950 [WARN] ModelIntegratedComponent:188 - Modes not found for component STMicroelectronics:USB_HOST:1.0.0:STMicroelectronics:USB::USB Host:MTP HS::1.0:USB_HOST_1_0_RESTRICTED_HS
2025-11-06 15:31:38,959 [WARN] ModelIntegratedComponent:63 - No mode defined for component null
2025-11-06 15:31:38,959 [WARN] ModelIntegratedComponent:63 - No mode defined for component null
2025-11-06 15:31:38,959 [WARN] ModelIntegratedComponent:63 - No mode defined for component null
2025-11-06 15:31:38,959 [WARN] ModelIntegratedComponent:63 - No mode defined for component null
2025-11-06 15:31:38,959 [WARN] ModelIntegratedComponent:63 - No mode defined for component null
2025-11-06 15:31:38,959 [WARN] ModelIntegratedComponent:63 - No mode defined for component null
2025-11-06 15:31:38,959 [WARN] ModelIntegratedComponent:63 - No mode defined for component null
2025-11-06 15:31:38,959 [WARN] ModelIntegratedComponent:63 - No mode defined for component null
2025-11-06 15:31:38,959 [WARN] ModelIntegratedComponent:63 - No mode defined for component null
2025-11-06 15:31:38,959 [WARN] ModelIntegratedComponent:63 - No mode defined for component null
2025-11-06 15:31:38,959 [WARN] ModelIntegratedComponent:63 - No mode defined for component null
2025-11-06 15:31:38,959 [WARN] ModelIntegratedComponent:63 - No mode defined for component null
2025-11-06 15:31:38,959 [WARN] ModelIntegratedComponent:63 - No mode defined for component null
2025-11-06 15:31:38,959 [WARN] ModelIntegratedComponent:63 - No mode defined for component null
2025-11-06 15:31:38,959 [WARN] ModelIntegratedComponent:63 - No mode defined for component null
2025-11-06 15:31:38,959 [WARN] ModelIntegratedComponent:63 - No mode defined for component null
2025-11-06 15:31:38,959 [WARN] ModelIntegratedComponent:63 - No mode defined for component null
2025-11-06 15:31:38,959 [WARN] ModelIntegratedComponent:63 - No mode defined for component null
2025-11-06 15:31:38,959 [WARN] ModelIntegratedComponent:63 - No mode defined for component null
2025-11-06 15:31:38,959 [WARN] ModelIntegratedComponent:63 - No mode defined for component null
2025-11-06 15:31:38,959 [WARN] ModelIntegratedComponent:63 - No mode defined for component null
2025-11-06 15:31:38,959 [WARN] ModelIntegratedComponent:63 - No mode defined for component null
2025-11-06 15:31:38,959 [WARN] ModelIntegratedComponent:63 - No mode defined for component null
2025-11-06 15:31:38,959 [WARN] ModelIntegratedComponent:63 - No mode defined for component null
2025-11-06 15:31:38,959 [WARN] ModelIntegratedComponent:63 - No mode defined for component null
2025-11-06 15:31:38,960 [WARN] ModelIntegratedComponent:63 - No mode defined for component null
2025-11-06 15:31:38,960 [WARN] ModelIntegratedComponent:63 - No mode defined for component null
2025-11-06 15:31:38,960 [WARN] ModelIntegratedComponent:63 - No mode defined for component null
2025-11-06 15:31:38,960 [WARN] ModelIntegratedComponent:63 - No mode defined for component null
2025-11-06 15:31:38,960 [WARN] ModelIntegratedComponent:63 - No mode defined for component null
2025-11-06 15:31:38,960 [WARN] ModelIntegratedComponent:63 - No mode defined for component null
2025-11-06 15:31:38,960 [WARN] ModelIntegratedComponent:63 - No mode defined for component null
2025-11-06 15:31:38,960 [WARN] ModelIntegratedComponent:63 - No mode defined for component null
2025-11-06 15:31:38,960 [WARN] ModelIntegratedComponent:63 - No mode defined for component null
2025-11-06 15:31:38,960 [WARN] ModelIntegratedComponent:63 - No mode defined for component null
2025-11-06 15:31:38,960 [WARN] ModelPack:524 - Component already loaded: STMicroelectronics:HAL Drivers:0.0.0:STMicroelectronics:Device:STMicro_Driver:XSPI:HAL::0.0.1:HAL_XSPI
2025-11-06 15:31:39,181 [WARN] ModelIntegratedComponent:182 - Modes not found for component STMicroelectronics:USB_DEVICE:1.0.0:STMicroelectronics:USB::USB Device:Audio HS::1.0:USB_DEVICE_1_0_RESTRICTED_HS
2025-11-06 15:31:39,181 [WARN] ModelIntegratedComponent:188 - Modes not found for component STMicroelectronics:USB_DEVICE:1.0.0:STMicroelectronics:USB::USB Device:Audio HS::1.0:USB_DEVICE_1_0_RESTRICTED_HS
2025-11-06 15:31:39,182 [WARN] ModelIntegratedComponent:182 - Modes not found for component STMicroelectronics:USB_DEVICE:1.0.0:STMicroelectronics:USB::USB Device:CDC HS::1.0:USB_DEVICE_1_0_RESTRICTED_HS
2025-11-06 15:31:39,183 [WARN] ModelIntegratedComponent:188 - Modes not found for component STMicroelectronics:USB_DEVICE:1.0.0:STMicroelectronics:USB::USB Device:CDC HS::1.0:USB_DEVICE_1_0_RESTRICTED_HS
2025-11-06 15:31:39,183 [WARN] ModelIntegratedComponent:182 - Modes not found for component STMicroelectronics:USB_DEVICE:1.0.0:STMicroelectronics:USB::USB Device:DFU HS::1.0:USB_DEVICE_1_0_RESTRICTED_HS
2025-11-06 15:31:39,183 [WARN] ModelIntegratedComponent:188 - Modes not found for component STMicroelectronics:USB_DEVICE:1.0.0:STMicroelectronics:USB::USB Device:DFU HS::1.0:USB_DEVICE_1_0_RESTRICTED_HS
2025-11-06 15:31:39,183 [WARN] ModelIntegratedComponent:182 - Modes not found for component STMicroelectronics:USB_DEVICE:1.0.0:STMicroelectronics:USB::USB Device:HID HS::1.0:USB_DEVICE_1_0_RESTRICTED_HS
2025-11-06 15:31:39,183 [WARN] ModelIntegratedComponent:188 - Modes not found for component STMicroelectronics:USB_DEVICE:1.0.0:STMicroelectronics:USB::USB Device:HID HS::1.0:USB_DEVICE_1_0_RESTRICTED_HS
2025-11-06 15:31:39,183 [WARN] ModelIntegratedComponent:182 - Modes not found for component STMicroelectronics:USB_DEVICE:1.0.0:STMicroelectronics:USB::USB Device:Custom HID HS::1.0:USB_DEVICE_1_0_RESTRICTED_HS
2025-11-06 15:31:39,183 [WARN] ModelIntegratedComponent:188 - Modes not found for component STMicroelectronics:USB_DEVICE:1.0.0:STMicroelectronics:USB::USB Device:Custom HID HS::1.0:USB_DEVICE_1_0_RESTRICTED_HS
2025-11-06 15:31:39,183 [WARN] ModelIntegratedComponent:182 - Modes not found for component STMicroelectronics:USB_DEVICE:1.0.0:STMicroelectronics:USB::USB Device:MSC HS::1.0:USB_DEVICE_1_0_RESTRICTED_HS
2025-11-06 15:31:39,183 [WARN] ModelIntegratedComponent:188 - Modes not found for component STMicroelectronics:USB_DEVICE:1.0.0:STMicroelectronics:USB::USB Device:MSC HS::1.0:USB_DEVICE_1_0_RESTRICTED_HS
2025-11-06 15:31:39,201 [INFO] ThirdPartyModel:298 - Start build external matchings
2025-11-06 15:31:40,045 [INFO] ThirdPartyModel:316 - End build external matchings
2025-11-06 15:31:40,062 [INFO] ImportTextPane:218 - (OptionalMessage_ERROR) IP (RCC) : Parameter (48MHZClocksFreq_Value) has invalid value (84000000)
2025-11-06 15:31:40,063 [INFO] ImportTextPane:218 - (OptionalMessage_ERROR) IP (RCC) : Parameter (FLatency) has Id (AdvancedSettings) currently not set
2025-11-06 15:31:40,063 [INFO] ImportTextPane:218 - (OptionalMessage_ERROR) IP (RCC) : Parameter (RTCHSEDivFreq_Value) has invalid value (4000000)
2025-11-06 15:31:40,327 [INFO] UtilMem:75 - End LoadConfig() Used Memory: 798933464 Bytes (1073741824)
2025-11-06 15:31:40,360 [WARN] ThirdParty:833 - waiting for thirdparty lock release [change project]
2025-11-06 15:31:40,360 [INFO] ThirdParty:835 - entering critical section [change project]
2025-11-06 15:31:40,360 [INFO] ThirdParty:1030 - CMSIS Pack Vendor :STMicroelectronics X-CUBE-PM33A1 1.0.0
2025-11-06 15:31:40,361 [INFO] ThirdParty:1030 - CMSIS Pack Vendor :STMicroelectronics USBPD 4.1
2025-11-06 15:31:40,361 [INFO] ThirdParty:1030 - CMSIS Pack Vendor :STMicroelectronics X-CUBE-NFC9 1.0.0
2025-11-06 15:31:40,361 [INFO] ThirdParty:1030 - CMSIS Pack Vendor :STMicroelectronics USB_HOST 2.0.0
2025-11-06 15:31:40,361 [INFO] ThirdParty:1030 - CMSIS Pack Vendor :STMicroelectronics FP-SNS-MOTENVWB1 1.4.0
2025-11-06 15:31:40,361 [INFO] ThirdParty:1030 - CMSIS Pack Vendor :STMicroelectronics X-CUBE-AZRTOS-F4 1.1.0
2025-11-06 15:31:40,361 [INFO] ThirdParty:1030 - CMSIS Pack Vendor :STMicroelectronics LIBJPEG 8.0.0
2025-11-06 15:31:40,361 [INFO] ThirdParty:1030 - CMSIS Pack Vendor :STMicroelectronics FP-ATR-ASTRA1 2.0.2
2025-11-06 15:31:40,361 [INFO] ThirdParty:1030 - CMSIS Pack Vendor :wolfSSL I-CUBE-wolfSSL 5.8.2
2025-11-06 15:31:40,361 [INFO] ThirdParty:1030 - CMSIS Pack Vendor :STMicroelectronics X-CUBE-BLE1 7.1.0
2025-11-06 15:31:40,361 [INFO] ThirdParty:1030 - CMSIS Pack Vendor :STMicroelectronics X-CUBE-SMBUS 2.1.0
2025-11-06 15:31:40,361 [INFO] ThirdParty:1030 - CMSIS Pack Vendor :wolfSSL I-CUBE-wolfMQTT 1.19.2
2025-11-06 15:31:40,361 [INFO] ThirdParty:1030 - CMSIS Pack Vendor :STMicroelectronics USB_DEVICE 3.0.0
2025-11-06 15:31:40,361 [INFO] ThirdParty:1030 - CMSIS Pack Vendor :STMicroelectronics X-CUBE-ISPU 2.1.0
2025-11-06 15:31:40,361 [INFO] ThirdParty:1030 - CMSIS Pack Vendor :STMicroelectronics X-CUBE-EEPRMA1 5.2.0
2025-11-06 15:31:40,361 [INFO] ThirdParty:1030 - CMSIS Pack Vendor :STMicroelectronics X-CUBE-BLEMGR 4.1.0
2025-11-06 15:31:40,361 [INFO] ThirdParty:1030 - CMSIS Pack Vendor :STMicroelectronics X-CUBE-AZRTOS-WB 2.0.0
2025-11-06 15:31:40,361 [INFO] ThirdParty:1030 - CMSIS Pack Vendor :STMicroelectronics X-CUBE-GNSS1 7.0.1
2025-11-06 15:31:40,361 [INFO] ThirdParty:1030 - CMSIS Pack Vendor :STMicroelectronics X-CUBE-NFC12 1.0.0
2025-11-06 15:31:40,361 [INFO] ThirdParty:1030 - CMSIS Pack Vendor :STMicroelectronics X-CUBE-AZRTOS-F7 1.1.0
2025-11-06 15:31:40,361 [INFO] ThirdParty:1030 - CMSIS Pack Vendor :STMicroelectronics X-CUBE-AZRTOS-L5 2.0.0
2025-11-06 15:31:40,361 [INFO] ThirdParty:1030 - CMSIS Pack Vendor :STMicroelectronics USB_DEVICE 2.0.0
2025-11-06 15:31:40,361 [INFO] ThirdParty:1030 - CMSIS Pack Vendor :STMicroelectronics X-CUBE-NFC6 3.1.0
2025-11-06 15:31:40,361 [INFO] ThirdParty:1030 - CMSIS Pack Vendor :Cesanta I-CUBE-Mongoose 7.19.0
2025-11-06 15:31:40,361 [INFO] ThirdParty:1030 - CMSIS Pack Vendor :quantropi X-CUBE-qispace-sdk-base 2.1.0
2025-11-06 15:31:40,361 [INFO] ThirdParty:1030 - CMSIS Pack Vendor :STMicroelectronics FreeRTOS 0.0.1
2025-11-06 15:31:40,361 [INFO] ThirdParty:1030 - CMSIS Pack Vendor :STMicroelectronics X-CUBE-AZRTOS-G0 1.1.0
2025-11-06 15:31:40,361 [INFO] ThirdParty:1030 - CMSIS Pack Vendor :STMicroelectronics X-CUBE-SAFEA1 1.2.2
2025-11-06 15:31:40,361 [INFO] ThirdParty:1030 - CMSIS Pack Vendor :STMicroelectronics X-CUBE-NFC4 3.0.0
2025-11-06 15:31:40,361 [INFO] ThirdParty:1030 - CMSIS Pack Vendor :STMicroelectronics X-CUBE-SUBG2 5.0.0
2025-11-06 15:31:40,361 [INFO] ThirdParty:1030 - CMSIS Pack Vendor :STMicroelectronics X-CUBE-AZRTOS-H7RS 1.1.0
2025-11-06 15:31:40,361 [INFO] ThirdParty:1030 - CMSIS Pack Vendor :STMicroelectronics STM32_WPAN 1.0.0
2025-11-06 15:31:40,361 [INFO] ThirdParty:1030 - CMSIS Pack Vendor :EmbeddedOffice I-CUBE-FS-RTOS 1.0.1
2025-11-06 15:31:40,361 [INFO] ThirdParty:1030 - CMSIS Pack Vendor :STMicroelectronics lwIP 2.0.3
2025-11-06 15:31:40,361 [INFO] ThirdParty:1030 - CMSIS Pack Vendor :STMicroelectronics USB_HOST 1.0.0
2025-11-06 15:31:40,361 [INFO] ThirdParty:1030 - CMSIS Pack Vendor :Infineon AIROC-Wi-Fi-Bluetooth-STM32 1.7.1
2025-11-06 15:31:40,361 [INFO] ThirdParty:1030 - CMSIS Pack Vendor :STMicroelectronics X-CUBE-AZRTOS-G4 2.0.0
2025-11-06 15:31:40,361 [INFO] ThirdParty:1030 - CMSIS Pack Vendor :STMicroelectronics X-CUBE-WB05N 2.0.0
2025-11-06 15:31:40,361 [INFO] ThirdParty:1030 - CMSIS Pack Vendor :STMicroelectronics PDM2PCM 3.1.0
2025-11-06 15:31:40,362 [INFO] ThirdParty:1030 - CMSIS Pack Vendor :STMicroelectronics PDM2PCM 3.3.0
2025-11-06 15:31:40,362 [INFO] ThirdParty:1030 - CMSIS Pack Vendor :wolfSSL I-CUBE-wolfTPM 3.8.0
2025-11-06 15:31:40,362 [INFO] ThirdParty:1030 - CMSIS Pack Vendor :STMicroelectronics X-CUBE-AZRTOS-H7 3.4.0
2025-11-06 15:31:40,362 [INFO] ThirdParty:1030 - CMSIS Pack Vendor :STMicroelectronics X-CUBE-DISPLAY 3.0.0
2025-11-06 15:31:40,362 [INFO] ThirdParty:1030 - CMSIS Pack Vendor :wolfSSL I-CUBE-wolfSSH 1.4.20
2025-11-06 15:31:40,362 [INFO] ThirdParty:1030 - CMSIS Pack Vendor :STMicroelectronics X-CUBE-NFC7 2.0.0
2025-11-06 15:31:40,362 [INFO] ThirdParty:1030 - CMSIS Pack Vendor :STMicroelectronics X-CUBE-TCPP 4.2.0
2025-11-06 15:31:40,362 [INFO] ThirdParty:1030 - CMSIS Pack Vendor :RealThread X-CUBE-RT-Thread_Nano 4.1.1
2025-11-06 15:31:40,362 [INFO] ThirdParty:1030 - CMSIS Pack Vendor :STMicroelectronics FP-ATR-SIGFOX1 3.2.0
2025-11-06 15:31:40,362 [INFO] ThirdParty:1030 - CMSIS Pack Vendor :STMicroelectronics X-CUBE-NFC10 1.0.0
2025-11-06 15:31:40,362 [INFO] ThirdParty:1030 - CMSIS Pack Vendor :STMicroelectronics X-CUBE-FREERTOS 1.3.1
2025-11-06 15:31:40,362 [INFO] ThirdParty:1030 - CMSIS Pack Vendor :STMicroelectronics HAL Drivers 0.0.0
2025-11-06 15:31:40,362 [INFO] ThirdParty:1030 - CMSIS Pack Vendor :STMicroelectronics MBEDTLS 2.16.2
2025-11-06 15:31:40,362 [INFO] ThirdParty:1030 - CMSIS Pack Vendor :STMicroelectronics X-CUBE-ST60 1.1.0
2025-11-06 15:31:40,362 [INFO] ThirdParty:1030 - CMSIS Pack Vendor :STMicroelectronics X-CUBE-ALS 1.0.2
2025-11-06 15:31:40,362 [INFO] ThirdParty:1030 - CMSIS Pack Vendor :emotas I-CUBE-CANOPEN 1.3.0
2025-11-06 15:31:40,362 [INFO] ThirdParty:1030 - CMSIS Pack Vendor :STMicroelectronics MBEDTLS 2.14.1
2025-11-06 15:31:40,362 [INFO] ThirdParty:1030 - CMSIS Pack Vendor :STMicroelectronics X-CUBE-GNSS1 7.1.0
2025-11-06 15:31:40,362 [INFO] ThirdParty:1030 - CMSIS Pack Vendor :ITTIA_DB I-CUBE-ITTIADB 8.9.0
2025-11-06 15:31:40,362 [INFO] ThirdParty:1030 - CMSIS Pack Vendor :STMicroelectronics X-CUBE-TOUCHGFX 4.26.0
2025-11-06 15:31:40,362 [INFO] ThirdParty:1030 - CMSIS Pack Vendor :STMicroelectronics X-CUBE-STSE01 1.0.0
2025-11-06 15:31:40,362 [INFO] ThirdParty:1030 - CMSIS Pack Vendor :STMicroelectronics X-CUBE-AI 10.2.0
2025-11-06 15:31:40,362 [INFO] ThirdParty:1030 - CMSIS Pack Vendor :STMicroelectronics FP-SNS-STAIOTCFT 1.0.0
2025-11-06 15:31:40,362 [INFO] ThirdParty:1030 - CMSIS Pack Vendor :STMicroelectronics ThreadX 1.0.0
2025-11-06 15:31:40,362 [INFO] ThirdParty:1030 - CMSIS Pack Vendor :STMicroelectronics FP-SNS-SMARTAG2 1.2.0
2025-11-06 15:31:40,362 [INFO] ThirdParty:1030 - CMSIS Pack Vendor :STMicroelectronics FP-SNS-FLIGHT1 5.1.0
2025-11-06 15:31:40,362 [INFO] ThirdParty:1030 - CMSIS Pack Vendor :STMicroelectronics X-CUBE-AZRTOS-WL 2.0.0
2025-11-06 15:31:40,362 [INFO] ThirdParty:1030 - CMSIS Pack Vendor :SEGGER I-CUBE-embOS 1.3.1
2025-11-06 15:31:40,362 [INFO] ThirdParty:1030 - CMSIS Pack Vendor :STMicroelectronics X-CUBE-ALGOBUILD 1.4.0
2025-11-06 15:31:40,362 [INFO] ThirdParty:1030 - CMSIS Pack Vendor :STMicroelectronics X-CUBE-DPower 1.3.0
2025-11-06 15:31:40,362 [INFO] ThirdParty:1030 - CMSIS Pack Vendor :STMicroelectronics X-CUBE-MEMS1 11.3.0
2025-11-06 15:31:40,362 [INFO] ThirdParty:1030 - CMSIS Pack Vendor :STMicroelectronics USB_DEVICE 1.0.0
2025-11-06 15:31:40,362 [INFO] ThirdParty:1030 - CMSIS Pack Vendor :STMicroelectronics X-CUBE-AZRTOS-L4 2.0.0
2025-11-06 15:31:40,362 [INFO] ThirdParty:1030 - CMSIS Pack Vendor :STMicroelectronics ThreadX 0.0.2
2025-11-06 15:31:40,362 [INFO] ThirdParty:1030 - CMSIS Pack Vendor :STMicroelectronics lwIP 2.1.2
2025-11-06 15:31:40,362 [INFO] ThirdParty:1030 - CMSIS Pack Vendor :STMicroelectronics X-CUBE-SFXS2LP1 4.0.0
2025-11-06 15:31:40,362 [INFO] ThirdParty:1030 - CMSIS Pack Vendor :STMicroelectronics X-CUBE-BLE2 3.3.0
2025-11-06 15:31:40,362 [INFO] ThirdParty:1030 - CMSIS Pack Vendor :STMicroelectronics X-CUBE-TOF1 3.4.3
2025-11-06 15:31:40,362 [INFO] ThirdParty:1030 - CMSIS Pack Vendor :STMicroelectronics PDM2PCM 3.2.0
2025-11-06 15:31:40,363 [INFO] ThirdParty:841 - exiting critical section [change project]
2025-11-06 15:31:40,589 [INFO] PinOutPanel:1589 - setPackage(No Configuration,No Configuration)
2025-11-06 15:31:40,590 [INFO] PinOutPanel:1589 - setPackage(STM32F411RETx,LQFP64)
2025-11-06 15:31:40,946 [INFO] UtilMem:75 - Before build in PCC Used Memory: 959663568 Bytes (1073741824)
2025-11-06 15:31:41,329 [INFO] UtilMem:75 - After build in PCC Used Memory: 721604680 Bytes (1073741824)
2025-11-06 15:31:41,355 [INFO] IPUIPlugin:80 - create IPUIPlugin
2025-11-06 15:31:41,355 [INFO] IPUIPlugin:80 - create IPUIPlugin
2025-11-06 15:31:41,355 [INFO] IPUIPlugin:80 - create IPUIPlugin
2025-11-06 15:31:41,355 [INFO] IPUIPlugin:80 - create IPUIPlugin
2025-11-06 15:31:41,355 [INFO] IPUIPlugin:80 - create IPUIPlugin
2025-11-06 15:31:41,355 [INFO] IPUIPlugin:80 - create IPUIPlugin
2025-11-06 15:31:41,355 [INFO] IPUIPlugin:80 - create IPUIPlugin
2025-11-06 15:31:41,356 [INFO] IPUIPlugin:80 - create IPUIPlugin
2025-11-06 15:31:41,356 [INFO] IPUIPlugin:80 - create IPUIPlugin
2025-11-06 15:31:41,356 [INFO] IPUIPlugin:80 - create IPUIPlugin
2025-11-06 15:31:41,356 [INFO] IPUIPlugin:80 - create IPUIPlugin
2025-11-06 15:31:41,356 [INFO] IPUIPlugin:80 - create IPUIPlugin
2025-11-06 15:31:41,357 [INFO] IPUIPlugin:80 - create IPUIPlugin
2025-11-06 15:31:41,357 [INFO] IPUIPlugin:80 - create IPUIPlugin
2025-11-06 15:31:41,357 [INFO] IPUIPlugin:80 - create IPUIPlugin
2025-11-06 15:31:41,357 [INFO] IPUIPlugin:80 - create IPUIPlugin
2025-11-06 15:31:41,357 [INFO] IPUIPlugin:80 - create IPUIPlugin
2025-11-06 15:31:41,357 [INFO] IPUIPlugin:80 - create IPUIPlugin
2025-11-06 15:31:41,357 [INFO] IPUIPlugin:80 - create IPUIPlugin
2025-11-06 15:31:41,357 [INFO] IPUIPlugin:80 - create IPUIPlugin
2025-11-06 15:31:41,357 [INFO] IPUIPlugin:80 - create IPUIPlugin
2025-11-06 15:31:41,357 [INFO] IPUIPlugin:80 - create IPUIPlugin
2025-11-06 15:31:41,358 [INFO] IPUIPlugin:80 - create IPUIPlugin
2025-11-06 15:31:41,358 [INFO] IPUIPlugin:80 - create IPUIPlugin
2025-11-06 15:31:41,358 [INFO] IPUIPlugin:80 - create IPUIPlugin
2025-11-06 15:31:41,358 [INFO] IPUIPlugin:80 - create IPUIPlugin
2025-11-06 15:31:41,358 [INFO] IPUIPlugin:80 - create IPUIPlugin
2025-11-06 15:31:41,358 [INFO] IPUIPlugin:80 - create IPUIPlugin
2025-11-06 15:31:41,358 [INFO] IPUIPlugin:80 - create IPUIPlugin
2025-11-06 15:31:41,358 [INFO] IPUIPlugin:80 - create IPUIPlugin
2025-11-06 15:31:41,359 [INFO] IPUIPlugin:80 - create IPUIPlugin
2025-11-06 15:31:41,359 [INFO] IPUIPlugin:80 - create IPUIPlugin
2025-11-06 15:31:41,359 [INFO] IPUIPlugin:80 - create IPUIPlugin
2025-11-06 15:31:41,359 [INFO] IPUIPlugin:80 - create IPUIPlugin
2025-11-06 15:31:41,359 [INFO] IPUIPlugin:80 - create IPUIPlugin
2025-11-06 15:31:41,359 [INFO] IPUIPlugin:80 - create IPUIPlugin
2025-11-06 15:31:41,360 [INFO] IPUIPlugin:80 - create IPUIPlugin
2025-11-06 15:31:41,360 [INFO] IPUIPlugin:80 - create IPUIPlugin
2025-11-06 15:31:41,360 [INFO] IPUIPlugin:80 - create IPUIPlugin
2025-11-06 15:31:41,361 [INFO] IPUIPlugin:80 - create IPUIPlugin
2025-11-06 15:31:41,361 [INFO] IPUIPlugin:80 - create IPUIPlugin
2025-11-06 15:31:41,361 [INFO] IPUIPlugin:80 - create IPUIPlugin
2025-11-06 15:31:41,362 [INFO] IPUIPlugin:80 - create IPUIPlugin
2025-11-06 15:31:41,368 [INFO] ApiDbMcu:508 - Load IP Config File for PDM2PCM
2025-11-06 15:31:41,423 [INFO] CADModel:165 - CPN selected for project levelSTM32F411RET6
2025-11-06 15:31:41,423 [INFO] CADModel:114 - Register for checkConnection events
2025-11-06 15:31:41,481 [INFO] OpenFileManager:385 - Restore cursor
2025-11-06 15:31:41,789 [INFO] UtilMem:75 - End SaveConfig() Used Memory: 819077936 Bytes (1073741824)
2025-11-06 15:31:41,883 [INFO] UtilMem:75 - End SaveConfig() Used Memory: 836333128 Bytes (1073741824)
2025-11-06 15:31:42,234 [INFO] BlockDiagram:2775 - set Specific Code input for plugin: SYS
2025-11-06 15:31:42,234 [INFO] BlockDiagram:2775 - set Specific Code input for plugin: RCC
2025-11-06 15:31:42,234 [INFO] BlockDiagram:2775 - set Specific Code input for plugin: NVIC
2025-11-06 15:31:42,234 [INFO] BlockDiagram:2775 - set Specific Code input for plugin: USART
2025-11-06 15:31:42,234 [INFO] BlockDiagram:2775 - set Specific Code input for plugin: GPIO
2025-11-06 15:31:42,236 [INFO] CodeGenerator:882 - code generatio: config db path: C:\ST\STM32CubeIDE_1.18.1\STM32CubeIDE\plugins\com.st.stm32cube.common.mx_6.14.1.202504091515\\db\
2025-11-06 15:31:42,456 [INFO] CodeEngine:263 - oldGeneratedFile, C:\stm32\ultasonic_gpio_hal\MXTmpFiles\license.tmp_save
2025-11-06 15:31:42,919 [INFO] CodeEngine:287 - Generated code: C:\stm32\ultasonic_gpio_hal\MXTmpFiles\license.tmp
2025-11-06 15:31:42,979 [INFO] CodeEngine:263 - oldGeneratedFile, C:\stm32\ultasonic_gpio_hal\MXTmpFiles\gpio.tmp_save
2025-11-06 15:31:43,148 [INFO] CodeEngine:287 - Generated code: C:\stm32\ultasonic_gpio_hal\MXTmpFiles\gpio.tmp
2025-11-06 15:31:43,210 [INFO] CodeEngine:263 - oldGeneratedFile, C:\stm32\ultasonic_gpio_hal\Core\Src\stm32f4xx_it.c_save
2025-11-06 15:31:43,502 [INFO] CodeEngine:287 - Generated code: C:\stm32\ultasonic_gpio_hal\Core\Src\stm32f4xx_it.c
2025-11-06 15:31:43,509 [INFO] CodeEngine:263 - oldGeneratedFile, C:\stm32\ultasonic_gpio_hal\Core\Inc\stm32f4xx_it.h_save
2025-11-06 15:31:43,627 [INFO] CodeEngine:287 - Generated code: C:\stm32\ultasonic_gpio_hal\Core\Inc\stm32f4xx_it.h
2025-11-06 15:31:43,650 [INFO] CodeEngine:263 - oldGeneratedFile, C:\stm32\ultasonic_gpio_hal\Core\Src\stm32f4xx_hal_msp.c_save
2025-11-06 15:31:43,858 [INFO] CodeEngine:287 - Generated code: C:\stm32\ultasonic_gpio_hal\Core\Src\stm32f4xx_hal_msp.c
2025-11-06 15:31:43,865 [INFO] CodeEngine:263 - oldGeneratedFile, C:\stm32\ultasonic_gpio_hal\MXTmpFiles\system.tmp_save
2025-11-06 15:31:43,948 [INFO] CodeEngine:287 - Generated code: C:\stm32\ultasonic_gpio_hal\MXTmpFiles\system.tmp
2025-11-06 15:31:43,962 [INFO] CodeEngine:319 - oldGeneratedFile, C:\stm32\ultasonic_gpio_hal\Core\Inc\stm32f4xx_hal_conf.h_save
2025-11-06 15:31:44,051 [INFO] CodeEngine:343 - Generated code: C:\stm32\ultasonic_gpio_hal\Core\Inc\stm32f4xx_hal_conf.h
2025-11-06 15:31:44,078 [INFO] ApiDbMcu:508 - Load IP Config File for USART2
2025-11-06 15:31:44,083 [INFO] ApiDbMcu:508 - Load IP Config File for RCC
2025-11-06 15:31:44,094 [INFO] CodeEngine:263 - oldGeneratedFile, C:\stm32\ultasonic_gpio_hal\Core\Inc\main.h_save
2025-11-06 15:31:44,192 [INFO] CodeEngine:287 - Generated code: C:\stm32\ultasonic_gpio_hal\Core\Inc\main.h
2025-11-06 15:31:44,199 [INFO] CodeEngine:263 - oldGeneratedFile, C:\stm32\ultasonic_gpio_hal\Core\Src\main.c_save
2025-11-06 15:31:44,313 [INFO] CodeEngine:287 - Generated code: C:\stm32\ultasonic_gpio_hal\Core\Src\main.c
2025-11-06 15:31:44,924 [INFO] ProjectBuilder:3324 - Time for Copy HAL[1] : 407mS.
2025-11-06 15:31:44,928 [INFO] ProjectBuilder:4912 - Project Generator version: 4.6.0.1-B1
2025-11-06 15:31:45,015 [INFO] ConfigFileManager:1590 - The Die is : DIE431
2025-11-06 15:31:45,021 [INFO] ApiDbMcu:508 - Load IP Config File for FATFS
2025-11-06 15:31:45,026 [INFO] ApiDbMcu:508 - Load IP Config File for FREERTOS
2025-11-06 15:31:45,029 [INFO] ApiDbMcu:508 - Load IP Config File for LIBJPEG
2025-11-06 15:31:45,034 [INFO] ApiDbMcu:508 - Load IP Config File for MBEDTLS
2025-11-06 15:31:45,039 [INFO] ApiDbMcu:508 - Load IP Config File for USB_DEVICE
2025-11-06 15:31:45,043 [INFO] ApiDbMcu:508 - Load IP Config File for USB_HOST
2025-11-06 15:31:47,602 [INFO] ProjectBuilder:5191 - Time for Generating toolchain IDE Files: 2673mS.
2025-11-06 15:31:47,603 [INFO] ProjectBuilder:3181 - Time for Copy CMSIS : 1mS.
2025-11-06 15:31:47,606 [INFO] ProjectBuilder:3181 - Time for Copy CMSIS : 0mS.
2025-11-06 15:31:48,105 [INFO] McuFinderGlobals:76 - Set McuFinderConnectedMode to true
2025-11-06 15:31:48,107 [INFO] ApiDb:448 - Save user favorites file C:\Users\siree/.stm32cubeide/favorites.mcus.txt: 0 item(s)
2025-11-06 15:31:48,108 [INFO] ApiDb:452 - User favorites MCUs=[]
2025-11-06 15:31:48,110 [INFO] ApiDb:448 - Save user favorites file C:\Users\siree/.stm32cubeide/favorites.boards.txt: 0 item(s)
2025-11-06 15:31:48,110 [INFO] ApiDb:452 - User favorites Boards=[]
2025-11-06 15:33:33,206 [INFO] NvicIntPanel:101 - NVIC parent = com.st.microxplorer.plugins.ip.nvic.MultiNvicIntPanel[,0,0,0x0,invalid,layout=javax.swing.BoxLayout,alignmentX=0.0,alignmentY=0.0,border=,flags=9,maximumSize=,minimumSize=,preferredSize=]
2025-11-06 15:33:49,960 [INFO] NvicIntPanel:101 - NVIC parent = com.st.microxplorer.plugins.ip.nvic.MultiNvicIntPanel[,0,0,0x0,invalid,layout=javax.swing.BoxLayout,alignmentX=0.0,alignmentY=0.0,border=,flags=9,maximumSize=,minimumSize=,preferredSize=]
2025-11-06 15:33:50,077 [INFO] NvicIntPanel:101 - NVIC parent = com.st.microxplorer.plugins.ip.nvic.MultiNvicIntPanel[,0,0,0x0,invalid,layout=javax.swing.BoxLayout,alignmentX=0.0,alignmentY=0.0,border=,flags=9,maximumSize=,minimumSize=,preferredSize=]
2025-11-06 15:33:51,235 [INFO] NvicIntPanel:101 - NVIC parent = com.st.microxplorer.plugins.ip.nvic.MultiNvicIntPanel[,0,0,0x0,invalid,layout=javax.swing.BoxLayout,alignmentX=0.0,alignmentY=0.0,border=,flags=9,maximumSize=,minimumSize=,preferredSize=]
2025-11-06 15:33:52,902 [INFO] NvicIntPanel:101 - NVIC parent = com.st.microxplorer.plugins.ip.nvic.MultiNvicIntPanel[,0,0,0x0,invalid,layout=javax.swing.BoxLayout,alignmentX=0.0,alignmentY=0.0,border=,flags=9,maximumSize=,minimumSize=,preferredSize=]
2025-11-06 15:33:53,816 [INFO] NvicIntPanel:101 - NVIC parent = com.st.microxplorer.plugins.ip.nvic.MultiNvicIntPanel[,0,0,0x0,invalid,layout=javax.swing.BoxLayout,alignmentX=0.0,alignmentY=0.0,border=,flags=9,maximumSize=,minimumSize=,preferredSize=]
2025-11-06 15:34:06,690 [INFO] NvicIntPanel:101 - NVIC parent = com.st.microxplorer.plugins.ip.nvic.MultiNvicIntPanel[,0,0,0x0,invalid,layout=javax.swing.BoxLayout,alignmentX=0.0,alignmentY=0.0,border=,flags=9,maximumSize=,minimumSize=,preferredSize=]
2025-11-06 15:34:55,199 [INFO] UtilMem:75 - End SaveConfig() Used Memory: 660965568 Bytes (1073741824)
2025-11-06 15:34:57,282 [INFO] UtilMem:75 - End SaveConfig() Used Memory: 708146192 Bytes (1073741824)
2025-11-06 15:35:02,777 [INFO] UtilMem:75 - End SaveConfig() Used Memory: 811126272 Bytes (1073741824)
2025-11-06 15:35:03,344 [INFO] BlockDiagram:2775 - set Specific Code input for plugin: SYS
2025-11-06 15:35:03,344 [INFO] BlockDiagram:2775 - set Specific Code input for plugin: RCC
2025-11-06 15:35:03,344 [INFO] BlockDiagram:2775 - set Specific Code input for plugin: NVIC
2025-11-06 15:35:03,344 [INFO] BlockDiagram:2775 - set Specific Code input for plugin: USART
2025-11-06 15:35:03,345 [INFO] BlockDiagram:2775 - set Specific Code input for plugin: GPIO
2025-11-06 15:35:03,348 [INFO] CodeGenerator:882 - code generatio: config db path: C:\ST\STM32CubeIDE_1.18.1\STM32CubeIDE\plugins\com.st.stm32cube.common.mx_6.14.1.202504091515\\db\
2025-11-06 15:35:03,441 [INFO] CodeEngine:263 - oldGeneratedFile, C:\stm32\ultasonic_gpio_hal\MXTmpFiles\license.tmp_save
2025-11-06 15:35:03,611 [INFO] CodeEngine:287 - Generated code: C:\stm32\ultasonic_gpio_hal\MXTmpFiles\license.tmp
2025-11-06 15:35:03,649 [INFO] CodeEngine:263 - oldGeneratedFile, C:\stm32\ultasonic_gpio_hal\MXTmpFiles\gpio.tmp_save
2025-11-06 15:35:03,770 [INFO] CodeEngine:287 - Generated code: C:\stm32\ultasonic_gpio_hal\MXTmpFiles\gpio.tmp
2025-11-06 15:35:03,848 [INFO] CodeEngine:263 - oldGeneratedFile, C:\stm32\ultasonic_gpio_hal\Core\Src\stm32f4xx_it.c_save
2025-11-06 15:35:03,962 [INFO] CodeEngine:287 - Generated code: C:\stm32\ultasonic_gpio_hal\Core\Src\stm32f4xx_it.c
2025-11-06 15:35:03,974 [INFO] CodeEngine:263 - oldGeneratedFile, C:\stm32\ultasonic_gpio_hal\Core\Inc\stm32f4xx_it.h_save
2025-11-06 15:35:04,083 [INFO] CodeEngine:287 - Generated code: C:\stm32\ultasonic_gpio_hal\Core\Inc\stm32f4xx_it.h
2025-11-06 15:35:04,108 [INFO] CodeEngine:263 - oldGeneratedFile, C:\stm32\ultasonic_gpio_hal\Core\Src\stm32f4xx_hal_msp.c_save
2025-11-06 15:35:04,254 [INFO] CodeEngine:287 - Generated code: C:\stm32\ultasonic_gpio_hal\Core\Src\stm32f4xx_hal_msp.c
2025-11-06 15:35:04,261 [INFO] CodeEngine:263 - oldGeneratedFile, C:\stm32\ultasonic_gpio_hal\MXTmpFiles\system.tmp_save
2025-11-06 15:35:04,348 [INFO] CodeEngine:287 - Generated code: C:\stm32\ultasonic_gpio_hal\MXTmpFiles\system.tmp
2025-11-06 15:35:04,368 [INFO] CodeEngine:319 - oldGeneratedFile, C:\stm32\ultasonic_gpio_hal\Core\Inc\stm32f4xx_hal_conf.h_save
2025-11-06 15:35:04,461 [INFO] CodeEngine:343 - Generated code: C:\stm32\ultasonic_gpio_hal\Core\Inc\stm32f4xx_hal_conf.h
2025-11-06 15:35:04,510 [INFO] CodeEngine:263 - oldGeneratedFile, C:\stm32\ultasonic_gpio_hal\Core\Inc\main.h_save
2025-11-06 15:35:04,606 [INFO] CodeEngine:287 - Generated code: C:\stm32\ultasonic_gpio_hal\Core\Inc\main.h
2025-11-06 15:35:04,618 [INFO] CodeEngine:263 - oldGeneratedFile, C:\stm32\ultasonic_gpio_hal\Core\Src\main.c_save
2025-11-06 15:35:04,730 [INFO] CodeEngine:287 - Generated code: C:\stm32\ultasonic_gpio_hal\Core\Src\main.c
2025-11-06 15:35:05,301 [ERROR] ProjectBuilder:7054 - Problem during Copy of File LICENSE.txt
2025-11-06 15:35:05,475 [INFO] ProjectBuilder:3324 - Time for Copy HAL[1] : 506mS.
2025-11-06 15:35:05,480 [INFO] ProjectBuilder:4912 - Project Generator version: 4.6.0.1-B1
2025-11-06 15:35:05,575 [INFO] ConfigFileManager:1590 - The Die is : DIE431
2025-11-06 15:35:06,658 [INFO] ProjectBuilder:5191 - Time for Generating toolchain IDE Files: 1177mS.
2025-11-06 15:35:06,660 [INFO] ProjectBuilder:3181 - Time for Copy CMSIS : 2mS.
2025-11-06 15:35:06,664 [INFO] ProjectBuilder:3181 - Time for Copy CMSIS : 0mS.
2025-11-06 15:48:21,461 [INFO] MainUpdater:2872 - connection check result : 10
2025-11-06 15:48:21,587 [INFO] McuFinderGlobals:76 - Set McuFinderConnectedMode to true
2025-11-06 15:48:21,592 [INFO] MultiScanPanel:200 - Auto-refresh data requested => check proxy status ongoing
2025-11-06 15:48:21,595 [INFO] FinderPluginLoader:95 - Searching for filters in installed packs
2025-11-06 15:48:23,907 [INFO] LoadUrlFilesThread:185 - End of LoadServerUrlFiles without Thread
2025-11-06 15:48:23,908 [INFO] DetailPanel:341 - Set advertising image to C:/Users/siree/STM32Cube/Repository/\en.mcu-finder-stm32n6dk.jpg
2025-11-06 15:48:29,728 [INFO] MultiScanPanel:200 - Auto-refresh data requested => check proxy status ongoing
2025-11-06 15:48:29,813 [INFO] LoadUrlFilesThread:185 - End of LoadServerUrlFiles without Thread
2025-11-06 15:48:29,813 [INFO] DetailPanel:341 - Set advertising image to C:/Users/siree/STM32Cube/Repository/\en.mcu-finder-stm32n6dk.jpg
2025-11-06 15:48:55,752 [INFO] McuFinderGlobals:76 - Set McuFinderConnectedMode to true
2025-11-06 15:48:55,756 [INFO] ApiDb:448 - Save user favorites file C:\Users\siree/.stm32cubeide/favorites.mcus.txt: 0 item(s)
2025-11-06 15:48:55,756 [INFO] ApiDb:452 - User favorites MCUs=[]
2025-11-06 15:48:55,758 [INFO] ApiDb:448 - Save user favorites file C:\Users\siree/.stm32cubeide/favorites.boards.txt: 0 item(s)
2025-11-06 15:48:55,758 [INFO] ApiDb:452 - User favorites Boards=[]
2025-11-06 16:09:10,830 [INFO] MainUpdater:2872 - connection check result : 10
2025-11-06 16:09:11,148 [INFO] McuFinderGlobals:76 - Set McuFinderConnectedMode to true
2025-11-06 16:09:11,164 [INFO] MultiScanPanel:200 - Auto-refresh data requested => check proxy status ongoing
2025-11-06 16:09:11,171 [INFO] FinderPluginLoader:95 - Searching for filters in installed packs
2025-11-06 16:09:13,131 [INFO] LoadUrlFilesThread:185 - End of LoadServerUrlFiles without Thread
2025-11-06 16:09:13,137 [INFO] DetailPanel:341 - Set advertising image to C:/Users/siree/STM32Cube/Repository/\en.mcu-finder-stm32n6dk.jpg
2025-11-06 16:09:29,891 [INFO] MultiScanPanel:200 - Auto-refresh data requested => check proxy status ongoing
2025-11-06 16:09:29,989 [INFO] LoadUrlFilesThread:185 - End of LoadServerUrlFiles without Thread
2025-11-06 16:09:29,989 [INFO] DetailPanel:341 - Set advertising image to C:/Users/siree/STM32Cube/Repository/\en.mcu-finder-stm32n6dk.jpg
2025-11-06 16:09:57,001 [INFO] McuFinderGlobals:76 - Set McuFinderConnectedMode to true
2025-11-06 16:09:57,005 [INFO] ApiDb:448 - Save user favorites file C:\Users\siree/.stm32cubeide/favorites.mcus.txt: 0 item(s)
2025-11-06 16:09:57,006 [INFO] ApiDb:452 - User favorites MCUs=[]
2025-11-06 16:09:57,008 [INFO] ApiDb:448 - Save user favorites file C:\Users\siree/.stm32cubeide/favorites.boards.txt: 0 item(s)
2025-11-06 16:09:57,008 [INFO] ApiDb:452 - User favorites Boards=[]
2025-11-06 16:15:32,127 [INFO] WebApp:194 - Connection lost
2025-11-06 16:15:32,613 [INFO] WebApp:191 - Connection restablished
2025-11-06 16:57:04,465 [INFO] MainUpdater:2872 - connection check result : 10
2025-11-06 16:57:04,920 [INFO] McuFinderGlobals:76 - Set McuFinderConnectedMode to true
2025-11-06 16:57:04,978 [INFO] MultiScanPanel:200 - Auto-refresh data requested => check proxy status ongoing
2025-11-06 16:57:04,990 [INFO] FinderPluginLoader:95 - Searching for filters in installed packs
2025-11-06 16:57:07,125 [INFO] LoadUrlFilesThread:185 - End of LoadServerUrlFiles without Thread
2025-11-06 16:57:07,131 [INFO] DetailPanel:341 - Set advertising image to C:/Users/siree/STM32Cube/Repository/\en.mcu-finder-stm32n6dk.jpg
2025-11-06 16:57:13,907 [INFO] MultiScanPanel:200 - Auto-refresh data requested => check proxy status ongoing
2025-11-06 16:57:14,005 [INFO] LoadUrlFilesThread:185 - End of LoadServerUrlFiles without Thread
2025-11-06 16:57:14,010 [INFO] DetailPanel:341 - Set advertising image to C:/Users/siree/STM32Cube/Repository/\en.mcu-finder-stm32n6dk.jpg
2025-11-06 16:57:39,472 [INFO] MainUpdater:2872 - connection check result : 10
2025-11-06 16:57:39,472 [INFO] MainUpdater:2872 - connection check result : 10
2025-11-06 16:57:39,503 [ERROR] IocParser:57 - IOException caught: C:\stm32\ultasonic_gpio_hal\ultasonic_gpio_hal.ioc (The system cannot find the path specified)
2025-11-06 16:57:39,504 [ERROR] PeripheralListParser:95 - Something went wrong with ioc file reading: C:\stm32\ultasonic_gpio_hal\ultasonic_gpio_hal.ioc (The system cannot find the path specified)
2025-11-06 16:57:39,506 [ERROR] RegexParser:59 - Issue caught when parsing regex: C:\stm32\ultasonic_gpio_hal\ultasonic_gpio_hal.ioc (The system cannot find the path specified)
2025-11-06 16:57:39,739 [INFO] MicroXplorer:468 - Change Database Path : 
2025-11-06 16:57:39,740 [INFO] MicroXplorer:498 - Change Database Version : DB.6.0.141
2025-11-06 16:57:39,791 [ERROR] ProjectManagerView:395 - 
java.lang.NullPointerException: Cannot invoke "javax.swing.JTextField.getText()" because the return value of "java.util.List.get(int)" is null
	at com.st.microxplorer.plugins.projectmanager.gui.ProjectChoiceTab$9.caretUpdate(ProjectChoiceTab.java:2678) ~[filemanager.jar:?]
	at javax.swing.text.JTextComponent.fireCaretUpdate(JTextComponent.java:408) ~[?:?]
	at javax.swing.text.JTextComponent$MutableCaretEvent.fire(JTextComponent.java:4484) ~[?:?]
	at javax.swing.text.JTextComponent$MutableCaretEvent.stateChanged(JTextComponent.java:4506) ~[?:?]
	at javax.swing.text.DefaultCaret.fireStateChanged(DefaultCaret.java:857) ~[?:?]
	at javax.swing.text.DefaultCaret.changeCaretPosition(DefaultCaret.java:1343) ~[?:?]
	at javax.swing.text.DefaultCaret.handleSetDot(DefaultCaret.java:1242) ~[?:?]
	at javax.swing.text.DefaultCaret.setDot(DefaultCaret.java:1223) ~[?:?]
	at javax.swing.text.DefaultCaret$Handler.insertUpdate(DefaultCaret.java:1819) ~[?:?]
	at javax.swing.text.AbstractDocument.fireInsertUpdate(AbstractDocument.java:227) ~[?:?]
	at javax.swing.text.AbstractDocument.handleInsertString(AbstractDocument.java:781) ~[?:?]
	at javax.swing.text.AbstractDocument.insertString(AbstractDocument.java:740) ~[?:?]
	at javax.swing.text.PlainDocument.insertString(PlainDocument.java:131) ~[?:?]
	at javax.swing.text.AbstractDocument.replace(AbstractDocument.java:699) ~[?:?]
	at javax.swing.text.JTextComponent.setText(JTextComponent.java:1725) ~[?:?]
	at com.st.microxplorer.plugins.projectmanager.gui.ProjectChoiceTab.createHeapStackFields(ProjectChoiceTab.java:979) ~[filemanager.jar:?]
	at com.st.microxplorer.plugins.projectmanager.gui.ProjectChoiceTab.buildLinkSettingsPanel(ProjectChoiceTab.java:3766) ~[filemanager.jar:?]
	at com.st.microxplorer.plugins.projectmanager.gui.ProjectChoiceTab.defineWindowsFields(ProjectChoiceTab.java:1962) ~[filemanager.jar:?]
	at com.st.microxplorer.plugins.projectmanager.gui.ProjectChoiceTab.updateSettings(ProjectChoiceTab.java:555) ~[filemanager.jar:?]
	at com.st.microxplorer.plugins.projectmanager.gui.ProjectSettingsPanel.UpdateDialog(ProjectSettingsPanel.java:245) ~[filemanager.jar:?]
	at com.st.microxplorer.plugins.projectmanager.ProjectManagerView.propertyChange(ProjectManagerView.java:392) ~[filemanager.jar:?]
	at java.beans.PropertyChangeSupport.fire(PropertyChangeSupport.java:343) ~[?:?]
	at java.beans.PropertyChangeSupport.firePropertyChange(PropertyChangeSupport.java:335) ~[?:?]
	at java.beans.PropertyChangeSupport.firePropertyChange(PropertyChangeSupport.java:268) ~[?:?]
	at com.st.microxplorer.util.MXPropertyChangeSupport.firePropertyChange(MXPropertyChangeSupport.java:54) ~[STM32CubeMX.jar:?]
	at com.st.microxplorer.mxsystem.MxSystem.closeConfig(MxSystem.java:899) ~[STM32CubeMX.jar:?]
	at com.st.microxplorer.maingui.MainPanel.closeConfig(MainPanel.java:789) ~[STM32CubeMX.jar:?]
	at com.st.microxplorer.plugins.filemanager.engine.OpenFileManager.loadConfigurationFile(OpenFileManager.java:287) ~[filemanager.jar:?]
	at com.st.microxplorer.plugins.filemanager.engine.MainFileManager.userLoadConfig(MainFileManager.java:341) ~[filemanager.jar:?]
	at com.st.microxplorer.plugins.filemanager.FileManagerView.getSpecificTask(FileManagerView.java:250) ~[filemanager.jar:?]
	at com.st.stm32cube.common.mx.editor.CubeMxEditor.getMxTabbedPaneInstance(CubeMxEditor.java:1191) ~[com.st.stm32cube.common.mx_6.14.1.202504091515/:?]
	at com.st.stm32cube.common.mx.editor.CubeMxEditor$12$1.createSwingComponent(CubeMxEditor.java:1068) ~[com.st.stm32cube.common.mx_6.14.1.202504091515/:?]
	at com.st.stm32cube.common.mx.oss.core.awtswtbridge.EmbeddedSwingComposite.doComponentCreation(EmbeddedSwingComposite.java:492) ~[com.st.stm32cube.common.mx.oss_6.14.1.202504091515/:?]
	at com.st.stm32cube.common.mx.oss.core.awtswtbridge.EmbeddedSwingComposite$4.run(EmbeddedSwingComposite.java:291) ~[com.st.stm32cube.common.mx.oss_6.14.1.202504091515/:?]
	at com.st.stm32cube.common.mx.oss.core.awtswtbridge.AwtEnvironment$2.run(AwtEnvironment.java:166) ~[com.st.stm32cube.common.mx.oss_6.14.1.202504091515/:?]
	at java.awt.event.InvocationEvent.dispatch(InvocationEvent.java:318) ~[?:?]
	at java.awt.EventQueue.dispatchEventImpl(EventQueue.java:773) ~[?:?]
	at java.awt.EventQueue$4.run(EventQueue.java:720) ~[?:?]
	at java.awt.EventQueue$4.run(EventQueue.java:714) ~[?:?]
	at java.security.AccessController.doPrivileged(AccessController.java:400) ~[?:?]
	at java.security.ProtectionDomain$JavaSecurityAccessImpl.doIntersectionPrivilege(ProtectionDomain.java:87) ~[?:?]
	at java.awt.EventQueue.dispatchEvent(EventQueue.java:742) ~[?:?]
	at java.awt.EventDispatchThread.pumpOneEventForFilters(EventDispatchThread.java:203) ~[?:?]
	at java.awt.EventDispatchThread.pumpEventsForFilter(EventDispatchThread.java:124) ~[?:?]
	at java.awt.EventDispatchThread.pumpEventsForHierarchy(EventDispatchThread.java:113) ~[?:?]
	at java.awt.EventDispatchThread.pumpEvents(EventDispatchThread.java:109) ~[?:?]
	at java.awt.EventDispatchThread.pumpEvents(EventDispatchThread.java:101) ~[?:?]
	at java.awt.EventDispatchThread.run(EventDispatchThread.java:90) ~[?:?]
2025-11-06 16:57:39,796 [WARN] ThirdParty:871 - waiting for thirdparty lock release [close project]
2025-11-06 16:57:39,796 [INFO] ThirdParty:873 - entering critical section [close project]
2025-11-06 16:57:39,796 [INFO] ThirdParty:883 - exiting critical section [close project]
2025-11-06 16:57:39,801 [INFO] PinOutPanel:1589 - setPackage(No Configuration,No Configuration)
2025-11-06 16:57:39,820 [WARN] IpParametersView:155 - Warning: This peripheral hasn't parameters
2025-11-06 16:57:39,835 [WARN] MainPanel:289 - <html><b><center>Warning: This peripheral has no parameters to be configured<br></b></html>
2025-11-06 16:57:39,846 [INFO] UtilMem:75 - Begin LoadConfig() Used Memory: 973428456 Bytes (1073741824)
2025-11-06 16:57:39,849 [INFO] OpenFileManager:354 - Change cursor
2025-11-06 16:57:39,911 [INFO] RulesReader:64 - Compatibility file has been processed (302 Rules)
2025-11-06 16:57:39,926 [INFO] ProjectFactory:442 - No CPN specified for board NUCLEO-L476RG => set CPN to STM32L476RGT3
2025-11-06 16:57:39,926 [INFO] Mcu:2011 - Initializing MCU STM32L476R(C-E-G)Tx STM32L476RGTx STM32L476RGT3
2025-11-06 16:57:42,219 [INFO] Context:756 - Trying to add GPIOservice into a context  which must be forbidden
2025-11-06 16:57:43,211 [INFO] Rule:225 - rule 117617 - U5Cobra4M][GTZC] default value MPCBB3 and MPCBB5 - Not Secured memory - MPCBB1 is applicable
2025-11-06 16:57:43,212 [INFO] Rule:225 - rule 117617 - U5Cobra4M][GTZC] default value MPCBB3 and MPCBB5 - Not Secured memory - MPCBB1 is applicable
2025-11-06 16:57:43,212 [INFO] Rule:225 - rule 117617 - U5Cobra4M][GTZC] default value MPCBB3 and MPCBB5 - Not Secured memory - MPCBB2 is applicable
2025-11-06 16:57:43,212 [INFO] Rule:225 - rule 117617 - U5Cobra4M][GTZC] default value MPCBB3 and MPCBB5 - Not Secured memory - MPCBB2 is applicable
2025-11-06 16:57:43,212 [INFO] Rule:225 - rule 117617 - U5Cobra4M][GTZC] default value MPCBB3 and MPCBB5 - Not Secured memory - MPCBB3 is applicable
2025-11-06 16:57:43,212 [INFO] Rule:225 - rule 117617 - U5Cobra4M][GTZC] default value MPCBB3 and MPCBB5 - Not Secured memory - MPCBB3 is applicable
2025-11-06 16:57:43,212 [INFO] Rule:225 - rule 117617 - U5Cobra4M][GTZC] default value MPCBB3 and MPCBB5 - Not Secured memory - MPCBB4 is applicable
2025-11-06 16:57:43,212 [INFO] Rule:225 - rule 117617 - U5Cobra4M][GTZC] default value MPCBB3 and MPCBB5 - Not Secured memory - MPCBB4 is applicable
2025-11-06 16:57:43,212 [INFO] Rule:225 - rule 117617 - U5Cobra4M][GTZC] default value MPCBB3 and MPCBB5 - Secured memory - MPCBB1 is applicable
2025-11-06 16:57:43,212 [INFO] Rule:225 - rule 117617 - U5Cobra4M][GTZC] default value MPCBB3 and MPCBB5 - Secured memory - MPCBB2 is applicable
2025-11-06 16:57:43,212 [INFO] Rule:225 - rule 117617 - U5Cobra4M][GTZC] default value MPCBB3 and MPCBB5 - Secured memory - MPCBB3 is applicable
2025-11-06 16:57:43,212 [INFO] Rule:225 - rule 117617 - U5Cobra4M][GTZC] default value MPCBB3 and MPCBB5 - Secured memory - MPCBB4 is applicable
2025-11-06 16:57:43,212 [INFO] Rule:225 - rule 117617 - U5Cobra4M][GTZC] default value MPCBB3 and MPCBB5 - Privileged memory - MPCBB1 is applicable
2025-11-06 16:57:43,212 [INFO] Rule:225 - rule 117617 - U5Cobra4M][GTZC] default value MPCBB3 and MPCBB5 - Privileged memory - MPCBB2 is applicable
2025-11-06 16:57:43,212 [INFO] Rule:225 - rule 117617 - U5Cobra4M][GTZC] default value MPCBB3 and MPCBB5 - Privileged memory - MPCBB3 is applicable
2025-11-06 16:57:43,212 [INFO] Rule:225 - rule 117617 - U5Cobra4M][GTZC] default value MPCBB3 and MPCBB5 - Privileged memory - MPCBB4 is applicable
2025-11-06 16:57:43,212 [INFO] Rule:225 - rule 117617 - U5Cobra4M][GTZC] default value MPCBB3 and MPCBB5 - Not Privileged memory - MPCBB1 is applicable
2025-11-06 16:57:43,212 [INFO] Rule:225 - rule 117617 - U5Cobra4M][GTZC] default value MPCBB3 and MPCBB5 - Not Privileged memory - MPCBB2 is applicable
2025-11-06 16:57:43,212 [INFO] Rule:225 - rule 117617 - U5Cobra4M][GTZC] default value MPCBB3 and MPCBB5 - Not Privileged memory - MPCBB3 is applicable
2025-11-06 16:57:43,212 [INFO] Rule:225 - rule 117617 - U5Cobra4M][GTZC] default value MPCBB3 and MPCBB5 - Not Privileged memory - MPCBB4 is applicable
2025-11-06 16:57:43,212 [INFO] Rule:225 - rule 117617 - U5Cobra4M][GTZC] default value MPCBB3 and MPCBB5 - Privileged memory - MPCBB1 is applicable
2025-11-06 16:57:43,212 [INFO] Rule:225 - rule 117617 - U5Cobra4M][GTZC] default value MPCBB3 and MPCBB5 - Privileged memory - MPCBB2 is applicable
2025-11-06 16:57:43,212 [INFO] Rule:225 - rule 117617 - U5Cobra4M][GTZC] default value MPCBB3 and MPCBB5 - Privileged memory - MPCBB3 is applicable
2025-11-06 16:57:43,212 [INFO] Rule:225 - rule 117617 - U5Cobra4M][GTZC] default value MPCBB3 and MPCBB5 - Privileged memory - MPCBB4 is applicable
2025-11-06 16:57:43,212 [INFO] Rule:225 - rule 117617 - U5Cobra4M][GTZC] default value MPCBB3 and MPCBB5 - Privileged memory - MPCBB1 is applicable
2025-11-06 16:57:43,212 [INFO] Rule:225 - rule 117617 - U5Cobra4M][GTZC] default value MPCBB3 and MPCBB5 - Privileged memory - MPCBB2 is applicable
2025-11-06 16:57:43,212 [INFO] Rule:225 - rule 117617 - U5Cobra4M][GTZC] default value MPCBB3 and MPCBB5 - Privileged memory - MPCBB3 is applicable
2025-11-06 16:57:43,212 [INFO] Rule:225 - rule 117617 - U5Cobra4M][GTZC] default value MPCBB3 and MPCBB5 - Privileged memory - MPCBB4 is applicable
2025-11-06 16:57:43,212 [INFO] Rule:225 - rule 117617 - U5Cobra4M][GTZC] default value MPCBB3 and MPCBB5 - Not Privileged memory - MPCBB1 is applicable
2025-11-06 16:57:43,212 [INFO] Rule:225 - rule 117617 - U5Cobra4M][GTZC] default value MPCBB3 and MPCBB5 - Not Privileged memory - MPCBB2 is applicable
2025-11-06 16:57:43,212 [INFO] Rule:225 - rule 117617 - U5Cobra4M][GTZC] default value MPCBB3 and MPCBB5 - Not Privileged memory - MPCBB3 is applicable
2025-11-06 16:57:43,212 [INFO] Rule:225 - rule 117617 - U5Cobra4M][GTZC] default value MPCBB3 and MPCBB5 - Not Privileged memory - MPCBB4 is applicable
2025-11-06 16:57:43,212 [INFO] Rule:225 - rule 117617 - U5Cobra4M][GTZC] default value MPCBB3 and MPCBB5 - Privileged memory - MPCBB1 is applicable
2025-11-06 16:57:43,212 [INFO] Rule:225 - rule 117617 - U5Cobra4M][GTZC] default value MPCBB3 and MPCBB5 - Privileged memory - MPCBB2 is applicable
2025-11-06 16:57:43,212 [INFO] Rule:225 - rule 117617 - U5Cobra4M][GTZC] default value MPCBB3 and MPCBB5 - Privileged memory - MPCBB3 is applicable
2025-11-06 16:57:43,212 [INFO] Rule:225 - rule 117617 - U5Cobra4M][GTZC] default value MPCBB3 and MPCBB5 - Privileged memory - MPCBB4 is applicable
2025-11-06 16:57:43,212 [INFO] Rule:225 - rule Rename SubGHz_Phy SUBGHZ_APPLICATION SUBGHZ_PINGPONG to SUBGHZ_ADV_APPLICATION is applicable
2025-11-06 16:57:43,212 [INFO] Rule:225 - rule Rename Enabled to IBEACON is applicable
2025-11-06 16:57:43,212 [INFO] Rule:225 - rule GTZC_S instance for project manager is applicable
2025-11-06 16:57:43,212 [INFO] Rule:225 - rule GTZC_S instance for context M33S is applicable
2025-11-06 16:57:43,212 [INFO] Rule:225 - rule GTZC_S instance value for IP GTZC is applicable
2025-11-06 16:57:43,212 [INFO] Rule:225 - rule GTZC_S instance for mcu.IP is applicable
2025-11-06 16:57:43,212 [INFO] Rule:225 - rule GTZC_S instance for VP is applicable
2025-11-06 16:57:43,212 [INFO] Rule:225 - rule GTZC_S instance for signal is applicable
2025-11-06 16:57:43,212 [INFO] Rule:225 - rule GTZC_S instance for mcu.Pin is applicable
2025-11-06 16:57:43,212 [INFO] Rule:225 - rule GTZC_S instance for VP is applicable
2025-11-06 16:57:43,213 [INFO] Rule:225 - rule GTZC_S instance for signal is applicable
2025-11-06 16:57:43,213 [INFO] Rule:225 - rule GTZC_S instance for mcu is applicable
2025-11-06 16:57:43,213 [INFO] Rule:225 - rule GTZC_S instance for mcu.Pin is applicable
2025-11-06 16:57:43,213 [INFO] Rule:225 - rule GTZC_S instance value for IP GTZC is applicable
2025-11-06 16:57:43,213 [INFO] Rule:225 - rule GTZC_S instance for project manager is applicable
2025-11-06 16:57:43,213 [INFO] Rule:225 - rule GTZC_S instance for context M33S is applicable
2025-11-06 16:57:43,213 [INFO] Rule:225 - rule GTZC_S instance for VP is applicable
2025-11-06 16:57:43,213 [INFO] Rule:225 - rule GTZC_S instance for signal is applicable
2025-11-06 16:57:43,213 [INFO] Rule:225 - rule SPDIFRX instance for mcu is applicable
2025-11-06 16:57:43,213 [INFO] Rule:225 - rule Rename Tracer Mode is applicable
2025-11-06 16:57:43,213 [INFO] Rule:225 - rule SPDIFRX instance value for IP SPDIFRX is applicable
2025-11-06 16:57:43,213 [INFO] Rule:225 - rule SPDIFRX instance for signal is applicable
2025-11-06 16:57:43,213 [INFO] Rule:225 - rule SPDIFRX instance for project manager is applicable
2025-11-06 16:57:43,213 [INFO] Rule:225 - rule SPDIFRX instance for project manager is applicable
2025-11-06 16:57:43,213 [INFO] Rule:225 - rule ADC Scan  fix with FW F7 is applicable
2025-11-06 16:57:43,213 [INFO] Rule:225 - rule ADC Scan  fix with FW F7 is applicable
2025-11-06 16:57:43,213 [INFO] Rule:225 - rule WakeUp0 Mode is applicable
2025-11-06 16:57:43,213 [INFO] Rule:225 - rule WakeUp0 SIGNAL is applicable
2025-11-06 16:57:43,213 [INFO] Rule:225 - rule WakeUp1 Mode is applicable
2025-11-06 16:57:43,213 [INFO] Rule:225 - rule WakeUp1 SIGNAL is applicable
2025-11-06 16:57:43,213 [INFO] Rule:225 - rule WakeUp2 Mode is applicable
2025-11-06 16:57:43,213 [INFO] Rule:225 - rule WakeUp2 SIGNAL is applicable
2025-11-06 16:57:43,213 [INFO] Rule:225 - rule WakeUp4 Mode is applicable
2025-11-06 16:57:43,213 [INFO] Rule:225 - rule WakeUp4 SIGNAL is applicable
2025-11-06 16:57:43,213 [INFO] Rule:225 - rule WakeUp5 Mode is applicable
2025-11-06 16:57:43,213 [INFO] Rule:225 - rule WakeUp5 SIGNAL is applicable
2025-11-06 16:57:43,213 [INFO] Rule:225 - rule Add RTC Activate Clock Source is applicable
2025-11-06 16:57:43,213 [INFO] Rule:225 - rule Add RTC Activate Calendar 1 is applicable
2025-11-06 16:57:43,213 [INFO] Rule:225 - rule Add RTC Activate Calendar 2 is applicable
2025-11-06 16:57:43,213 [INFO] Rule:225 - rule Add RTC Activate Calendar 3 is applicable
2025-11-06 16:57:43,213 [INFO] Rule:225 - rule UART/USART TX Mode is applicable
2025-11-06 16:57:43,213 [INFO] Rule:225 - rule UART/USART RX Mode is applicable
2025-11-06 16:57:43,213 [INFO] Rule:225 - rule UART/USART RX TX Mode is applicable
2025-11-06 16:57:43,213 [INFO] Rule:225 - rule UART/USART PARITY NONE is applicable
2025-11-06 16:57:43,213 [INFO] Rule:225 - rule UART/USART PARITY EVEN is applicable
2025-11-06 16:57:43,213 [INFO] Rule:225 - rule UART/USART PARITY ODD is applicable
2025-11-06 16:57:43,213 [INFO] Rule:225 - rule USART StopBits 1 is applicable
2025-11-06 16:57:43,213 [INFO] Rule:225 - rule USART StopBits 2 is applicable
2025-11-06 16:57:43,213 [INFO] Rule:225 - rule USART StopBits 1.5 is applicable
2025-11-06 16:57:43,213 [INFO] Rule:225 - rule USART StopBits 0.5 is applicable
2025-11-06 16:57:43,213 [INFO] Rule:225 - rule UART/USART WORD LENGTH 7 is applicable
2025-11-06 16:57:43,213 [INFO] Rule:225 - rule UART/USART WORD LENGTH 8 is applicable
2025-11-06 16:57:43,213 [INFO] Rule:225 - rule UART/USART WORD LENGTH 9 is applicable
2025-11-06 16:57:43,213 [INFO] Rule:225 - rule Rename FMC NAND NCE signal is applicable
2025-11-06 16:57:43,213 [INFO] Rule:225 - rule Rename FMC NAND INT signal is applicable
2025-11-06 16:57:43,214 [INFO] Rule:225 - rule Change Default Value for LSE Drive Capability for WB family is applicable
2025-11-06 16:57:43,214 [INFO] Rule:225 - rule Change Default Value for ADC Clock Prescaler G0 family is applicable
2025-11-06 16:57:43,214 [INFO] Rule:225 - rule Change Default Value for ADC ExternalTrigConv L4 family is applicable
2025-11-06 16:57:43,214 [INFO] Rule:225 - rule Change Default Value for ADC ExternalTrigInjecConv L4 family is applicable
2025-11-06 16:57:43,214 [INFO] Rule:225 - rule Change Default Value for ADC ExternalTrigConv F3 family is applicable
2025-11-06 16:57:43,214 [INFO] Rule:225 - rule Change Default Value for ADC ExternalTrigInjecConv F3 family is applicable
2025-11-06 16:57:43,214 [INFO] Rule:225 - rule Change Default Value for ADC ExternalTrigConv Goldfish serie is applicable
2025-11-06 16:57:43,214 [INFO] Rule:225 - rule Change Default Value for ADC ExternalTrigInjecConv Goldfish serie is applicable
2025-11-06 16:57:43,214 [INFO] Rule:225 - rule Change Default Value for ADC ExternalTrigConv L0 family is applicable
2025-11-06 16:57:43,214 [INFO] Rule:225 - rule Change Default Value for ADC ExternalTrigConv F0 family is applicable
2025-11-06 16:57:43,214 [INFO] Rule:225 - rule Change Default Value for ADC ExternalTrigConvn L1 family is applicable
2025-11-06 16:57:43,214 [INFO] Rule:225 - rule Change Default Value for ADC ExternalTrigInjecConv L1 family is applicable
2025-11-06 16:57:43,214 [INFO] Rule:225 - rule Change Default Value for ADC ExternalTrigConv F1 family is applicable
2025-11-06 16:57:43,214 [INFO] Rule:225 - rule Change Default Value for ADC ExternalTrigInjecConv F1 family is applicable
2025-11-06 16:57:43,214 [INFO] Rule:225 - rule Change Default Value for ADC ExternalTrigConv F7 family is applicable
2025-11-06 16:57:43,214 [INFO] Rule:225 - rule Change Default Value for ADC ExternalTrigInjecConv F7 family is applicable
2025-11-06 16:57:43,214 [INFO] Rule:225 - rule Change Default Value for ADC ExternalTrigConv F4 and F2 family is applicable
2025-11-06 16:57:43,214 [INFO] Rule:225 - rule Change Default Value for ADC ExternalTrigInjecConv F4 and F2 family is applicable
2025-11-06 16:57:43,214 [INFO] Rule:225 - rule ADC SamplingTime fix with FW L0  is applicable
2025-11-06 16:57:43,214 [INFO] Rule:225 - rule ADC SamplingTime fix with FW L0  is applicable
2025-11-06 16:57:43,214 [INFO] Rule:225 - rule ADC SamplingTime fix with FW L0 is applicable
2025-11-06 16:57:43,214 [INFO] Rule:225 - rule ADC SamplingTime fix with FW L0 is applicable
2025-11-06 16:57:43,214 [INFO] Rule:225 - rule ADC SamplingTime fix with FW L0  is applicable
2025-11-06 16:57:43,214 [INFO] Rule:225 - rule ADC SamplingTime fix with FW L0 is applicable
2025-11-06 16:57:43,214 [INFO] Rule:225 - rule Rename USB_OE Signal is applicable
2025-11-06 16:57:43,214 [INFO] Rule:225 - rule Rename Activate_OE Mode is applicable
2025-11-06 16:57:43,214 [INFO] Rule:225 - rule Rename DIE462/DIE415 pin PC14/OSC32_IN -> PC14-OSC32_IN (PC14) is applicable
2025-11-06 16:57:43,214 [INFO] Rule:225 - rule Rename DIE462/DIE415 pin PC15/OSC32_OUT -> PC15-OSC32_OUT (PC15) is applicable
2025-11-06 16:57:43,214 [INFO] Rule:225 - rule Rename DIE462/DIE415 pin PH0/OSC_IN -> PH0-OSC_IN (PH0) is applicable
2025-11-06 16:57:43,214 [INFO] Rule:225 - rule Rename DIE462/DIE415 pin PH1/OSC_OUT -> PH1-OSC_OUT (PH1) is applicable
2025-11-06 16:57:43,214 [INFO] Rule:225 - rule Rename DIE462 pin PA13 -> PA13 (JTMS/SWDIO) is applicable
2025-11-06 16:57:43,214 [INFO] Rule:225 - rule Rename DIE415 pin PA13 -> PA13 (JTMS/SWDIO) is applicable
2025-11-06 16:57:43,214 [INFO] Rule:225 - rule Rename DIE462 pin PA14 -> PA14 (JTCK/SWCLK) is applicable
2025-11-06 16:57:43,214 [INFO] Rule:225 - rule Rename DIE415 pin PA14 -> PA14 (JTCK/SWCLK) is applicable
2025-11-06 16:57:43,214 [INFO] Rule:225 - rule Rename DIE462/DIE415 pin PA15 -> PA15 (JTDI) is applicable
2025-11-06 16:57:43,214 [INFO] Rule:225 - rule Rename DIE462 pin PB3 -> PB3 (JTD0/TRACESWO) is applicable
2025-11-06 16:57:43,214 [INFO] Rule:225 - rule Rename DIE415 pin PB3 -> PB3 (JTD0-TRACESWO) is applicable
2025-11-06 16:57:43,214 [INFO] Rule:225 - rule Rename DIE462/DIE415 pin PB4 -> PB4 (NJTRST) is applicable
2025-11-06 16:57:43,214 [INFO] Rule:225 - rule Rename DIE462 pin PH3/BOOT0 -> PH3-BOOT0 (BOOT0) is applicable
2025-11-06 16:57:43,214 [INFO] Rule:225 - rule Rename CRYP DataEncryptionTypesList to Algorithm is applicable
2025-11-06 16:57:43,214 [INFO] Rule:225 - rule Rename AES DataEncryptionTypesList to Algorithm is applicable
2025-11-06 16:57:43,214 [INFO] Rule:225 - rule Rename TDESECB to CRYP_TDES_ECB is applicable
2025-11-06 16:57:43,214 [INFO] Rule:225 - rule Rename TDESCBC to CRYP_TDES_CBC is applicable
2025-11-06 16:57:43,214 [INFO] Rule:225 - rule Rename DESECB to CRYP_DES_ECB is applicable
2025-11-06 16:57:43,214 [INFO] Rule:225 - rule Rename DESCBC to CRYP_DES_CBC is applicable
2025-11-06 16:57:43,214 [INFO] Rule:225 - rule Rename AESECB to CRYP_AES_ECB is applicable
2025-11-06 16:57:43,214 [INFO] Rule:225 - rule Rename AESCBC to CRYP_AES_CBC is applicable
2025-11-06 16:57:43,214 [INFO] Rule:225 - rule Rename AESCTR to CRYP_AES_CTR is applicable
2025-11-06 16:57:43,214 [INFO] Rule:225 - rule Rename AESGCM to CRYP_AES_GCM is applicable
2025-11-06 16:57:43,214 [INFO] Rule:225 - rule Rename AESCCM to CRYP_AES_CCM is applicable
2025-11-06 16:57:43,214 [INFO] Rule:225 - rule Rename CAN TimeSeg1 to BS1 is applicable
2025-11-06 16:57:43,214 [INFO] Rule:225 - rule Rename CAN TimeSeg2 to BS2 is applicable
2025-11-06 16:57:43,214 [INFO] Rule:225 - rule Rename CAN SyncJumpWidth to SJW is applicable
2025-11-06 16:57:43,214 [INFO] Rule:225 - rule TimeTriggeredMode to TTCM is applicable
2025-11-06 16:57:43,214 [INFO] Rule:225 - rule Rename CAN AutoBusOff to ABOM is applicable
2025-11-06 16:57:43,214 [INFO] Rule:225 - rule Rename CAN AutoWakeUp to AWUM is applicable
2025-11-06 16:57:43,214 [INFO] Rule:225 - rule Rename CAN AutoRetransmission to NART is applicable
2025-11-06 16:57:43,214 [INFO] Rule:225 - rule Rename CAN ReceiveFifoLocked to RFLM is applicable
2025-11-06 16:57:43,214 [INFO] Rule:225 - rule Rename CAN TransmitFifoPriority to TXFP is applicable
2025-11-06 16:57:43,215 [INFO] Rule:225 - rule Rename HRTIMER HRTIM_OUTPUTFAULTLEVEL_HIGH in HRTIMER HRTIM_OUTPUTFAULTLEVEL_HIGHZ is applicable
2025-11-06 16:57:43,215 [INFO] Rule:225 - rule Rename TIMER TIM_CLEARINPUTSOURCE_OCREFCLR in  TIMER TIM_CLEARINPUTSOURCE_NONE for F7 family is applicable
2025-11-06 16:57:43,215 [INFO] Rule:225 - rule FDCAN_R1 - Rename FDCAN mode Master into Classic is applicable
2025-11-06 16:57:43,215 [INFO] Rule:225 - rule FDCAN_R2 - Rename FDCAN mode Slave into Classic is applicable
2025-11-06 16:57:43,215 [INFO] Rule:225 - rule FDCAN1_R3 - if PA10.Mode=FullDuplex, add Pin PA12 is applicable
2025-11-06 16:57:43,215 [INFO] Rule:225 - rule FDCAN1_R3 - if PA9.Mode=FullDuplex, add Pin PA11 is applicable
2025-11-06 16:57:43,215 [INFO] Rule:225 - rule FDCAN1_R3 - Alternatepin_1 - if PE1.Mode=FullDuplex, add Pin PB9 is applicable
2025-11-06 16:57:43,215 [INFO] Rule:225 - rule FDCAN1_R3 - Alternatepin_1 - if PE0.Mode=FullDuplex, add Pin PB8 is applicable
2025-11-06 16:57:43,215 [INFO] Rule:225 - rule FDCAN1_R3 - Alternatepin_2 - if PD5.Mode=FullDuplex, add Pin PD1 is applicable
2025-11-06 16:57:43,215 [INFO] Rule:225 - rule FDCAN1_R3 - Alternatepin_2 - if PD4.Mode=FullDuplex, add Pin PD0 is applicable
2025-11-06 16:57:43,215 [INFO] Rule:225 - rule FDCAN1_R4 - Rename Mode FullDuplex into Enable FDCAN_TXFD for pin PA10 is applicable
2025-11-06 16:57:43,215 [INFO] Rule:225 - rule FDCAN1_R4 - Rename Mode FullDuplex into Enable FDCAN_TXFD for pin PA9 is applicable
2025-11-06 16:57:43,215 [INFO] Rule:225 - rule FDCAN1_R4 - Alternatepin_1 - Rename Mode FullDuplex into Enable FDCAN_TXFD for pin PE1 is applicable
2025-11-06 16:57:43,215 [INFO] Rule:225 - rule FDCAN1_R4 - Alternatepin_1 - Rename Mode FullDuplex into Enable FDCAN_TXFD for pin PE0 is applicable
2025-11-06 16:57:43,215 [INFO] Rule:225 - rule FDCAN1_R4 - Alternatepin_2 - Rename Mode FullDuplex into Enable FDCAN_TXFD for pin PD5 is applicable
2025-11-06 16:57:43,215 [INFO] Rule:225 - rule FDCAN1_R4 - Alternatepin_2 - Rename Mode FullDuplex into Enable FDCAN_TXFD for pin PD4 is applicable
2025-11-06 16:57:43,215 [INFO] Rule:225 - rule FDCAN2_R3 - if PD10.Mode=FullDuplex, add Pin PB13 is applicable
2025-11-06 16:57:43,215 [INFO] Rule:225 - rule FDCAN2_R3 - if PD9.Mode=FullDuplex, add Pin PB12 is applicable
2025-11-06 16:57:43,215 [INFO] Rule:225 - rule FDCAN2_R3 - Alternatepin_1 - if PB7.Mode=FullDuplex, add Pin PB6 is applicable
2025-11-06 16:57:43,215 [INFO] Rule:225 - rule FDCAN2_R3 - Alternatepin_1 - if PD9.Mode=FullDuplex, add Pin PB12 is applicable
2025-11-06 16:57:43,215 [INFO] Rule:225 - rule FDCAN2_R4 - Rename Mode FullDuplex into Enable FDCAN_TXFD for pin PD10 is applicable
2025-11-06 16:57:43,215 [INFO] Rule:225 - rule FDCAN2_R4 - Rename Mode FullDuplex into Enable FDCAN_TXFD for pin PD9 is applicable
2025-11-06 16:57:43,215 [INFO] Rule:225 - rule FDCAN2_R4 - Alternatepin_1 - Rename Mode FullDuplex into Enable FDCAN_TXFD for pin PB7 is applicable
2025-11-06 16:57:43,215 [INFO] Rule:225 - rule FDCAN2_R4 - Alternatepin_1 - Rename Mode FullDuplex into Enable FDCAN_TXFD for pin PD6 is applicable
2025-11-06 16:57:43,215 [INFO] Rule:225 - rule USART TxPinLevelInvertParam Mode is applicable
2025-11-06 16:57:43,215 [INFO] Rule:225 - rule USART RxPinLevelInvertParam Mode is applicable
2025-11-06 16:57:43,215 [INFO] Rule:225 - rule USART DataInvertParam Mode is applicable
2025-11-06 16:57:43,215 [INFO] Rule:225 - rule USART SwapParam Mode is applicable
2025-11-06 16:57:43,215 [INFO] Rule:225 - rule USART OverrunDisableParam Mode is applicable
2025-11-06 16:57:43,215 [INFO] Rule:225 - rule USART DMADisableonRxErrorParam Mode is applicable
2025-11-06 16:57:43,215 [INFO] Rule:225 - rule USART MSBFirstParam Mode is applicable
2025-11-06 16:57:43,215 [INFO] Rule:225 - rule Update MwName for USB_DEVICE is applicable
2025-11-06 16:57:43,215 [INFO] Rule:225 - rule Change PWR_Regulator_Voltage_Scale Default Value for RCC  H7 family is applicable
2025-11-06 16:57:43,215 [INFO] Rule:225 - rule UART/USART IPParameter rename Prescaler parameter to ClockPrescaler is applicable
2025-11-06 16:57:43,215 [INFO] Rule:225 - rule UART/USART Prescaler rename Prescaler parameter to ClockPrescaler is applicable
2025-11-06 16:57:43,215 [INFO] Rule:225 - rule TIM1CLockSelection is applicable
2025-11-06 16:57:43,215 [INFO] Rule:225 - rule TIM15CLockSelection is applicable
2025-11-06 16:57:43,215 [INFO] Rule:225 - rule align RCC SDMMC3CLockSelection default value on MP1 is applicable
2025-11-06 16:57:43,215 [INFO] Rule:225 - rule align RCC SDMMC12CLockSelection default value on MP1 is applicable
2025-11-06 16:57:43,215 [INFO] Rule:225 - rule align RCC QSPICLockSelection default value on MP1 is applicable
2025-11-06 16:57:43,215 [INFO] Rule:225 - rule align RCC QSPICLockSelection default value on MP1 is applicable
2025-11-06 16:57:43,215 [INFO] Rule:225 - rule align RCC SPI6CLockSelection default value on MP1 is applicable
2025-11-06 16:57:43,215 [INFO] Rule:225 - rule align RCC LPTIM23CLockSelection default value on MP1 is applicable
2025-11-06 16:57:43,215 [INFO] Rule:225 - rule align RCC LPTIM1CLockSelection default value on MP1 is applicable
2025-11-06 16:57:43,215 [INFO] Rule:225 - rule align RCC USART1CLockSelection default value on MP1 is applicable
2025-11-06 16:57:43,215 [INFO] Rule:225 - rule align RCC USART24CLockSelection default value on MP1 is applicable
2025-11-06 16:57:43,215 [INFO] Rule:225 - rule align RCC USART6CLockSelection default value on MP1 is applicable
2025-11-06 16:57:43,215 [INFO] Rule:225 - rule align RCC UART78CLockSelection default value on MP1 is applicable
2025-11-06 16:57:43,215 [INFO] Rule:225 - rule align RCC USART35CLockSelection default value on MP1 is applicable
2025-11-06 16:57:43,215 [INFO] Rule:225 - rule align RCC SPI45CLockSelection default value on MP1 is applicable
2025-11-06 16:57:43,215 [INFO] Rule:225 - rule align RCC I2C46CLockSelection BCLK value on MP1 is applicable
2025-11-06 16:57:43,215 [INFO] Rule:225 - rule align RCC SPI45CLockSelection default value on MP1 is applicable
2025-11-06 16:57:43,215 [INFO] Rule:225 - rule align RCC I2C12CLockSelection default value on MP1 is applicable
2025-11-06 16:57:43,215 [INFO] Rule:225 - rule align RCC I2C35CLockSelection default value on MP1 is applicable
2025-11-06 16:57:43,215 [INFO] Rule:225 - rule align RCC LPTIM45CLockSelection default value on MP1 is applicable
2025-11-06 16:57:43,216 [INFO] Rule:225 - rule Rename DCMI PIXCK signal is applicable
2025-11-06 16:57:43,216 [INFO] Rule:225 - rule Change Default Value for I2C46CLockSelection MP1 family is applicable
2025-11-06 16:57:43,216 [INFO] Rule:225 - rule Change Default Value for UART for G4, G0 and WB families is applicable
2025-11-06 16:57:43,216 [INFO] Rule:225 - rule Change Default Value for USART for G4, G0 and WB families is applicable
2025-11-06 16:57:43,216 [INFO] Rule:225 - rule Change Default Value for USART for G4 family is applicable
2025-11-06 16:57:43,216 [INFO] Rule:225 - rule Change USART1CLockSelection refparam name for MP1 is applicable
2025-11-06 16:57:43,216 [INFO] Rule:225 - rule Change USART2CLockSelection refparam name for MP1 is applicable
2025-11-06 16:57:43,216 [INFO] Rule:225 - rule Change USART3CLockSelection refparam name for MP1 is applicable
2025-11-06 16:57:43,216 [INFO] Rule:225 - rule Change UART4CLockSelection refparam name for MP1 is applicable
2025-11-06 16:57:43,216 [INFO] Rule:225 - rule Change UART5CLockSelection refparam name for MP1 is applicable
2025-11-06 16:57:43,216 [INFO] Rule:225 - rule Change LPUART1CLockSelection refparam name for MP1 is applicable
2025-11-06 16:57:43,216 [INFO] Rule:225 - rule Change LPTIM1CLockSelection refparam name for MP1 is applicable
2025-11-06 16:57:43,216 [INFO] Rule:225 - rule Change LPTIM2CLockSelection refparam name for MP1 is applicable
2025-11-06 16:57:43,216 [INFO] Rule:225 - rule Change RCC_MCO1Source refparam name for MP1 is applicable
2025-11-06 16:57:43,216 [INFO] Rule:225 - rule Change LSCOSource1 refparam name for MP1 is applicable
2025-11-06 16:57:43,216 [INFO] Rule:225 - rule Change SMPSCLockSelection refparam name for MP1 is applicable
2025-11-06 16:57:43,216 [INFO] Rule:225 - rule Change LPTIM3CLockSelection refparam name for MP1 is applicable
2025-11-06 16:57:43,216 [INFO] Rule:225 - rule Change MPCBB* Default Template Mode to Parameters is applicable
2025-11-06 16:57:43,216 [INFO] Rule:225 - rule Change MPCWM* or MPCBB* Secure Mode to Parameters is applicable
2025-11-06 16:57:43,216 [INFO] Rule:225 - rule Change MPCWM* or MPCBB* No Secure Mode to Parameters is applicable
2025-11-06 16:57:43,216 [INFO] Rule:225 - rule Change TZSC IP Secure Mode to Parameters is applicable
2025-11-06 16:57:43,216 [INFO] Rule:225 - rule Change TZSC IP No Secure Mode to Parameters is applicable
2025-11-06 16:57:43,216 [INFO] Rule:225 - rule Change TZSC IP Privilege Mode to Parameters is applicable
2025-11-06 16:57:43,216 [INFO] Rule:225 - rule Change TZSC IP No Privilege Mode to Parameters is applicable
2025-11-06 16:57:43,216 [INFO] Rule:225 - rule Change TZIC IT Secure Mode to Parameters is applicable
2025-11-06 16:57:43,216 [INFO] Rule:225 - rule Change TZIC IT No Secure Mode to Parameters is applicable
2025-11-06 16:57:43,216 [INFO] Rule:225 - rule Add MPCBB1_NonSecureArea_Start_Address value with referenced to MPCBB1_NonSecureArea_Start value is applicable
2025-11-06 16:57:43,216 [INFO] Rule:225 - rule Add MPCBB2_NonSecureArea_Start_Address value with referenced to MPCBB2_NonSecureArea_Start value is applicable
2025-11-06 16:57:43,216 [INFO] Rule:225 - rule Add MPCWM1_NonSecureArea*_Start_Address value with referenced to MPCWM1_NonSecureArea*_Start value is applicable
2025-11-06 16:57:43,216 [INFO] Rule:225 - rule Add MPCWM2_NonSecureArea*_Start_Address value with referenced to MPCWM2_NonSecureArea*_Start value is applicable
2025-11-06 16:57:43,216 [INFO] Rule:225 - rule Add MPCWM3_NonSecureArea_Start_Address value with referenced to MPCWM3_NonSecureArea_Start value is applicable
2025-11-06 16:57:43,216 [INFO] Rule:225 - rule Change Default Value for PLL1UserDefinedConfig is applicable
2025-11-06 16:57:43,216 [INFO] Rule:225 - rule Change GPIO_PuPd Default Value for USART in async mode is applicable
2025-11-06 16:57:43,216 [INFO] Rule:225 - rule Change SMPSDivider Default Value is applicable
2025-11-06 16:57:43,216 [INFO] Rule:225 - rule OPAMP is applicable
2025-11-06 16:57:43,216 [INFO] Rule:225 - rule LPUART IPParameter rename Prescaler parameter to ClockPrescaler for STM32H7 is applicable
2025-11-06 16:57:43,216 [INFO] Rule:225 - rule LPUART IPParameter rename Prescaler parameter to ClockPrescaler for STM32H7 is applicable
2025-11-06 16:57:43,216 [INFO] Rule:225 - rule LPUART IPParameter rename Prescaler parameter to ClockPrescaler for STM32WB is applicable
2025-11-06 16:57:43,216 [INFO] Rule:225 - rule LPUART IPParameter rename Prescaler parameter to ClockPrescaler for STM32WB is applicable
2025-11-06 16:57:43,216 [INFO] Rule:225 - rule LPUART IPParameter rename Prescaler parameter to ClockPrescaler for STM32G4 is applicable
2025-11-06 16:57:43,216 [INFO] Rule:225 - rule LPUART IPParameter rename Prescaler parameter to ClockPrescaler for STM32G4 is applicable
2025-11-06 16:57:43,216 [INFO] Rule:225 - rule LPUART IPParameter rename Prescaler parameter to ClockPrescaler for STM32L5 is applicable
2025-11-06 16:57:43,216 [INFO] Rule:225 - rule LPUART IPParameter rename Prescaler parameter to ClockPrescaler for STM32L5 is applicable
2025-11-06 16:57:43,216 [INFO] Rule:225 - rule LPUART IPParameter rename Prescaler parameter to ClockPrescaler for STM32G4 is applicable
2025-11-06 16:57:43,216 [INFO] Rule:225 - rule LPUART IPParameter rename Prescaler parameter to ClockPrescaler for STM32G4 is applicable
2025-11-06 16:57:43,216 [INFO] Rule:225 - rule USB device lib V2.5.3 for L0 rename USBD_SUPPORT_USER_STRING parameter to USBD_SUPPORT_USER_STRING_DESC4 is applicable
2025-11-06 16:57:43,216 [INFO] Rule:225 - rule I2SCLockSelection clock entry align is applicable
2025-11-06 16:57:43,216 [INFO] Rule:225 - rule Assign TIMx context if used as SYS timebase is applicable
2025-11-06 16:57:43,216 [INFO] Rule:225 - rule Change GPIO_Pu Default Value for I2C is applicable
2025-11-06 16:57:43,216 [INFO] Rule:225 - rule Change GPIO_Pu Default Value for SMBus is applicable
2025-11-06 16:57:43,216 [INFO] Rule:225 - rule change FDCAN default value is applicable
2025-11-06 16:57:43,216 [INFO] Rule:225 - rule Change mode sai is applicable
2025-11-06 16:57:43,216 [INFO] Rule:225 - rule **Change sai mode is applicable
2025-11-06 16:57:43,216 [INFO] Rule:225 - rule Rename STM32WPAN CFG_BLE_IRK to CFG_BLE_IR is applicable
2025-11-06 16:57:43,216 [INFO] Rule:225 - rule Rename STM32WPAN CFG_BLE_ERK to CFG_BLE_ER is applicable
2025-11-06 16:57:43,216 [INFO] Rule:225 - rule Rename STM32WPAN CFG_BLE_IRK_HEX to CFG_BLE_IR_HEX is applicable
2025-11-06 16:57:43,216 [INFO] Rule:225 - rule Rename STM32WPAN CFG_BLE_ERK_HEX to CFG_BLE_ER_HEX is applicable
2025-11-06 16:57:43,216 [INFO] Rule:225 - rule Adapt Old IOC before rework replace old CORTEX_M33/CORTEX_M55 attributes by the new one. is applicable
2025-11-06 16:57:43,216 [INFO] Rule:225 - rule Rename parametre of RCC RCC_APBDBG_DIV2 to RCC_TIMPRES_DIV2 is applicable
2025-11-06 16:57:43,216 [INFO] Rule:225 - rule Rename DIE493 pin PA10 [PA12] -> PA10 is applicable
2025-11-06 16:57:43,216 [INFO] Rule:225 - rule Rename DIE493 pin PA9 [PA11] -> PA9 is applicable
2025-11-06 16:57:43,216 [INFO] Rule:225 - rule Adapt Old IOC CSI. is applicable
2025-11-06 16:57:43,232 [INFO] DbConfProperties:307 - Apply Compatibility (49/267 Rules)
2025-11-06 16:57:43,248 [INFO] ImportTextPane:218 - (OptionalMessage_ERROR) Unable to find key (Mcu.ThirdPartyNb) in loaded IOC file
2025-11-06 16:57:43,249 [INFO] ImportTextPane:218 - (OptionalMessage_ERROR) Pin12 (VP_RIF_VS_RIF1) cannot be retrieved for this MCU
2025-11-06 16:57:43,313 [INFO] RtosManager:558 - Registered RTOS mode: class=CMSIS, group=RTOS, mode=CMSIS_V1, owner=FREERTOS
2025-11-06 16:57:43,313 [INFO] RtosManager:558 - Registered RTOS mode: class=CMSIS, group=RTOS2, mode=CMSIS_V2, owner=FREERTOS
2025-11-06 16:57:43,313 [INFO] RtosManager:558 - Registered RTOS mode: class=RTOS, group=Core, mode=CMSIS_V1, owner=FREERTOS
2025-11-06 16:57:43,313 [INFO] RtosManager:558 - Registered RTOS mode: class=RTOS, group=Core, mode=CMSIS_V2, owner=FREERTOS
2025-11-06 16:57:43,313 [WARN] ModelIntegratedComponent:184 - Missing modes for component STMicroelectronics:FreeRTOS:0.0.1:STMicroelectronics:RTOS:FreeRTOS:Core:::10.2.0:
2025-11-06 16:57:43,334 [WARN] ModelIntegratedComponent:63 - No mode defined for component null
2025-11-06 16:57:43,335 [WARN] ModelIntegratedComponent:63 - No mode defined for component null
2025-11-06 16:57:43,335 [WARN] ModelIntegratedComponent:63 - No mode defined for component null
2025-11-06 16:57:43,335 [WARN] ModelIntegratedComponent:63 - No mode defined for component null
2025-11-06 16:57:43,335 [WARN] ModelIntegratedComponent:63 - No mode defined for component null
2025-11-06 16:57:43,335 [WARN] ModelIntegratedComponent:63 - No mode defined for component null
2025-11-06 16:57:43,335 [WARN] ModelIntegratedComponent:63 - No mode defined for component null
2025-11-06 16:57:43,335 [WARN] ModelIntegratedComponent:63 - No mode defined for component null
2025-11-06 16:57:43,335 [WARN] ModelIntegratedComponent:63 - No mode defined for component null
2025-11-06 16:57:43,335 [WARN] ModelIntegratedComponent:63 - No mode defined for component null
2025-11-06 16:57:43,335 [WARN] ModelIntegratedComponent:63 - No mode defined for component null
2025-11-06 16:57:43,335 [WARN] ModelIntegratedComponent:63 - No mode defined for component null
2025-11-06 16:57:43,335 [WARN] ModelIntegratedComponent:63 - No mode defined for component null
2025-11-06 16:57:43,335 [WARN] ModelIntegratedComponent:63 - No mode defined for component null
2025-11-06 16:57:43,335 [WARN] ModelIntegratedComponent:63 - No mode defined for component null
2025-11-06 16:57:43,335 [WARN] ModelIntegratedComponent:63 - No mode defined for component null
2025-11-06 16:57:43,335 [WARN] ModelIntegratedComponent:63 - No mode defined for component null
2025-11-06 16:57:43,335 [WARN] ModelIntegratedComponent:63 - No mode defined for component null
2025-11-06 16:57:43,335 [WARN] ModelIntegratedComponent:63 - No mode defined for component null
2025-11-06 16:57:43,335 [WARN] ModelIntegratedComponent:63 - No mode defined for component null
2025-11-06 16:57:43,335 [WARN] ModelIntegratedComponent:63 - No mode defined for component null
2025-11-06 16:57:43,335 [WARN] ModelIntegratedComponent:63 - No mode defined for component null
2025-11-06 16:57:43,335 [WARN] ModelIntegratedComponent:63 - No mode defined for component null
2025-11-06 16:57:43,335 [WARN] ModelIntegratedComponent:63 - No mode defined for component null
2025-11-06 16:57:43,335 [WARN] ModelIntegratedComponent:63 - No mode defined for component null
2025-11-06 16:57:43,335 [WARN] ModelIntegratedComponent:63 - No mode defined for component null
2025-11-06 16:57:43,335 [WARN] ModelIntegratedComponent:63 - No mode defined for component null
2025-11-06 16:57:43,335 [WARN] ModelIntegratedComponent:63 - No mode defined for component null
2025-11-06 16:57:43,335 [WARN] ModelIntegratedComponent:63 - No mode defined for component null
2025-11-06 16:57:43,335 [WARN] ModelIntegratedComponent:63 - No mode defined for component null
2025-11-06 16:57:43,335 [WARN] ModelIntegratedComponent:63 - No mode defined for component null
2025-11-06 16:57:43,335 [WARN] ModelIntegratedComponent:63 - No mode defined for component null
2025-11-06 16:57:43,335 [WARN] ModelIntegratedComponent:63 - No mode defined for component null
2025-11-06 16:57:43,335 [WARN] ModelIntegratedComponent:63 - No mode defined for component null
2025-11-06 16:57:43,335 [WARN] ModelIntegratedComponent:63 - No mode defined for component null
2025-11-06 16:57:43,335 [WARN] ModelPack:524 - Component already loaded: STMicroelectronics:HAL Drivers:0.0.0:STMicroelectronics:Device:STMicro_Driver:XSPI:HAL::0.0.1:HAL_XSPI
2025-11-06 16:57:43,509 [INFO] ThirdPartyModel:298 - Start build external matchings
2025-11-06 16:57:44,101 [INFO] ThirdPartyModel:316 - End build external matchings
2025-11-06 16:57:44,118 [INFO] ImportTextPane:218 - (OptionalMessage_ERROR) IP (RCC) : Invalid parameter (FamilyName)
2025-11-06 16:57:44,120 [INFO] ImportTextPane:218 - (OptionalMessage_ERROR) IP (RCC) : Parameter (RNGFreq_Value) has invalid value (64000000)
2025-11-06 16:57:44,121 [INFO] ImportTextPane:218 - (OptionalMessage_ERROR) IP (RCC) : Parameter (SDMMCFreq_Value) has invalid value (64000000)
2025-11-06 16:57:44,121 [INFO] ImportTextPane:218 - (OptionalMessage_ERROR) IP (RCC) : Parameter (USBFreq_Value) has invalid value (64000000)
2025-11-06 16:57:44,697 [INFO] UtilMem:75 - End LoadConfig() Used Memory: 765837232 Bytes (1073741824)
2025-11-06 16:57:44,752 [WARN] ThirdParty:833 - waiting for thirdparty lock release [change project]
2025-11-06 16:57:44,752 [INFO] ThirdParty:835 - entering critical section [change project]
2025-11-06 16:57:44,752 [INFO] ThirdParty:1030 - CMSIS Pack Vendor :STMicroelectronics X-CUBE-PM33A1 1.0.0
2025-11-06 16:57:44,752 [INFO] ThirdParty:1030 - CMSIS Pack Vendor :STMicroelectronics USBPD 4.1
2025-11-06 16:57:44,752 [INFO] ThirdParty:1030 - CMSIS Pack Vendor :STMicroelectronics X-CUBE-NFC9 1.0.0
2025-11-06 16:57:44,752 [INFO] ThirdParty:1030 - CMSIS Pack Vendor :STMicroelectronics USB_HOST 2.0.0
2025-11-06 16:57:44,752 [INFO] ThirdParty:1030 - CMSIS Pack Vendor :STMicroelectronics FP-SNS-MOTENVWB1 1.4.0
2025-11-06 16:57:44,752 [INFO] ThirdParty:1030 - CMSIS Pack Vendor :STMicroelectronics X-CUBE-AZRTOS-F4 1.1.0
2025-11-06 16:57:44,752 [INFO] ThirdParty:1030 - CMSIS Pack Vendor :STMicroelectronics LIBJPEG 8.0.0
2025-11-06 16:57:44,752 [INFO] ThirdParty:1030 - CMSIS Pack Vendor :STMicroelectronics FP-ATR-ASTRA1 2.0.2
2025-11-06 16:57:44,752 [INFO] ThirdParty:1030 - CMSIS Pack Vendor :wolfSSL I-CUBE-wolfSSL 5.8.2
2025-11-06 16:57:44,752 [INFO] ThirdParty:1030 - CMSIS Pack Vendor :STMicroelectronics X-CUBE-BLE1 7.1.0
2025-11-06 16:57:44,752 [INFO] ThirdParty:1030 - CMSIS Pack Vendor :STMicroelectronics X-CUBE-SMBUS 2.1.0
2025-11-06 16:57:44,753 [INFO] ThirdParty:1030 - CMSIS Pack Vendor :wolfSSL I-CUBE-wolfMQTT 1.19.2
2025-11-06 16:57:44,753 [INFO] ThirdParty:1030 - CMSIS Pack Vendor :STMicroelectronics USB_DEVICE 3.0.0
2025-11-06 16:57:44,753 [INFO] ThirdParty:1030 - CMSIS Pack Vendor :STMicroelectronics X-CUBE-ISPU 2.1.0
2025-11-06 16:57:44,753 [INFO] ThirdParty:1030 - CMSIS Pack Vendor :STMicroelectronics X-CUBE-EEPRMA1 5.2.0
2025-11-06 16:57:44,753 [INFO] ThirdParty:1030 - CMSIS Pack Vendor :STMicroelectronics X-CUBE-BLEMGR 4.1.0
2025-11-06 16:57:44,753 [INFO] ThirdParty:1030 - CMSIS Pack Vendor :STMicroelectronics X-CUBE-AZRTOS-WB 2.0.0
2025-11-06 16:57:44,753 [INFO] ThirdParty:1030 - CMSIS Pack Vendor :STMicroelectronics X-CUBE-GNSS1 7.0.1
2025-11-06 16:57:44,753 [INFO] ThirdParty:1030 - CMSIS Pack Vendor :STMicroelectronics X-CUBE-NFC12 1.0.0
2025-11-06 16:57:44,753 [INFO] ThirdParty:1030 - CMSIS Pack Vendor :STMicroelectronics X-CUBE-AZRTOS-F7 1.1.0
2025-11-06 16:57:44,753 [INFO] ThirdParty:1030 - CMSIS Pack Vendor :STMicroelectronics X-CUBE-AZRTOS-L5 2.0.0
2025-11-06 16:57:44,753 [INFO] ThirdParty:1030 - CMSIS Pack Vendor :STMicroelectronics USB_DEVICE 2.0.0
2025-11-06 16:57:44,753 [INFO] ThirdParty:1030 - CMSIS Pack Vendor :STMicroelectronics X-CUBE-NFC6 3.1.0
2025-11-06 16:57:44,753 [INFO] ThirdParty:1030 - CMSIS Pack Vendor :Cesanta I-CUBE-Mongoose 7.19.0
2025-11-06 16:57:44,753 [INFO] ThirdParty:1030 - CMSIS Pack Vendor :quantropi X-CUBE-qispace-sdk-base 2.1.0
2025-11-06 16:57:44,753 [INFO] ThirdParty:1030 - CMSIS Pack Vendor :STMicroelectronics FreeRTOS 0.0.1
2025-11-06 16:57:44,753 [INFO] ThirdParty:1030 - CMSIS Pack Vendor :STMicroelectronics X-CUBE-AZRTOS-G0 1.1.0
2025-11-06 16:57:44,753 [INFO] ThirdParty:1030 - CMSIS Pack Vendor :STMicroelectronics X-CUBE-SAFEA1 1.2.2
2025-11-06 16:57:44,753 [INFO] ThirdParty:1030 - CMSIS Pack Vendor :STMicroelectronics X-CUBE-NFC4 3.0.0
2025-11-06 16:57:44,753 [INFO] ThirdParty:1030 - CMSIS Pack Vendor :STMicroelectronics X-CUBE-SUBG2 5.0.0
2025-11-06 16:57:44,753 [INFO] ThirdParty:1030 - CMSIS Pack Vendor :STMicroelectronics X-CUBE-AZRTOS-H7RS 1.1.0
2025-11-06 16:57:44,753 [INFO] ThirdParty:1030 - CMSIS Pack Vendor :STMicroelectronics STM32_WPAN 1.0.0
2025-11-06 16:57:44,753 [INFO] ThirdParty:1030 - CMSIS Pack Vendor :EmbeddedOffice I-CUBE-FS-RTOS 1.0.1
2025-11-06 16:57:44,753 [INFO] ThirdParty:1030 - CMSIS Pack Vendor :STMicroelectronics lwIP 2.0.3
2025-11-06 16:57:44,753 [INFO] ThirdParty:1030 - CMSIS Pack Vendor :STMicroelectronics USB_HOST 1.0.0
2025-11-06 16:57:44,753 [INFO] ThirdParty:1030 - CMSIS Pack Vendor :Infineon AIROC-Wi-Fi-Bluetooth-STM32 1.7.1
2025-11-06 16:57:44,753 [INFO] ThirdParty:1030 - CMSIS Pack Vendor :STMicroelectronics X-CUBE-AZRTOS-G4 2.0.0
2025-11-06 16:57:44,753 [INFO] ThirdParty:1030 - CMSIS Pack Vendor :STMicroelectronics X-CUBE-WB05N 2.0.0
2025-11-06 16:57:44,753 [INFO] ThirdParty:1030 - CMSIS Pack Vendor :STMicroelectronics PDM2PCM 3.1.0
2025-11-06 16:57:44,753 [INFO] ThirdParty:1030 - CMSIS Pack Vendor :STMicroelectronics PDM2PCM 3.3.0
2025-11-06 16:57:44,753 [INFO] ThirdParty:1030 - CMSIS Pack Vendor :wolfSSL I-CUBE-wolfTPM 3.8.0
2025-11-06 16:57:44,753 [INFO] ThirdParty:1030 - CMSIS Pack Vendor :STMicroelectronics X-CUBE-AZRTOS-H7 3.4.0
2025-11-06 16:57:44,753 [INFO] ThirdParty:1030 - CMSIS Pack Vendor :STMicroelectronics X-CUBE-DISPLAY 3.0.0
2025-11-06 16:57:44,753 [INFO] ThirdParty:1030 - CMSIS Pack Vendor :wolfSSL I-CUBE-wolfSSH 1.4.20
2025-11-06 16:57:44,753 [INFO] ThirdParty:1030 - CMSIS Pack Vendor :STMicroelectronics X-CUBE-NFC7 2.0.0
2025-11-06 16:57:44,753 [INFO] ThirdParty:1030 - CMSIS Pack Vendor :STMicroelectronics X-CUBE-TCPP 4.2.0
2025-11-06 16:57:44,753 [INFO] ThirdParty:1030 - CMSIS Pack Vendor :RealThread X-CUBE-RT-Thread_Nano 4.1.1
2025-11-06 16:57:44,753 [INFO] ThirdParty:1030 - CMSIS Pack Vendor :STMicroelectronics FP-ATR-SIGFOX1 3.2.0
2025-11-06 16:57:44,753 [INFO] ThirdParty:1030 - CMSIS Pack Vendor :STMicroelectronics X-CUBE-NFC10 1.0.0
2025-11-06 16:57:44,753 [INFO] ThirdParty:1030 - CMSIS Pack Vendor :STMicroelectronics X-CUBE-FREERTOS 1.3.1
2025-11-06 16:57:44,753 [INFO] ThirdParty:1030 - CMSIS Pack Vendor :STMicroelectronics HAL Drivers 0.0.0
2025-11-06 16:57:44,753 [INFO] ThirdParty:1030 - CMSIS Pack Vendor :STMicroelectronics MBEDTLS 2.16.2
2025-11-06 16:57:44,753 [INFO] ThirdParty:1030 - CMSIS Pack Vendor :STMicroelectronics X-CUBE-ST60 1.1.0
2025-11-06 16:57:44,753 [INFO] ThirdParty:1030 - CMSIS Pack Vendor :STMicroelectronics X-CUBE-ALS 1.0.2
2025-11-06 16:57:44,753 [INFO] ThirdParty:1030 - CMSIS Pack Vendor :emotas I-CUBE-CANOPEN 1.3.0
2025-11-06 16:57:44,753 [INFO] ThirdParty:1030 - CMSIS Pack Vendor :STMicroelectronics MBEDTLS 2.14.1
2025-11-06 16:57:44,754 [INFO] ThirdParty:1030 - CMSIS Pack Vendor :STMicroelectronics X-CUBE-GNSS1 7.1.0
2025-11-06 16:57:44,754 [INFO] ThirdParty:1030 - CMSIS Pack Vendor :ITTIA_DB I-CUBE-ITTIADB 8.9.0
2025-11-06 16:57:44,754 [INFO] ThirdParty:1030 - CMSIS Pack Vendor :STMicroelectronics X-CUBE-TOUCHGFX 4.26.0
2025-11-06 16:57:44,754 [INFO] ThirdParty:1030 - CMSIS Pack Vendor :STMicroelectronics X-CUBE-STSE01 1.0.0
2025-11-06 16:57:44,754 [INFO] ThirdParty:1030 - CMSIS Pack Vendor :STMicroelectronics X-CUBE-AI 10.2.0
2025-11-06 16:57:44,754 [INFO] ThirdParty:1030 - CMSIS Pack Vendor :STMicroelectronics FP-SNS-STAIOTCFT 1.0.0
2025-11-06 16:57:44,754 [INFO] ThirdParty:1030 - CMSIS Pack Vendor :STMicroelectronics ThreadX 1.0.0
2025-11-06 16:57:44,754 [INFO] ThirdParty:1030 - CMSIS Pack Vendor :STMicroelectronics FP-SNS-SMARTAG2 1.2.0
2025-11-06 16:57:44,754 [INFO] ThirdParty:1030 - CMSIS Pack Vendor :STMicroelectronics FP-SNS-FLIGHT1 5.1.0
2025-11-06 16:57:44,754 [INFO] ThirdParty:1030 - CMSIS Pack Vendor :STMicroelectronics X-CUBE-AZRTOS-WL 2.0.0
2025-11-06 16:57:44,754 [INFO] ThirdParty:1030 - CMSIS Pack Vendor :SEGGER I-CUBE-embOS 1.3.1
2025-11-06 16:57:44,754 [INFO] ThirdParty:1030 - CMSIS Pack Vendor :STMicroelectronics X-CUBE-ALGOBUILD 1.4.0
2025-11-06 16:57:44,754 [INFO] ThirdParty:1030 - CMSIS Pack Vendor :STMicroelectronics X-CUBE-DPower 1.3.0
2025-11-06 16:57:44,754 [INFO] ThirdParty:1030 - CMSIS Pack Vendor :STMicroelectronics X-CUBE-MEMS1 11.3.0
2025-11-06 16:57:44,754 [INFO] ThirdParty:1030 - CMSIS Pack Vendor :STMicroelectronics USB_DEVICE 1.0.0
2025-11-06 16:57:44,754 [INFO] ThirdParty:1030 - CMSIS Pack Vendor :STMicroelectronics X-CUBE-AZRTOS-L4 2.0.0
2025-11-06 16:57:44,754 [INFO] ThirdParty:1030 - CMSIS Pack Vendor :STMicroelectronics ThreadX 0.0.2
2025-11-06 16:57:44,754 [INFO] ThirdParty:1030 - CMSIS Pack Vendor :STMicroelectronics lwIP 2.1.2
2025-11-06 16:57:44,754 [INFO] ThirdParty:1030 - CMSIS Pack Vendor :STMicroelectronics X-CUBE-SFXS2LP1 4.0.0
2025-11-06 16:57:44,754 [INFO] ThirdParty:1030 - CMSIS Pack Vendor :STMicroelectronics X-CUBE-BLE2 3.3.0
2025-11-06 16:57:44,754 [INFO] ThirdParty:1030 - CMSIS Pack Vendor :STMicroelectronics X-CUBE-TOF1 3.4.3
2025-11-06 16:57:44,754 [INFO] ThirdParty:1030 - CMSIS Pack Vendor :STMicroelectronics PDM2PCM 3.2.0
2025-11-06 16:57:44,755 [INFO] ThirdParty:841 - exiting critical section [change project]
2025-11-06 16:57:45,121 [INFO] PinOutPanel:1589 - setPackage(No Configuration,No Configuration)
2025-11-06 16:57:45,123 [INFO] PinOutPanel:1589 - setPackage(STM32L476RGTx,LQFP64)
2025-11-06 16:57:45,748 [INFO] UtilMem:75 - Before build in PCC Used Memory: 914821872 Bytes (1073741824)
2025-11-06 16:57:46,248 [INFO] UtilMem:75 - After build in PCC Used Memory: 753727456 Bytes (1073741824)
2025-11-06 16:57:46,269 [INFO] IPUIPlugin:80 - create IPUIPlugin
2025-11-06 16:57:46,270 [INFO] IPUIPlugin:80 - create IPUIPlugin
2025-11-06 16:57:46,270 [INFO] IPUIPlugin:80 - create IPUIPlugin
2025-11-06 16:57:46,270 [INFO] IPUIPlugin:80 - create IPUIPlugin
2025-11-06 16:57:46,270 [INFO] IPUIPlugin:80 - create IPUIPlugin
2025-11-06 16:57:46,270 [INFO] IPUIPlugin:80 - create IPUIPlugin
2025-11-06 16:57:46,270 [INFO] IPUIPlugin:80 - create IPUIPlugin
2025-11-06 16:57:46,270 [INFO] IPUIPlugin:80 - create IPUIPlugin
2025-11-06 16:57:46,271 [INFO] IPUIPlugin:80 - create IPUIPlugin
2025-11-06 16:57:46,271 [INFO] IPUIPlugin:80 - create IPUIPlugin
2025-11-06 16:57:46,271 [INFO] IPUIPlugin:80 - create IPUIPlugin
2025-11-06 16:57:46,271 [INFO] IPUIPlugin:80 - create IPUIPlugin
2025-11-06 16:57:46,271 [INFO] IPUIPlugin:80 - create IPUIPlugin
2025-11-06 16:57:46,271 [INFO] IPUIPlugin:80 - create IPUIPlugin
2025-11-06 16:57:46,271 [INFO] IPUIPlugin:80 - create IPUIPlugin
2025-11-06 16:57:46,271 [INFO] IPUIPlugin:80 - create IPUIPlugin
2025-11-06 16:57:46,272 [INFO] IPUIPlugin:80 - create IPUIPlugin
2025-11-06 16:57:46,272 [INFO] IPUIPlugin:80 - create IPUIPlugin
2025-11-06 16:57:46,272 [INFO] IPUIPlugin:80 - create IPUIPlugin
2025-11-06 16:57:46,273 [INFO] IPUIPlugin:80 - create IPUIPlugin
2025-11-06 16:57:46,274 [INFO] IPUIPlugin:80 - create IPUIPlugin
2025-11-06 16:57:46,274 [INFO] IPUIPlugin:80 - create IPUIPlugin
2025-11-06 16:57:46,274 [INFO] IPUIPlugin:80 - create IPUIPlugin
2025-11-06 16:57:46,274 [INFO] IPUIPlugin:80 - create IPUIPlugin
2025-11-06 16:57:46,275 [INFO] IPUIPlugin:80 - create IPUIPlugin
2025-11-06 16:57:46,275 [INFO] IPUIPlugin:80 - create IPUIPlugin
2025-11-06 16:57:46,275 [INFO] IPUIPlugin:80 - create IPUIPlugin
2025-11-06 16:57:46,275 [INFO] IPUIPlugin:80 - create IPUIPlugin
2025-11-06 16:57:46,276 [INFO] IPUIPlugin:80 - create IPUIPlugin
2025-11-06 16:57:46,276 [INFO] IPUIPlugin:80 - create IPUIPlugin
2025-11-06 16:57:46,276 [INFO] IPUIPlugin:80 - create IPUIPlugin
2025-11-06 16:57:46,276 [INFO] IPUIPlugin:80 - create IPUIPlugin
2025-11-06 16:57:46,277 [INFO] IPUIPlugin:80 - create IPUIPlugin
2025-11-06 16:57:46,277 [INFO] IPUIPlugin:80 - create IPUIPlugin
2025-11-06 16:57:46,277 [INFO] IPUIPlugin:80 - create IPUIPlugin
2025-11-06 16:57:46,277 [INFO] IPUIPlugin:80 - create IPUIPlugin
2025-11-06 16:57:46,277 [INFO] IPUIPlugin:80 - create IPUIPlugin
2025-11-06 16:57:46,277 [INFO] IPUIPlugin:80 - create IPUIPlugin
2025-11-06 16:57:46,278 [INFO] IPUIPlugin:80 - create IPUIPlugin
2025-11-06 16:57:46,278 [INFO] IPUIPlugin:80 - create IPUIPlugin
2025-11-06 16:57:46,278 [INFO] IPUIPlugin:80 - create IPUIPlugin
2025-11-06 16:57:46,278 [INFO] IPUIPlugin:80 - create IPUIPlugin
2025-11-06 16:57:46,278 [INFO] IPUIPlugin:80 - create IPUIPlugin
2025-11-06 16:57:46,278 [INFO] IPUIPlugin:80 - create IPUIPlugin
2025-11-06 16:57:46,278 [INFO] IPUIPlugin:80 - create IPUIPlugin
2025-11-06 16:57:46,279 [INFO] IPUIPlugin:80 - create IPUIPlugin
2025-11-06 16:57:46,279 [INFO] IPUIPlugin:80 - create IPUIPlugin
2025-11-06 16:57:46,279 [INFO] IPUIPlugin:80 - create IPUIPlugin
2025-11-06 16:57:46,279 [INFO] IPUIPlugin:80 - create IPUIPlugin
2025-11-06 16:57:46,279 [INFO] IPUIPlugin:80 - create IPUIPlugin
2025-11-06 16:57:46,280 [INFO] IPUIPlugin:80 - create IPUIPlugin
2025-11-06 16:57:46,280 [INFO] IPUIPlugin:80 - create IPUIPlugin
2025-11-06 16:57:46,280 [INFO] IPUIPlugin:80 - create IPUIPlugin
2025-11-06 16:57:46,280 [INFO] IPUIPlugin:80 - create IPUIPlugin
2025-11-06 16:57:46,280 [INFO] IPUIPlugin:80 - create IPUIPlugin
2025-11-06 16:57:46,281 [INFO] IPUIPlugin:80 - create IPUIPlugin
2025-11-06 16:57:46,281 [INFO] IPUIPlugin:80 - create IPUIPlugin
2025-11-06 16:57:46,281 [INFO] IPUIPlugin:80 - create IPUIPlugin
2025-11-06 16:57:46,281 [INFO] IPUIPlugin:80 - create IPUIPlugin
2025-11-06 16:57:46,360 [INFO] CADModel:165 - CPN selected for project levelSTM32L476RGT3
2025-11-06 16:57:46,360 [INFO] CADModel:114 - Register for checkConnection events
2025-11-06 16:57:46,419 [INFO] OpenFileManager:385 - Restore cursor
2025-11-06 16:57:46,929 [INFO] UtilMem:75 - End SaveConfig() Used Memory: 909497808 Bytes (1073741824)
2025-11-06 16:57:47,032 [INFO] UtilMem:75 - End SaveConfig() Used Memory: 935973192 Bytes (1073741824)
2025-11-06 16:57:47,248 [INFO] BlockDiagram:2775 - set Specific Code input for plugin: SYS
2025-11-06 16:57:47,248 [INFO] BlockDiagram:2775 - set Specific Code input for plugin: RCC
2025-11-06 16:57:47,248 [INFO] BlockDiagram:2775 - set Specific Code input for plugin: NVIC
2025-11-06 16:57:47,248 [INFO] BlockDiagram:2775 - set Specific Code input for plugin: USART
2025-11-06 16:57:47,248 [INFO] BlockDiagram:2775 - set Specific Code input for plugin: GPIO
2025-11-06 16:57:47,251 [INFO] CodeGenerator:882 - code generatio: config db path: C:\ST\STM32CubeIDE_1.18.1\STM32CubeIDE\plugins\com.st.stm32cube.common.mx_6.14.1.202504091515\\db\
2025-11-06 16:57:47,435 [INFO] CodeEngine:263 - oldGeneratedFile, C:\stm32\keypad\MXTmpFiles\license.tmp_save
2025-11-06 16:57:47,793 [INFO] CodeEngine:287 - Generated code: C:\stm32\keypad\MXTmpFiles\license.tmp
2025-11-06 16:57:47,898 [INFO] CodeEngine:263 - oldGeneratedFile, C:\stm32\keypad\MXTmpFiles\gpio.tmp_save
2025-11-06 16:57:48,063 [INFO] CodeEngine:287 - Generated code: C:\stm32\keypad\MXTmpFiles\gpio.tmp
2025-11-06 16:57:48,177 [INFO] CodeEngine:263 - oldGeneratedFile, C:\stm32\keypad\Core\Src\stm32l4xx_it.c_save
2025-11-06 16:57:48,432 [INFO] CodeEngine:287 - Generated code: C:\stm32\keypad\Core\Src\stm32l4xx_it.c
2025-11-06 16:57:48,439 [INFO] CodeEngine:263 - oldGeneratedFile, C:\stm32\keypad\Core\Inc\stm32l4xx_it.h_save
2025-11-06 16:57:48,540 [INFO] CodeEngine:287 - Generated code: C:\stm32\keypad\Core\Inc\stm32l4xx_it.h
2025-11-06 16:57:48,559 [INFO] CodeEngine:263 - oldGeneratedFile, C:\stm32\keypad\Core\Src\stm32l4xx_hal_msp.c_save
2025-11-06 16:57:48,734 [INFO] CodeEngine:287 - Generated code: C:\stm32\keypad\Core\Src\stm32l4xx_hal_msp.c
2025-11-06 16:57:48,740 [INFO] CodeEngine:263 - oldGeneratedFile, C:\stm32\keypad\MXTmpFiles\system.tmp_save
2025-11-06 16:57:48,816 [INFO] CodeEngine:287 - Generated code: C:\stm32\keypad\MXTmpFiles\system.tmp
2025-11-06 16:57:48,833 [INFO] CodeEngine:319 - oldGeneratedFile, C:\stm32\keypad\Core\Inc\stm32l4xx_hal_conf.h_save
2025-11-06 16:57:48,915 [INFO] CodeEngine:343 - Generated code: C:\stm32\keypad\Core\Inc\stm32l4xx_hal_conf.h
2025-11-06 16:57:48,956 [INFO] ApiDbMcu:508 - Load IP Config File for USART2
2025-11-06 16:57:48,960 [INFO] ApiDbMcu:508 - Load IP Config File for RCC
2025-11-06 16:57:48,974 [INFO] CodeEngine:263 - oldGeneratedFile, C:\stm32\keypad\Core\Inc\main.h_save
2025-11-06 16:57:49,058 [INFO] CodeEngine:287 - Generated code: C:\stm32\keypad\Core\Inc\main.h
2025-11-06 16:57:49,065 [INFO] CodeEngine:263 - oldGeneratedFile, C:\stm32\keypad\Core\Src\main.c_save
2025-11-06 16:57:49,168 [INFO] CodeEngine:287 - Generated code: C:\stm32\keypad\Core\Src\main.c
2025-11-06 16:57:49,734 [INFO] ProjectBuilder:3324 - Time for Copy HAL[1] : 383mS.
2025-11-06 16:57:49,738 [INFO] ProjectBuilder:4912 - Project Generator version: 4.6.0.1-B1
2025-11-06 16:57:49,827 [INFO] ConfigFileManager:1590 - The Die is : DIE415
2025-11-06 16:57:49,831 [INFO] ApiDbMcu:508 - Load IP Config File for FATFS
2025-11-06 16:57:49,838 [INFO] ApiDbMcu:508 - Load IP Config File for FREERTOS
2025-11-06 16:57:49,850 [INFO] ApiDbMcu:508 - Load IP Config File for TOUCHSENSING
2025-11-06 16:57:49,857 [INFO] ApiDbMcu:508 - Load IP Config File for USB_DEVICE
2025-11-06 16:57:49,862 [INFO] ApiDbMcu:508 - Load IP Config File for USB_HOST
2025-11-06 16:57:52,627 [INFO] ProjectBuilder:5191 - Time for Generating toolchain IDE Files: 2888mS.
2025-11-06 16:57:52,630 [INFO] ProjectBuilder:3181 - Time for Copy CMSIS : 3mS.
2025-11-06 16:57:52,634 [INFO] ProjectBuilder:3181 - Time for Copy CMSIS : 0mS.
2025-11-06 16:57:53,489 [INFO] McuFinderGlobals:76 - Set McuFinderConnectedMode to true
2025-11-06 16:57:53,493 [INFO] ApiDb:448 - Save user favorites file C:\Users\siree/.stm32cubeide/favorites.mcus.txt: 0 item(s)
2025-11-06 16:57:53,493 [INFO] ApiDb:452 - User favorites MCUs=[]
2025-11-06 16:57:53,495 [INFO] ApiDb:448 - Save user favorites file C:\Users\siree/.stm32cubeide/favorites.boards.txt: 0 item(s)
2025-11-06 16:57:53,495 [INFO] ApiDb:452 - User favorites Boards=[]
2025-11-06 16:58:12,637 [INFO] I2cTimingTraitement:330 - 0x10D19CE4
2025-11-06 16:58:27,398 [INFO] UtilMem:75 - End SaveConfig() Used Memory: 902460040 Bytes (1073741824)
2025-11-06 16:58:29,246 [INFO] UtilMem:75 - End SaveConfig() Used Memory: 940208776 Bytes (1073741824)
2025-11-06 16:58:33,967 [INFO] UtilMem:75 - End SaveConfig() Used Memory: 735840600 Bytes (1073741824)
2025-11-06 16:58:34,267 [INFO] BlockDiagram:2775 - set Specific Code input for plugin: SYS
2025-11-06 16:58:34,267 [INFO] BlockDiagram:2775 - set Specific Code input for plugin: RCC
2025-11-06 16:58:34,267 [INFO] BlockDiagram:2775 - set Specific Code input for plugin: I2C
2025-11-06 16:58:34,267 [INFO] BlockDiagram:2775 - set Specific Code input for plugin: NVIC
2025-11-06 16:58:34,267 [INFO] BlockDiagram:2775 - set Specific Code input for plugin: USART
2025-11-06 16:58:34,268 [INFO] BlockDiagram:2775 - set Specific Code input for plugin: GPIO
2025-11-06 16:58:34,273 [INFO] CodeGenerator:882 - code generatio: config db path: C:\ST\STM32CubeIDE_1.18.1\STM32CubeIDE\plugins\com.st.stm32cube.common.mx_6.14.1.202504091515\\db\
2025-11-06 16:58:34,449 [INFO] CodeEngine:263 - oldGeneratedFile, C:\stm32\keypad\MXTmpFiles\license.tmp_save
2025-11-06 16:58:34,535 [INFO] CodeEngine:287 - Generated code: C:\stm32\keypad\MXTmpFiles\license.tmp
2025-11-06 16:58:34,583 [INFO] CodeEngine:263 - oldGeneratedFile, C:\stm32\keypad\MXTmpFiles\gpio.tmp_save
2025-11-06 16:58:34,691 [INFO] CodeEngine:287 - Generated code: C:\stm32\keypad\MXTmpFiles\gpio.tmp
2025-11-06 16:58:34,845 [INFO] CodeEngine:263 - oldGeneratedFile, C:\stm32\keypad\Core\Src\stm32l4xx_it.c_save
2025-11-06 16:58:34,912 [INFO] CodeEngine:287 - Generated code: C:\stm32\keypad\Core\Src\stm32l4xx_it.c
2025-11-06 16:58:34,918 [INFO] CodeEngine:263 - oldGeneratedFile, C:\stm32\keypad\Core\Inc\stm32l4xx_it.h_save
2025-11-06 16:58:34,971 [INFO] CodeEngine:287 - Generated code: C:\stm32\keypad\Core\Inc\stm32l4xx_it.h
2025-11-06 16:58:34,987 [INFO] CodeEngine:263 - oldGeneratedFile, C:\stm32\keypad\Core\Src\stm32l4xx_hal_msp.c_save
2025-11-06 16:58:35,107 [INFO] CodeEngine:287 - Generated code: C:\stm32\keypad\Core\Src\stm32l4xx_hal_msp.c
2025-11-06 16:58:35,116 [INFO] CodeEngine:263 - oldGeneratedFile, C:\stm32\keypad\MXTmpFiles\system.tmp_save
2025-11-06 16:58:35,187 [INFO] CodeEngine:287 - Generated code: C:\stm32\keypad\MXTmpFiles\system.tmp
2025-11-06 16:58:35,204 [INFO] CodeEngine:319 - oldGeneratedFile, C:\stm32\keypad\Core\Inc\stm32l4xx_hal_conf.h_save
2025-11-06 16:58:35,297 [INFO] CodeEngine:343 - Generated code: C:\stm32\keypad\Core\Inc\stm32l4xx_hal_conf.h
2025-11-06 16:58:35,329 [INFO] ApiDbMcu:508 - Load IP Config File for I2C1
2025-11-06 16:58:35,338 [INFO] CodeEngine:263 - oldGeneratedFile, C:\stm32\keypad\Core\Inc\main.h_save
2025-11-06 16:58:35,411 [INFO] CodeEngine:287 - Generated code: C:\stm32\keypad\Core\Inc\main.h
2025-11-06 16:58:35,423 [INFO] CodeEngine:263 - oldGeneratedFile, C:\stm32\keypad\Core\Src\main.c_save
2025-11-06 16:58:35,523 [INFO] CodeEngine:287 - Generated code: C:\stm32\keypad\Core\Src\main.c
2025-11-06 16:58:36,000 [INFO] ProjectBuilder:3324 - Time for Copy HAL[1] : 303mS.
2025-11-06 16:58:36,003 [INFO] ProjectBuilder:4912 - Project Generator version: 4.6.0.1-B1
2025-11-06 16:58:36,087 [INFO] ConfigFileManager:1590 - The Die is : DIE415
2025-11-06 16:58:36,742 [INFO] ProjectBuilder:5191 - Time for Generating toolchain IDE Files: 738mS.
2025-11-06 16:58:36,743 [INFO] ProjectBuilder:3181 - Time for Copy CMSIS : 1mS.
2025-11-06 16:58:36,746 [INFO] ProjectBuilder:3181 - Time for Copy CMSIS : 0mS.
2025-11-06 17:07:46,026 [INFO] I2cTimingTraitement:330 - 0x00F12981
2025-11-06 17:07:46,294 [INFO] I2cTimingTraitement:330 - 0x00F12981
2025-11-06 17:07:48,002 [INFO] UtilMem:75 - End SaveConfig() Used Memory: 962343112 Bytes (1073741824)
2025-11-06 17:07:49,964 [INFO] UtilMem:75 - End SaveConfig() Used Memory: 993318376 Bytes (1073741824)
2025-11-06 17:07:52,051 [INFO] UtilMem:75 - End SaveConfig() Used Memory: 777992240 Bytes (1073741824)
2025-11-06 17:07:52,555 [INFO] BlockDiagram:2775 - set Specific Code input for plugin: SYS
2025-11-06 17:07:52,556 [INFO] BlockDiagram:2775 - set Specific Code input for plugin: RCC
2025-11-06 17:07:52,556 [INFO] BlockDiagram:2775 - set Specific Code input for plugin: I2C
2025-11-06 17:07:52,556 [INFO] BlockDiagram:2775 - set Specific Code input for plugin: NVIC
2025-11-06 17:07:52,556 [INFO] BlockDiagram:2775 - set Specific Code input for plugin: USART
2025-11-06 17:07:52,557 [INFO] BlockDiagram:2775 - set Specific Code input for plugin: GPIO
2025-11-06 17:07:52,558 [INFO] CodeGenerator:882 - code generatio: config db path: C:\ST\STM32CubeIDE_1.18.1\STM32CubeIDE\plugins\com.st.stm32cube.common.mx_6.14.1.202504091515\\db\
2025-11-06 17:07:52,709 [INFO] CodeEngine:263 - oldGeneratedFile, C:\stm32\keypad\MXTmpFiles\license.tmp_save
2025-11-06 17:07:53,124 [INFO] CodeEngine:287 - Generated code: C:\stm32\keypad\MXTmpFiles\license.tmp
2025-11-06 17:07:53,228 [INFO] CodeEngine:263 - oldGeneratedFile, C:\stm32\keypad\MXTmpFiles\gpio.tmp_save
2025-11-06 17:07:53,376 [INFO] CodeEngine:287 - Generated code: C:\stm32\keypad\MXTmpFiles\gpio.tmp
2025-11-06 17:07:53,536 [INFO] CodeEngine:263 - oldGeneratedFile, C:\stm32\keypad\Core\Src\stm32l4xx_it.c_save
2025-11-06 17:07:53,816 [INFO] CodeEngine:287 - Generated code: C:\stm32\keypad\Core\Src\stm32l4xx_it.c
2025-11-06 17:07:53,824 [INFO] CodeEngine:263 - oldGeneratedFile, C:\stm32\keypad\Core\Inc\stm32l4xx_it.h_save
2025-11-06 17:07:53,928 [INFO] CodeEngine:287 - Generated code: C:\stm32\keypad\Core\Inc\stm32l4xx_it.h
2025-11-06 17:07:53,972 [INFO] CodeEngine:263 - oldGeneratedFile, C:\stm32\keypad\Core\Src\stm32l4xx_hal_msp.c_save
2025-11-06 17:07:54,145 [INFO] CodeEngine:287 - Generated code: C:\stm32\keypad\Core\Src\stm32l4xx_hal_msp.c
2025-11-06 17:07:54,155 [INFO] CodeEngine:263 - oldGeneratedFile, C:\stm32\keypad\MXTmpFiles\system.tmp_save
2025-11-06 17:07:54,243 [INFO] CodeEngine:287 - Generated code: C:\stm32\keypad\MXTmpFiles\system.tmp
2025-11-06 17:07:54,260 [INFO] CodeEngine:319 - oldGeneratedFile, C:\stm32\keypad\Core\Inc\stm32l4xx_hal_conf.h_save
2025-11-06 17:07:54,347 [INFO] CodeEngine:343 - Generated code: C:\stm32\keypad\Core\Inc\stm32l4xx_hal_conf.h
2025-11-06 17:07:54,394 [INFO] CodeEngine:263 - oldGeneratedFile, C:\stm32\keypad\Core\Inc\main.h_save
2025-11-06 17:07:54,487 [INFO] CodeEngine:287 - Generated code: C:\stm32\keypad\Core\Inc\main.h
2025-11-06 17:07:54,498 [INFO] CodeEngine:263 - oldGeneratedFile, C:\stm32\keypad\Core\Src\main.c_save
2025-11-06 17:07:54,618 [INFO] CodeEngine:287 - Generated code: C:\stm32\keypad\Core\Src\main.c
2025-11-06 17:07:55,199 [INFO] ProjectBuilder:3324 - Time for Copy HAL[1] : 377mS.
2025-11-06 17:07:55,203 [INFO] ProjectBuilder:4912 - Project Generator version: 4.6.0.1-B1
2025-11-06 17:07:55,293 [INFO] ConfigFileManager:1590 - The Die is : DIE415
2025-11-06 17:07:56,293 [INFO] ProjectBuilder:5191 - Time for Generating toolchain IDE Files: 1090mS.
2025-11-06 17:07:56,299 [INFO] ProjectBuilder:3181 - Time for Copy CMSIS : 4mS.
2025-11-06 17:07:56,303 [INFO] ProjectBuilder:3181 - Time for Copy CMSIS : 0mS.
2025-11-06 17:15:33,128 [INFO] WebApp:194 - Connection lost
2025-11-06 17:15:33,671 [INFO] WebApp:191 - Connection restablished
2025-11-06 18:15:38,012 [INFO] WebApp:194 - Connection lost
2025-11-06 18:15:39,007 [INFO] WebApp:191 - Connection restablished
2025-11-06 18:25:58,450 [INFO] MainUpdater:2872 - connection check result : 10
2025-11-06 18:25:58,809 [INFO] McuFinderGlobals:76 - Set McuFinderConnectedMode to true
2025-11-06 18:25:58,840 [INFO] MultiScanPanel:200 - Auto-refresh data requested => check proxy status ongoing
2025-11-06 18:25:58,853 [INFO] FinderPluginLoader:95 - Searching for filters in installed packs
2025-11-06 18:26:02,919 [INFO] LoadUrlFilesThread:185 - End of LoadServerUrlFiles without Thread
2025-11-06 18:26:02,922 [INFO] DetailPanel:341 - Set advertising image to C:/Users/siree/STM32Cube/Repository/\en.mcu-finder-stm32n6dk.jpg
2025-11-06 18:26:10,031 [INFO] MultiScanPanel:200 - Auto-refresh data requested => check proxy status ongoing
2025-11-06 18:26:10,141 [INFO] LoadUrlFilesThread:185 - End of LoadServerUrlFiles without Thread
2025-11-06 18:26:10,141 [INFO] DetailPanel:341 - Set advertising image to C:/Users/siree/STM32Cube/Repository/\en.mcu-finder-stm32n6dk.jpg
2025-11-06 18:27:04,708 [INFO] McuFinderGlobals:76 - Set McuFinderConnectedMode to true
2025-11-06 18:27:04,712 [INFO] ApiDb:448 - Save user favorites file C:\Users\siree/.stm32cubeide/favorites.mcus.txt: 0 item(s)
2025-11-06 18:27:04,712 [INFO] ApiDb:452 - User favorites MCUs=[]
2025-11-06 18:27:04,723 [INFO] ApiDb:448 - Save user favorites file C:\Users\siree/.stm32cubeide/favorites.boards.txt: 0 item(s)
2025-11-06 18:27:04,724 [INFO] ApiDb:452 - User favorites Boards=[]
2025-11-06 18:51:53,885 [INFO] MainUpdater:2872 - connection check result : 10
2025-11-06 18:51:54,164 [INFO] McuFinderGlobals:76 - Set McuFinderConnectedMode to true
2025-11-06 18:51:54,179 [INFO] MultiScanPanel:200 - Auto-refresh data requested => check proxy status ongoing
2025-11-06 18:51:54,187 [INFO] FinderPluginLoader:95 - Searching for filters in installed packs
2025-11-06 18:51:55,748 [INFO] LoadUrlFilesThread:185 - End of LoadServerUrlFiles without Thread
2025-11-06 18:51:55,750 [INFO] DetailPanel:341 - Set advertising image to C:/Users/siree/STM32Cube/Repository/\en.mcu-finder-stm32n6dk.jpg
2025-11-06 18:52:00,512 [INFO] MultiScanPanel:200 - Auto-refresh data requested => check proxy status ongoing
2025-11-06 18:52:00,644 [INFO] LoadUrlFilesThread:185 - End of LoadServerUrlFiles without Thread
2025-11-06 18:52:00,655 [INFO] DetailPanel:341 - Set advertising image to C:/Users/siree/STM32Cube/Repository/\en.mcu-finder-stm32n6dk.jpg
2025-11-06 18:52:22,644 [INFO] McuFinderGlobals:76 - Set McuFinderConnectedMode to true
2025-11-06 18:52:22,651 [INFO] ApiDb:448 - Save user favorites file C:\Users\siree/.stm32cubeide/favorites.mcus.txt: 0 item(s)
2025-11-06 18:52:22,651 [INFO] ApiDb:452 - User favorites MCUs=[]
2025-11-06 18:52:22,654 [INFO] ApiDb:448 - Save user favorites file C:\Users\siree/.stm32cubeide/favorites.boards.txt: 0 item(s)
2025-11-06 18:52:22,654 [INFO] ApiDb:452 - User favorites Boards=[]
2025-11-06 19:15:35,777 [INFO] WebApp:194 - Connection lost
2025-11-06 19:15:37,540 [INFO] WebApp:191 - Connection restablished
2025-11-06 19:22:00,227 [INFO] MainUpdater:2872 - connection check result : 10
2025-11-06 19:22:00,426 [INFO] McuFinderGlobals:76 - Set McuFinderConnectedMode to true
2025-11-06 19:22:00,440 [INFO] MultiScanPanel:200 - Auto-refresh data requested => check proxy status ongoing
2025-11-06 19:22:00,444 [INFO] FinderPluginLoader:95 - Searching for filters in installed packs
2025-11-06 19:22:01,595 [INFO] LoadUrlFilesThread:185 - End of LoadServerUrlFiles without Thread
2025-11-06 19:22:01,597 [INFO] DetailPanel:341 - Set advertising image to C:/Users/siree/STM32Cube/Repository/\en.mcu-finder-stm32n6dk.jpg
2025-11-06 19:22:05,386 [INFO] MultiScanPanel:200 - Auto-refresh data requested => check proxy status ongoing
2025-11-06 19:22:05,574 [INFO] LoadUrlFilesThread:185 - End of LoadServerUrlFiles without Thread
2025-11-06 19:22:05,582 [INFO] DetailPanel:341 - Set advertising image to C:/Users/siree/STM32Cube/Repository/\en.mcu-finder-stm32n6dk.jpg
2025-11-06 19:22:42,278 [INFO] McuFinderGlobals:76 - Set McuFinderConnectedMode to true
2025-11-06 19:22:42,282 [INFO] ApiDb:448 - Save user favorites file C:\Users\siree/.stm32cubeide/favorites.mcus.txt: 0 item(s)
2025-11-06 19:22:42,282 [INFO] ApiDb:452 - User favorites MCUs=[]
2025-11-06 19:22:42,286 [INFO] ApiDb:448 - Save user favorites file C:\Users\siree/.stm32cubeide/favorites.boards.txt: 0 item(s)
2025-11-06 19:22:42,287 [INFO] ApiDb:452 - User favorites Boards=[]
2025-11-06 19:24:35,997 [INFO] MainUpdater:2872 - connection check result : 10
2025-11-06 19:24:36,102 [INFO] McuFinderGlobals:76 - Set McuFinderConnectedMode to true
2025-11-06 19:24:36,104 [INFO] MultiScanPanel:200 - Auto-refresh data requested => check proxy status ongoing
2025-11-06 19:24:36,104 [INFO] FinderPluginLoader:95 - Searching for filters in installed packs
2025-11-06 19:24:36,670 [INFO] LoadUrlFilesThread:185 - End of LoadServerUrlFiles without Thread
2025-11-06 19:24:36,670 [INFO] DetailPanel:341 - Set advertising image to C:/Users/siree/STM32Cube/Repository/\en.mcu-finder-stm32n6dk.jpg
2025-11-06 19:24:40,475 [INFO] McuFinderGlobals:76 - Set McuFinderConnectedMode to true
2025-11-06 19:24:40,599 [INFO] ApiDb:448 - Save user favorites file C:\Users\siree/.stm32cubeide/favorites.mcus.txt: 0 item(s)
2025-11-06 19:24:40,599 [INFO] ApiDb:452 - User favorites MCUs=[]
2025-11-06 19:44:41,506 [INFO] MainUpdater:2872 - connection check result : 10
2025-11-06 19:44:41,631 [INFO] McuFinderGlobals:76 - Set McuFinderConnectedMode to true
2025-11-06 19:44:41,634 [INFO] MultiScanPanel:200 - Auto-refresh data requested => check proxy status ongoing
2025-11-06 19:44:41,634 [INFO] FinderPluginLoader:95 - Searching for filters in installed packs
2025-11-06 19:44:43,247 [INFO] LoadUrlFilesThread:185 - End of LoadServerUrlFiles without Thread
2025-11-06 19:44:43,248 [INFO] DetailPanel:341 - Set advertising image to C:/Users/siree/STM32Cube/Repository/\en.mcu-finder-stm32n6dk.jpg
2025-11-06 19:44:46,360 [INFO] MultiScanPanel:200 - Auto-refresh data requested => check proxy status ongoing
2025-11-06 19:44:46,427 [INFO] LoadUrlFilesThread:185 - End of LoadServerUrlFiles without Thread
2025-11-06 19:44:46,427 [INFO] DetailPanel:341 - Set advertising image to C:/Users/siree/STM32Cube/Repository/\en.mcu-finder-stm32n6dk.jpg
2025-11-06 19:45:09,901 [INFO] McuFinderGlobals:76 - Set McuFinderConnectedMode to true
2025-11-06 19:45:09,903 [INFO] ApiDb:448 - Save user favorites file C:\Users\siree/.stm32cubeide/favorites.mcus.txt: 0 item(s)
2025-11-06 19:45:09,904 [INFO] ApiDb:452 - User favorites MCUs=[]
2025-11-06 19:45:09,906 [INFO] ApiDb:448 - Save user favorites file C:\Users\siree/.stm32cubeide/favorites.boards.txt: 0 item(s)
2025-11-06 19:45:09,906 [INFO] ApiDb:452 - User favorites Boards=[]
2025-11-06 21:42:04,438 [INFO] WebApp:194 - Connection lost
2025-11-06 21:42:06,797 [INFO] WebApp:191 - Connection restablished
2025-11-06 22:17:09,922 [INFO] WebApp:194 - Connection lost
2025-11-06 22:17:25,299 [INFO] WebApp:191 - Connection restablished
