2025-11-12 11:47:16,185 [ERROR] LogOutputStream:75 - [STDERR_REDIRECT] 
2025-11-12 11:51:32,390 [INFO] Activator:176 - 


2025-11-12 11:51:32,396 [INFO] Activator:177 - !SESSION log4j initialized
2025-11-12 11:51:47,345 [INFO] LogOutputStream:77 - [STDOUT_REDIRECT] 
2025-11-12 11:51:49,910 [INFO] ApplicationProperties:184 - Using Application install path: C:\ST\STM32CubeIDE_1.18.1\STM32CubeIDE\plugins\com.st.stm32cube.common.mx_6.14.1.202504091515
2025-11-12 11:51:49,949 [INFO] DbMcusXml:78 - Set database path to: C:\ST\STM32CubeIDE_1.18.1\STM32CubeIDE\plugins\com.st.stm32cube.common.mx_6.14.1.202504091515\\db\/mcu/
2025-11-12 11:51:49,949 [INFO] ApiDb:274 - Set plugin database path to: C:\ST\STM32CubeIDE_1.18.1\STM32CubeIDE\plugins\com.st.stm32cube.common.mx_6.14.1.202504091515\\db\/plugins/boardmanager/
2025-11-12 11:51:49,949 [WARN] ApiDb:259 - Overriding images path with different value:  => C:\ST\STM32CubeIDE_1.18.1\STM32CubeIDE\plugins\com.st.stm32cube.common.mx_6.14.1.202504091515\\db\/plugins/mcufinder/images/
2025-11-12 11:51:49,984 [INFO] ApiDb:250 - Set database path to: C:\Users\siree\.stmcufinder\plugins\mcufinder//mcu/
2025-11-12 11:51:49,984 [INFO] DbMcusAds:125 - Set database path to: C:\Users\siree\.stmcufinder\plugins\mcufinder//mcu/
2025-11-12 11:51:49,997 [INFO] CrossReferenceDbSqlite:203 - Set database path to: C:\Users\siree\.stmcufinder\plugins\mcufinder//mcu/cs/
2025-11-12 11:51:50,324 [INFO] RulesReader:64 - Compatibility file has been processed (302 Rules)
2025-11-12 11:51:50,625 [INFO] DbMcusXml:78 - Set database path to: C:\ST\STM32CubeIDE_1.18.1\STM32CubeIDE\plugins\com.st.stm32cube.common.mx_6.14.1.202504091515\\db\/mcu/
2025-11-12 11:51:50,625 [INFO] ApiDb:274 - Set plugin database path to: C:\ST\STM32CubeIDE_1.18.1\STM32CubeIDE\plugins\com.st.stm32cube.common.mx_6.14.1.202504091515\\db\/plugins/boardmanager/
2025-11-12 11:51:50,628 [INFO] ApiDb:261 - Set plugin images path to: C:\ST\STM32CubeIDE_1.18.1\STM32CubeIDE\plugins\com.st.stm32cube.common.mx_6.14.1.202504091515\\db\/plugins/mcufinder/images/
2025-11-12 11:51:50,628 [WARN] DbFile:41 - Overriding database path with different value: C:\Users\siree\.stmcufinder\plugins\mcufinder/ => C:\Users\siree\.stmcufinder\plugins\mcufinder
2025-11-12 11:51:50,628 [INFO] ApiDb:250 - Set database path to: C:\Users\siree\.stmcufinder\plugins\mcufinder//mcu/
2025-11-12 11:51:50,628 [WARN] DbFile:41 - Overriding database path with different value: C:\Users\siree\.stmcufinder\plugins\mcufinder/ => C:\Users\siree\.stmcufinder\plugins\mcufinder
2025-11-12 11:51:50,628 [INFO] DbMcusAds:125 - Set database path to: C:\Users\siree\.stmcufinder\plugins\mcufinder//mcu/
2025-11-12 11:51:50,628 [WARN] DbFile:41 - Overriding database path with different value: C:\Users\siree\.stmcufinder\plugins\mcufinder/ => C:\Users\siree\.stmcufinder\plugins\mcufinder
2025-11-12 11:51:50,631 [WARN] DbFile:41 - Overriding database path with different value: C:\Users\siree\.stmcufinder\plugins\mcufinder/ => C:\Users\siree\.stmcufinder\plugins\mcufinder
2025-11-12 11:51:50,631 [INFO] CrossReferenceDbSqlite:203 - Set database path to: C:\Users\siree\.stmcufinder\plugins\mcufinder//mcu/cs/
2025-11-12 11:51:50,882 [INFO] MainPanel:272 - HeapMemory: 268435456
2025-11-12 11:51:51,161 [INFO] DbMcusXml:78 - Set database path to: C:\ST\STM32CubeIDE_1.18.1\STM32CubeIDE\plugins\com.st.stm32cube.common.mx_6.14.1.202504091515\\db\/mcu/
2025-11-12 11:51:51,161 [INFO] ApiDb:274 - Set plugin database path to: C:\ST\STM32CubeIDE_1.18.1\STM32CubeIDE\plugins\com.st.stm32cube.common.mx_6.14.1.202504091515\\db\/plugins/boardmanager/
2025-11-12 11:51:51,161 [INFO] ApiDb:261 - Set plugin images path to: C:\ST\STM32CubeIDE_1.18.1\STM32CubeIDE\plugins\com.st.stm32cube.common.mx_6.14.1.202504091515\\db\/plugins/mcufinder/images/
2025-11-12 11:51:51,161 [WARN] DbFile:41 - Overriding database path with different value: C:\Users\siree\.stmcufinder\plugins\mcufinder/ => C:\Users\siree\.stmcufinder\plugins\mcufinder
2025-11-12 11:51:51,161 [INFO] ApiDb:250 - Set database path to: C:\Users\siree\.stmcufinder\plugins\mcufinder//mcu/
2025-11-12 11:51:51,161 [WARN] DbFile:41 - Overriding database path with different value: C:\Users\siree\.stmcufinder\plugins\mcufinder/ => C:\Users\siree\.stmcufinder\plugins\mcufinder
2025-11-12 11:51:51,166 [INFO] DbMcusAds:125 - Set database path to: C:\Users\siree\.stmcufinder\plugins\mcufinder//mcu/
2025-11-12 11:51:51,166 [WARN] DbFile:41 - Overriding database path with different value: C:\Users\siree\.stmcufinder\plugins\mcufinder/ => C:\Users\siree\.stmcufinder\plugins\mcufinder
2025-11-12 11:51:51,166 [WARN] DbFile:41 - Overriding database path with different value: C:\Users\siree\.stmcufinder\plugins\mcufinder/ => C:\Users\siree\.stmcufinder\plugins\mcufinder
2025-11-12 11:51:51,166 [INFO] CrossReferenceDbSqlite:203 - Set database path to: C:\Users\siree\.stmcufinder\plugins\mcufinder//mcu/cs/
2025-11-12 11:51:51,231 [INFO] ApplicationProperties:184 - Using Application install path: C:\ST\STM32CubeIDE_1.18.1\STM32CubeIDE\plugins\com.st.stm32cube.common.mx_6.14.1.202504091515
2025-11-12 11:51:51,231 [INFO] PluginManage:196 - Search for loadable plugins [exclusion list=, ]
2025-11-12 11:51:51,239 [INFO] PluginManage:310 - Check plugin analytics
2025-11-12 11:51:51,788 [INFO] AnalyticsPlugin:253 - Accepted Software Licenses: 
2025-11-12 11:51:51,796 [INFO] AnalyticsPlugin:255 - Accepted CMSIS Pack Licenses: 
2025-11-12 11:51:51,796 [INFO] AnalyticsPlugin:257 - Accepted Firmware Licenses: FW.L4.1.18.0,FW.F4.1.28.0,FW.C0.1.4.0,FW.F7.1.17.0,FW.G0.1.6.0,FW.G4.1.6.0,FW.H5.1.5.0,FW.H7.1.12.0,FW.L5.1.5.0,FW.MP1.1.7.0
2025-11-12 11:51:51,804 [INFO] PluginManage:359 - Loaded plugin analytics (category:tool,tabindex:-1)
2025-11-12 11:51:51,804 [INFO] PluginManage:310 - Check plugin cadmodel
2025-11-12 11:51:51,820 [INFO] CADModel:105 - Init CAD model plugin
2025-11-12 11:51:51,820 [INFO] PluginManage:359 - Loaded plugin cadmodel (category:power,tabindex:5)
2025-11-12 11:51:51,820 [INFO] PluginManage:310 - Check plugin clock
2025-11-12 11:51:51,839 [INFO] PluginManage:359 - Loaded plugin clock (category:base,tabindex:2)
2025-11-12 11:51:51,839 [INFO] PluginManage:310 - Check plugin ddr
2025-11-12 11:51:51,853 [INFO] PluginManage:359 - Loaded plugin ddr (category:tool,tabindex:6)
2025-11-12 11:51:51,853 [INFO] PluginManage:310 - Check plugin filemanager
2025-11-12 11:51:52,278 [INFO] PluginManage:359 - Loaded plugin filemanager (category:base,tabindex:10)
2025-11-12 11:51:52,278 [INFO] PluginManage:310 - Check plugin ipmanager
2025-11-12 11:51:52,304 [INFO] PluginManage:359 - Loaded plugin ipmanager (category:base,tabindex:5)
2025-11-12 11:51:52,304 [INFO] PluginManage:310 - Check plugin lpbam
2025-11-12 11:51:52,329 [INFO] PluginManage:359 - Loaded plugin lpbam (category:base,tabindex:0)
2025-11-12 11:51:52,329 [INFO] PluginManage:310 - Check plugin memorymap
2025-11-12 11:51:52,361 [INFO] PluginManage:359 - Loaded plugin memorymap (category:base,tabindex:4)
2025-11-12 11:51:52,361 [INFO] PluginManage:310 - Check plugin pinoutandconfiguration
2025-11-12 11:51:52,394 [INFO] PluginManage:359 - Loaded plugin pinoutandconfiguration (category:base,tabindex:1)
2025-11-12 11:51:52,394 [INFO] PluginManage:310 - Check plugin pinoutconfig
2025-11-12 11:51:52,695 [WARN] SupportedApi:132 - Cannot load RTOS API schema: s4s-elt-must-match.1: The content of 'definitions' must match (annotation?, (simpleType | complexType)?, (unique | key | keyref)*)). A problem was found starting at: attribute.
2025-11-12 11:51:53,100 [INFO] PluginManage:359 - Loaded plugin pinoutconfig (category:base,tabindex:0)
2025-11-12 11:51:53,100 [INFO] PluginManage:310 - Check plugin power
2025-11-12 11:51:53,132 [INFO] PluginManage:359 - Loaded plugin power (category:power,tabindex:4)
2025-11-12 11:51:53,132 [INFO] PluginManage:310 - Check plugin projectmanager
2025-11-12 11:51:53,180 [INFO] PluginManage:359 - Loaded plugin projectmanager (category:projectmanager,tabindex:4)
2025-11-12 11:51:53,180 [INFO] PluginManage:310 - Check plugin rif
2025-11-12 11:51:53,213 [INFO] PluginManage:359 - Loaded plugin rif (category:base,tabindex:3)
2025-11-12 11:51:53,213 [INFO] PluginManage:310 - Check plugin thirdparty
2025-11-12 11:51:53,663 [WARN] IntegrityCheckThread:84 - waiting for thirdparty lock release [integrity check]
2025-11-12 11:51:53,663 [INFO] PluginManage:359 - Loaded plugin thirdparty (category:base,tabindex:-1)
2025-11-12 11:51:53,663 [INFO] IntegrityCheckThread:86 - entering critical section [integrity check]
2025-11-12 11:51:53,663 [INFO] PluginManage:310 - Check plugin tools
2025-11-12 11:51:53,663 [INFO] ThirdPartyUpdaterWithRetryManager:70 - Updater plugin not ready yet. [1/15]
2025-11-12 11:51:53,663 [INFO] PluginManage:359 - Loaded plugin tools (category:base,tabindex:7)
2025-11-12 11:51:53,663 [INFO] PluginManage:310 - Check plugin tutovideos
2025-11-12 11:51:54,255 [INFO] PluginManage:359 - Loaded plugin tutovideos (category:base,tabindex:-1)
2025-11-12 11:51:54,255 [INFO] PluginManage:310 - Check plugin updater
2025-11-12 11:51:54,323 [INFO] PluginManage:359 - Loaded plugin updater (category:base,tabindex:12)
2025-11-12 11:51:54,323 [INFO] PluginManage:310 - Check plugin userauth
2025-11-12 11:51:54,335 [INFO] UserAuth:118 - Init User Auth plugin
2025-11-12 11:51:54,339 [INFO] PluginManage:359 - Loaded plugin userauth (category:base,tabindex:14)
2025-11-12 11:51:54,342 [INFO] PluginManage:283 - PluginManage : Loaded plugins [18]
2025-11-12 11:51:55,045 [INFO] PinOutPanel:1589 - setPackage(No Configuration,No Configuration)
2025-11-12 11:51:55,380 [INFO] CADModel:165 - CPN selected for project level
2025-11-12 11:51:55,380 [INFO] CADModel:114 - Register for checkConnection events
2025-11-12 11:51:55,439 [INFO] IPUIPlugin:80 - create IPUIPlugin
2025-11-12 11:51:55,439 [INFO] PluginManager:220 - loadIPPluginJar : add adc
2025-11-12 11:51:55,455 [INFO] IPUIPlugin:80 - create IPUIPlugin
2025-11-12 11:51:55,455 [INFO] PluginManager:220 - loadIPPluginJar : add aes
2025-11-12 11:51:55,455 [INFO] IPUIPlugin:80 - create IPUIPlugin
2025-11-12 11:51:55,455 [INFO] PluginManager:220 - loadIPPluginJar : add can
2025-11-12 11:51:55,471 [INFO] IPUIPlugin:80 - create IPUIPlugin
2025-11-12 11:51:55,472 [INFO] PluginManager:220 - loadIPPluginJar : add comp
2025-11-12 11:51:55,472 [INFO] IPUIPlugin:80 - create IPUIPlugin
2025-11-12 11:51:55,472 [INFO] PluginManager:220 - loadIPPluginJar : add cryp
2025-11-12 11:51:55,492 [INFO] IPUIPlugin:80 - create IPUIPlugin
2025-11-12 11:51:55,492 [INFO] PluginManager:220 - loadIPPluginJar : add ddr_ctrl_phy
2025-11-12 11:51:55,495 [INFO] IPUIPlugin:80 - create IPUIPlugin
2025-11-12 11:51:55,495 [INFO] PluginManager:220 - loadIPPluginJar : add dfsdm
2025-11-12 11:51:55,519 [INFO] IPUIPlugin:80 - create IPUIPlugin
2025-11-12 11:51:55,521 [INFO] PluginManager:220 - loadIPPluginJar : add dma
2025-11-12 11:51:55,535 [INFO] IPUIPlugin:80 - create IPUIPlugin
2025-11-12 11:51:55,537 [INFO] PluginManager:220 - loadIPPluginJar : add dma3
2025-11-12 11:51:55,540 [INFO] IPUIPlugin:80 - create IPUIPlugin
2025-11-12 11:51:55,540 [INFO] PluginManager:220 - loadIPPluginJar : add extmemmanager
2025-11-12 11:51:55,550 [INFO] IPUIPlugin:80 - create IPUIPlugin
2025-11-12 11:51:55,550 [INFO] PluginManager:220 - loadIPPluginJar : add fatfs
2025-11-12 11:51:55,566 [INFO] IPUIPlugin:80 - create IPUIPlugin
2025-11-12 11:51:55,566 [INFO] PluginManager:220 - loadIPPluginJar : add fmc
2025-11-12 11:51:55,589 [INFO] IPUIPlugin:80 - create IPUIPlugin
2025-11-12 11:51:55,591 [INFO] PluginManager:220 - loadIPPluginJar : add freertos
2025-11-12 11:51:55,595 [INFO] IPUIPlugin:80 - create IPUIPlugin
2025-11-12 11:51:55,595 [INFO] PluginManager:220 - loadIPPluginJar : add genericplugin
2025-11-12 11:51:55,598 [INFO] IPUIPlugin:80 - create IPUIPlugin
2025-11-12 11:51:55,598 [INFO] PluginManager:220 - loadIPPluginJar : add gfxmmu
2025-11-12 11:51:55,616 [INFO] IPUIPlugin:80 - create IPUIPlugin
2025-11-12 11:51:55,619 [INFO] PluginManager:220 - loadIPPluginJar : add gic
2025-11-12 11:51:55,630 [INFO] IPUIPlugin:80 - create IPUIPlugin
2025-11-12 11:51:55,630 [INFO] PluginManager:220 - loadIPPluginJar : add gpio
2025-11-12 11:51:55,633 [INFO] IPUIPlugin:80 - create IPUIPlugin
2025-11-12 11:51:55,633 [INFO] PluginManager:220 - loadIPPluginJar : add gtzc
2025-11-12 11:51:55,646 [INFO] IPUIPlugin:80 - create IPUIPlugin
2025-11-12 11:51:55,646 [INFO] PluginManager:220 - loadIPPluginJar : add hash
2025-11-12 11:51:55,657 [INFO] IPUIPlugin:80 - create IPUIPlugin
2025-11-12 11:51:55,657 [INFO] PluginManager:220 - loadIPPluginJar : add i2c
2025-11-12 11:51:55,662 [INFO] IPUIPlugin:80 - create IPUIPlugin
2025-11-12 11:51:55,662 [INFO] PluginManager:220 - loadIPPluginJar : add i2s
2025-11-12 11:51:55,677 [INFO] IPUIPlugin:80 - create IPUIPlugin
2025-11-12 11:51:55,677 [INFO] PluginManager:220 - loadIPPluginJar : add i3c
2025-11-12 11:51:55,687 [INFO] IPUIPlugin:80 - create IPUIPlugin
2025-11-12 11:51:55,689 [INFO] PluginManager:220 - loadIPPluginJar : add ipddr
2025-11-12 11:51:55,711 [INFO] IPUIPlugin:80 - create IPUIPlugin
2025-11-12 11:51:55,711 [INFO] PluginManager:220 - loadIPPluginJar : add linkedlist
2025-11-12 11:51:55,721 [INFO] IPUIPlugin:80 - create IPUIPlugin
2025-11-12 11:51:55,721 [INFO] PluginManager:220 - loadIPPluginJar : add lorawan
2025-11-12 11:51:55,726 [INFO] IPUIPlugin:80 - create IPUIPlugin
2025-11-12 11:51:55,726 [INFO] PluginManager:220 - loadIPPluginJar : add ltdc
2025-11-12 11:51:55,744 [INFO] IPUIPlugin:80 - create IPUIPlugin
2025-11-12 11:51:55,744 [INFO] PluginManager:220 - loadIPPluginJar : add mdma
2025-11-12 11:51:55,754 [INFO] IPUIPlugin:80 - create IPUIPlugin
2025-11-12 11:51:55,754 [INFO] PluginManager:220 - loadIPPluginJar : add nvic
2025-11-12 11:51:55,756 [INFO] IPUIPlugin:80 - create IPUIPlugin
2025-11-12 11:51:55,756 [INFO] PluginManager:220 - loadIPPluginJar : add opamp
2025-11-12 11:51:55,776 [INFO] IPUIPlugin:80 - create IPUIPlugin
2025-11-12 11:51:55,779 [INFO] PluginManager:220 - loadIPPluginJar : add openamp
2025-11-12 11:51:55,788 [INFO] IPUIPlugin:80 - create IPUIPlugin
2025-11-12 11:51:55,790 [INFO] PluginManager:220 - loadIPPluginJar : add pdm2pcm
2025-11-12 11:51:55,808 [INFO] IPUIPlugin:80 - create IPUIPlugin
2025-11-12 11:51:55,818 [INFO] PluginManager:220 - loadIPPluginJar : add plateformsettings
2025-11-12 11:51:55,819 [INFO] IPUIPlugin:80 - create IPUIPlugin
2025-11-12 11:51:55,819 [INFO] PluginManager:220 - loadIPPluginJar : add quadspi
2025-11-12 11:51:55,819 [INFO] IPUIPlugin:80 - create IPUIPlugin
2025-11-12 11:51:55,819 [INFO] PluginManager:220 - loadIPPluginJar : add radio
2025-11-12 11:51:55,835 [INFO] IPUIPlugin:80 - create IPUIPlugin
2025-11-12 11:51:55,835 [INFO] PluginManager:220 - loadIPPluginJar : add resmgrutility
2025-11-12 11:51:55,859 [INFO] IPUIPlugin:80 - create IPUIPlugin
2025-11-12 11:51:55,859 [INFO] PluginManager:220 - loadIPPluginJar : add sai
2025-11-12 11:51:55,869 [INFO] IPUIPlugin:80 - create IPUIPlugin
2025-11-12 11:51:55,869 [INFO] PluginManager:220 - loadIPPluginJar : add spi
2025-11-12 11:51:55,885 [INFO] IPUIPlugin:80 - create IPUIPlugin
2025-11-12 11:51:55,885 [INFO] PluginManager:220 - loadIPPluginJar : add stm32_wpan
2025-11-12 11:51:55,885 [INFO] IPUIPlugin:80 - create IPUIPlugin
2025-11-12 11:51:55,885 [INFO] PluginManager:220 - loadIPPluginJar : add tim
2025-11-12 11:51:55,903 [INFO] IPUIPlugin:80 - create IPUIPlugin
2025-11-12 11:51:55,903 [INFO] PluginManager:220 - loadIPPluginJar : add touchsensing
2025-11-12 11:51:55,905 [INFO] IPUIPlugin:80 - create IPUIPlugin
2025-11-12 11:51:55,905 [INFO] PluginManager:220 - loadIPPluginJar : add tracer_emb
2025-11-12 11:51:55,914 [INFO] IPUIPlugin:80 - create IPUIPlugin
2025-11-12 11:51:55,914 [INFO] PluginManager:220 - loadIPPluginJar : add ts
2025-11-12 11:51:55,919 [INFO] IPUIPlugin:80 - create IPUIPlugin
2025-11-12 11:51:55,919 [INFO] PluginManager:220 - loadIPPluginJar : add tsc
2025-11-12 11:51:55,919 [INFO] IPUIPlugin:80 - create IPUIPlugin
2025-11-12 11:51:55,930 [INFO] PluginManager:220 - loadIPPluginJar : add ucpd
2025-11-12 11:51:55,931 [INFO] IPUIPlugin:80 - create IPUIPlugin
2025-11-12 11:51:55,931 [INFO] PluginManager:220 - loadIPPluginJar : add usart
2025-11-12 11:51:55,946 [INFO] IPUIPlugin:80 - create IPUIPlugin
2025-11-12 11:51:55,946 [INFO] PluginManager:220 - loadIPPluginJar : add usbx
2025-11-12 11:51:56,249 [FATAL] Updater:351 - Updater called before beeing initialized
2025-11-12 11:51:56,340 [INFO] RulesReader:64 - Compatibility file has been processed (302 Rules)
2025-11-12 11:51:56,372 [INFO] RulesReader:64 - Compatibility file has been processed (302 Rules)
2025-11-12 11:51:56,396 [INFO] CADModel:165 - CPN selected for project level
2025-11-12 11:51:56,398 [INFO] CADModel:114 - Register for checkConnection events
2025-11-12 11:51:56,398 [FATAL] Updater:351 - Updater called before beeing initialized
2025-11-12 11:51:56,398 [ERROR] CADModel:125 - Updater not yet initialized, retry later 
2025-11-12 11:51:56,683 [INFO] ThirdPartyUpdaterWithRetryManager:70 - Updater plugin not ready yet. [2/15]
2025-11-12 11:51:56,871 [FATAL] Updater:351 - Updater called before beeing initialized
2025-11-12 11:51:56,873 [INFO] CADModel:165 - CPN selected for project level
2025-11-12 11:51:56,873 [INFO] CADModel:114 - Register for checkConnection events
2025-11-12 11:51:56,873 [FATAL] Updater:351 - Updater called before beeing initialized
2025-11-12 11:51:56,873 [ERROR] CADModel:125 - Updater not yet initialized, retry later 
2025-11-12 11:51:56,889 [FATAL] Updater:351 - Updater called before beeing initialized
2025-11-12 11:51:57,279 [FATAL] Updater:351 - Updater called before beeing initialized
2025-11-12 11:51:57,295 [INFO] DbMcusAds:53 - JSON generation date=Mon Nov 10 16:13:00 IST 2025 (1762771380746)
2025-11-12 11:51:57,295 [FATAL] Updater:351 - Updater called before beeing initialized
2025-11-12 11:51:57,418 [WARN] DetailPanel:346 - Failed to get advertising image, set to default
2025-11-12 11:51:58,172 [FATAL] Updater:351 - Updater called before beeing initialized
2025-11-12 11:51:58,188 [FATAL] Updater:351 - Updater called before beeing initialized
2025-11-12 11:51:58,188 [FATAL] Updater:351 - Updater called before beeing initialized
2025-11-12 11:51:58,188 [WARN] DetailPanel:346 - Failed to get advertising image, set to default
2025-11-12 11:51:58,188 [FATAL] Updater:351 - Updater called before beeing initialized
2025-11-12 11:51:58,346 [ERROR] Updater:1198 - MainUpdater not yet initialized. External WinMGr cannot be set.
2025-11-12 11:51:58,354 [INFO] Updater:1134 - Updater Version found : 6.14.1
2025-11-12 11:51:58,410 [INFO] ApplicationProperties:184 - Using Application install path: C:\ST\STM32CubeIDE_1.18.1\STM32CubeIDE\plugins\com.st.stm32cube.common.mx_6.14.1.202504091515
2025-11-12 11:51:59,252 [INFO] MainUpdater:2872 - connection check result : 10
2025-11-12 11:51:59,252 [INFO] MainUpdater:289 - Updater Check For Update Now.
2025-11-12 11:51:59,252 [INFO] MicroXplorer:498 - Change Database Version : DB.6.0.141
2025-11-12 11:51:59,268 [INFO] McuFinderGlobals:63 - Set McuFinder mode to 2 (CubeIDE integrated)
2025-11-12 11:51:59,273 [INFO] UserAuth:484 - Internet connection configuration mode: 1
2025-11-12 11:51:59,340 [INFO] JxBrowserEngine:152 - Initiate JxBrowser Engine with user profile folder
2025-11-12 11:51:59,655 [INFO] CheckServerUpdateThread:120 - End of CheckServer Thread
2025-11-12 11:52:00,993 [WARN] PackLoader:240 - Cannot read IP mode file for STMicroelectronics.FP-SNS-MOTENVWB1.1.4.0
2025-11-12 11:52:01,011 [WARN] PackLoader:240 - Cannot read IP mode file for STMicroelectronics.FP-ATR-ASTRA1.2.0.2
2025-11-12 11:52:01,047 [WARN] PackLoader:240 - Cannot read IP mode file for STMicroelectronics.X-CUBE-SMBUS.2.1.0
2025-11-12 11:52:01,156 [WARN] PackLoader:240 - Cannot read IP mode file for STMicroelectronics.X-CUBE-AZRTOS-F7.1.1.0
2025-11-12 11:52:01,183 [WARN] PackLoader:240 - Cannot read IP mode file for Cesanta.I-CUBE-Mongoose.7.19.0
2025-11-12 11:52:01,199 [ERROR] Engine:466 - C:\Users\siree\.stm32cubemx\thirdparties\pdsc\STMicroelectronics.FP-SNS-MOTENV1.5.1.0.pdsc: PDSC version is not supported
2025-11-12 11:52:01,215 [ERROR] Engine:466 - C:\Users\siree\.stm32cubemx\thirdparties\pdsc\WES.I-CUBE-Cesium.1.4.0.pdsc: PDSC version is not supported
2025-11-12 11:52:01,322 [WARN] PackLoader:240 - Cannot read IP mode file for Infineon.AIROC-Wi-Fi-Bluetooth-STM32.1.7.1
2025-11-12 11:52:01,674 [WARN] PackLoader:240 - Cannot read IP mode file for STMicroelectronics.X-CUBE-AZRTOS-H7.3.4.0
2025-11-12 11:52:01,763 [WARN] PackLoader:240 - Cannot read IP mode file for STMicroelectronics.X-CUBE-DISPLAY.3.0.0
2025-11-12 11:52:01,826 [WARN] PackLoader:240 - Cannot read IP mode file for STMicroelectronics.X-CUBE-NFC10.1.0.0
2025-11-12 11:52:01,867 [WARN] PackLoader:240 - Cannot read IP mode file for STMicroelectronics.X-CUBE-ST60.1.1.0
2025-11-12 11:52:01,916 [WARN] PackLoader:240 - Cannot read IP mode file for emotas.I-CUBE-CANOPEN.1.3.0
2025-11-12 11:52:01,948 [WARN] PackLoader:240 - Cannot read IP mode file for STMicroelectronics.X-CUBE-GNSS1.7.1.0
2025-11-12 11:52:01,964 [ERROR] Engine:466 - C:\Users\siree\.stm32cubemx\thirdparties\pdsc\STMicroelectronics.FP-SNS-STBOX1.2.1.0.pdsc: PDSC version is not supported
2025-11-12 11:52:01,981 [WARN] PackLoader:240 - Cannot read IP mode file for STMicroelectronics.FP-SNS-SMARTAG2.1.2.0
2025-11-12 11:52:01,999 [WARN] PackLoader:240 - Cannot read IP mode file for STMicroelectronics.FP-SNS-FLIGHT1.5.1.0
2025-11-12 11:52:02,031 [INFO] LogOutputStream:77 - [STDOUT_REDIRECT] 1 : Invalid condition id : UX_CORESTACK_Condition cause : null
2025-11-12 11:52:02,033 [INFO] LogOutputStream:77 - [STDOUT_REDIRECT] 1 : Invalid condition id : UX_CORESTACK_Condition cause : null
2025-11-12 11:52:02,035 [INFO] LogOutputStream:77 - [STDOUT_REDIRECT] 1 : Invalid condition id : UX_CORESTACK_Condition cause : null
2025-11-12 11:52:02,035 [INFO] LogOutputStream:77 - [STDOUT_REDIRECT] 1 : Invalid condition id : UX_CORESTACK_Condition cause : null
2025-11-12 11:52:02,043 [INFO] LogOutputStream:77 - [STDOUT_REDIRECT] 1 : Invalid condition id : UX_CORESTACK_Condition cause : null
2025-11-12 11:52:02,052 [WARN] PackLoader:240 - Cannot read IP mode file for STMicroelectronics.X-CUBE-AZRTOS-WL.2.0.0
2025-11-12 11:52:02,072 [WARN] PackLoader:240 - Cannot read IP mode file for STMicroelectronics.X-CUBE-BLE2.3.3.0
2025-11-12 11:52:02,145 [WARN] PackLoader:240 - Cannot read IP mode file for STMicroelectronics.X-CUBE-NFC9.1.0.0
2025-11-12 11:52:02,167 [WARN] PackLoader:240 - Cannot read IP mode file for wolfSSL.I-CUBE-wolfSSL.5.8.2
2025-11-12 11:52:02,185 [WARN] PackLoader:240 - Cannot read IP mode file for STMicroelectronics.X-CUBE-BLE1.7.1.0
2025-11-12 11:52:02,198 [WARN] PackLoader:240 - Cannot read IP mode file for wolfSSL.I-CUBE-wolfMQTT.1.19.2
2025-11-12 11:52:02,222 [WARN] PackLoader:240 - Cannot read IP mode file for STMicroelectronics.X-CUBE-EEPRMA1.5.2.0
2025-11-12 11:52:02,238 [ERROR] Engine:466 - C:\Users\siree\.stm32cubemx\thirdparties\pdsc\STMicroelectronics.X-CUBE-ST67W61.1.1.0.pdsc: PDSC version is not supported
2025-11-12 11:52:02,280 [WARN] PackLoader:240 - Cannot read IP mode file for STMicroelectronics.X-CUBE-AZRTOS-G0.1.1.0
2025-11-12 11:52:02,323 [WARN] PackLoader:240 - Cannot read IP mode file for STMicroelectronics.X-CUBE-SAFEA1.1.2.2
2025-11-12 11:52:02,343 [WARN] PackLoader:240 - Cannot read IP mode file for STMicroelectronics.X-CUBE-NFC4.3.0.0
2025-11-12 11:52:02,371 [WARN] PackLoader:240 - Cannot read IP mode file for EmbeddedOffice.I-CUBE-FS-RTOS.1.0.1
2025-11-12 11:52:02,388 [WARN] PackLoader:240 - Cannot read IP mode file for STMicroelectronics.X-CUBE-WB05N.2.0.0
2025-11-12 11:52:02,404 [WARN] PackLoader:240 - Cannot read IP mode file for wolfSSL.I-CUBE-wolfTPM.3.8.0
2025-11-12 11:52:02,419 [WARN] PackLoader:240 - Cannot read IP mode file for STMicroelectronics.X-CUBE-TCPP.4.2.0
2025-11-12 11:52:02,441 [WARN] PackLoader:240 - Cannot read IP mode file for RealThread.X-CUBE-RT-Thread_Nano.4.1.1
2025-11-12 11:52:02,453 [WARN] PackLoader:240 - Cannot read IP mode file for STMicroelectronics.FP-ATR-SIGFOX1.3.2.0
2025-11-12 11:52:02,467 [WARN] PackLoader:240 - Cannot read IP mode file for ITTIA_DB.I-CUBE-ITTIADB.8.9.0
2025-11-12 11:52:02,483 [WARN] PackLoader:240 - Cannot read IP mode file for STMicroelectronics.X-CUBE-AI.10.2.0
2025-11-12 11:52:02,573 [WARN] PackLoader:240 - Cannot read IP mode file for SEGGER.I-CUBE-embOS.1.3.1
2025-11-12 11:52:02,688 [INFO] WebApp:169 - Instantiating new browser for Auth
2025-11-12 11:52:02,688 [WARN] PackLoader:240 - Cannot read IP mode file for STMicroelectronics.X-CUBE-ALGOBUILD.1.4.0
2025-11-12 11:52:02,992 [WARN] PackLoader:240 - Cannot read IP mode file for STMicroelectronics.X-CUBE-MEMS1.11.3.0
2025-11-12 11:52:03,628 [WARN] PackLoader:240 - Cannot read IP mode file for STMicroelectronics.X-CUBE-PM33A1.1.0.0
2025-11-12 11:52:03,682 [WARN] PackLoader:240 - Cannot read IP mode file for STMicroelectronics.X-CUBE-AZRTOS-F4.1.1.0
2025-11-12 11:52:03,707 [WARN] PackLoader:240 - Cannot read IP mode file for STMicroelectronics.X-CUBE-ISPU.2.1.0
2025-11-12 11:52:03,722 [ERROR] Engine:466 - C:\Users\siree\.stm32cubemx\thirdparties\pdsc\STMicroelectronics.X-CUBE-IPS.3.2.0.pdsc: PDSC version is not supported
2025-11-12 11:52:03,754 [WARN] PackLoader:240 - Cannot read IP mode file for STMicroelectronics.X-CUBE-NFC12.1.0.0
2025-11-12 11:52:03,807 [WARN] PackLoader:240 - Cannot read IP mode file for STMicroelectronics.X-CUBE-AZRTOS-L5.2.0.0
2025-11-12 11:52:03,833 [WARN] PackLoader:240 - Cannot read IP mode file for STMicroelectronics.X-CUBE-NFC6.3.1.0
2025-11-12 11:52:03,858 [WARN] PackLoader:240 - Cannot read IP mode file for STMicroelectronics.X-CUBE-FREERTOS.1.3.1
2025-11-12 11:52:03,875 [WARN] PackLoader:240 - Cannot read IP mode file for STMicroelectronics.X-CUBE-TOUCHGFX.4.26.0
2025-11-12 11:52:03,896 [WARN] PackLoader:240 - Cannot read IP mode file for STMicroelectronics.FP-SNS-STAIOTCFT.1.0.0
2025-11-12 11:52:03,912 [WARN] PackLoader:240 - Cannot read IP mode file for STMicroelectronics.X-CUBE-DPower.1.3.0
2025-11-12 11:52:03,961 [WARN] ConditionMgr:438 - getConditionDescription Invalid condition id : LAN8742 Phy interface Condition cause : null
2025-11-12 11:52:03,965 [WARN] PackLoader:240 - Cannot read IP mode file for STMicroelectronics.X-CUBE-AZRTOS-L4.2.0.0
2025-11-12 11:52:03,965 [WARN] ConditionMgr:1044 - genDependencies : Invalid condition id : LAN8742 Phy interface Condition cause : null
2025-11-12 11:52:03,965 [WARN] ConditionMgr:1044 - genDependencies : Invalid condition id : LAN8742 Phy interface Condition cause : null
2025-11-12 11:52:03,971 [WARN] ConditionMgr:1044 - genDependencies : Invalid condition id : LAN8742 Phy interface Condition cause : null
2025-11-12 11:52:03,988 [WARN] PackLoader:240 - Cannot read IP mode file for STMicroelectronics.X-CUBE-SFXS2LP1.4.0.0
2025-11-12 11:52:04,012 [WARN] PackLoader:240 - Cannot read IP mode file for STMicroelectronics.X-CUBE-BLEMGR.4.1.0
2025-11-12 11:52:04,062 [WARN] ConditionMgr:438 - getConditionDescription Invalid condition id : UX DEVICE CLASS RTOS Condition cause : null
2025-11-12 11:52:04,062 [WARN] ConditionMgr:438 - getConditionDescription Invalid condition id : UX DEVICE CLASS RTOS Condition cause : null
2025-11-12 11:52:04,062 [WARN] PackLoader:240 - Cannot read IP mode file for STMicroelectronics.X-CUBE-AZRTOS-WB.2.0.0
2025-11-12 11:52:04,062 [WARN] ConditionMgr:1044 - genDependencies : Invalid condition id : UX DEVICE CLASS RTOS Condition cause : null
2025-11-12 11:52:04,062 [WARN] ConditionMgr:1044 - genDependencies : Invalid condition id : UX DEVICE CLASS RTOS Condition cause : null
2025-11-12 11:52:04,062 [WARN] ConditionMgr:1044 - genDependencies : Invalid condition id : UX DEVICE CLASS RTOS Condition cause : null
2025-11-12 11:52:04,062 [WARN] ConditionMgr:1044 - genDependencies : Invalid condition id : UX DEVICE CLASS RTOS Condition cause : null
2025-11-12 11:52:04,062 [WARN] ConditionMgr:1044 - genDependencies : Invalid condition id : UX DEVICE CLASS RTOS Condition cause : null
2025-11-12 11:52:04,087 [WARN] PackLoader:240 - Cannot read IP mode file for STMicroelectronics.X-CUBE-GNSS1.7.0.1
2025-11-12 11:52:04,108 [WARN] ConditionMgr:438 - getConditionDescription Invalid condition id : Cortex-A Device cause : null
2025-11-12 11:52:04,130 [WARN] ConditionMgr:1044 - genDependencies : Invalid condition id : Cortex-A Device cause : null
2025-11-12 11:52:04,136 [WARN] ConditionMgr:1044 - genDependencies : Invalid condition id : Cortex-A Device cause : null
2025-11-12 11:52:04,136 [WARN] ConditionMgr:1044 - genDependencies : Invalid condition id : Cortex-A Device cause : null
2025-11-12 11:52:04,155 [WARN] PackLoader:240 - Cannot read IP mode file for STMicroelectronics.X-CUBE-SUBG2.5.0.0
2025-11-12 11:52:04,203 [WARN] PackLoader:240 - Cannot read IP mode file for STMicroelectronics.X-CUBE-AZRTOS-H7RS.1.1.0
2025-11-12 11:52:04,250 [WARN] PackLoader:240 - Cannot read IP mode file for STMicroelectronics.X-CUBE-AZRTOS-G4.2.0.0
2025-11-12 11:52:04,266 [WARN] PackLoader:240 - Cannot read IP mode file for wolfSSL.I-CUBE-wolfSSH.1.4.20
2025-11-12 11:52:04,279 [WARN] PackLoader:240 - Cannot read IP mode file for STMicroelectronics.X-CUBE-NFC7.2.0.0
2025-11-12 11:52:04,295 [WARN] PackLoader:240 - Cannot read IP mode file for STMicroelectronics.X-CUBE-ALS.1.0.2
2025-11-12 11:52:04,315 [WARN] PackLoader:240 - Cannot read IP mode file for STMicroelectronics.X-CUBE-STSE01.1.0.0
2025-11-12 11:52:04,347 [WARN] PackLoader:240 - Cannot read IP mode file for STMicroelectronics.X-CUBE-TOF1.3.4.3
2025-11-12 11:52:04,382 [INFO] ThirdParty:978 - Integrity check success = true
2025-11-12 11:52:04,382 [INFO] IntegrityCheckThread:100 - exiting critical section [integrity check]
2025-11-12 11:52:04,382 [INFO] IntegrityCheckThread:103 - End integrity checks thread
2025-11-12 11:52:05,685 [INFO] WebApp:463 - Apply proxy settings
2025-11-12 11:52:05,693 [INFO] WebApp:548 - Chromium requires no authentication
2025-11-12 11:52:05,715 [INFO] WebApp:491 - Direct internet connection detected
2025-11-12 11:52:05,783 [INFO] WebApp:894 - Register for checkConnection events
2025-11-12 11:52:05,783 [INFO] WebApp:463 - Apply proxy settings
2025-11-12 11:52:05,790 [INFO] WebApp:548 - Chromium requires no authentication
2025-11-12 11:52:05,790 [INFO] WebApp:491 - Direct internet connection detected
2025-11-12 11:52:06,138 [INFO] WebApp:191 - Connection restablished
2025-11-12 11:52:06,451 [INFO] WebApp:225 - Starting web application
2025-11-12 11:52:06,453 [INFO] WebApp:593 - Web application path used C:\ST\STM32CubeIDE_1.18.1\STM32CubeIDE\plugins\com.st.stm32cube.common.mx_6.14.1.202504091515\db\plugins\mcufinder\reactClient1\index.html
2025-11-12 11:52:06,767 [INFO] UserAuth:484 - Internet connection configuration mode: 1
2025-11-12 12:10:06,935 [INFO] WebApp:194 - Connection lost
2025-11-12 12:10:07,165 [INFO] WebApp:191 - Connection restablished
2025-11-12 12:10:23,917 [ERROR] LogOutputStream:75 - [STDERR_REDIRECT] 
2025-11-12 12:13:31,903 [INFO] Activator:176 - 


2025-11-12 12:13:31,906 [INFO] Activator:177 - !SESSION log4j initialized
2025-11-12 12:13:37,950 [INFO] LogOutputStream:77 - [STDOUT_REDIRECT] 
2025-11-12 12:13:38,682 [INFO] ApplicationProperties:184 - Using Application install path: C:\ST\STM32CubeIDE_1.18.1\STM32CubeIDE\plugins\com.st.stm32cube.common.mx_6.14.1.202504091515
2025-11-12 12:13:38,721 [INFO] DbMcusXml:78 - Set database path to: C:\ST\STM32CubeIDE_1.18.1\STM32CubeIDE\plugins\com.st.stm32cube.common.mx_6.14.1.202504091515\\db\/mcu/
2025-11-12 12:13:38,722 [INFO] ApiDb:274 - Set plugin database path to: C:\ST\STM32CubeIDE_1.18.1\STM32CubeIDE\plugins\com.st.stm32cube.common.mx_6.14.1.202504091515\\db\/plugins/boardmanager/
2025-11-12 12:13:38,722 [WARN] ApiDb:259 - Overriding images path with different value:  => C:\ST\STM32CubeIDE_1.18.1\STM32CubeIDE\plugins\com.st.stm32cube.common.mx_6.14.1.202504091515\\db\/plugins/mcufinder/images/
2025-11-12 12:13:38,738 [INFO] ApiDb:250 - Set database path to: C:\Users\siree\.stmcufinder\plugins\mcufinder//mcu/
2025-11-12 12:13:38,739 [INFO] DbMcusAds:125 - Set database path to: C:\Users\siree\.stmcufinder\plugins\mcufinder//mcu/
2025-11-12 12:13:38,741 [INFO] CrossReferenceDbSqlite:203 - Set database path to: C:\Users\siree\.stmcufinder\plugins\mcufinder//mcu/cs/
2025-11-12 12:13:38,849 [INFO] RulesReader:64 - Compatibility file has been processed (302 Rules)
2025-11-12 12:13:38,942 [INFO] DbMcusXml:78 - Set database path to: C:\ST\STM32CubeIDE_1.18.1\STM32CubeIDE\plugins\com.st.stm32cube.common.mx_6.14.1.202504091515\\db\/mcu/
2025-11-12 12:13:38,942 [INFO] ApiDb:274 - Set plugin database path to: C:\ST\STM32CubeIDE_1.18.1\STM32CubeIDE\plugins\com.st.stm32cube.common.mx_6.14.1.202504091515\\db\/plugins/boardmanager/
2025-11-12 12:13:38,942 [INFO] ApiDb:261 - Set plugin images path to: C:\ST\STM32CubeIDE_1.18.1\STM32CubeIDE\plugins\com.st.stm32cube.common.mx_6.14.1.202504091515\\db\/plugins/mcufinder/images/
2025-11-12 12:13:38,942 [WARN] DbFile:41 - Overriding database path with different value: C:\Users\siree\.stmcufinder\plugins\mcufinder/ => C:\Users\siree\.stmcufinder\plugins\mcufinder
2025-11-12 12:13:38,942 [INFO] ApiDb:250 - Set database path to: C:\Users\siree\.stmcufinder\plugins\mcufinder//mcu/
2025-11-12 12:13:38,942 [WARN] DbFile:41 - Overriding database path with different value: C:\Users\siree\.stmcufinder\plugins\mcufinder/ => C:\Users\siree\.stmcufinder\plugins\mcufinder
2025-11-12 12:13:38,943 [INFO] DbMcusAds:125 - Set database path to: C:\Users\siree\.stmcufinder\plugins\mcufinder//mcu/
2025-11-12 12:13:38,943 [WARN] DbFile:41 - Overriding database path with different value: C:\Users\siree\.stmcufinder\plugins\mcufinder/ => C:\Users\siree\.stmcufinder\plugins\mcufinder
2025-11-12 12:13:38,943 [WARN] DbFile:41 - Overriding database path with different value: C:\Users\siree\.stmcufinder\plugins\mcufinder/ => C:\Users\siree\.stmcufinder\plugins\mcufinder
2025-11-12 12:13:38,943 [INFO] CrossReferenceDbSqlite:203 - Set database path to: C:\Users\siree\.stmcufinder\plugins\mcufinder//mcu/cs/
2025-11-12 12:13:39,031 [INFO] MainPanel:272 - HeapMemory: 268435456
2025-11-12 12:13:39,153 [INFO] DbMcusXml:78 - Set database path to: C:\ST\STM32CubeIDE_1.18.1\STM32CubeIDE\plugins\com.st.stm32cube.common.mx_6.14.1.202504091515\\db\/mcu/
2025-11-12 12:13:39,153 [INFO] ApiDb:274 - Set plugin database path to: C:\ST\STM32CubeIDE_1.18.1\STM32CubeIDE\plugins\com.st.stm32cube.common.mx_6.14.1.202504091515\\db\/plugins/boardmanager/
2025-11-12 12:13:39,154 [INFO] ApiDb:261 - Set plugin images path to: C:\ST\STM32CubeIDE_1.18.1\STM32CubeIDE\plugins\com.st.stm32cube.common.mx_6.14.1.202504091515\\db\/plugins/mcufinder/images/
2025-11-12 12:13:39,154 [WARN] DbFile:41 - Overriding database path with different value: C:\Users\siree\.stmcufinder\plugins\mcufinder/ => C:\Users\siree\.stmcufinder\plugins\mcufinder
2025-11-12 12:13:39,154 [INFO] ApiDb:250 - Set database path to: C:\Users\siree\.stmcufinder\plugins\mcufinder//mcu/
2025-11-12 12:13:39,154 [WARN] DbFile:41 - Overriding database path with different value: C:\Users\siree\.stmcufinder\plugins\mcufinder/ => C:\Users\siree\.stmcufinder\plugins\mcufinder
2025-11-12 12:13:39,154 [INFO] DbMcusAds:125 - Set database path to: C:\Users\siree\.stmcufinder\plugins\mcufinder//mcu/
2025-11-12 12:13:39,154 [WARN] DbFile:41 - Overriding database path with different value: C:\Users\siree\.stmcufinder\plugins\mcufinder/ => C:\Users\siree\.stmcufinder\plugins\mcufinder
2025-11-12 12:13:39,154 [WARN] DbFile:41 - Overriding database path with different value: C:\Users\siree\.stmcufinder\plugins\mcufinder/ => C:\Users\siree\.stmcufinder\plugins\mcufinder
2025-11-12 12:13:39,154 [INFO] CrossReferenceDbSqlite:203 - Set database path to: C:\Users\siree\.stmcufinder\plugins\mcufinder//mcu/cs/
2025-11-12 12:13:39,174 [INFO] ApplicationProperties:184 - Using Application install path: C:\ST\STM32CubeIDE_1.18.1\STM32CubeIDE\plugins\com.st.stm32cube.common.mx_6.14.1.202504091515
2025-11-12 12:13:39,175 [INFO] PluginManage:196 - Search for loadable plugins [exclusion list=, ]
2025-11-12 12:13:39,176 [INFO] PluginManage:310 - Check plugin analytics
2025-11-12 12:13:39,352 [INFO] AnalyticsPlugin:253 - Accepted Software Licenses: 
2025-11-12 12:13:39,352 [INFO] AnalyticsPlugin:255 - Accepted CMSIS Pack Licenses: 
2025-11-12 12:13:39,354 [INFO] AnalyticsPlugin:257 - Accepted Firmware Licenses: FW.L4.1.18.0,FW.F4.1.28.0,FW.C0.1.4.0,FW.F7.1.17.0,FW.G0.1.6.0,FW.G4.1.6.0,FW.H5.1.5.0,FW.H7.1.12.0,FW.L5.1.5.0,FW.MP1.1.7.0
2025-11-12 12:13:39,356 [INFO] PluginManage:359 - Loaded plugin analytics (category:tool,tabindex:-1)
2025-11-12 12:13:39,357 [INFO] PluginManage:310 - Check plugin cadmodel
2025-11-12 12:13:39,365 [INFO] CADModel:105 - Init CAD model plugin
2025-11-12 12:13:39,365 [INFO] PluginManage:359 - Loaded plugin cadmodel (category:power,tabindex:5)
2025-11-12 12:13:39,366 [INFO] PluginManage:310 - Check plugin clock
2025-11-12 12:13:39,378 [INFO] PluginManage:359 - Loaded plugin clock (category:base,tabindex:2)
2025-11-12 12:13:39,378 [INFO] PluginManage:310 - Check plugin ddr
2025-11-12 12:13:39,382 [INFO] PluginManage:359 - Loaded plugin ddr (category:tool,tabindex:6)
2025-11-12 12:13:39,382 [INFO] PluginManage:310 - Check plugin filemanager
2025-11-12 12:13:39,532 [INFO] PluginManage:359 - Loaded plugin filemanager (category:base,tabindex:10)
2025-11-12 12:13:39,532 [INFO] PluginManage:310 - Check plugin ipmanager
2025-11-12 12:13:39,540 [INFO] PluginManage:359 - Loaded plugin ipmanager (category:base,tabindex:5)
2025-11-12 12:13:39,540 [INFO] PluginManage:310 - Check plugin lpbam
2025-11-12 12:13:39,548 [INFO] PluginManage:359 - Loaded plugin lpbam (category:base,tabindex:0)
2025-11-12 12:13:39,548 [INFO] PluginManage:310 - Check plugin memorymap
2025-11-12 12:13:39,566 [INFO] PluginManage:359 - Loaded plugin memorymap (category:base,tabindex:4)
2025-11-12 12:13:39,566 [INFO] PluginManage:310 - Check plugin pinoutandconfiguration
2025-11-12 12:13:39,578 [INFO] PluginManage:359 - Loaded plugin pinoutandconfiguration (category:base,tabindex:1)
2025-11-12 12:13:39,578 [INFO] PluginManage:310 - Check plugin pinoutconfig
2025-11-12 12:13:39,672 [WARN] SupportedApi:132 - Cannot load RTOS API schema: s4s-elt-must-match.1: The content of 'definitions' must match (annotation?, (simpleType | complexType)?, (unique | key | keyref)*)). A problem was found starting at: attribute.
2025-11-12 12:13:39,857 [INFO] PluginManage:359 - Loaded plugin pinoutconfig (category:base,tabindex:0)
2025-11-12 12:13:39,857 [INFO] PluginManage:310 - Check plugin power
2025-11-12 12:13:39,873 [INFO] PluginManage:359 - Loaded plugin power (category:power,tabindex:4)
2025-11-12 12:13:39,873 [INFO] PluginManage:310 - Check plugin projectmanager
2025-11-12 12:13:39,891 [INFO] PluginManage:359 - Loaded plugin projectmanager (category:projectmanager,tabindex:4)
2025-11-12 12:13:39,891 [INFO] PluginManage:310 - Check plugin rif
2025-11-12 12:13:39,906 [INFO] PluginManage:359 - Loaded plugin rif (category:base,tabindex:3)
2025-11-12 12:13:39,906 [INFO] PluginManage:310 - Check plugin thirdparty
2025-11-12 12:13:40,068 [INFO] PluginManage:359 - Loaded plugin thirdparty (category:base,tabindex:-1)
2025-11-12 12:13:40,068 [WARN] IntegrityCheckThread:84 - waiting for thirdparty lock release [integrity check]
2025-11-12 12:13:40,069 [INFO] PluginManage:310 - Check plugin tools
2025-11-12 12:13:40,069 [INFO] IntegrityCheckThread:86 - entering critical section [integrity check]
2025-11-12 12:13:40,069 [INFO] ThirdPartyUpdaterWithRetryManager:70 - Updater plugin not ready yet. [1/15]
2025-11-12 12:13:40,073 [INFO] PluginManage:359 - Loaded plugin tools (category:base,tabindex:7)
2025-11-12 12:13:40,073 [INFO] PluginManage:310 - Check plugin tutovideos
2025-11-12 12:13:40,243 [INFO] PluginManage:359 - Loaded plugin tutovideos (category:base,tabindex:-1)
2025-11-12 12:13:40,244 [INFO] PluginManage:310 - Check plugin updater
2025-11-12 12:13:40,266 [INFO] PluginManage:359 - Loaded plugin updater (category:base,tabindex:12)
2025-11-12 12:13:40,266 [INFO] PluginManage:310 - Check plugin userauth
2025-11-12 12:13:40,272 [INFO] UserAuth:118 - Init User Auth plugin
2025-11-12 12:13:40,273 [INFO] PluginManage:359 - Loaded plugin userauth (category:base,tabindex:14)
2025-11-12 12:13:40,273 [INFO] PluginManage:283 - PluginManage : Loaded plugins [18]
2025-11-12 12:13:40,496 [INFO] PinOutPanel:1589 - setPackage(No Configuration,No Configuration)
2025-11-12 12:13:40,594 [INFO] CADModel:165 - CPN selected for project level
2025-11-12 12:13:40,594 [INFO] CADModel:114 - Register for checkConnection events
2025-11-12 12:13:40,618 [INFO] IPUIPlugin:80 - create IPUIPlugin
2025-11-12 12:13:40,618 [INFO] PluginManager:220 - loadIPPluginJar : add adc
2025-11-12 12:13:40,621 [INFO] IPUIPlugin:80 - create IPUIPlugin
2025-11-12 12:13:40,621 [INFO] PluginManager:220 - loadIPPluginJar : add aes
2025-11-12 12:13:40,624 [INFO] IPUIPlugin:80 - create IPUIPlugin
2025-11-12 12:13:40,624 [INFO] PluginManager:220 - loadIPPluginJar : add can
2025-11-12 12:13:40,626 [INFO] IPUIPlugin:80 - create IPUIPlugin
2025-11-12 12:13:40,626 [INFO] PluginManager:220 - loadIPPluginJar : add comp
2025-11-12 12:13:40,629 [INFO] IPUIPlugin:80 - create IPUIPlugin
2025-11-12 12:13:40,629 [INFO] PluginManager:220 - loadIPPluginJar : add cryp
2025-11-12 12:13:40,633 [INFO] IPUIPlugin:80 - create IPUIPlugin
2025-11-12 12:13:40,633 [INFO] PluginManager:220 - loadIPPluginJar : add ddr_ctrl_phy
2025-11-12 12:13:40,636 [INFO] IPUIPlugin:80 - create IPUIPlugin
2025-11-12 12:13:40,636 [INFO] PluginManager:220 - loadIPPluginJar : add dfsdm
2025-11-12 12:13:40,642 [INFO] IPUIPlugin:80 - create IPUIPlugin
2025-11-12 12:13:40,642 [INFO] PluginManager:220 - loadIPPluginJar : add dma
2025-11-12 12:13:40,647 [INFO] IPUIPlugin:80 - create IPUIPlugin
2025-11-12 12:13:40,647 [INFO] PluginManager:220 - loadIPPluginJar : add dma3
2025-11-12 12:13:40,650 [INFO] IPUIPlugin:80 - create IPUIPlugin
2025-11-12 12:13:40,650 [INFO] PluginManager:220 - loadIPPluginJar : add extmemmanager
2025-11-12 12:13:40,652 [INFO] IPUIPlugin:80 - create IPUIPlugin
2025-11-12 12:13:40,653 [INFO] PluginManager:220 - loadIPPluginJar : add fatfs
2025-11-12 12:13:40,657 [INFO] IPUIPlugin:80 - create IPUIPlugin
2025-11-12 12:13:40,657 [INFO] PluginManager:220 - loadIPPluginJar : add fmc
2025-11-12 12:13:40,664 [INFO] IPUIPlugin:80 - create IPUIPlugin
2025-11-12 12:13:40,665 [INFO] PluginManager:220 - loadIPPluginJar : add freertos
2025-11-12 12:13:40,667 [INFO] IPUIPlugin:80 - create IPUIPlugin
2025-11-12 12:13:40,667 [INFO] PluginManager:220 - loadIPPluginJar : add genericplugin
2025-11-12 12:13:40,670 [INFO] IPUIPlugin:80 - create IPUIPlugin
2025-11-12 12:13:40,670 [INFO] PluginManager:220 - loadIPPluginJar : add gfxmmu
2025-11-12 12:13:40,674 [INFO] IPUIPlugin:80 - create IPUIPlugin
2025-11-12 12:13:40,675 [INFO] PluginManager:220 - loadIPPluginJar : add gic
2025-11-12 12:13:40,679 [INFO] IPUIPlugin:80 - create IPUIPlugin
2025-11-12 12:13:40,679 [INFO] PluginManager:220 - loadIPPluginJar : add gpio
2025-11-12 12:13:40,686 [INFO] IPUIPlugin:80 - create IPUIPlugin
2025-11-12 12:13:40,686 [INFO] PluginManager:220 - loadIPPluginJar : add gtzc
2025-11-12 12:13:40,689 [INFO] IPUIPlugin:80 - create IPUIPlugin
2025-11-12 12:13:40,689 [INFO] PluginManager:220 - loadIPPluginJar : add hash
2025-11-12 12:13:40,692 [INFO] IPUIPlugin:80 - create IPUIPlugin
2025-11-12 12:13:40,692 [INFO] PluginManager:220 - loadIPPluginJar : add i2c
2025-11-12 12:13:40,695 [INFO] IPUIPlugin:80 - create IPUIPlugin
2025-11-12 12:13:40,695 [INFO] PluginManager:220 - loadIPPluginJar : add i2s
2025-11-12 12:13:40,699 [INFO] IPUIPlugin:80 - create IPUIPlugin
2025-11-12 12:13:40,699 [INFO] PluginManager:220 - loadIPPluginJar : add i3c
2025-11-12 12:13:40,703 [INFO] IPUIPlugin:80 - create IPUIPlugin
2025-11-12 12:13:40,703 [INFO] PluginManager:220 - loadIPPluginJar : add ipddr
2025-11-12 12:13:40,711 [INFO] IPUIPlugin:80 - create IPUIPlugin
2025-11-12 12:13:40,711 [INFO] PluginManager:220 - loadIPPluginJar : add linkedlist
2025-11-12 12:13:40,714 [INFO] IPUIPlugin:80 - create IPUIPlugin
2025-11-12 12:13:40,715 [INFO] PluginManager:220 - loadIPPluginJar : add lorawan
2025-11-12 12:13:40,718 [INFO] IPUIPlugin:80 - create IPUIPlugin
2025-11-12 12:13:40,718 [INFO] PluginManager:220 - loadIPPluginJar : add ltdc
2025-11-12 12:13:40,725 [INFO] IPUIPlugin:80 - create IPUIPlugin
2025-11-12 12:13:40,725 [INFO] PluginManager:220 - loadIPPluginJar : add mdma
2025-11-12 12:13:40,730 [INFO] IPUIPlugin:80 - create IPUIPlugin
2025-11-12 12:13:40,730 [INFO] PluginManager:220 - loadIPPluginJar : add nvic
2025-11-12 12:13:40,734 [INFO] IPUIPlugin:80 - create IPUIPlugin
2025-11-12 12:13:40,734 [INFO] PluginManager:220 - loadIPPluginJar : add opamp
2025-11-12 12:13:40,738 [INFO] IPUIPlugin:80 - create IPUIPlugin
2025-11-12 12:13:40,738 [INFO] PluginManager:220 - loadIPPluginJar : add openamp
2025-11-12 12:13:40,742 [INFO] IPUIPlugin:80 - create IPUIPlugin
2025-11-12 12:13:40,742 [INFO] PluginManager:220 - loadIPPluginJar : add pdm2pcm
2025-11-12 12:13:40,749 [INFO] IPUIPlugin:80 - create IPUIPlugin
2025-11-12 12:13:40,752 [INFO] PluginManager:220 - loadIPPluginJar : add plateformsettings
2025-11-12 12:13:40,754 [INFO] IPUIPlugin:80 - create IPUIPlugin
2025-11-12 12:13:40,754 [INFO] PluginManager:220 - loadIPPluginJar : add quadspi
2025-11-12 12:13:40,757 [INFO] IPUIPlugin:80 - create IPUIPlugin
2025-11-12 12:13:40,758 [INFO] PluginManager:220 - loadIPPluginJar : add radio
2025-11-12 12:13:40,764 [INFO] IPUIPlugin:80 - create IPUIPlugin
2025-11-12 12:13:40,764 [INFO] PluginManager:220 - loadIPPluginJar : add resmgrutility
2025-11-12 12:13:40,771 [INFO] IPUIPlugin:80 - create IPUIPlugin
2025-11-12 12:13:40,771 [INFO] PluginManager:220 - loadIPPluginJar : add sai
2025-11-12 12:13:40,774 [INFO] IPUIPlugin:80 - create IPUIPlugin
2025-11-12 12:13:40,774 [INFO] PluginManager:220 - loadIPPluginJar : add spi
2025-11-12 12:13:40,781 [INFO] IPUIPlugin:80 - create IPUIPlugin
2025-11-12 12:13:40,781 [INFO] PluginManager:220 - loadIPPluginJar : add stm32_wpan
2025-11-12 12:13:40,783 [INFO] IPUIPlugin:80 - create IPUIPlugin
2025-11-12 12:13:40,783 [INFO] PluginManager:220 - loadIPPluginJar : add tim
2025-11-12 12:13:40,787 [INFO] IPUIPlugin:80 - create IPUIPlugin
2025-11-12 12:13:40,787 [INFO] PluginManager:220 - loadIPPluginJar : add touchsensing
2025-11-12 12:13:40,790 [INFO] IPUIPlugin:80 - create IPUIPlugin
2025-11-12 12:13:40,790 [INFO] PluginManager:220 - loadIPPluginJar : add tracer_emb
2025-11-12 12:13:40,793 [INFO] IPUIPlugin:80 - create IPUIPlugin
2025-11-12 12:13:40,793 [INFO] PluginManager:220 - loadIPPluginJar : add ts
2025-11-12 12:13:40,795 [INFO] IPUIPlugin:80 - create IPUIPlugin
2025-11-12 12:13:40,795 [INFO] PluginManager:220 - loadIPPluginJar : add tsc
2025-11-12 12:13:40,797 [INFO] IPUIPlugin:80 - create IPUIPlugin
2025-11-12 12:13:40,798 [INFO] PluginManager:220 - loadIPPluginJar : add ucpd
2025-11-12 12:13:40,801 [INFO] IPUIPlugin:80 - create IPUIPlugin
2025-11-12 12:13:40,801 [INFO] PluginManager:220 - loadIPPluginJar : add usart
2025-11-12 12:13:40,807 [INFO] IPUIPlugin:80 - create IPUIPlugin
2025-11-12 12:13:40,807 [INFO] PluginManager:220 - loadIPPluginJar : add usbx
2025-11-12 12:13:40,944 [FATAL] Updater:351 - Updater called before beeing initialized
2025-11-12 12:13:40,971 [INFO] RulesReader:64 - Compatibility file has been processed (302 Rules)
2025-11-12 12:13:40,981 [INFO] RulesReader:64 - Compatibility file has been processed (302 Rules)
2025-11-12 12:13:40,990 [INFO] CADModel:165 - CPN selected for project level
2025-11-12 12:13:40,991 [INFO] CADModel:114 - Register for checkConnection events
2025-11-12 12:13:40,991 [FATAL] Updater:351 - Updater called before beeing initialized
2025-11-12 12:13:40,991 [ERROR] CADModel:125 - Updater not yet initialized, retry later 
2025-11-12 12:13:41,171 [FATAL] Updater:351 - Updater called before beeing initialized
2025-11-12 12:13:41,174 [INFO] CADModel:165 - CPN selected for project level
2025-11-12 12:13:41,174 [INFO] CADModel:114 - Register for checkConnection events
2025-11-12 12:13:41,175 [FATAL] Updater:351 - Updater called before beeing initialized
2025-11-12 12:13:41,175 [ERROR] CADModel:125 - Updater not yet initialized, retry later 
2025-11-12 12:13:41,181 [FATAL] Updater:351 - Updater called before beeing initialized
2025-11-12 12:13:41,309 [FATAL] Updater:351 - Updater called before beeing initialized
2025-11-12 12:13:41,313 [INFO] DbMcusAds:53 - JSON generation date=Mon Nov 10 16:13:00 IST 2025 (1762771380746)
2025-11-12 12:13:41,313 [FATAL] Updater:351 - Updater called before beeing initialized
2025-11-12 12:13:41,357 [WARN] DetailPanel:346 - Failed to get advertising image, set to default
2025-11-12 12:13:41,571 [FATAL] Updater:351 - Updater called before beeing initialized
2025-11-12 12:13:41,574 [FATAL] Updater:351 - Updater called before beeing initialized
2025-11-12 12:13:41,574 [FATAL] Updater:351 - Updater called before beeing initialized
2025-11-12 12:13:41,574 [WARN] DetailPanel:346 - Failed to get advertising image, set to default
2025-11-12 12:13:41,575 [FATAL] Updater:351 - Updater called before beeing initialized
2025-11-12 12:13:41,626 [ERROR] Updater:1198 - MainUpdater not yet initialized. External WinMGr cannot be set.
2025-11-12 12:13:41,628 [INFO] Updater:1134 - Updater Version found : 6.14.1
2025-11-12 12:13:41,651 [INFO] ApplicationProperties:184 - Using Application install path: C:\ST\STM32CubeIDE_1.18.1\STM32CubeIDE\plugins\com.st.stm32cube.common.mx_6.14.1.202504091515
2025-11-12 12:13:42,092 [INFO] MainUpdater:2872 - connection check result : 10
2025-11-12 12:13:42,092 [INFO] MainUpdater:289 - Updater Check For Update Now.
2025-11-12 12:13:42,092 [INFO] MicroXplorer:498 - Change Database Version : DB.6.0.141
2025-11-12 12:13:42,100 [INFO] McuFinderGlobals:63 - Set McuFinder mode to 2 (CubeIDE integrated)
2025-11-12 12:13:42,101 [INFO] UserAuth:484 - Internet connection configuration mode: 1
2025-11-12 12:13:42,130 [INFO] JxBrowserEngine:152 - Initiate JxBrowser Engine with user profile folder
2025-11-12 12:13:42,275 [INFO] CheckServerUpdateThread:120 - End of CheckServer Thread
2025-11-12 12:13:43,355 [INFO] WebApp:169 - Instantiating new browser for Auth
2025-11-12 12:13:43,470 [WARN] PackLoader:240 - Cannot read IP mode file for STMicroelectronics.FP-SNS-MOTENVWB1.1.4.0
2025-11-12 12:13:43,494 [WARN] PackLoader:240 - Cannot read IP mode file for STMicroelectronics.FP-ATR-ASTRA1.2.0.2
2025-11-12 12:13:43,508 [WARN] PackLoader:240 - Cannot read IP mode file for STMicroelectronics.X-CUBE-SMBUS.2.1.0
2025-11-12 12:13:43,555 [WARN] PackLoader:240 - Cannot read IP mode file for STMicroelectronics.X-CUBE-AZRTOS-F7.1.1.0
2025-11-12 12:13:43,563 [WARN] PackLoader:240 - Cannot read IP mode file for Cesanta.I-CUBE-Mongoose.7.19.0
2025-11-12 12:13:43,568 [ERROR] Engine:466 - C:\Users\siree\.stm32cubemx\thirdparties\pdsc\STMicroelectronics.FP-SNS-MOTENV1.5.1.0.pdsc: PDSC version is not supported
2025-11-12 12:13:43,573 [ERROR] Engine:466 - C:\Users\siree\.stm32cubemx\thirdparties\pdsc\WES.I-CUBE-Cesium.1.4.0.pdsc: PDSC version is not supported
2025-11-12 12:13:43,596 [WARN] PackLoader:240 - Cannot read IP mode file for Infineon.AIROC-Wi-Fi-Bluetooth-STM32.1.7.1
2025-11-12 12:13:43,624 [WARN] PackLoader:240 - Cannot read IP mode file for STMicroelectronics.X-CUBE-AZRTOS-H7.3.4.0
2025-11-12 12:13:43,636 [WARN] PackLoader:240 - Cannot read IP mode file for STMicroelectronics.X-CUBE-DISPLAY.3.0.0
2025-11-12 12:13:43,652 [WARN] PackLoader:240 - Cannot read IP mode file for STMicroelectronics.X-CUBE-NFC10.1.0.0
2025-11-12 12:13:43,659 [WARN] PackLoader:240 - Cannot read IP mode file for STMicroelectronics.X-CUBE-ST60.1.1.0
2025-11-12 12:13:43,667 [WARN] PackLoader:240 - Cannot read IP mode file for emotas.I-CUBE-CANOPEN.1.3.0
2025-11-12 12:13:43,674 [WARN] PackLoader:240 - Cannot read IP mode file for STMicroelectronics.X-CUBE-GNSS1.7.1.0
2025-11-12 12:13:43,679 [ERROR] Engine:466 - C:\Users\siree\.stm32cubemx\thirdparties\pdsc\STMicroelectronics.FP-SNS-STBOX1.2.1.0.pdsc: PDSC version is not supported
2025-11-12 12:13:43,685 [WARN] PackLoader:240 - Cannot read IP mode file for STMicroelectronics.FP-SNS-SMARTAG2.1.2.0
2025-11-12 12:13:43,690 [WARN] PackLoader:240 - Cannot read IP mode file for STMicroelectronics.FP-SNS-FLIGHT1.5.1.0
2025-11-12 12:13:43,699 [INFO] LogOutputStream:77 - [STDOUT_REDIRECT] 1 : Invalid condition id : UX_CORESTACK_Condition cause : null
2025-11-12 12:13:43,701 [INFO] LogOutputStream:77 - [STDOUT_REDIRECT] 1 : Invalid condition id : UX_CORESTACK_Condition cause : null
2025-11-12 12:13:43,702 [INFO] LogOutputStream:77 - [STDOUT_REDIRECT] 1 : Invalid condition id : UX_CORESTACK_Condition cause : null
2025-11-12 12:13:43,707 [INFO] LogOutputStream:77 - [STDOUT_REDIRECT] 1 : Invalid condition id : UX_CORESTACK_Condition cause : null
2025-11-12 12:13:43,710 [INFO] LogOutputStream:77 - [STDOUT_REDIRECT] 1 : Invalid condition id : UX_CORESTACK_Condition cause : null
2025-11-12 12:13:43,714 [WARN] PackLoader:240 - Cannot read IP mode file for STMicroelectronics.X-CUBE-AZRTOS-WL.2.0.0
2025-11-12 12:13:43,721 [WARN] PackLoader:240 - Cannot read IP mode file for STMicroelectronics.X-CUBE-BLE2.3.3.0
2025-11-12 12:13:43,745 [WARN] PackLoader:240 - Cannot read IP mode file for STMicroelectronics.X-CUBE-NFC9.1.0.0
2025-11-12 12:13:43,753 [WARN] PackLoader:240 - Cannot read IP mode file for wolfSSL.I-CUBE-wolfSSL.5.8.2
2025-11-12 12:13:43,758 [WARN] PackLoader:240 - Cannot read IP mode file for STMicroelectronics.X-CUBE-BLE1.7.1.0
2025-11-12 12:13:43,769 [WARN] PackLoader:240 - Cannot read IP mode file for wolfSSL.I-CUBE-wolfMQTT.1.19.2
2025-11-12 12:13:43,776 [WARN] PackLoader:240 - Cannot read IP mode file for STMicroelectronics.X-CUBE-EEPRMA1.5.2.0
2025-11-12 12:13:43,781 [ERROR] Engine:466 - C:\Users\siree\.stm32cubemx\thirdparties\pdsc\STMicroelectronics.X-CUBE-ST67W61.1.1.0.pdsc: PDSC version is not supported
2025-11-12 12:13:43,797 [WARN] PackLoader:240 - Cannot read IP mode file for STMicroelectronics.X-CUBE-AZRTOS-G0.1.1.0
2025-11-12 12:13:43,805 [WARN] PackLoader:240 - Cannot read IP mode file for STMicroelectronics.X-CUBE-SAFEA1.1.2.2
2025-11-12 12:13:43,812 [WARN] PackLoader:240 - Cannot read IP mode file for STMicroelectronics.X-CUBE-NFC4.3.0.0
2025-11-12 12:13:43,820 [WARN] PackLoader:240 - Cannot read IP mode file for EmbeddedOffice.I-CUBE-FS-RTOS.1.0.1
2025-11-12 12:13:43,826 [WARN] PackLoader:240 - Cannot read IP mode file for STMicroelectronics.X-CUBE-WB05N.2.0.0
2025-11-12 12:13:43,831 [WARN] PackLoader:240 - Cannot read IP mode file for wolfSSL.I-CUBE-wolfTPM.3.8.0
2025-11-12 12:13:43,837 [WARN] PackLoader:240 - Cannot read IP mode file for STMicroelectronics.X-CUBE-TCPP.4.2.0
2025-11-12 12:13:43,844 [WARN] PackLoader:240 - Cannot read IP mode file for RealThread.X-CUBE-RT-Thread_Nano.4.1.1
2025-11-12 12:13:43,848 [WARN] PackLoader:240 - Cannot read IP mode file for STMicroelectronics.FP-ATR-SIGFOX1.3.2.0
2025-11-12 12:13:43,853 [WARN] PackLoader:240 - Cannot read IP mode file for ITTIA_DB.I-CUBE-ITTIADB.8.9.0
2025-11-12 12:13:43,858 [WARN] PackLoader:240 - Cannot read IP mode file for STMicroelectronics.X-CUBE-AI.10.2.0
2025-11-12 12:13:43,879 [WARN] PackLoader:240 - Cannot read IP mode file for SEGGER.I-CUBE-embOS.1.3.1
2025-11-12 12:13:43,908 [WARN] PackLoader:240 - Cannot read IP mode file for STMicroelectronics.X-CUBE-ALGOBUILD.1.4.0
2025-11-12 12:13:43,948 [WARN] PackLoader:240 - Cannot read IP mode file for STMicroelectronics.X-CUBE-MEMS1.11.3.0
2025-11-12 12:13:44,063 [WARN] PackLoader:240 - Cannot read IP mode file for STMicroelectronics.X-CUBE-PM33A1.1.0.0
2025-11-12 12:13:44,077 [WARN] PackLoader:240 - Cannot read IP mode file for STMicroelectronics.X-CUBE-AZRTOS-F4.1.1.0
2025-11-12 12:13:44,093 [WARN] PackLoader:240 - Cannot read IP mode file for STMicroelectronics.X-CUBE-ISPU.2.1.0
2025-11-12 12:13:44,100 [ERROR] Engine:466 - C:\Users\siree\.stm32cubemx\thirdparties\pdsc\STMicroelectronics.X-CUBE-IPS.3.2.0.pdsc: PDSC version is not supported
2025-11-12 12:13:44,106 [WARN] PackLoader:240 - Cannot read IP mode file for STMicroelectronics.X-CUBE-NFC12.1.0.0
2025-11-12 12:13:44,126 [WARN] PackLoader:240 - Cannot read IP mode file for STMicroelectronics.X-CUBE-AZRTOS-L5.2.0.0
2025-11-12 12:13:44,136 [WARN] PackLoader:240 - Cannot read IP mode file for STMicroelectronics.X-CUBE-NFC6.3.1.0
2025-11-12 12:13:44,145 [WARN] PackLoader:240 - Cannot read IP mode file for STMicroelectronics.X-CUBE-FREERTOS.1.3.1
2025-11-12 12:13:44,151 [WARN] PackLoader:240 - Cannot read IP mode file for STMicroelectronics.X-CUBE-TOUCHGFX.4.26.0
2025-11-12 12:13:44,157 [WARN] PackLoader:240 - Cannot read IP mode file for STMicroelectronics.FP-SNS-STAIOTCFT.1.0.0
2025-11-12 12:13:44,164 [WARN] PackLoader:240 - Cannot read IP mode file for STMicroelectronics.X-CUBE-DPower.1.3.0
2025-11-12 12:13:44,183 [WARN] ConditionMgr:438 - getConditionDescription Invalid condition id : LAN8742 Phy interface Condition cause : null
2025-11-12 12:13:44,184 [WARN] PackLoader:240 - Cannot read IP mode file for STMicroelectronics.X-CUBE-AZRTOS-L4.2.0.0
2025-11-12 12:13:44,185 [WARN] ConditionMgr:1044 - genDependencies : Invalid condition id : LAN8742 Phy interface Condition cause : null
2025-11-12 12:13:44,185 [WARN] ConditionMgr:1044 - genDependencies : Invalid condition id : LAN8742 Phy interface Condition cause : null
2025-11-12 12:13:44,186 [WARN] ConditionMgr:1044 - genDependencies : Invalid condition id : LAN8742 Phy interface Condition cause : null
2025-11-12 12:13:44,214 [WARN] PackLoader:240 - Cannot read IP mode file for STMicroelectronics.X-CUBE-SFXS2LP1.4.0.0
2025-11-12 12:13:44,231 [WARN] PackLoader:240 - Cannot read IP mode file for STMicroelectronics.X-CUBE-BLEMGR.4.1.0
2025-11-12 12:13:44,248 [WARN] ConditionMgr:438 - getConditionDescription Invalid condition id : UX DEVICE CLASS RTOS Condition cause : null
2025-11-12 12:13:44,249 [WARN] ConditionMgr:438 - getConditionDescription Invalid condition id : UX DEVICE CLASS RTOS Condition cause : null
2025-11-12 12:13:44,251 [WARN] PackLoader:240 - Cannot read IP mode file for STMicroelectronics.X-CUBE-AZRTOS-WB.2.0.0
2025-11-12 12:13:44,252 [WARN] ConditionMgr:1044 - genDependencies : Invalid condition id : UX DEVICE CLASS RTOS Condition cause : null
2025-11-12 12:13:44,252 [WARN] ConditionMgr:1044 - genDependencies : Invalid condition id : UX DEVICE CLASS RTOS Condition cause : null
2025-11-12 12:13:44,253 [WARN] ConditionMgr:1044 - genDependencies : Invalid condition id : UX DEVICE CLASS RTOS Condition cause : null
2025-11-12 12:13:44,253 [WARN] ConditionMgr:1044 - genDependencies : Invalid condition id : UX DEVICE CLASS RTOS Condition cause : null
2025-11-12 12:13:44,253 [WARN] ConditionMgr:1044 - genDependencies : Invalid condition id : UX DEVICE CLASS RTOS Condition cause : null
2025-11-12 12:13:44,259 [WARN] PackLoader:240 - Cannot read IP mode file for STMicroelectronics.X-CUBE-GNSS1.7.0.1
2025-11-12 12:13:44,265 [WARN] ConditionMgr:438 - getConditionDescription Invalid condition id : Cortex-A Device cause : null
2025-11-12 12:13:44,274 [WARN] ConditionMgr:1044 - genDependencies : Invalid condition id : Cortex-A Device cause : null
2025-11-12 12:13:44,274 [WARN] ConditionMgr:1044 - genDependencies : Invalid condition id : Cortex-A Device cause : null
2025-11-12 12:13:44,274 [WARN] ConditionMgr:1044 - genDependencies : Invalid condition id : Cortex-A Device cause : null
2025-11-12 12:13:44,283 [WARN] PackLoader:240 - Cannot read IP mode file for STMicroelectronics.X-CUBE-SUBG2.5.0.0
2025-11-12 12:13:44,305 [WARN] PackLoader:240 - Cannot read IP mode file for STMicroelectronics.X-CUBE-AZRTOS-H7RS.1.1.0
2025-11-12 12:13:44,320 [WARN] PackLoader:240 - Cannot read IP mode file for STMicroelectronics.X-CUBE-AZRTOS-G4.2.0.0
2025-11-12 12:13:44,326 [WARN] PackLoader:240 - Cannot read IP mode file for wolfSSL.I-CUBE-wolfSSH.1.4.20
2025-11-12 12:13:44,331 [WARN] PackLoader:240 - Cannot read IP mode file for STMicroelectronics.X-CUBE-NFC7.2.0.0
2025-11-12 12:13:44,335 [WARN] PackLoader:240 - Cannot read IP mode file for STMicroelectronics.X-CUBE-ALS.1.0.2
2025-11-12 12:13:44,343 [WARN] PackLoader:240 - Cannot read IP mode file for STMicroelectronics.X-CUBE-STSE01.1.0.0
2025-11-12 12:13:44,360 [WARN] PackLoader:240 - Cannot read IP mode file for STMicroelectronics.X-CUBE-TOF1.3.4.3
2025-11-12 12:13:44,370 [INFO] ThirdParty:978 - Integrity check success = true
2025-11-12 12:13:44,370 [INFO] IntegrityCheckThread:100 - exiting critical section [integrity check]
2025-11-12 12:13:44,370 [INFO] IntegrityCheckThread:103 - End integrity checks thread
2025-11-12 12:13:44,589 [INFO] WebApp:463 - Apply proxy settings
2025-11-12 12:13:44,590 [INFO] WebApp:548 - Chromium requires no authentication
2025-11-12 12:13:44,601 [INFO] WebApp:491 - Direct internet connection detected
2025-11-12 12:13:44,628 [INFO] WebApp:894 - Register for checkConnection events
2025-11-12 12:13:44,628 [INFO] WebApp:463 - Apply proxy settings
2025-11-12 12:13:44,628 [INFO] WebApp:548 - Chromium requires no authentication
2025-11-12 12:13:44,628 [INFO] WebApp:491 - Direct internet connection detected
2025-11-12 12:13:44,804 [INFO] WebApp:225 - Starting web application
2025-11-12 12:13:44,804 [INFO] WebApp:593 - Web application path used C:\ST\STM32CubeIDE_1.18.1\STM32CubeIDE\plugins\com.st.stm32cube.common.mx_6.14.1.202504091515\db\plugins\mcufinder\reactClient1\index.html
2025-11-12 12:13:44,889 [INFO] UserAuth:484 - Internet connection configuration mode: 1
2025-11-12 12:13:45,203 [INFO] WebApp:191 - Connection restablished
2025-11-12 12:21:22,250 [INFO] McuFinderGlobals:63 - Set McuFinder mode to 2 (CubeIDE integrated)
2025-11-12 12:21:22,262 [INFO] MainUpdater:2872 - connection check result : 10
2025-11-12 12:21:22,263 [INFO] MainUpdater:2872 - connection check result : 10
2025-11-12 12:21:22,316 [INFO] MicroXplorer:468 - Change Database Path : 
2025-11-12 12:21:22,316 [INFO] MicroXplorer:498 - Change Database Version : DB.6.0.141
2025-11-12 12:21:22,326 [WARN] ThirdParty:871 - waiting for thirdparty lock release [close project]
2025-11-12 12:21:22,326 [INFO] ThirdParty:873 - entering critical section [close project]
2025-11-12 12:21:22,328 [INFO] ThirdParty:883 - exiting critical section [close project]
2025-11-12 12:21:22,331 [INFO] PinOutPanel:1589 - setPackage(No Configuration,No Configuration)
2025-11-12 12:21:22,337 [INFO] UtilMem:75 - Begin LoadConfig() Used Memory: 607251808 Bytes (1073741824)
2025-11-12 12:21:22,340 [INFO] MicroXplorer:468 - Change Database Path : 
2025-11-12 12:21:22,340 [INFO] MicroXplorer:498 - Change Database Version : DB.6.0.141
2025-11-12 12:21:22,340 [INFO] OpenFileManager:354 - Change cursor
2025-11-12 12:21:22,407 [INFO] Mcu:2011 - Initializing MCU STM32L476R(C-E-G)Tx STM32L476RGTx STM32L476RGT3
2025-11-12 12:21:24,708 [INFO] Context:756 - Trying to add GPIOservice into a context  which must be forbidden
2025-11-12 12:21:25,369 [INFO] ImportTextPane:218 - (OptionalMessage_ERROR) Pin15 (VP_RIF_VS_RIF1) cannot be retrieved for this MCU
2025-11-12 12:21:25,489 [INFO] RtosManager:558 - Registered RTOS mode: class=CMSIS, group=RTOS, mode=CMSIS_V1, owner=FREERTOS
2025-11-12 12:21:25,489 [INFO] RtosManager:558 - Registered RTOS mode: class=CMSIS, group=RTOS2, mode=CMSIS_V2, owner=FREERTOS
2025-11-12 12:21:25,489 [INFO] RtosManager:558 - Registered RTOS mode: class=RTOS, group=Core, mode=CMSIS_V1, owner=FREERTOS
2025-11-12 12:21:25,489 [INFO] RtosManager:558 - Registered RTOS mode: class=RTOS, group=Core, mode=CMSIS_V2, owner=FREERTOS
2025-11-12 12:21:25,489 [WARN] ModelIntegratedComponent:184 - Missing modes for component STMicroelectronics:FreeRTOS:0.0.1:STMicroelectronics:RTOS:FreeRTOS:Core:::10.2.0:
2025-11-12 12:21:25,511 [WARN] ModelIntegratedComponent:63 - No mode defined for component null
2025-11-12 12:21:25,511 [WARN] ModelIntegratedComponent:63 - No mode defined for component null
2025-11-12 12:21:25,511 [WARN] ModelIntegratedComponent:63 - No mode defined for component null
2025-11-12 12:21:25,511 [WARN] ModelIntegratedComponent:63 - No mode defined for component null
2025-11-12 12:21:25,511 [WARN] ModelIntegratedComponent:63 - No mode defined for component null
2025-11-12 12:21:25,511 [WARN] ModelIntegratedComponent:63 - No mode defined for component null
2025-11-12 12:21:25,511 [WARN] ModelIntegratedComponent:63 - No mode defined for component null
2025-11-12 12:21:25,511 [WARN] ModelIntegratedComponent:63 - No mode defined for component null
2025-11-12 12:21:25,511 [WARN] ModelIntegratedComponent:63 - No mode defined for component null
2025-11-12 12:21:25,512 [WARN] ModelIntegratedComponent:63 - No mode defined for component null
2025-11-12 12:21:25,512 [WARN] ModelIntegratedComponent:63 - No mode defined for component null
2025-11-12 12:21:25,512 [WARN] ModelIntegratedComponent:63 - No mode defined for component null
2025-11-12 12:21:25,512 [WARN] ModelIntegratedComponent:63 - No mode defined for component null
2025-11-12 12:21:25,512 [WARN] ModelIntegratedComponent:63 - No mode defined for component null
2025-11-12 12:21:25,512 [WARN] ModelIntegratedComponent:63 - No mode defined for component null
2025-11-12 12:21:25,512 [WARN] ModelIntegratedComponent:63 - No mode defined for component null
2025-11-12 12:21:25,512 [WARN] ModelIntegratedComponent:63 - No mode defined for component null
2025-11-12 12:21:25,512 [WARN] ModelIntegratedComponent:63 - No mode defined for component null
2025-11-12 12:21:25,512 [WARN] ModelIntegratedComponent:63 - No mode defined for component null
2025-11-12 12:21:25,512 [WARN] ModelIntegratedComponent:63 - No mode defined for component null
2025-11-12 12:21:25,512 [WARN] ModelIntegratedComponent:63 - No mode defined for component null
2025-11-12 12:21:25,512 [WARN] ModelIntegratedComponent:63 - No mode defined for component null
2025-11-12 12:21:25,513 [WARN] ModelIntegratedComponent:63 - No mode defined for component null
2025-11-12 12:21:25,513 [WARN] ModelIntegratedComponent:63 - No mode defined for component null
2025-11-12 12:21:25,513 [WARN] ModelIntegratedComponent:63 - No mode defined for component null
2025-11-12 12:21:25,513 [WARN] ModelIntegratedComponent:63 - No mode defined for component null
2025-11-12 12:21:25,513 [WARN] ModelIntegratedComponent:63 - No mode defined for component null
2025-11-12 12:21:25,513 [WARN] ModelIntegratedComponent:63 - No mode defined for component null
2025-11-12 12:21:25,513 [WARN] ModelIntegratedComponent:63 - No mode defined for component null
2025-11-12 12:21:25,513 [WARN] ModelIntegratedComponent:63 - No mode defined for component null
2025-11-12 12:21:25,513 [WARN] ModelIntegratedComponent:63 - No mode defined for component null
2025-11-12 12:21:25,513 [WARN] ModelIntegratedComponent:63 - No mode defined for component null
2025-11-12 12:21:25,513 [WARN] ModelIntegratedComponent:63 - No mode defined for component null
2025-11-12 12:21:25,513 [WARN] ModelIntegratedComponent:63 - No mode defined for component null
2025-11-12 12:21:25,513 [WARN] ModelIntegratedComponent:63 - No mode defined for component null
2025-11-12 12:21:25,514 [WARN] ModelPack:524 - Component already loaded: STMicroelectronics:HAL Drivers:0.0.0:STMicroelectronics:Device:STMicro_Driver:XSPI:HAL::0.0.1:HAL_XSPI
2025-11-12 12:21:25,605 [INFO] ThirdPartyModel:298 - Start build external matchings
2025-11-12 12:21:25,801 [INFO] ThirdPartyModel:316 - End build external matchings
2025-11-12 12:21:25,816 [INFO] ImportTextPane:218 - (OptionalMessage_ERROR) IP (RCC) : Invalid parameter (FamilyName)
2025-11-12 12:21:25,819 [INFO] ImportTextPane:218 - (OptionalMessage_ERROR) IP (RCC) : Parameter (RNGFreq_Value) has invalid value (64000000)
2025-11-12 12:21:25,819 [INFO] ImportTextPane:218 - (OptionalMessage_ERROR) IP (RCC) : Parameter (SDMMCFreq_Value) has invalid value (64000000)
2025-11-12 12:21:25,819 [INFO] ImportTextPane:218 - (OptionalMessage_ERROR) IP (RCC) : Parameter (USBFreq_Value) has invalid value (64000000)
2025-11-12 12:21:26,614 [INFO] ApiDb:581 - Connected to CubeFinder SQLite database (C:\Users\siree\.stmcufinder\plugins\mcufinder\mcu\cube-finder-db.db)
2025-11-12 12:21:26,710 [INFO] ApiDb:668 - CubeFinder database Data Model version=2.1
2025-11-12 12:21:26,710 [INFO] ApiDb:669 - CubeFinder database Configuration version=3.0.39
2025-11-12 12:21:26,710 [INFO] ApiDb:670 - CubeFinder database generation date=2025-10-27 (1761571959)
2025-11-12 12:21:26,711 [INFO] ApiDb:671 - CubeFinder database FW Pack versions=[FP-ATR-ASTRA1_V2.0.0, FP-SNS-FLIGHT1_V5.1.0, FP-SNS-MOTENV1_V5.0.0, FP-SNS-MOTENVWB1_V1.4.0, FP-SNS-SMARTAG2_V1.2.0, FP-SNS-STBOX1_V2.1.0, STM32Cube_FW_C0_V1.4.0, STM32Cube_FW_F4_V1.28.3, STM32Cube_FW_F7_V1.17.4, STM32Cube_FW_G0_V1.6.2, STM32Cube_FW_G4_V1.6.1, STM32Cube_FW_H5_V1.5.0, STM32Cube_FW_H7RS_V1.2.0, STM32Cube_FW_H7_V1.12.1, STM32Cube_FW_L0_V1.12.2, STM32Cube_FW_L4_V1.18.1, STM32Cube_FW_L5_V1.5.1, STM32Cube_FW_N6_V1.2.0, STM32Cube_FW_U0_V1.3.0, STM32Cube_FW_U3_V1.2.1, STM32Cube_FW_U5_V1.8.0, STM32Cube_FW_WB0_V1.3.0, STM32Cube_FW_WBA_V1.7.0, STM32Cube_FW_WB_V1.23.0, STM32Cube_FW_WL3_V1.2.0, STM32Cube_FW_WL_V1.3.1, X-CUBE-ALGOBUILD_V1.4.0, X-CUBE-ALS_V1.0.2, X-CUBE-AZRTOS-F4_V1.1.0, X-CUBE-AZRTOS-F7_V1.1.0, X-CUBE-AZRTOS-G0_V1.1.0, X-CUBE-AZRTOS-G4_V2.0.0, X-CUBE-AZRTOS-H7RS_V1.1.0, X-CUBE-AZRTOS-H7_V3.4.0, X-CUBE-AZRTOS-L4_V2.0.0, X-CUBE-AZRTOS-L5_V2.0.0, X-CUBE-AZRTOS-WB_V2.0.0, X-CUBE-AZRTOS-WL_V2.0.0, X-CUBE-BLE1_V7.1.0, X-CUBE-BLE2_V3.3.0, X-CUBE-BLEMGR_V4.1.0, X-CUBE-EEPRMA1_V5.2.0, X-CUBE-FREERTOS_V1.3.1, X-CUBE-GNSS1_V6.0.0, X-CUBE-MEMS1_V11.3.0, X-CUBE-NFC4_V3.0.0, X-CUBE-NFC7_V2.0.0, X-CUBE-SFXS2LP1_V4.0.0, X-CUBE-ST67W61_V1.1.0, X-CUBE-SUBG2_V5.0.0, X-CUBE-TOF1_V3.4.3]
2025-11-12 12:21:26,874 [INFO] DbBoardsSqlite:226 - include board P-NUCLEO-WB55-NUCLEO as a kit item of type 'Nucleo-64'
2025-11-12 12:21:26,874 [INFO] DbBoardsSqlite:226 - include board P-NUCLEO-WB55-USBDONGLE as a kit item of type 'Nucleo USB Dongle'
2025-11-12 12:21:26,876 [INFO] DbBoardsSqlite:226 - include board STEVAL-IDP005V1 as a kit item of type 'Evaluation Board'
2025-11-12 12:21:26,878 [INFO] DbBoardsSqlite:226 - include board STEVAL-IDP005V2 as a kit item of type 'Evaluation Board'
2025-11-12 12:21:27,546 [INFO] ApiDb:240 - Found 895 in-development CPN: [B-G473E-ZEST1S, B-WB1M-WPAN1, B-WBA5M-WPAN, B-WL5M-SUBG1, NUCLEO-C031C6, NUCLEO-C051C8, NUCLEO-C071RB, NUCLEO-C092RC, NUCLEO-H503RB, NUCLEO-H533RE, NUCLEO-H563ZI, NUCLEO-H7S3L8, NUCLEO-N657X0-Q, NUCLEO-U031R8, NUCLEO-U083RC, NUCLEO-U385RG-Q, NUCLEO-U545RE-Q, NUCLEO-U5A5ZJ-Q, NUCLEO-WB05KZ, NUCLEO-WB07CC, NUCLEO-WB09KE, NUCLEO-WBA52CG, NUCLEO-WBA55CG, NUCLEO-WBA65RI, NUCLEO-WL33CC1, NUCLEO-WL33CC2, STEVAL-PROTEUS1, STEVAL-SMARTAG2, STEVAL-STWINBX1, STM320518-EVAL, STM32C0116-DK, STM32C011D6Y3TR, STM32C011D6Y6TR, STM32C011F4P3, STM32C011F4P6, STM32C011F4U3, STM32C011F4U6TR, STM32C011F6P3, STM32C011F6P6, STM32C011F6U3, STM32C011F6U6TR, STM32C011J4M3, STM32C011J4M6, STM32C011J6M3, STM32C011J6M6, STM32C0316-DK, STM32C031C4T3, STM32C031C4T6, STM32C031C4U3, STM32C031C4U6, STM32C031C6T3, STM32C031C6T6, STM32C031C6U3, STM32C031C6U6, STM32C031F4P3, STM32C031F4P6, STM32C031F6P3, STM32C031F6P6, STM32C031G4U3, STM32C031G4U6, STM32C031G6U3, STM32C031G6U6, STM32C031K4T3, STM32C031K4T6, STM32C031K4U3, STM32C031K4U6, STM32C031K6T3, STM32C031K6T6, STM32C031K6U3, STM32C031K6U6, STM32C051C6T6, STM32C051C6U6, STM32C051C8T6, STM32C051C8U6, STM32C051D8Y6TR, STM32C051F6P6, STM32C051F8P6, STM32C051G6U6, STM32C051G8U6, STM32C051K6T6, STM32C051K6U6, STM32C051K8T6, STM32C071C8T6, STM32C071C8T6N, STM32C071C8U6, STM32C071C8U6N, STM32C071CBT6, STM32C071CBT6N, STM32C071CBU6, STM32C071CBU6N, STM32C071F8P6, STM32C071F8P6N, STM32C071FBP6, STM32C071FBP6N, STM32C071FBY6TR, STM32C071G8U6, STM32C071G8U6N, STM32C071GBU6, STM32C071GBU6N, STM32C071K8T6, STM32C071K8T6N, STM32C071K8U6, STM32C071K8U6N, STM32C071KBT6, STM32C071KBT6N, STM32C071KBU6, STM32C071KBU6N, STM32C071R8T6, STM32C071R8T6N, STM32C071RBI6N, STM32C071RBT6, STM32C071RBT6N, STM32C091CBT6, STM32C091CBU6, STM32C091CCT6, STM32C091CCU6, STM32C091ECY6TR, STM32C091FBP6, STM32C091FCP6, STM32C091GBU6, STM32C091GCU6, STM32C091KBT6, STM32C091KBU6, STM32C091KCT6, STM32C091KCU6, STM32C091RBT6, STM32C091RCI6, STM32C091RCT6, STM32C092CBT6, STM32C092CBU6, STM32C092CCT6, STM32C092CCU6, STM32C092ECY6TR, STM32C092FBP6, STM32C092FCP6, STM32C092GBU6, STM32C092GCU6, STM32C092KBT6, STM32C092KBU6, STM32C092KCT6, STM32C092KCU6, STM32C092RBT6, STM32C092RCI6, STM32C092RCT6, STM32G071K8TXN, STM32G071K8UXN, STM32G081GBU6N, STM32G081KBT6N, STM32G081KBUXN, STM32G0B1CCT6N, STM32G0B1KCT6, STM32G0B1NEY6TR, STM32G0B1RCT6N, STM32G0C1CCT6, STM32G0C1CCT6N, STM32G0C1CCU6N, STM32G0C1CET6N, STM32G0C1CEU6N, STM32G0C1KCT6, STM32G0C1NEY6TR, STM32G0C1RCI6N, STM32G0C1RCT6N, STM32G0C1REI6N, STM32G0C1RET6N, STM32G0C1VCI6, STM32G0C1VEI6, STM32G411C6T3, STM32G411C6T6, STM32G411C6U3, STM32G411C6U6, STM32G411C8T3, STM32G411C8T6, STM32G411C8U3, STM32G411C8U6, STM32G411CBT3, STM32G411CBT6, STM32G411CBU3, STM32G411CBU6, STM32G411CCT3, STM32G411CCT6, STM32G411CCU3, STM32G411CCU6, STM32G411K6T3, STM32G411K6T6, STM32G411K6U3, STM32G411K6U6, STM32G411K8T3, STM32G411K8T6, STM32G411K8U3, STM32G411K8U6, STM32G411KBT3, STM32G411KBT6, STM32G411KBU3, STM32G411KBU6, STM32G411M6T3, STM32G411M6T6, STM32G411M8T3, STM32G411M8T6, STM32G411MBT3, STM32G411MBT6, STM32G411MCT3, STM32G411MCT6, STM32G411R6T3, STM32G411R6T6, STM32G411R8T3, STM32G411R8T6, STM32G411RBT3, STM32G411RBT6, STM32G411RCT3, STM32G411RCT6, STM32G414CBT3, STM32G414CBT6, STM32G414CBU3, STM32G414CBU6, STM32G414CCT3, STM32G414CCT6, STM32G414CCU3, STM32G414CCU6, STM32G414MBT3, STM32G414MBT6, STM32G414MCT3, STM32G414MCT6, STM32G414RBT3, STM32G414RBT6, STM32G414RCT3, STM32G414RCT6, STM32G414VBT3, STM32G414VBT6, STM32G414VCT3, STM32G414VCT6, STM32G431CBT3Z, STM32G431RBT3Z, STM32G471CCT6, STM32G471CCU6, STM32G471CET3, STM32G471CET6, STM32G471CEU3, STM32G471CEU6, STM32G471MCT6, STM32G471MET3, STM32G471MET6, STM32G471MEY6TR, STM32G471QCT6, STM32G471QET3, STM32G471RCT6, STM32G471RET3, STM32G471RET6, STM32G471VCH6, STM32G471VCI6, STM32G471VCT6, STM32G471VEH3, STM32G471VEH6, STM32G471VEI3, STM32G471VEI6, STM32G471VET3, STM32G471VET6, STM32G473QET3Z, STM32G473RET3Z, STM32G474CCT6, STM32G491RET3Z, STM32H503CBT6, STM32H503CBU6, STM32H503EBY6TR, STM32H503KBU6, STM32H503RBT6, STM32H523CCT6, STM32H523CCU6, STM32H523CET6, STM32H523CEU6, STM32H523HEY6TR, STM32H523RCT6, STM32H523RET6, STM32H523VCI6, STM32H523VCT6, STM32H523VEI6, STM32H523VET6, STM32H523ZCJ6, STM32H523ZCT6, STM32H523ZEJ6, STM32H523ZET6, STM32H533CET6, STM32H533CEU6, STM32H533HEY6TR, STM32H533RET6, STM32H533VEI6, STM32H533VET6, STM32H533ZEJ6, STM32H533ZET6, STM32H562AGI6, STM32H562AII6, STM32H562IGK6, STM32H562IGT6, STM32H562IIK6, STM32H562IIT6, STM32H562RGT6, STM32H562RGV6, STM32H562RIT6, STM32H562RIV6, STM32H562VGT6, STM32H562VIT6, STM32H562ZGT6, STM32H562ZIT6, STM32H563AGI6, STM32H563AII3Q, STM32H563AII6, STM32H563IGK6, STM32H563IGT6, STM32H563IIK3Q, STM32H563IIK6, STM32H563IIT3Q, STM32H563IIT6, STM32H563MIY3QTR, STM32H563RGT6, STM32H563RGV6, STM32H563RIT6, STM32H563RIV6, STM32H563VGT6, STM32H563VIT3Q, STM32H563VIT6, STM32H563ZGT6, STM32H563ZIT3Q, STM32H563ZIT6, STM32H573AII3Q, STM32H573AII6, STM32H573I-DK, STM32H573IIK3Q, STM32H573IIK6, STM32H573IIT3Q, STM32H573IIT6, STM32H573MIY3QTR, STM32H573RIT6, STM32H573RIV6, STM32H573VIT3Q, STM32H573VIT6, STM32H573ZIT3Q, STM32H573ZIT6, STM32H7R3A8I6, STM32H7R3I8K6, STM32H7R3I8T6, STM32H7R3L8H6, STM32H7R3L8H6H, STM32H7R3R8V6, STM32H7R3V8H6, STM32H7R3V8T6, STM32H7R3V8Y6TR, STM32H7R3Z8J6, STM32H7R3Z8T6, STM32H7R7A8I6, STM32H7R7I8K6, STM32H7R7I8T6, STM32H7R7L8H6, STM32H7R7L8H6H, STM32H7R7Z8J6, STM32H7S3A8I6, STM32H7S3I8K6, STM32H7S3I8T6, STM32H7S3L8H6, STM32H7S3L8H6H, STM32H7S3R8V6, STM32H7S3V8H6, STM32H7S3V8T6, STM32H7S3V8Y6TR, STM32H7S3Z8J6, STM32H7S3Z8T6, STM32H7S78-DK, STM32H7S7A8I6, STM32H7S7I8K6, STM32H7S7I8T6, STM32H7S7L8H6, STM32H7S7L8H6H, STM32H7S7Z8J6, STM32L4R5QGI6STR, STM32MP131AAE3, STM32MP131AAF3, STM32MP131AAG3, STM32MP131CAE3, STM32MP131CAF3, STM32MP131CAG3, STM32MP131DAE7, STM32MP131DAF7, STM32MP131DAG7, STM32MP131FAE7, STM32MP131FAF7, STM32MP131FAG7, STM32MP133AAE3, STM32MP133AAF3, STM32MP133AAG3, STM32MP133CAE3, STM32MP133CAF3, STM32MP133CAG3, STM32MP133DAE7, STM32MP133DAF7, STM32MP133DAG7, STM32MP133FAE7, STM32MP133FAF7, STM32MP133FAG7, STM32MP135AAE3, STM32MP135AAF3, STM32MP135AAG3, STM32MP135CAE3, STM32MP135CAF3, STM32MP135CAG3, STM32MP135DAE7, STM32MP135DAF7, STM32MP135DAG7, STM32MP135F-DK, STM32MP135FAE7, STM32MP135FAF7, STM32MP135FAF7T, STM32MP135FAF7U, STM32MP135FAG7, STM32MP231AAJ3, STM32MP231AAK3, STM32MP231AAL3, STM32MP231CAJ3, STM32MP231CAK3, STM32MP231CAL3, STM32MP231DAJ3, STM32MP231DAK3, STM32MP231DAL3, STM32MP231FAJ3, STM32MP231FAK3, STM32MP231FAL3, STM32MP233AAJ3, STM32MP233AAK3, STM32MP233AAL3, STM32MP233CAJ3, STM32MP233CAK3, STM32MP233CAL3, STM32MP233DAJ3, STM32MP233DAK3, STM32MP233DAL3, STM32MP233FAJ3, STM32MP233FAK3, STM32MP233FAL3, STM32MP235AAJ3, STM32MP235AAK3, STM32MP235AAL3, STM32MP235CAJ3, STM32MP235CAK3, STM32MP235CAL3, STM32MP235DAJ3, STM32MP235DAK3, STM32MP235DAL3, STM32MP235FAJ3, STM32MP235FAK3, STM32MP235FAL3, STM32MP251AAI3, STM32MP251AAJ3, STM32MP251AAK3, STM32MP251AAL3, STM32MP251CAI3, STM32MP251CAJ3, STM32MP251CAK3, STM32MP251CAL3, STM32MP251DAI3, STM32MP251DAJ3, STM32MP251DAK3, STM32MP251DAL3, STM32MP251FAI3, STM32MP251FAJ3, STM32MP251FAK3, STM32MP251FAL3, STM32MP253AAI3, STM32MP253AAJ3, STM32MP253AAK3, STM32MP253AAL3, STM32MP253CAI3, STM32MP253CAJ3, STM32MP253CAK3, STM32MP253CAL3, STM32MP253DAI3, STM32MP253DAJ3, STM32MP253DAK3, STM32MP253DAL3, STM32MP253FAI3, STM32MP253FAJ3, STM32MP253FAK3, STM32MP253FAL3, STM32MP255AAI3, STM32MP255AAJ3, STM32MP255AAK3, STM32MP255AAL3, STM32MP255CAI3, STM32MP255CAJ3, STM32MP255CAK3, STM32MP255CAL3, STM32MP255DAI3, STM32MP255DAJ3, STM32MP255DAK3, STM32MP255DAL3, STM32MP255FAI3, STM32MP255FAJ3, STM32MP255FAK3, STM32MP255FAL3, STM32MP257AAI3, STM32MP257AAJ3, STM32MP257AAK3, STM32MP257AAL3, STM32MP257CAI3, STM32MP257CAJ3, STM32MP257CAK3, STM32MP257CAL3, STM32MP257DAI3, STM32MP257DAJ3, STM32MP257DAK3, STM32MP257DAL3, STM32MP257F-DK, STM32MP257F-EV1, STM32MP257FAI3, STM32MP257FAJ3, STM32MP257FAK3, STM32MP257FAL3, STM32N645A0H3Q, STM32N645B0H3Q, STM32N645I0H3Q, STM32N645L0H3Q, STM32N645X0H3Q, STM32N645Z0H3Q, STM32N647A0H3Q, STM32N647B0H3Q, STM32N647I0H3Q, STM32N647L0H3Q, STM32N647X0H3Q, STM32N647Z0H3Q, STM32N655A0H3Q, STM32N655B0H3Q, STM32N655I0H3Q, STM32N655L0H3Q, STM32N655X0H3Q, STM32N655Z0H3Q, STM32N6570-DK, STM32N657A0H3Q, STM32N657B0H3Q, STM32N657I0H3Q, STM32N657L0H3Q, STM32N657X0H3Q, STM32N657Z0H3Q, STM32U031C6T6, STM32U031C6U6, STM32U031C8T6, STM32U031C8U6, STM32U031F4P6, STM32U031F6P6, STM32U031F8P6, STM32U031G6Y6TR, STM32U031G8Y6TR, STM32U031K4U6, STM32U031K6U6, STM32U031K8U6, STM32U031R6I6, STM32U031R6T6, STM32U031R8I6, STM32U031R8T6, STM32U073C8T6, STM32U073C8U6, STM32U073CBT6, STM32U073CBU6, STM32U073CCT6, STM32U073CCU6, STM32U073H8Y6TR, STM32U073HBY6TR, STM32U073HCY6TR, STM32U073K8U6, STM32U073KBU6, STM32U073KCU6, STM32U073M8I6, STM32U073M8T6, STM32U073MBI6, STM32U073MBT6, STM32U073MCI6, STM32U073MCT6, STM32U073R8I6, STM32U073R8T6, STM32U073RBI6, STM32U073RBT6, STM32U073RCI6, STM32U073RCT6, STM32U083C-DK, STM32U083CCT6, STM32U083CCU6, STM32U083HCY6TR, STM32U083KCU6, STM32U083MCI6, STM32U083MCT6, STM32U083RCI6, STM32U083RCT6, STM32U375CET6, STM32U375CET6Q, STM32U375CEU6, STM32U375CEU6Q, STM32U375CEY6QTR, STM32U375CGT6, STM32U375CGT6Q, STM32U375CGU6, STM32U375CGU6Q, STM32U375CGY6QTR, STM32U375KEU6, STM32U375KGU6, STM32U375REI6, STM32U375REI6Q, STM32U375RET6, STM32U375RET6Q, STM32U375REY6GTR, STM32U375REY6QTR, STM32U375RGI6, STM32U375RGI6Q, STM32U375RGT6, STM32U375RGT6Q, STM32U375RGY6GTR, STM32U375RGY6QTR, STM32U375VEI6, STM32U375VEI6Q, STM32U375VET6, STM32U375VET6Q, STM32U375VGI6, STM32U375VGI6Q, STM32U375VGT6, STM32U375VGT6Q, STM32U385CGT6, STM32U385CGT6Q, STM32U385CGU6, STM32U385CGU6Q, STM32U385CGY6QTR, STM32U385KGU6, STM32U385RGI6, STM32U385RGI6Q, STM32U385RGT6, STM32U385RGT6Q, STM32U385RGY6GTR, STM32U385RGY6QTR, STM32U385VGI6, STM32U385VGI6Q, STM32U385VGT6, STM32U385VGT6Q, STM32U535CBT6, STM32U535CBT6Q, STM32U535CBU6, STM32U535CBU6Q, STM32U535CCT6, STM32U535CCT6Q, STM32U535CCU6, STM32U535CCU6Q, STM32U535CET6, STM32U535CET6Q, STM32U535CEU6, STM32U535CEU6Q, STM32U535JEY6QTR, STM32U535NCY6QTR, STM32U535NEY6QTR, STM32U535RBI6, STM32U535RBI6Q, STM32U535RBT6, STM32U535RBT6Q, STM32U535RCI6, STM32U535RCI6Q, STM32U535RCT6, STM32U535RCT6Q, STM32U535REI6, STM32U535REI6Q, STM32U535RET6, STM32U535RET6Q, STM32U535VCI6, STM32U535VCI6Q, STM32U535VCT6, STM32U535VCT6Q, STM32U535VEI6, STM32U535VEI6Q, STM32U535VET6, STM32U535VET6Q, STM32U545CET6, STM32U545CET6Q, STM32U545CEU6, STM32U545CEU6Q, STM32U545JEY6QTR, STM32U545NEY6QTR, STM32U545REI6, STM32U545REI6Q, STM32U545RET6, STM32U545RET6Q, STM32U545VEI6, STM32U545VEI6Q, STM32U545VET6, STM32U545VET6Q, STM32U595AIH6, STM32U595AIH6Q, STM32U595AJH6, STM32U595AJH6Q, STM32U595QII6, STM32U595QII6Q, STM32U595QJI6, STM32U595QJI6Q, STM32U595RIT6, STM32U595RIT6Q, STM32U595RJT6, STM32U595RJT6Q, STM32U595VIT6, STM32U595VIT6Q, STM32U595VJT6, STM32U595VJT6Q, STM32U595ZIT6, STM32U595ZIT6Q, STM32U595ZIY6QTR, STM32U595ZJT6, STM32U595ZJT6Q, STM32U595ZJY6QTR, STM32U599BJY6QTR, STM32U599NIH6Q, STM32U599NJH6Q, STM32U599VIT6Q, STM32U599VJT6, STM32U599VJT6Q, STM32U599ZIT6Q, STM32U599ZIY6QTR, STM32U599ZJT6Q, STM32U599ZJY6QTR, STM32U5A5AJH6, STM32U5A5AJH6Q, STM32U5A5QII3Q , STM32U5A5QJI6, STM32U5A5QJI6Q, STM32U5A5RJT6, STM32U5A5RJT6Q, STM32U5A5VJT6, STM32U5A5VJT6Q, STM32U5A5ZJT6, STM32U5A5ZJT6Q, STM32U5A5ZJY6QTR, STM32U5A9BJY6QTR, STM32U5A9J-DK, STM32U5A9NJH6Q, STM32U5A9VJT6Q, STM32U5A9ZJT6Q, STM32U5A9ZJY6QTR, STM32U5F7VIT6, STM32U5F7VIT6Q, STM32U5F7VJT6, STM32U5F7VJT6Q, STM32U5F9BJY6QTR, STM32U5F9NJH6Q, STM32U5F9VIT6Q, STM32U5F9VJT6Q, STM32U5F9ZIJ6QTR, STM32U5F9ZIT6Q, STM32U5F9ZJJ6QTR, STM32U5F9ZJT6Q, STM32U5G7VJT6, STM32U5G7VJT6Q, STM32U5G9BJY6QTR, STM32U5G9J-DK1, STM32U5G9J-DK2, STM32U5G9NJH6Q, STM32U5G9VJT6Q, STM32U5G9ZJJ6QTR, STM32U5G9ZJT6Q, STM32WB05KZV6TR, STM32WB05KZV7TR, STM32WB05TZF6TR, STM32WB05TZF7TR, STM32WB06CCF6TR, STM32WB06CCF7TR, STM32WB06CCV6TR, STM32WB06CCV7TR, STM32WB06KCV6TR, STM32WB06KCV7TR, STM32WB07CCF6TR, STM32WB07CCF7TR, STM32WB07CCV6TR, STM32WB07CCV7TR, STM32WB07KCV6TR, STM32WB07KCV7TR, STM32WB09KEV6TR, STM32WB09KEV7TR, STM32WB09TEF6TR, STM32WB09TEF7TR, STM32WB1MMCH6, STM32WBA50KGU6, STM32WBA50KGU6TR, STM32WBA52CEU6, STM32WBA52CEU6TR, STM32WBA52CEU7, STM32WBA52CEU7TR, STM32WBA52CGU6, STM32WBA52CGU6TR, STM32WBA52CGU6U, STM32WBA52CGU7, STM32WBA52CGU7TR, STM32WBA52KEU6, STM32WBA52KEU6TR, STM32WBA52KGU6, STM32WBA52KGU6TR, STM32WBA54CEU6, STM32WBA54CEU6TR, STM32WBA54CEU7, STM32WBA54CEU7TR, STM32WBA54CGU6, STM32WBA54CGU6TR, STM32WBA54CGU7, STM32WBA54CGU7TR, STM32WBA54KEU6, STM32WBA54KEU6TR, STM32WBA54KEU7, STM32WBA54KEU7TR, STM32WBA54KGU6, STM32WBA54KGU6TR, STM32WBA54KGU7, STM32WBA54KGU7TR, STM32WBA55CEU6, STM32WBA55CEU6TR, STM32WBA55CEU7, STM32WBA55CEU7TR, STM32WBA55CGU6, STM32WBA55CGU6TR, STM32WBA55CGU6U, STM32WBA55CGU7, STM32WBA55CGU7TR, STM32WBA55G-DK1, STM32WBA55HEF6, STM32WBA55HEF7, STM32WBA55HGF6, STM32WBA55HGF7, STM32WBA55UEI6, STM32WBA55UEI6TR, STM32WBA55UEI7, STM32WBA55UEI7TR, STM32WBA55UGI6, STM32WBA55UGI6TR, STM32WBA55UGI7, STM32WBA55UGI7TR, STM32WBA5MJGH6TR, STM32WBA62CGU6, STM32WBA62CIU6, STM32WBA62MGF6, STM32WBA62MIF6, STM32WBA62PGI6, STM32WBA62PII6, STM32WBA63CGU6, STM32WBA63CGU7, STM32WBA63CIU6, STM32WBA63CIU7, STM32WBA64CGU6, STM32WBA64CGU7, STM32WBA64CIU6, STM32WBA64CIU7, STM32WBA65CGU6, STM32WBA65CGU7, STM32WBA65CIU6, STM32WBA65CIU7, STM32WBA65I-DK1, STM32WBA65MGF6, STM32WBA65MGF7, STM32WBA65MIF6, STM32WBA65MIF7, STM32WBA65PGI6, STM32WBA65PGI7, STM32WBA65PII6, STM32WBA65PII7, STM32WBA65RGV6, STM32WBA65RGV7, STM32WBA65RIV6, STM32WBA65RIV7, STM32WL30K8V6, STM32WL30KBV6, STM32WL31C8V6, STM32WL31CBV6, STM32WL31K8V6, STM32WL31KBV6, STM32WL33C8V6, STM32WL33C8V6TR, STM32WL33C8V7, STM32WL33C8V7TR, STM32WL33CBV6, STM32WL33CBV6TR, STM32WL33CBV7, STM32WL33CBV7TR, STM32WL33CCV6, STM32WL33CCV6TR, STM32WL33CCV7, STM32WL33CCV7A, STM32WL33CCV7ATR, STM32WL33CCV7TR, STM32WL33K8V6, STM32WL33K8V6TR, STM32WL33K8V7, STM32WL33K8V7TR, STM32WL33KBV6, STM32WL33KBV6TR, STM32WL33KBV7, STM32WL33KBV7TR, STM32WL33KCV6, STM32WL33KCV6TR, STM32WL33KCV7, STM32WL33KCV7TR, STM32WL5MOCH6, STM32WL5MOCH6TR]
2025-11-12 12:21:27,551 [INFO] ApiDb:668 - CubeFinder database Data Model version=2.1
2025-11-12 12:21:27,551 [INFO] ApiDb:669 - CubeFinder database Configuration version=3.0.39
2025-11-12 12:21:27,551 [INFO] ApiDb:670 - CubeFinder database generation date=2025-10-27 (1761571959)
2025-11-12 12:21:27,551 [INFO] ApiDb:671 - CubeFinder database FW Pack versions=[FP-ATR-ASTRA1_V2.0.0, FP-SNS-FLIGHT1_V5.1.0, FP-SNS-MOTENV1_V5.0.0, FP-SNS-MOTENVWB1_V1.4.0, FP-SNS-SMARTAG2_V1.2.0, FP-SNS-STBOX1_V2.1.0, STM32Cube_FW_C0_V1.4.0, STM32Cube_FW_F4_V1.28.3, STM32Cube_FW_F7_V1.17.4, STM32Cube_FW_G0_V1.6.2, STM32Cube_FW_G4_V1.6.1, STM32Cube_FW_H5_V1.5.0, STM32Cube_FW_H7RS_V1.2.0, STM32Cube_FW_H7_V1.12.1, STM32Cube_FW_L0_V1.12.2, STM32Cube_FW_L4_V1.18.1, STM32Cube_FW_L5_V1.5.1, STM32Cube_FW_N6_V1.2.0, STM32Cube_FW_U0_V1.3.0, STM32Cube_FW_U3_V1.2.1, STM32Cube_FW_U5_V1.8.0, STM32Cube_FW_WB0_V1.3.0, STM32Cube_FW_WBA_V1.7.0, STM32Cube_FW_WB_V1.23.0, STM32Cube_FW_WL3_V1.2.0, STM32Cube_FW_WL_V1.3.1, X-CUBE-ALGOBUILD_V1.4.0, X-CUBE-ALS_V1.0.2, X-CUBE-AZRTOS-F4_V1.1.0, X-CUBE-AZRTOS-F7_V1.1.0, X-CUBE-AZRTOS-G0_V1.1.0, X-CUBE-AZRTOS-G4_V2.0.0, X-CUBE-AZRTOS-H7RS_V1.1.0, X-CUBE-AZRTOS-H7_V3.4.0, X-CUBE-AZRTOS-L4_V2.0.0, X-CUBE-AZRTOS-L5_V2.0.0, X-CUBE-AZRTOS-WB_V2.0.0, X-CUBE-AZRTOS-WL_V2.0.0, X-CUBE-BLE1_V7.1.0, X-CUBE-BLE2_V3.3.0, X-CUBE-BLEMGR_V4.1.0, X-CUBE-EEPRMA1_V5.2.0, X-CUBE-FREERTOS_V1.3.1, X-CUBE-GNSS1_V6.0.0, X-CUBE-MEMS1_V11.3.0, X-CUBE-NFC4_V3.0.0, X-CUBE-NFC7_V2.0.0, X-CUBE-SFXS2LP1_V4.0.0, X-CUBE-ST67W61_V1.1.0, X-CUBE-SUBG2_V5.0.0, X-CUBE-TOF1_V3.4.3]
2025-11-12 12:21:29,273 [INFO] ApiDb:240 - Found 895 in-development CPN: [B-G473E-ZEST1S, B-WB1M-WPAN1, B-WBA5M-WPAN, B-WL5M-SUBG1, NUCLEO-C031C6, NUCLEO-C051C8, NUCLEO-C071RB, NUCLEO-C092RC, NUCLEO-H503RB, NUCLEO-H533RE, NUCLEO-H563ZI, NUCLEO-H7S3L8, NUCLEO-N657X0-Q, NUCLEO-U031R8, NUCLEO-U083RC, NUCLEO-U385RG-Q, NUCLEO-U545RE-Q, NUCLEO-U5A5ZJ-Q, NUCLEO-WB05KZ, NUCLEO-WB07CC, NUCLEO-WB09KE, NUCLEO-WBA52CG, NUCLEO-WBA55CG, NUCLEO-WBA65RI, NUCLEO-WL33CC1, NUCLEO-WL33CC2, STEVAL-PROTEUS1, STEVAL-SMARTAG2, STEVAL-STWINBX1, STM320518-EVAL, STM32C0116-DK, STM32C011D6Y3TR, STM32C011D6Y6TR, STM32C011F4P3, STM32C011F4P6, STM32C011F4U3, STM32C011F4U6TR, STM32C011F6P3, STM32C011F6P6, STM32C011F6U3, STM32C011F6U6TR, STM32C011J4M3, STM32C011J4M6, STM32C011J6M3, STM32C011J6M6, STM32C0316-DK, STM32C031C4T3, STM32C031C4T6, STM32C031C4U3, STM32C031C4U6, STM32C031C6T3, STM32C031C6T6, STM32C031C6U3, STM32C031C6U6, STM32C031F4P3, STM32C031F4P6, STM32C031F6P3, STM32C031F6P6, STM32C031G4U3, STM32C031G4U6, STM32C031G6U3, STM32C031G6U6, STM32C031K4T3, STM32C031K4T6, STM32C031K4U3, STM32C031K4U6, STM32C031K6T3, STM32C031K6T6, STM32C031K6U3, STM32C031K6U6, STM32C051C6T6, STM32C051C6U6, STM32C051C8T6, STM32C051C8U6, STM32C051D8Y6TR, STM32C051F6P6, STM32C051F8P6, STM32C051G6U6, STM32C051G8U6, STM32C051K6T6, STM32C051K6U6, STM32C051K8T6, STM32C071C8T6, STM32C071C8T6N, STM32C071C8U6, STM32C071C8U6N, STM32C071CBT6, STM32C071CBT6N, STM32C071CBU6, STM32C071CBU6N, STM32C071F8P6, STM32C071F8P6N, STM32C071FBP6, STM32C071FBP6N, STM32C071FBY6TR, STM32C071G8U6, STM32C071G8U6N, STM32C071GBU6, STM32C071GBU6N, STM32C071K8T6, STM32C071K8T6N, STM32C071K8U6, STM32C071K8U6N, STM32C071KBT6, STM32C071KBT6N, STM32C071KBU6, STM32C071KBU6N, STM32C071R8T6, STM32C071R8T6N, STM32C071RBI6N, STM32C071RBT6, STM32C071RBT6N, STM32C091CBT6, STM32C091CBU6, STM32C091CCT6, STM32C091CCU6, STM32C091ECY6TR, STM32C091FBP6, STM32C091FCP6, STM32C091GBU6, STM32C091GCU6, STM32C091KBT6, STM32C091KBU6, STM32C091KCT6, STM32C091KCU6, STM32C091RBT6, STM32C091RCI6, STM32C091RCT6, STM32C092CBT6, STM32C092CBU6, STM32C092CCT6, STM32C092CCU6, STM32C092ECY6TR, STM32C092FBP6, STM32C092FCP6, STM32C092GBU6, STM32C092GCU6, STM32C092KBT6, STM32C092KBU6, STM32C092KCT6, STM32C092KCU6, STM32C092RBT6, STM32C092RCI6, STM32C092RCT6, STM32G071K8TXN, STM32G071K8UXN, STM32G081GBU6N, STM32G081KBT6N, STM32G081KBUXN, STM32G0B1CCT6N, STM32G0B1KCT6, STM32G0B1NEY6TR, STM32G0B1RCT6N, STM32G0C1CCT6, STM32G0C1CCT6N, STM32G0C1CCU6N, STM32G0C1CET6N, STM32G0C1CEU6N, STM32G0C1KCT6, STM32G0C1NEY6TR, STM32G0C1RCI6N, STM32G0C1RCT6N, STM32G0C1REI6N, STM32G0C1RET6N, STM32G0C1VCI6, STM32G0C1VEI6, STM32G411C6T3, STM32G411C6T6, STM32G411C6U3, STM32G411C6U6, STM32G411C8T3, STM32G411C8T6, STM32G411C8U3, STM32G411C8U6, STM32G411CBT3, STM32G411CBT6, STM32G411CBU3, STM32G411CBU6, STM32G411CCT3, STM32G411CCT6, STM32G411CCU3, STM32G411CCU6, STM32G411K6T3, STM32G411K6T6, STM32G411K6U3, STM32G411K6U6, STM32G411K8T3, STM32G411K8T6, STM32G411K8U3, STM32G411K8U6, STM32G411KBT3, STM32G411KBT6, STM32G411KBU3, STM32G411KBU6, STM32G411M6T3, STM32G411M6T6, STM32G411M8T3, STM32G411M8T6, STM32G411MBT3, STM32G411MBT6, STM32G411MCT3, STM32G411MCT6, STM32G411R6T3, STM32G411R6T6, STM32G411R8T3, STM32G411R8T6, STM32G411RBT3, STM32G411RBT6, STM32G411RCT3, STM32G411RCT6, STM32G414CBT3, STM32G414CBT6, STM32G414CBU3, STM32G414CBU6, STM32G414CCT3, STM32G414CCT6, STM32G414CCU3, STM32G414CCU6, STM32G414MBT3, STM32G414MBT6, STM32G414MCT3, STM32G414MCT6, STM32G414RBT3, STM32G414RBT6, STM32G414RCT3, STM32G414RCT6, STM32G414VBT3, STM32G414VBT6, STM32G414VCT3, STM32G414VCT6, STM32G431CBT3Z, STM32G431RBT3Z, STM32G471CCT6, STM32G471CCU6, STM32G471CET3, STM32G471CET6, STM32G471CEU3, STM32G471CEU6, STM32G471MCT6, STM32G471MET3, STM32G471MET6, STM32G471MEY6TR, STM32G471QCT6, STM32G471QET3, STM32G471RCT6, STM32G471RET3, STM32G471RET6, STM32G471VCH6, STM32G471VCI6, STM32G471VCT6, STM32G471VEH3, STM32G471VEH6, STM32G471VEI3, STM32G471VEI6, STM32G471VET3, STM32G471VET6, STM32G473QET3Z, STM32G473RET3Z, STM32G474CCT6, STM32G491RET3Z, STM32H503CBT6, STM32H503CBU6, STM32H503EBY6TR, STM32H503KBU6, STM32H503RBT6, STM32H523CCT6, STM32H523CCU6, STM32H523CET6, STM32H523CEU6, STM32H523HEY6TR, STM32H523RCT6, STM32H523RET6, STM32H523VCI6, STM32H523VCT6, STM32H523VEI6, STM32H523VET6, STM32H523ZCJ6, STM32H523ZCT6, STM32H523ZEJ6, STM32H523ZET6, STM32H533CET6, STM32H533CEU6, STM32H533HEY6TR, STM32H533RET6, STM32H533VEI6, STM32H533VET6, STM32H533ZEJ6, STM32H533ZET6, STM32H562AGI6, STM32H562AII6, STM32H562IGK6, STM32H562IGT6, STM32H562IIK6, STM32H562IIT6, STM32H562RGT6, STM32H562RGV6, STM32H562RIT6, STM32H562RIV6, STM32H562VGT6, STM32H562VIT6, STM32H562ZGT6, STM32H562ZIT6, STM32H563AGI6, STM32H563AII3Q, STM32H563AII6, STM32H563IGK6, STM32H563IGT6, STM32H563IIK3Q, STM32H563IIK6, STM32H563IIT3Q, STM32H563IIT6, STM32H563MIY3QTR, STM32H563RGT6, STM32H563RGV6, STM32H563RIT6, STM32H563RIV6, STM32H563VGT6, STM32H563VIT3Q, STM32H563VIT6, STM32H563ZGT6, STM32H563ZIT3Q, STM32H563ZIT6, STM32H573AII3Q, STM32H573AII6, STM32H573I-DK, STM32H573IIK3Q, STM32H573IIK6, STM32H573IIT3Q, STM32H573IIT6, STM32H573MIY3QTR, STM32H573RIT6, STM32H573RIV6, STM32H573VIT3Q, STM32H573VIT6, STM32H573ZIT3Q, STM32H573ZIT6, STM32H7R3A8I6, STM32H7R3I8K6, STM32H7R3I8T6, STM32H7R3L8H6, STM32H7R3L8H6H, STM32H7R3R8V6, STM32H7R3V8H6, STM32H7R3V8T6, STM32H7R3V8Y6TR, STM32H7R3Z8J6, STM32H7R3Z8T6, STM32H7R7A8I6, STM32H7R7I8K6, STM32H7R7I8T6, STM32H7R7L8H6, STM32H7R7L8H6H, STM32H7R7Z8J6, STM32H7S3A8I6, STM32H7S3I8K6, STM32H7S3I8T6, STM32H7S3L8H6, STM32H7S3L8H6H, STM32H7S3R8V6, STM32H7S3V8H6, STM32H7S3V8T6, STM32H7S3V8Y6TR, STM32H7S3Z8J6, STM32H7S3Z8T6, STM32H7S78-DK, STM32H7S7A8I6, STM32H7S7I8K6, STM32H7S7I8T6, STM32H7S7L8H6, STM32H7S7L8H6H, STM32H7S7Z8J6, STM32L4R5QGI6STR, STM32MP131AAE3, STM32MP131AAF3, STM32MP131AAG3, STM32MP131CAE3, STM32MP131CAF3, STM32MP131CAG3, STM32MP131DAE7, STM32MP131DAF7, STM32MP131DAG7, STM32MP131FAE7, STM32MP131FAF7, STM32MP131FAG7, STM32MP133AAE3, STM32MP133AAF3, STM32MP133AAG3, STM32MP133CAE3, STM32MP133CAF3, STM32MP133CAG3, STM32MP133DAE7, STM32MP133DAF7, STM32MP133DAG7, STM32MP133FAE7, STM32MP133FAF7, STM32MP133FAG7, STM32MP135AAE3, STM32MP135AAF3, STM32MP135AAG3, STM32MP135CAE3, STM32MP135CAF3, STM32MP135CAG3, STM32MP135DAE7, STM32MP135DAF7, STM32MP135DAG7, STM32MP135F-DK, STM32MP135FAE7, STM32MP135FAF7, STM32MP135FAF7T, STM32MP135FAF7U, STM32MP135FAG7, STM32MP231AAJ3, STM32MP231AAK3, STM32MP231AAL3, STM32MP231CAJ3, STM32MP231CAK3, STM32MP231CAL3, STM32MP231DAJ3, STM32MP231DAK3, STM32MP231DAL3, STM32MP231FAJ3, STM32MP231FAK3, STM32MP231FAL3, STM32MP233AAJ3, STM32MP233AAK3, STM32MP233AAL3, STM32MP233CAJ3, STM32MP233CAK3, STM32MP233CAL3, STM32MP233DAJ3, STM32MP233DAK3, STM32MP233DAL3, STM32MP233FAJ3, STM32MP233FAK3, STM32MP233FAL3, STM32MP235AAJ3, STM32MP235AAK3, STM32MP235AAL3, STM32MP235CAJ3, STM32MP235CAK3, STM32MP235CAL3, STM32MP235DAJ3, STM32MP235DAK3, STM32MP235DAL3, STM32MP235FAJ3, STM32MP235FAK3, STM32MP235FAL3, STM32MP251AAI3, STM32MP251AAJ3, STM32MP251AAK3, STM32MP251AAL3, STM32MP251CAI3, STM32MP251CAJ3, STM32MP251CAK3, STM32MP251CAL3, STM32MP251DAI3, STM32MP251DAJ3, STM32MP251DAK3, STM32MP251DAL3, STM32MP251FAI3, STM32MP251FAJ3, STM32MP251FAK3, STM32MP251FAL3, STM32MP253AAI3, STM32MP253AAJ3, STM32MP253AAK3, STM32MP253AAL3, STM32MP253CAI3, STM32MP253CAJ3, STM32MP253CAK3, STM32MP253CAL3, STM32MP253DAI3, STM32MP253DAJ3, STM32MP253DAK3, STM32MP253DAL3, STM32MP253FAI3, STM32MP253FAJ3, STM32MP253FAK3, STM32MP253FAL3, STM32MP255AAI3, STM32MP255AAJ3, STM32MP255AAK3, STM32MP255AAL3, STM32MP255CAI3, STM32MP255CAJ3, STM32MP255CAK3, STM32MP255CAL3, STM32MP255DAI3, STM32MP255DAJ3, STM32MP255DAK3, STM32MP255DAL3, STM32MP255FAI3, STM32MP255FAJ3, STM32MP255FAK3, STM32MP255FAL3, STM32MP257AAI3, STM32MP257AAJ3, STM32MP257AAK3, STM32MP257AAL3, STM32MP257CAI3, STM32MP257CAJ3, STM32MP257CAK3, STM32MP257CAL3, STM32MP257DAI3, STM32MP257DAJ3, STM32MP257DAK3, STM32MP257DAL3, STM32MP257F-DK, STM32MP257F-EV1, STM32MP257FAI3, STM32MP257FAJ3, STM32MP257FAK3, STM32MP257FAL3, STM32N645A0H3Q, STM32N645B0H3Q, STM32N645I0H3Q, STM32N645L0H3Q, STM32N645X0H3Q, STM32N645Z0H3Q, STM32N647A0H3Q, STM32N647B0H3Q, STM32N647I0H3Q, STM32N647L0H3Q, STM32N647X0H3Q, STM32N647Z0H3Q, STM32N655A0H3Q, STM32N655B0H3Q, STM32N655I0H3Q, STM32N655L0H3Q, STM32N655X0H3Q, STM32N655Z0H3Q, STM32N6570-DK, STM32N657A0H3Q, STM32N657B0H3Q, STM32N657I0H3Q, STM32N657L0H3Q, STM32N657X0H3Q, STM32N657Z0H3Q, STM32U031C6T6, STM32U031C6U6, STM32U031C8T6, STM32U031C8U6, STM32U031F4P6, STM32U031F6P6, STM32U031F8P6, STM32U031G6Y6TR, STM32U031G8Y6TR, STM32U031K4U6, STM32U031K6U6, STM32U031K8U6, STM32U031R6I6, STM32U031R6T6, STM32U031R8I6, STM32U031R8T6, STM32U073C8T6, STM32U073C8U6, STM32U073CBT6, STM32U073CBU6, STM32U073CCT6, STM32U073CCU6, STM32U073H8Y6TR, STM32U073HBY6TR, STM32U073HCY6TR, STM32U073K8U6, STM32U073KBU6, STM32U073KCU6, STM32U073M8I6, STM32U073M8T6, STM32U073MBI6, STM32U073MBT6, STM32U073MCI6, STM32U073MCT6, STM32U073R8I6, STM32U073R8T6, STM32U073RBI6, STM32U073RBT6, STM32U073RCI6, STM32U073RCT6, STM32U083C-DK, STM32U083CCT6, STM32U083CCU6, STM32U083HCY6TR, STM32U083KCU6, STM32U083MCI6, STM32U083MCT6, STM32U083RCI6, STM32U083RCT6, STM32U375CET6, STM32U375CET6Q, STM32U375CEU6, STM32U375CEU6Q, STM32U375CEY6QTR, STM32U375CGT6, STM32U375CGT6Q, STM32U375CGU6, STM32U375CGU6Q, STM32U375CGY6QTR, STM32U375KEU6, STM32U375KGU6, STM32U375REI6, STM32U375REI6Q, STM32U375RET6, STM32U375RET6Q, STM32U375REY6GTR, STM32U375REY6QTR, STM32U375RGI6, STM32U375RGI6Q, STM32U375RGT6, STM32U375RGT6Q, STM32U375RGY6GTR, STM32U375RGY6QTR, STM32U375VEI6, STM32U375VEI6Q, STM32U375VET6, STM32U375VET6Q, STM32U375VGI6, STM32U375VGI6Q, STM32U375VGT6, STM32U375VGT6Q, STM32U385CGT6, STM32U385CGT6Q, STM32U385CGU6, STM32U385CGU6Q, STM32U385CGY6QTR, STM32U385KGU6, STM32U385RGI6, STM32U385RGI6Q, STM32U385RGT6, STM32U385RGT6Q, STM32U385RGY6GTR, STM32U385RGY6QTR, STM32U385VGI6, STM32U385VGI6Q, STM32U385VGT6, STM32U385VGT6Q, STM32U535CBT6, STM32U535CBT6Q, STM32U535CBU6, STM32U535CBU6Q, STM32U535CCT6, STM32U535CCT6Q, STM32U535CCU6, STM32U535CCU6Q, STM32U535CET6, STM32U535CET6Q, STM32U535CEU6, STM32U535CEU6Q, STM32U535JEY6QTR, STM32U535NCY6QTR, STM32U535NEY6QTR, STM32U535RBI6, STM32U535RBI6Q, STM32U535RBT6, STM32U535RBT6Q, STM32U535RCI6, STM32U535RCI6Q, STM32U535RCT6, STM32U535RCT6Q, STM32U535REI6, STM32U535REI6Q, STM32U535RET6, STM32U535RET6Q, STM32U535VCI6, STM32U535VCI6Q, STM32U535VCT6, STM32U535VCT6Q, STM32U535VEI6, STM32U535VEI6Q, STM32U535VET6, STM32U535VET6Q, STM32U545CET6, STM32U545CET6Q, STM32U545CEU6, STM32U545CEU6Q, STM32U545JEY6QTR, STM32U545NEY6QTR, STM32U545REI6, STM32U545REI6Q, STM32U545RET6, STM32U545RET6Q, STM32U545VEI6, STM32U545VEI6Q, STM32U545VET6, STM32U545VET6Q, STM32U595AIH6, STM32U595AIH6Q, STM32U595AJH6, STM32U595AJH6Q, STM32U595QII6, STM32U595QII6Q, STM32U595QJI6, STM32U595QJI6Q, STM32U595RIT6, STM32U595RIT6Q, STM32U595RJT6, STM32U595RJT6Q, STM32U595VIT6, STM32U595VIT6Q, STM32U595VJT6, STM32U595VJT6Q, STM32U595ZIT6, STM32U595ZIT6Q, STM32U595ZIY6QTR, STM32U595ZJT6, STM32U595ZJT6Q, STM32U595ZJY6QTR, STM32U599BJY6QTR, STM32U599NIH6Q, STM32U599NJH6Q, STM32U599VIT6Q, STM32U599VJT6, STM32U599VJT6Q, STM32U599ZIT6Q, STM32U599ZIY6QTR, STM32U599ZJT6Q, STM32U599ZJY6QTR, STM32U5A5AJH6, STM32U5A5AJH6Q, STM32U5A5QII3Q , STM32U5A5QJI6, STM32U5A5QJI6Q, STM32U5A5RJT6, STM32U5A5RJT6Q, STM32U5A5VJT6, STM32U5A5VJT6Q, STM32U5A5ZJT6, STM32U5A5ZJT6Q, STM32U5A5ZJY6QTR, STM32U5A9BJY6QTR, STM32U5A9J-DK, STM32U5A9NJH6Q, STM32U5A9VJT6Q, STM32U5A9ZJT6Q, STM32U5A9ZJY6QTR, STM32U5F7VIT6, STM32U5F7VIT6Q, STM32U5F7VJT6, STM32U5F7VJT6Q, STM32U5F9BJY6QTR, STM32U5F9NJH6Q, STM32U5F9VIT6Q, STM32U5F9VJT6Q, STM32U5F9ZIJ6QTR, STM32U5F9ZIT6Q, STM32U5F9ZJJ6QTR, STM32U5F9ZJT6Q, STM32U5G7VJT6, STM32U5G7VJT6Q, STM32U5G9BJY6QTR, STM32U5G9J-DK1, STM32U5G9J-DK2, STM32U5G9NJH6Q, STM32U5G9VJT6Q, STM32U5G9ZJJ6QTR, STM32U5G9ZJT6Q, STM32WB05KZV6TR, STM32WB05KZV7TR, STM32WB05TZF6TR, STM32WB05TZF7TR, STM32WB06CCF6TR, STM32WB06CCF7TR, STM32WB06CCV6TR, STM32WB06CCV7TR, STM32WB06KCV6TR, STM32WB06KCV7TR, STM32WB07CCF6TR, STM32WB07CCF7TR, STM32WB07CCV6TR, STM32WB07CCV7TR, STM32WB07KCV6TR, STM32WB07KCV7TR, STM32WB09KEV6TR, STM32WB09KEV7TR, STM32WB09TEF6TR, STM32WB09TEF7TR, STM32WB1MMCH6, STM32WBA50KGU6, STM32WBA50KGU6TR, STM32WBA52CEU6, STM32WBA52CEU6TR, STM32WBA52CEU7, STM32WBA52CEU7TR, STM32WBA52CGU6, STM32WBA52CGU6TR, STM32WBA52CGU6U, STM32WBA52CGU7, STM32WBA52CGU7TR, STM32WBA52KEU6, STM32WBA52KEU6TR, STM32WBA52KGU6, STM32WBA52KGU6TR, STM32WBA54CEU6, STM32WBA54CEU6TR, STM32WBA54CEU7, STM32WBA54CEU7TR, STM32WBA54CGU6, STM32WBA54CGU6TR, STM32WBA54CGU7, STM32WBA54CGU7TR, STM32WBA54KEU6, STM32WBA54KEU6TR, STM32WBA54KEU7, STM32WBA54KEU7TR, STM32WBA54KGU6, STM32WBA54KGU6TR, STM32WBA54KGU7, STM32WBA54KGU7TR, STM32WBA55CEU6, STM32WBA55CEU6TR, STM32WBA55CEU7, STM32WBA55CEU7TR, STM32WBA55CGU6, STM32WBA55CGU6TR, STM32WBA55CGU6U, STM32WBA55CGU7, STM32WBA55CGU7TR, STM32WBA55G-DK1, STM32WBA55HEF6, STM32WBA55HEF7, STM32WBA55HGF6, STM32WBA55HGF7, STM32WBA55UEI6, STM32WBA55UEI6TR, STM32WBA55UEI7, STM32WBA55UEI7TR, STM32WBA55UGI6, STM32WBA55UGI6TR, STM32WBA55UGI7, STM32WBA55UGI7TR, STM32WBA5MJGH6TR, STM32WBA62CGU6, STM32WBA62CIU6, STM32WBA62MGF6, STM32WBA62MIF6, STM32WBA62PGI6, STM32WBA62PII6, STM32WBA63CGU6, STM32WBA63CGU7, STM32WBA63CIU6, STM32WBA63CIU7, STM32WBA64CGU6, STM32WBA64CGU7, STM32WBA64CIU6, STM32WBA64CIU7, STM32WBA65CGU6, STM32WBA65CGU7, STM32WBA65CIU6, STM32WBA65CIU7, STM32WBA65I-DK1, STM32WBA65MGF6, STM32WBA65MGF7, STM32WBA65MIF6, STM32WBA65MIF7, STM32WBA65PGI6, STM32WBA65PGI7, STM32WBA65PII6, STM32WBA65PII7, STM32WBA65RGV6, STM32WBA65RGV7, STM32WBA65RIV6, STM32WBA65RIV7, STM32WL30K8V6, STM32WL30KBV6, STM32WL31C8V6, STM32WL31CBV6, STM32WL31K8V6, STM32WL31KBV6, STM32WL33C8V6, STM32WL33C8V6TR, STM32WL33C8V7, STM32WL33C8V7TR, STM32WL33CBV6, STM32WL33CBV6TR, STM32WL33CBV7, STM32WL33CBV7TR, STM32WL33CCV6, STM32WL33CCV6TR, STM32WL33CCV7, STM32WL33CCV7A, STM32WL33CCV7ATR, STM32WL33CCV7TR, STM32WL33K8V6, STM32WL33K8V6TR, STM32WL33K8V7, STM32WL33K8V7TR, STM32WL33KBV6, STM32WL33KBV6TR, STM32WL33KBV7, STM32WL33KBV7TR, STM32WL33KCV6, STM32WL33KCV6TR, STM32WL33KCV7, STM32WL33KCV7TR, STM32WL5MOCH6, STM32WL5MOCH6TR]
2025-11-12 12:21:29,277 [INFO] DbMcus:218 - Found 4747 MCUs, 4747 are supported
2025-11-12 12:21:29,279 [INFO] ApiDb:423 - Load user favorites file C:\Users\siree/.stm32cubeide/favorites.mcus.txt: 0 item(s)
2025-11-12 12:21:29,279 [INFO] ApiDb:427 - User favorites MCUs=[]
2025-11-12 12:21:29,279 [INFO] DbMcus:224 - Set 0 / 0 favorites MCUs
2025-11-12 12:21:29,850 [INFO] BoardInfo:889 - No configuration file found for board P-NUCLEO-WB55
2025-11-12 12:21:29,851 [INFO] DbBoards:161 - Kit is not supported: P-NUCLEO-WB55
2025-11-12 12:21:29,858 [INFO] BoardInfo:889 - No configuration file found for board STEVAL-BFA001V1B
2025-11-12 12:21:29,860 [INFO] DbBoards:161 - Kit is not supported: STEVAL-BFA001V1B
2025-11-12 12:21:29,861 [INFO] BoardInfo:889 - No configuration file found for board STEVAL-BFA001V2B
2025-11-12 12:21:29,862 [INFO] DbBoards:161 - Kit is not supported: STEVAL-BFA001V2B
2025-11-12 12:21:30,116 [INFO] DbBoards:168 - Found 211 boards, 208 are supported
2025-11-12 12:21:30,116 [INFO] DbBoards:169 - Found 211 boards, 43 of them is supported for  Bsp
2025-11-12 12:21:30,120 [INFO] ApiDb:423 - Load user favorites file C:\Users\siree/.stm32cubeide/favorites.boards.txt: 0 item(s)
2025-11-12 12:21:30,120 [INFO] ApiDb:427 - User favorites Boards=[]
2025-11-12 12:21:30,121 [INFO] DbBoards:198 - Set 0 / 0 favorites Boards
2025-11-12 12:21:30,186 [INFO] UtilMem:75 - End LoadConfig() Used Memory: 641908904 Bytes (1073741824)
2025-11-12 12:21:30,369 [WARN] ThirdParty:833 - waiting for thirdparty lock release [change project]
2025-11-12 12:21:30,369 [INFO] ThirdParty:835 - entering critical section [change project]
2025-11-12 12:21:30,370 [INFO] ThirdParty:1030 - CMSIS Pack Vendor :STMicroelectronics X-CUBE-PM33A1 1.0.0
2025-11-12 12:21:30,370 [INFO] ThirdParty:1030 - CMSIS Pack Vendor :STMicroelectronics USBPD 4.1
2025-11-12 12:21:30,370 [INFO] ThirdParty:1030 - CMSIS Pack Vendor :STMicroelectronics X-CUBE-NFC9 1.0.0
2025-11-12 12:21:30,370 [INFO] ThirdParty:1030 - CMSIS Pack Vendor :STMicroelectronics USB_HOST 2.0.0
2025-11-12 12:21:30,370 [INFO] ThirdParty:1030 - CMSIS Pack Vendor :STMicroelectronics FP-SNS-MOTENVWB1 1.4.0
2025-11-12 12:21:30,370 [INFO] ThirdParty:1030 - CMSIS Pack Vendor :STMicroelectronics X-CUBE-AZRTOS-F4 1.1.0
2025-11-12 12:21:30,370 [INFO] ThirdParty:1030 - CMSIS Pack Vendor :STMicroelectronics LIBJPEG 8.0.0
2025-11-12 12:21:30,370 [INFO] ThirdParty:1030 - CMSIS Pack Vendor :STMicroelectronics FP-ATR-ASTRA1 2.0.2
2025-11-12 12:21:30,370 [INFO] ThirdParty:1030 - CMSIS Pack Vendor :wolfSSL I-CUBE-wolfSSL 5.8.2
2025-11-12 12:21:30,370 [INFO] ThirdParty:1030 - CMSIS Pack Vendor :STMicroelectronics X-CUBE-BLE1 7.1.0
2025-11-12 12:21:30,370 [INFO] ThirdParty:1030 - CMSIS Pack Vendor :STMicroelectronics X-CUBE-SMBUS 2.1.0
2025-11-12 12:21:30,370 [INFO] ThirdParty:1030 - CMSIS Pack Vendor :wolfSSL I-CUBE-wolfMQTT 1.19.2
2025-11-12 12:21:30,370 [INFO] ThirdParty:1030 - CMSIS Pack Vendor :STMicroelectronics USB_DEVICE 3.0.0
2025-11-12 12:21:30,370 [INFO] ThirdParty:1030 - CMSIS Pack Vendor :STMicroelectronics X-CUBE-ISPU 2.1.0
2025-11-12 12:21:30,370 [INFO] ThirdParty:1030 - CMSIS Pack Vendor :STMicroelectronics X-CUBE-EEPRMA1 5.2.0
2025-11-12 12:21:30,370 [INFO] ThirdParty:1030 - CMSIS Pack Vendor :STMicroelectronics X-CUBE-BLEMGR 4.1.0
2025-11-12 12:21:30,370 [INFO] ThirdParty:1030 - CMSIS Pack Vendor :STMicroelectronics X-CUBE-AZRTOS-WB 2.0.0
2025-11-12 12:21:30,370 [INFO] ThirdParty:1030 - CMSIS Pack Vendor :STMicroelectronics X-CUBE-GNSS1 7.0.1
2025-11-12 12:21:30,371 [INFO] ThirdParty:1030 - CMSIS Pack Vendor :STMicroelectronics X-CUBE-NFC12 1.0.0
2025-11-12 12:21:30,371 [INFO] ThirdParty:1030 - CMSIS Pack Vendor :STMicroelectronics X-CUBE-AZRTOS-F7 1.1.0
2025-11-12 12:21:30,371 [INFO] ThirdParty:1030 - CMSIS Pack Vendor :STMicroelectronics X-CUBE-AZRTOS-L5 2.0.0
2025-11-12 12:21:30,371 [INFO] ThirdParty:1030 - CMSIS Pack Vendor :STMicroelectronics USB_DEVICE 2.0.0
2025-11-12 12:21:30,371 [INFO] ThirdParty:1030 - CMSIS Pack Vendor :STMicroelectronics X-CUBE-NFC6 3.1.0
2025-11-12 12:21:30,371 [INFO] ThirdParty:1030 - CMSIS Pack Vendor :Cesanta I-CUBE-Mongoose 7.19.0
2025-11-12 12:21:30,371 [INFO] ThirdParty:1030 - CMSIS Pack Vendor :quantropi X-CUBE-qispace-sdk-base 2.1.0
2025-11-12 12:21:30,371 [INFO] ThirdParty:1030 - CMSIS Pack Vendor :STMicroelectronics FreeRTOS 0.0.1
2025-11-12 12:21:30,371 [INFO] ThirdParty:1030 - CMSIS Pack Vendor :STMicroelectronics X-CUBE-AZRTOS-G0 1.1.0
2025-11-12 12:21:30,371 [INFO] ThirdParty:1030 - CMSIS Pack Vendor :STMicroelectronics X-CUBE-SAFEA1 1.2.2
2025-11-12 12:21:30,371 [INFO] ThirdParty:1030 - CMSIS Pack Vendor :STMicroelectronics X-CUBE-NFC4 3.0.0
2025-11-12 12:21:30,371 [INFO] ThirdParty:1030 - CMSIS Pack Vendor :STMicroelectronics X-CUBE-SUBG2 5.0.0
2025-11-12 12:21:30,371 [INFO] ThirdParty:1030 - CMSIS Pack Vendor :STMicroelectronics X-CUBE-AZRTOS-H7RS 1.1.0
2025-11-12 12:21:30,371 [INFO] ThirdParty:1030 - CMSIS Pack Vendor :STMicroelectronics STM32_WPAN 1.0.0
2025-11-12 12:21:30,371 [INFO] ThirdParty:1030 - CMSIS Pack Vendor :EmbeddedOffice I-CUBE-FS-RTOS 1.0.1
2025-11-12 12:21:30,371 [INFO] ThirdParty:1030 - CMSIS Pack Vendor :STMicroelectronics lwIP 2.0.3
2025-11-12 12:21:30,371 [INFO] ThirdParty:1030 - CMSIS Pack Vendor :STMicroelectronics USB_HOST 1.0.0
2025-11-12 12:21:30,371 [INFO] ThirdParty:1030 - CMSIS Pack Vendor :Infineon AIROC-Wi-Fi-Bluetooth-STM32 1.7.1
2025-11-12 12:21:30,371 [INFO] ThirdParty:1030 - CMSIS Pack Vendor :STMicroelectronics X-CUBE-AZRTOS-G4 2.0.0
2025-11-12 12:21:30,371 [INFO] ThirdParty:1030 - CMSIS Pack Vendor :STMicroelectronics X-CUBE-WB05N 2.0.0
2025-11-12 12:21:30,371 [INFO] ThirdParty:1030 - CMSIS Pack Vendor :STMicroelectronics PDM2PCM 3.1.0
2025-11-12 12:21:30,371 [INFO] ThirdParty:1030 - CMSIS Pack Vendor :STMicroelectronics PDM2PCM 3.3.0
2025-11-12 12:21:30,372 [INFO] ThirdParty:1030 - CMSIS Pack Vendor :wolfSSL I-CUBE-wolfTPM 3.8.0
2025-11-12 12:21:30,372 [INFO] ThirdParty:1030 - CMSIS Pack Vendor :STMicroelectronics X-CUBE-AZRTOS-H7 3.4.0
2025-11-12 12:21:30,372 [INFO] ThirdParty:1030 - CMSIS Pack Vendor :STMicroelectronics X-CUBE-DISPLAY 3.0.0
2025-11-12 12:21:30,372 [INFO] ThirdParty:1030 - CMSIS Pack Vendor :wolfSSL I-CUBE-wolfSSH 1.4.20
2025-11-12 12:21:30,374 [INFO] ThirdParty:1030 - CMSIS Pack Vendor :STMicroelectronics X-CUBE-NFC7 2.0.0
2025-11-12 12:21:30,374 [INFO] ThirdParty:1030 - CMSIS Pack Vendor :STMicroelectronics X-CUBE-TCPP 4.2.0
2025-11-12 12:21:30,374 [INFO] ThirdParty:1030 - CMSIS Pack Vendor :RealThread X-CUBE-RT-Thread_Nano 4.1.1
2025-11-12 12:21:30,374 [INFO] ThirdParty:1030 - CMSIS Pack Vendor :STMicroelectronics FP-ATR-SIGFOX1 3.2.0
2025-11-12 12:21:30,374 [INFO] ThirdParty:1030 - CMSIS Pack Vendor :STMicroelectronics X-CUBE-NFC10 1.0.0
2025-11-12 12:21:30,374 [INFO] ThirdParty:1030 - CMSIS Pack Vendor :STMicroelectronics X-CUBE-FREERTOS 1.3.1
2025-11-12 12:21:30,374 [INFO] ThirdParty:1030 - CMSIS Pack Vendor :STMicroelectronics HAL Drivers 0.0.0
2025-11-12 12:21:30,374 [INFO] ThirdParty:1030 - CMSIS Pack Vendor :STMicroelectronics MBEDTLS 2.16.2
2025-11-12 12:21:30,374 [INFO] ThirdParty:1030 - CMSIS Pack Vendor :STMicroelectronics X-CUBE-ST60 1.1.0
2025-11-12 12:21:30,374 [INFO] ThirdParty:1030 - CMSIS Pack Vendor :STMicroelectronics X-CUBE-ALS 1.0.2
2025-11-12 12:21:30,374 [INFO] ThirdParty:1030 - CMSIS Pack Vendor :emotas I-CUBE-CANOPEN 1.3.0
2025-11-12 12:21:30,375 [INFO] ThirdParty:1030 - CMSIS Pack Vendor :STMicroelectronics MBEDTLS 2.14.1
2025-11-12 12:21:30,375 [INFO] ThirdParty:1030 - CMSIS Pack Vendor :STMicroelectronics X-CUBE-GNSS1 7.1.0
2025-11-12 12:21:30,375 [INFO] ThirdParty:1030 - CMSIS Pack Vendor :ITTIA_DB I-CUBE-ITTIADB 8.9.0
2025-11-12 12:21:30,375 [INFO] ThirdParty:1030 - CMSIS Pack Vendor :STMicroelectronics X-CUBE-TOUCHGFX 4.26.0
2025-11-12 12:21:30,375 [INFO] ThirdParty:1030 - CMSIS Pack Vendor :STMicroelectronics X-CUBE-STSE01 1.0.0
2025-11-12 12:21:30,375 [INFO] ThirdParty:1030 - CMSIS Pack Vendor :STMicroelectronics X-CUBE-AI 10.2.0
2025-11-12 12:21:30,375 [INFO] ThirdParty:1030 - CMSIS Pack Vendor :STMicroelectronics FP-SNS-STAIOTCFT 1.0.0
2025-11-12 12:21:30,375 [INFO] ThirdParty:1030 - CMSIS Pack Vendor :STMicroelectronics ThreadX 1.0.0
2025-11-12 12:21:30,375 [INFO] ThirdParty:1030 - CMSIS Pack Vendor :STMicroelectronics FP-SNS-SMARTAG2 1.2.0
2025-11-12 12:21:30,375 [INFO] ThirdParty:1030 - CMSIS Pack Vendor :STMicroelectronics FP-SNS-FLIGHT1 5.1.0
2025-11-12 12:21:30,375 [INFO] ThirdParty:1030 - CMSIS Pack Vendor :STMicroelectronics X-CUBE-AZRTOS-WL 2.0.0
2025-11-12 12:21:30,375 [INFO] ThirdParty:1030 - CMSIS Pack Vendor :SEGGER I-CUBE-embOS 1.3.1
2025-11-12 12:21:30,375 [INFO] ThirdParty:1030 - CMSIS Pack Vendor :STMicroelectronics X-CUBE-ALGOBUILD 1.4.0
2025-11-12 12:21:30,375 [INFO] ThirdParty:1030 - CMSIS Pack Vendor :STMicroelectronics X-CUBE-DPower 1.3.0
2025-11-12 12:21:30,375 [INFO] ThirdParty:1030 - CMSIS Pack Vendor :STMicroelectronics X-CUBE-MEMS1 11.3.0
2025-11-12 12:21:30,375 [INFO] ThirdParty:1030 - CMSIS Pack Vendor :STMicroelectronics USB_DEVICE 1.0.0
2025-11-12 12:21:30,375 [INFO] ThirdParty:1030 - CMSIS Pack Vendor :STMicroelectronics X-CUBE-AZRTOS-L4 2.0.0
2025-11-12 12:21:30,375 [INFO] ThirdParty:1030 - CMSIS Pack Vendor :STMicroelectronics ThreadX 0.0.2
2025-11-12 12:21:30,375 [INFO] ThirdParty:1030 - CMSIS Pack Vendor :STMicroelectronics lwIP 2.1.2
2025-11-12 12:21:30,376 [INFO] ThirdParty:1030 - CMSIS Pack Vendor :STMicroelectronics X-CUBE-SFXS2LP1 4.0.0
2025-11-12 12:21:30,376 [INFO] ThirdParty:1030 - CMSIS Pack Vendor :STMicroelectronics X-CUBE-BLE2 3.3.0
2025-11-12 12:21:30,376 [INFO] ThirdParty:1030 - CMSIS Pack Vendor :Avnet-IOTCONNECT X-CUBE-iotc-st67-sdk 1.0.0
2025-11-12 12:21:30,376 [INFO] ThirdParty:1030 - CMSIS Pack Vendor :STMicroelectronics X-CUBE-TOF1 3.4.3
2025-11-12 12:21:30,376 [INFO] ThirdParty:1030 - CMSIS Pack Vendor :STMicroelectronics PDM2PCM 3.2.0
2025-11-12 12:21:30,377 [INFO] ThirdParty:841 - exiting critical section [change project]
2025-11-12 12:21:30,955 [INFO] PinOutPanel:1589 - setPackage(No Configuration,No Configuration)
2025-11-12 12:21:30,958 [INFO] PinOutPanel:1589 - setPackage(STM32L476RGTx,LQFP64)
2025-11-12 12:21:31,725 [INFO] UtilMem:75 - Before build in PCC Used Memory: 691964320 Bytes (1073741824)
2025-11-12 12:21:32,671 [INFO] UtilMem:75 - After build in PCC Used Memory: 805594752 Bytes (1073741824)
2025-11-12 12:21:32,700 [INFO] IPUIPlugin:80 - create IPUIPlugin
2025-11-12 12:21:32,701 [INFO] IPUIPlugin:80 - create IPUIPlugin
2025-11-12 12:21:32,701 [INFO] IPUIPlugin:80 - create IPUIPlugin
2025-11-12 12:21:32,701 [INFO] IPUIPlugin:80 - create IPUIPlugin
2025-11-12 12:21:32,701 [INFO] IPUIPlugin:80 - create IPUIPlugin
2025-11-12 12:21:32,701 [INFO] IPUIPlugin:80 - create IPUIPlugin
2025-11-12 12:21:32,701 [INFO] IPUIPlugin:80 - create IPUIPlugin
2025-11-12 12:21:32,701 [INFO] IPUIPlugin:80 - create IPUIPlugin
2025-11-12 12:21:32,701 [INFO] IPUIPlugin:80 - create IPUIPlugin
2025-11-12 12:21:32,702 [INFO] IPUIPlugin:80 - create IPUIPlugin
2025-11-12 12:21:32,702 [INFO] IPUIPlugin:80 - create IPUIPlugin
2025-11-12 12:21:32,702 [INFO] IPUIPlugin:80 - create IPUIPlugin
2025-11-12 12:21:32,702 [INFO] IPUIPlugin:80 - create IPUIPlugin
2025-11-12 12:21:32,702 [INFO] IPUIPlugin:80 - create IPUIPlugin
2025-11-12 12:21:32,702 [INFO] IPUIPlugin:80 - create IPUIPlugin
2025-11-12 12:21:32,702 [INFO] IPUIPlugin:80 - create IPUIPlugin
2025-11-12 12:21:32,702 [INFO] IPUIPlugin:80 - create IPUIPlugin
2025-11-12 12:21:32,703 [INFO] IPUIPlugin:80 - create IPUIPlugin
2025-11-12 12:21:32,703 [INFO] IPUIPlugin:80 - create IPUIPlugin
2025-11-12 12:21:32,703 [INFO] IPUIPlugin:80 - create IPUIPlugin
2025-11-12 12:21:32,703 [INFO] IPUIPlugin:80 - create IPUIPlugin
2025-11-12 12:21:32,703 [INFO] IPUIPlugin:80 - create IPUIPlugin
2025-11-12 12:21:32,704 [INFO] IPUIPlugin:80 - create IPUIPlugin
2025-11-12 12:21:32,704 [INFO] IPUIPlugin:80 - create IPUIPlugin
2025-11-12 12:21:32,704 [INFO] IPUIPlugin:80 - create IPUIPlugin
2025-11-12 12:21:32,704 [INFO] IPUIPlugin:80 - create IPUIPlugin
2025-11-12 12:21:32,704 [INFO] IPUIPlugin:80 - create IPUIPlugin
2025-11-12 12:21:32,705 [INFO] IPUIPlugin:80 - create IPUIPlugin
2025-11-12 12:21:32,705 [INFO] IPUIPlugin:80 - create IPUIPlugin
2025-11-12 12:21:32,705 [INFO] IPUIPlugin:80 - create IPUIPlugin
2025-11-12 12:21:32,705 [INFO] IPUIPlugin:80 - create IPUIPlugin
2025-11-12 12:21:32,705 [INFO] IPUIPlugin:80 - create IPUIPlugin
2025-11-12 12:21:32,706 [INFO] IPUIPlugin:80 - create IPUIPlugin
2025-11-12 12:21:32,706 [INFO] IPUIPlugin:80 - create IPUIPlugin
2025-11-12 12:21:32,706 [INFO] IPUIPlugin:80 - create IPUIPlugin
2025-11-12 12:21:32,706 [INFO] IPUIPlugin:80 - create IPUIPlugin
2025-11-12 12:21:32,707 [INFO] IPUIPlugin:80 - create IPUIPlugin
2025-11-12 12:21:32,707 [INFO] IPUIPlugin:80 - create IPUIPlugin
2025-11-12 12:21:32,707 [INFO] IPUIPlugin:80 - create IPUIPlugin
2025-11-12 12:21:32,707 [INFO] IPUIPlugin:80 - create IPUIPlugin
2025-11-12 12:21:32,708 [INFO] IPUIPlugin:80 - create IPUIPlugin
2025-11-12 12:21:32,708 [INFO] IPUIPlugin:80 - create IPUIPlugin
2025-11-12 12:21:32,709 [INFO] IPUIPlugin:80 - create IPUIPlugin
2025-11-12 12:21:32,709 [INFO] IPUIPlugin:80 - create IPUIPlugin
2025-11-12 12:21:32,710 [INFO] IPUIPlugin:80 - create IPUIPlugin
2025-11-12 12:21:32,710 [INFO] IPUIPlugin:80 - create IPUIPlugin
2025-11-12 12:21:32,710 [INFO] IPUIPlugin:80 - create IPUIPlugin
2025-11-12 12:21:32,711 [INFO] IPUIPlugin:80 - create IPUIPlugin
2025-11-12 12:21:32,711 [INFO] IPUIPlugin:80 - create IPUIPlugin
2025-11-12 12:21:32,711 [INFO] IPUIPlugin:80 - create IPUIPlugin
2025-11-12 12:21:32,712 [INFO] IPUIPlugin:80 - create IPUIPlugin
2025-11-12 12:21:32,712 [INFO] IPUIPlugin:80 - create IPUIPlugin
2025-11-12 12:21:32,712 [INFO] IPUIPlugin:80 - create IPUIPlugin
2025-11-12 12:21:32,713 [INFO] IPUIPlugin:80 - create IPUIPlugin
2025-11-12 12:21:32,713 [INFO] IPUIPlugin:80 - create IPUIPlugin
2025-11-12 12:21:32,713 [INFO] IPUIPlugin:80 - create IPUIPlugin
2025-11-12 12:21:32,713 [INFO] IPUIPlugin:80 - create IPUIPlugin
2025-11-12 12:21:32,714 [INFO] IPUIPlugin:80 - create IPUIPlugin
2025-11-12 12:21:32,714 [INFO] IPUIPlugin:80 - create IPUIPlugin
2025-11-12 12:21:32,969 [INFO] CADModel:165 - CPN selected for project levelSTM32L476RGT3
2025-11-12 12:21:32,969 [INFO] CADModel:114 - Register for checkConnection events
2025-11-12 12:21:33,020 [INFO] OpenFileManager:385 - Restore cursor
2025-11-12 12:42:49,949 [INFO] MainUpdater:2872 - connection check result : 10
2025-11-12 12:42:50,156 [INFO] McuFinderGlobals:76 - Set McuFinderConnectedMode to true
2025-11-12 12:42:50,170 [INFO] MultiScanPanel:200 - Auto-refresh data requested => check proxy status ongoing
2025-11-12 12:42:50,175 [INFO] FinderPluginLoader:95 - Searching for filters in installed packs
2025-11-12 12:42:51,573 [INFO] LoadUrlFilesThread:185 - End of LoadServerUrlFiles without Thread
2025-11-12 12:42:51,596 [INFO] DetailPanel:341 - Set advertising image to C:/Users/siree/STM32Cube/Repository/\en.mcu-finder-preevent.jpg
2025-11-12 12:42:56,121 [INFO] MultiScanPanel:200 - Auto-refresh data requested => check proxy status ongoing
2025-11-12 12:42:56,225 [INFO] LoadUrlFilesThread:185 - End of LoadServerUrlFiles without Thread
2025-11-12 12:42:56,226 [INFO] DetailPanel:341 - Set advertising image to C:/Users/siree/STM32Cube/Repository/\en.mcu-finder-preevent.jpg
2025-11-12 12:42:56,237 [INFO] DbBoards:642 - Loading board mini-images...
2025-11-12 12:42:58,137 [INFO] DbBoards:665 - Loaded 211 board mini-images
2025-11-12 12:43:31,307 [INFO] MainUpdater:2872 - connection check result : 10
2025-11-12 12:43:31,308 [INFO] MainUpdater:2872 - connection check result : 10
2025-11-12 12:43:31,553 [INFO] MicroXplorer:468 - Change Database Path : 
2025-11-12 12:43:31,553 [INFO] MicroXplorer:498 - Change Database Version : DB.6.0.141
2025-11-12 12:43:31,567 [ERROR] ProjectManagerView:395 - 
java.lang.NullPointerException: Cannot invoke "javax.swing.JTextField.getText()" because the return value of "java.util.List.get(int)" is null
	at com.st.microxplorer.plugins.projectmanager.gui.ProjectChoiceTab$9.caretUpdate(ProjectChoiceTab.java:2678) ~[filemanager.jar:?]
	at javax.swing.text.JTextComponent.fireCaretUpdate(JTextComponent.java:408) ~[?:?]
	at javax.swing.text.JTextComponent$MutableCaretEvent.fire(JTextComponent.java:4484) ~[?:?]
	at javax.swing.text.JTextComponent$MutableCaretEvent.stateChanged(JTextComponent.java:4506) ~[?:?]
	at javax.swing.text.DefaultCaret.fireStateChanged(DefaultCaret.java:857) ~[?:?]
	at javax.swing.text.DefaultCaret.changeCaretPosition(DefaultCaret.java:1343) ~[?:?]
	at javax.swing.text.DefaultCaret.handleSetDot(DefaultCaret.java:1242) ~[?:?]
	at javax.swing.text.DefaultCaret.setDot(DefaultCaret.java:1223) ~[?:?]
	at javax.swing.text.DefaultCaret$Handler.insertUpdate(DefaultCaret.java:1819) ~[?:?]
	at javax.swing.text.AbstractDocument.fireInsertUpdate(AbstractDocument.java:227) ~[?:?]
	at javax.swing.text.AbstractDocument.handleInsertString(AbstractDocument.java:781) ~[?:?]
	at javax.swing.text.AbstractDocument.insertString(AbstractDocument.java:740) ~[?:?]
	at javax.swing.text.PlainDocument.insertString(PlainDocument.java:131) ~[?:?]
	at javax.swing.text.AbstractDocument.replace(AbstractDocument.java:699) ~[?:?]
	at javax.swing.text.JTextComponent.setText(JTextComponent.java:1725) ~[?:?]
	at com.st.microxplorer.plugins.projectmanager.gui.ProjectChoiceTab.createHeapStackFields(ProjectChoiceTab.java:979) ~[filemanager.jar:?]
	at com.st.microxplorer.plugins.projectmanager.gui.ProjectChoiceTab.buildLinkSettingsPanel(ProjectChoiceTab.java:3766) ~[filemanager.jar:?]
	at com.st.microxplorer.plugins.projectmanager.gui.ProjectChoiceTab.defineWindowsFields(ProjectChoiceTab.java:1962) ~[filemanager.jar:?]
	at com.st.microxplorer.plugins.projectmanager.gui.ProjectChoiceTab.updateSettings(ProjectChoiceTab.java:555) ~[filemanager.jar:?]
	at com.st.microxplorer.plugins.projectmanager.gui.ProjectSettingsPanel.UpdateDialog(ProjectSettingsPanel.java:245) ~[filemanager.jar:?]
	at com.st.microxplorer.plugins.projectmanager.ProjectManagerView.propertyChange(ProjectManagerView.java:392) ~[filemanager.jar:?]
	at java.beans.PropertyChangeSupport.fire(PropertyChangeSupport.java:343) ~[?:?]
	at java.beans.PropertyChangeSupport.firePropertyChange(PropertyChangeSupport.java:335) ~[?:?]
	at java.beans.PropertyChangeSupport.firePropertyChange(PropertyChangeSupport.java:268) ~[?:?]
	at com.st.microxplorer.util.MXPropertyChangeSupport.firePropertyChange(MXPropertyChangeSupport.java:54) ~[STM32CubeMX.jar:?]
	at com.st.microxplorer.mxsystem.MxSystem.closeConfig(MxSystem.java:899) ~[STM32CubeMX.jar:?]
	at com.st.microxplorer.maingui.MainPanel.closeConfig(MainPanel.java:789) ~[STM32CubeMX.jar:?]
	at com.st.microxplorer.plugins.filemanager.engine.OpenFileManager.loadConfigurationFile(OpenFileManager.java:287) ~[filemanager.jar:?]
	at com.st.microxplorer.plugins.filemanager.engine.MainFileManager.userLoadConfig(MainFileManager.java:341) ~[filemanager.jar:?]
	at com.st.microxplorer.plugins.filemanager.FileManagerView.getSpecificTask(FileManagerView.java:250) ~[filemanager.jar:?]
	at com.st.stm32cube.common.mx.editor.CubeMxEditor.getMxTabbedPaneInstance(CubeMxEditor.java:1191) ~[com.st.stm32cube.common.mx_6.14.1.202504091515/:?]
	at com.st.stm32cube.common.mx.editor.CubeMxEditor$12$1.createSwingComponent(CubeMxEditor.java:1068) ~[com.st.stm32cube.common.mx_6.14.1.202504091515/:?]
	at com.st.stm32cube.common.mx.oss.core.awtswtbridge.EmbeddedSwingComposite.doComponentCreation(EmbeddedSwingComposite.java:492) ~[com.st.stm32cube.common.mx.oss_6.14.1.202504091515/:?]
	at com.st.stm32cube.common.mx.oss.core.awtswtbridge.EmbeddedSwingComposite$4.run(EmbeddedSwingComposite.java:291) ~[com.st.stm32cube.common.mx.oss_6.14.1.202504091515/:?]
	at com.st.stm32cube.common.mx.oss.core.awtswtbridge.AwtEnvironment$2.run(AwtEnvironment.java:166) ~[com.st.stm32cube.common.mx.oss_6.14.1.202504091515/:?]
	at java.awt.event.InvocationEvent.dispatch(InvocationEvent.java:318) ~[?:?]
	at java.awt.EventQueue.dispatchEventImpl(EventQueue.java:773) ~[?:?]
	at java.awt.EventQueue$4.run(EventQueue.java:720) ~[?:?]
	at java.awt.EventQueue$4.run(EventQueue.java:714) ~[?:?]
	at java.security.AccessController.doPrivileged(AccessController.java:400) ~[?:?]
	at java.security.ProtectionDomain$JavaSecurityAccessImpl.doIntersectionPrivilege(ProtectionDomain.java:87) ~[?:?]
	at java.awt.EventQueue.dispatchEvent(EventQueue.java:742) ~[?:?]
	at java.awt.EventDispatchThread.pumpOneEventForFilters(EventDispatchThread.java:203) ~[?:?]
	at java.awt.EventDispatchThread.pumpEventsForFilter(EventDispatchThread.java:124) ~[?:?]
	at java.awt.EventDispatchThread.pumpEventsForHierarchy(EventDispatchThread.java:113) ~[?:?]
	at java.awt.EventDispatchThread.pumpEvents(EventDispatchThread.java:109) ~[?:?]
	at java.awt.EventDispatchThread.pumpEvents(EventDispatchThread.java:101) ~[?:?]
	at java.awt.EventDispatchThread.run(EventDispatchThread.java:90) ~[?:?]
2025-11-12 12:43:31,578 [WARN] ThirdParty:871 - waiting for thirdparty lock release [close project]
2025-11-12 12:43:31,578 [INFO] ThirdParty:873 - entering critical section [close project]
2025-11-12 12:43:31,578 [INFO] ThirdParty:883 - exiting critical section [close project]
2025-11-12 12:43:31,579 [INFO] PinOutPanel:1589 - setPackage(No Configuration,No Configuration)
2025-11-12 12:43:31,590 [INFO] UtilMem:75 - Begin LoadConfig() Used Memory: 983566336 Bytes (1073741824)
2025-11-12 12:43:31,593 [INFO] OpenFileManager:354 - Change cursor
2025-11-12 12:43:31,605 [INFO] ProjectFactory:442 - No CPN specified for board NUCLEO-L476RG => set CPN to STM32L476RGT3
2025-11-12 12:43:31,605 [INFO] Mcu:2011 - Initializing MCU STM32L476R(C-E-G)Tx STM32L476RGTx STM32L476RGT3
2025-11-12 12:43:33,185 [INFO] Context:756 - Trying to add GPIOservice into a context  which must be forbidden
2025-11-12 12:43:33,712 [INFO] Rule:225 - rule 117617 - U5Cobra4M][GTZC] default value MPCBB3 and MPCBB5 - Not Secured memory - MPCBB1 is applicable
2025-11-12 12:43:33,712 [INFO] Rule:225 - rule 117617 - U5Cobra4M][GTZC] default value MPCBB3 and MPCBB5 - Not Secured memory - MPCBB1 is applicable
2025-11-12 12:43:33,712 [INFO] Rule:225 - rule 117617 - U5Cobra4M][GTZC] default value MPCBB3 and MPCBB5 - Not Secured memory - MPCBB2 is applicable
2025-11-12 12:43:33,712 [INFO] Rule:225 - rule 117617 - U5Cobra4M][GTZC] default value MPCBB3 and MPCBB5 - Not Secured memory - MPCBB2 is applicable
2025-11-12 12:43:33,712 [INFO] Rule:225 - rule 117617 - U5Cobra4M][GTZC] default value MPCBB3 and MPCBB5 - Not Secured memory - MPCBB3 is applicable
2025-11-12 12:43:33,712 [INFO] Rule:225 - rule 117617 - U5Cobra4M][GTZC] default value MPCBB3 and MPCBB5 - Not Secured memory - MPCBB3 is applicable
2025-11-12 12:43:33,712 [INFO] Rule:225 - rule 117617 - U5Cobra4M][GTZC] default value MPCBB3 and MPCBB5 - Not Secured memory - MPCBB4 is applicable
2025-11-12 12:43:33,712 [INFO] Rule:225 - rule 117617 - U5Cobra4M][GTZC] default value MPCBB3 and MPCBB5 - Not Secured memory - MPCBB4 is applicable
2025-11-12 12:43:33,712 [INFO] Rule:225 - rule 117617 - U5Cobra4M][GTZC] default value MPCBB3 and MPCBB5 - Secured memory - MPCBB1 is applicable
2025-11-12 12:43:33,712 [INFO] Rule:225 - rule 117617 - U5Cobra4M][GTZC] default value MPCBB3 and MPCBB5 - Secured memory - MPCBB2 is applicable
2025-11-12 12:43:33,712 [INFO] Rule:225 - rule 117617 - U5Cobra4M][GTZC] default value MPCBB3 and MPCBB5 - Secured memory - MPCBB3 is applicable
2025-11-12 12:43:33,712 [INFO] Rule:225 - rule 117617 - U5Cobra4M][GTZC] default value MPCBB3 and MPCBB5 - Secured memory - MPCBB4 is applicable
2025-11-12 12:43:33,712 [INFO] Rule:225 - rule 117617 - U5Cobra4M][GTZC] default value MPCBB3 and MPCBB5 - Privileged memory - MPCBB1 is applicable
2025-11-12 12:43:33,712 [INFO] Rule:225 - rule 117617 - U5Cobra4M][GTZC] default value MPCBB3 and MPCBB5 - Privileged memory - MPCBB2 is applicable
2025-11-12 12:43:33,712 [INFO] Rule:225 - rule 117617 - U5Cobra4M][GTZC] default value MPCBB3 and MPCBB5 - Privileged memory - MPCBB3 is applicable
2025-11-12 12:43:33,712 [INFO] Rule:225 - rule 117617 - U5Cobra4M][GTZC] default value MPCBB3 and MPCBB5 - Privileged memory - MPCBB4 is applicable
2025-11-12 12:43:33,712 [INFO] Rule:225 - rule 117617 - U5Cobra4M][GTZC] default value MPCBB3 and MPCBB5 - Not Privileged memory - MPCBB1 is applicable
2025-11-12 12:43:33,712 [INFO] Rule:225 - rule 117617 - U5Cobra4M][GTZC] default value MPCBB3 and MPCBB5 - Not Privileged memory - MPCBB2 is applicable
2025-11-12 12:43:33,713 [INFO] Rule:225 - rule 117617 - U5Cobra4M][GTZC] default value MPCBB3 and MPCBB5 - Not Privileged memory - MPCBB3 is applicable
2025-11-12 12:43:33,713 [INFO] Rule:225 - rule 117617 - U5Cobra4M][GTZC] default value MPCBB3 and MPCBB5 - Not Privileged memory - MPCBB4 is applicable
2025-11-12 12:43:33,713 [INFO] Rule:225 - rule 117617 - U5Cobra4M][GTZC] default value MPCBB3 and MPCBB5 - Privileged memory - MPCBB1 is applicable
2025-11-12 12:43:33,713 [INFO] Rule:225 - rule 117617 - U5Cobra4M][GTZC] default value MPCBB3 and MPCBB5 - Privileged memory - MPCBB2 is applicable
2025-11-12 12:43:33,713 [INFO] Rule:225 - rule 117617 - U5Cobra4M][GTZC] default value MPCBB3 and MPCBB5 - Privileged memory - MPCBB3 is applicable
2025-11-12 12:43:33,713 [INFO] Rule:225 - rule 117617 - U5Cobra4M][GTZC] default value MPCBB3 and MPCBB5 - Privileged memory - MPCBB4 is applicable
2025-11-12 12:43:33,713 [INFO] Rule:225 - rule 117617 - U5Cobra4M][GTZC] default value MPCBB3 and MPCBB5 - Privileged memory - MPCBB1 is applicable
2025-11-12 12:43:33,713 [INFO] Rule:225 - rule 117617 - U5Cobra4M][GTZC] default value MPCBB3 and MPCBB5 - Privileged memory - MPCBB2 is applicable
2025-11-12 12:43:33,713 [INFO] Rule:225 - rule 117617 - U5Cobra4M][GTZC] default value MPCBB3 and MPCBB5 - Privileged memory - MPCBB3 is applicable
2025-11-12 12:43:33,713 [INFO] Rule:225 - rule 117617 - U5Cobra4M][GTZC] default value MPCBB3 and MPCBB5 - Privileged memory - MPCBB4 is applicable
2025-11-12 12:43:33,713 [INFO] Rule:225 - rule 117617 - U5Cobra4M][GTZC] default value MPCBB3 and MPCBB5 - Not Privileged memory - MPCBB1 is applicable
2025-11-12 12:43:33,713 [INFO] Rule:225 - rule 117617 - U5Cobra4M][GTZC] default value MPCBB3 and MPCBB5 - Not Privileged memory - MPCBB2 is applicable
2025-11-12 12:43:33,713 [INFO] Rule:225 - rule 117617 - U5Cobra4M][GTZC] default value MPCBB3 and MPCBB5 - Not Privileged memory - MPCBB3 is applicable
2025-11-12 12:43:33,713 [INFO] Rule:225 - rule 117617 - U5Cobra4M][GTZC] default value MPCBB3 and MPCBB5 - Not Privileged memory - MPCBB4 is applicable
2025-11-12 12:43:33,713 [INFO] Rule:225 - rule 117617 - U5Cobra4M][GTZC] default value MPCBB3 and MPCBB5 - Privileged memory - MPCBB1 is applicable
2025-11-12 12:43:33,713 [INFO] Rule:225 - rule 117617 - U5Cobra4M][GTZC] default value MPCBB3 and MPCBB5 - Privileged memory - MPCBB2 is applicable
2025-11-12 12:43:33,713 [INFO] Rule:225 - rule 117617 - U5Cobra4M][GTZC] default value MPCBB3 and MPCBB5 - Privileged memory - MPCBB3 is applicable
2025-11-12 12:43:33,713 [INFO] Rule:225 - rule 117617 - U5Cobra4M][GTZC] default value MPCBB3 and MPCBB5 - Privileged memory - MPCBB4 is applicable
2025-11-12 12:43:33,713 [INFO] Rule:225 - rule Rename SubGHz_Phy SUBGHZ_APPLICATION SUBGHZ_PINGPONG to SUBGHZ_ADV_APPLICATION is applicable
2025-11-12 12:43:33,713 [INFO] Rule:225 - rule Rename Enabled to IBEACON is applicable
2025-11-12 12:43:33,713 [INFO] Rule:225 - rule GTZC_S instance for project manager is applicable
2025-11-12 12:43:33,714 [INFO] Rule:225 - rule GTZC_S instance for context M33S is applicable
2025-11-12 12:43:33,714 [INFO] Rule:225 - rule GTZC_S instance value for IP GTZC is applicable
2025-11-12 12:43:33,714 [INFO] Rule:225 - rule GTZC_S instance for mcu.IP is applicable
2025-11-12 12:43:33,714 [INFO] Rule:225 - rule GTZC_S instance for VP is applicable
2025-11-12 12:43:33,714 [INFO] Rule:225 - rule GTZC_S instance for signal is applicable
2025-11-12 12:43:33,714 [INFO] Rule:225 - rule GTZC_S instance for mcu.Pin is applicable
2025-11-12 12:43:33,714 [INFO] Rule:225 - rule GTZC_S instance for VP is applicable
2025-11-12 12:43:33,714 [INFO] Rule:225 - rule GTZC_S instance for signal is applicable
2025-11-12 12:43:33,714 [INFO] Rule:225 - rule GTZC_S instance for mcu is applicable
2025-11-12 12:43:33,714 [INFO] Rule:225 - rule GTZC_S instance for mcu.Pin is applicable
2025-11-12 12:43:33,714 [INFO] Rule:225 - rule GTZC_S instance value for IP GTZC is applicable
2025-11-12 12:43:33,714 [INFO] Rule:225 - rule GTZC_S instance for project manager is applicable
2025-11-12 12:43:33,714 [INFO] Rule:225 - rule GTZC_S instance for context M33S is applicable
2025-11-12 12:43:33,714 [INFO] Rule:225 - rule GTZC_S instance for VP is applicable
2025-11-12 12:43:33,714 [INFO] Rule:225 - rule GTZC_S instance for signal is applicable
2025-11-12 12:43:33,714 [INFO] Rule:225 - rule SPDIFRX instance for mcu is applicable
2025-11-12 12:43:33,714 [INFO] Rule:225 - rule Rename Tracer Mode is applicable
2025-11-12 12:43:33,714 [INFO] Rule:225 - rule SPDIFRX instance value for IP SPDIFRX is applicable
2025-11-12 12:43:33,714 [INFO] Rule:225 - rule SPDIFRX instance for signal is applicable
2025-11-12 12:43:33,714 [INFO] Rule:225 - rule SPDIFRX instance for project manager is applicable
2025-11-12 12:43:33,714 [INFO] Rule:225 - rule SPDIFRX instance for project manager is applicable
2025-11-12 12:43:33,714 [INFO] Rule:225 - rule ADC Scan  fix with FW F7 is applicable
2025-11-12 12:43:33,714 [INFO] Rule:225 - rule ADC Scan  fix with FW F7 is applicable
2025-11-12 12:43:33,714 [INFO] Rule:225 - rule WakeUp0 Mode is applicable
2025-11-12 12:43:33,715 [INFO] Rule:225 - rule WakeUp0 SIGNAL is applicable
2025-11-12 12:43:33,715 [INFO] Rule:225 - rule WakeUp1 Mode is applicable
2025-11-12 12:43:33,715 [INFO] Rule:225 - rule WakeUp1 SIGNAL is applicable
2025-11-12 12:43:33,715 [INFO] Rule:225 - rule WakeUp2 Mode is applicable
2025-11-12 12:43:33,715 [INFO] Rule:225 - rule WakeUp2 SIGNAL is applicable
2025-11-12 12:43:33,715 [INFO] Rule:225 - rule WakeUp4 Mode is applicable
2025-11-12 12:43:33,715 [INFO] Rule:225 - rule WakeUp4 SIGNAL is applicable
2025-11-12 12:43:33,715 [INFO] Rule:225 - rule WakeUp5 Mode is applicable
2025-11-12 12:43:33,715 [INFO] Rule:225 - rule WakeUp5 SIGNAL is applicable
2025-11-12 12:43:33,715 [INFO] Rule:225 - rule Add RTC Activate Clock Source is applicable
2025-11-12 12:43:33,715 [INFO] Rule:225 - rule Add RTC Activate Calendar 1 is applicable
2025-11-12 12:43:33,715 [INFO] Rule:225 - rule Add RTC Activate Calendar 2 is applicable
2025-11-12 12:43:33,715 [INFO] Rule:225 - rule Add RTC Activate Calendar 3 is applicable
2025-11-12 12:43:33,715 [INFO] Rule:225 - rule UART/USART TX Mode is applicable
2025-11-12 12:43:33,715 [INFO] Rule:225 - rule UART/USART RX Mode is applicable
2025-11-12 12:43:33,715 [INFO] Rule:225 - rule UART/USART RX TX Mode is applicable
2025-11-12 12:43:33,715 [INFO] Rule:225 - rule UART/USART PARITY NONE is applicable
2025-11-12 12:43:33,715 [INFO] Rule:225 - rule UART/USART PARITY EVEN is applicable
2025-11-12 12:43:33,715 [INFO] Rule:225 - rule UART/USART PARITY ODD is applicable
2025-11-12 12:43:33,715 [INFO] Rule:225 - rule USART StopBits 1 is applicable
2025-11-12 12:43:33,715 [INFO] Rule:225 - rule USART StopBits 2 is applicable
2025-11-12 12:43:33,715 [INFO] Rule:225 - rule USART StopBits 1.5 is applicable
2025-11-12 12:43:33,715 [INFO] Rule:225 - rule USART StopBits 0.5 is applicable
2025-11-12 12:43:33,715 [INFO] Rule:225 - rule UART/USART WORD LENGTH 7 is applicable
2025-11-12 12:43:33,715 [INFO] Rule:225 - rule UART/USART WORD LENGTH 8 is applicable
2025-11-12 12:43:33,715 [INFO] Rule:225 - rule UART/USART WORD LENGTH 9 is applicable
2025-11-12 12:43:33,715 [INFO] Rule:225 - rule Rename FMC NAND NCE signal is applicable
2025-11-12 12:43:33,715 [INFO] Rule:225 - rule Rename FMC NAND INT signal is applicable
2025-11-12 12:43:33,715 [INFO] Rule:225 - rule Change Default Value for LSE Drive Capability for WB family is applicable
2025-11-12 12:43:33,715 [INFO] Rule:225 - rule Change Default Value for ADC Clock Prescaler G0 family is applicable
2025-11-12 12:43:33,716 [INFO] Rule:225 - rule Change Default Value for ADC ExternalTrigConv L4 family is applicable
2025-11-12 12:43:33,716 [INFO] Rule:225 - rule Change Default Value for ADC ExternalTrigInjecConv L4 family is applicable
2025-11-12 12:43:33,716 [INFO] Rule:225 - rule Change Default Value for ADC ExternalTrigConv F3 family is applicable
2025-11-12 12:43:33,716 [INFO] Rule:225 - rule Change Default Value for ADC ExternalTrigInjecConv F3 family is applicable
2025-11-12 12:43:33,716 [INFO] Rule:225 - rule Change Default Value for ADC ExternalTrigConv Goldfish serie is applicable
2025-11-12 12:43:33,716 [INFO] Rule:225 - rule Change Default Value for ADC ExternalTrigInjecConv Goldfish serie is applicable
2025-11-12 12:43:33,716 [INFO] Rule:225 - rule Change Default Value for ADC ExternalTrigConv L0 family is applicable
2025-11-12 12:43:33,716 [INFO] Rule:225 - rule Change Default Value for ADC ExternalTrigConv F0 family is applicable
2025-11-12 12:43:33,716 [INFO] Rule:225 - rule Change Default Value for ADC ExternalTrigConvn L1 family is applicable
2025-11-12 12:43:33,716 [INFO] Rule:225 - rule Change Default Value for ADC ExternalTrigInjecConv L1 family is applicable
2025-11-12 12:43:33,716 [INFO] Rule:225 - rule Change Default Value for ADC ExternalTrigConv F1 family is applicable
2025-11-12 12:43:33,716 [INFO] Rule:225 - rule Change Default Value for ADC ExternalTrigInjecConv F1 family is applicable
2025-11-12 12:43:33,716 [INFO] Rule:225 - rule Change Default Value for ADC ExternalTrigConv F7 family is applicable
2025-11-12 12:43:33,716 [INFO] Rule:225 - rule Change Default Value for ADC ExternalTrigInjecConv F7 family is applicable
2025-11-12 12:43:33,716 [INFO] Rule:225 - rule Change Default Value for ADC ExternalTrigConv F4 and F2 family is applicable
2025-11-12 12:43:33,716 [INFO] Rule:225 - rule Change Default Value for ADC ExternalTrigInjecConv F4 and F2 family is applicable
2025-11-12 12:43:33,716 [INFO] Rule:225 - rule ADC SamplingTime fix with FW L0  is applicable
2025-11-12 12:43:33,716 [INFO] Rule:225 - rule ADC SamplingTime fix with FW L0  is applicable
2025-11-12 12:43:33,716 [INFO] Rule:225 - rule ADC SamplingTime fix with FW L0 is applicable
2025-11-12 12:43:33,716 [INFO] Rule:225 - rule ADC SamplingTime fix with FW L0 is applicable
2025-11-12 12:43:33,716 [INFO] Rule:225 - rule ADC SamplingTime fix with FW L0  is applicable
2025-11-12 12:43:33,716 [INFO] Rule:225 - rule ADC SamplingTime fix with FW L0 is applicable
2025-11-12 12:43:33,716 [INFO] Rule:225 - rule Rename USB_OE Signal is applicable
2025-11-12 12:43:33,716 [INFO] Rule:225 - rule Rename Activate_OE Mode is applicable
2025-11-12 12:43:33,716 [INFO] Rule:225 - rule Rename DIE462/DIE415 pin PC14/OSC32_IN -> PC14-OSC32_IN (PC14) is applicable
2025-11-12 12:43:33,717 [INFO] Rule:225 - rule Rename DIE462/DIE415 pin PC15/OSC32_OUT -> PC15-OSC32_OUT (PC15) is applicable
2025-11-12 12:43:33,717 [INFO] Rule:225 - rule Rename DIE462/DIE415 pin PH0/OSC_IN -> PH0-OSC_IN (PH0) is applicable
2025-11-12 12:43:33,717 [INFO] Rule:225 - rule Rename DIE462/DIE415 pin PH1/OSC_OUT -> PH1-OSC_OUT (PH1) is applicable
2025-11-12 12:43:33,717 [INFO] Rule:225 - rule Rename DIE462 pin PA13 -> PA13 (JTMS/SWDIO) is applicable
2025-11-12 12:43:33,717 [INFO] Rule:225 - rule Rename DIE415 pin PA13 -> PA13 (JTMS/SWDIO) is applicable
2025-11-12 12:43:33,717 [INFO] Rule:225 - rule Rename DIE462 pin PA14 -> PA14 (JTCK/SWCLK) is applicable
2025-11-12 12:43:33,717 [INFO] Rule:225 - rule Rename DIE415 pin PA14 -> PA14 (JTCK/SWCLK) is applicable
2025-11-12 12:43:33,717 [INFO] Rule:225 - rule Rename DIE462/DIE415 pin PA15 -> PA15 (JTDI) is applicable
2025-11-12 12:43:33,717 [INFO] Rule:225 - rule Rename DIE462 pin PB3 -> PB3 (JTD0/TRACESWO) is applicable
2025-11-12 12:43:33,717 [INFO] Rule:225 - rule Rename DIE415 pin PB3 -> PB3 (JTD0-TRACESWO) is applicable
2025-11-12 12:43:33,717 [INFO] Rule:225 - rule Rename DIE462/DIE415 pin PB4 -> PB4 (NJTRST) is applicable
2025-11-12 12:43:33,717 [INFO] Rule:225 - rule Rename DIE462 pin PH3/BOOT0 -> PH3-BOOT0 (BOOT0) is applicable
2025-11-12 12:43:33,717 [INFO] Rule:225 - rule Rename CRYP DataEncryptionTypesList to Algorithm is applicable
2025-11-12 12:43:33,717 [INFO] Rule:225 - rule Rename AES DataEncryptionTypesList to Algorithm is applicable
2025-11-12 12:43:33,717 [INFO] Rule:225 - rule Rename TDESECB to CRYP_TDES_ECB is applicable
2025-11-12 12:43:33,717 [INFO] Rule:225 - rule Rename TDESCBC to CRYP_TDES_CBC is applicable
2025-11-12 12:43:33,717 [INFO] Rule:225 - rule Rename DESECB to CRYP_DES_ECB is applicable
2025-11-12 12:43:33,717 [INFO] Rule:225 - rule Rename DESCBC to CRYP_DES_CBC is applicable
2025-11-12 12:43:33,717 [INFO] Rule:225 - rule Rename AESECB to CRYP_AES_ECB is applicable
2025-11-12 12:43:33,717 [INFO] Rule:225 - rule Rename AESCBC to CRYP_AES_CBC is applicable
2025-11-12 12:43:33,717 [INFO] Rule:225 - rule Rename AESCTR to CRYP_AES_CTR is applicable
2025-11-12 12:43:33,717 [INFO] Rule:225 - rule Rename AESGCM to CRYP_AES_GCM is applicable
2025-11-12 12:43:33,717 [INFO] Rule:225 - rule Rename AESCCM to CRYP_AES_CCM is applicable
2025-11-12 12:43:33,717 [INFO] Rule:225 - rule Rename CAN TimeSeg1 to BS1 is applicable
2025-11-12 12:43:33,717 [INFO] Rule:225 - rule Rename CAN TimeSeg2 to BS2 is applicable
2025-11-12 12:43:33,717 [INFO] Rule:225 - rule Rename CAN SyncJumpWidth to SJW is applicable
2025-11-12 12:43:33,717 [INFO] Rule:225 - rule TimeTriggeredMode to TTCM is applicable
2025-11-12 12:43:33,717 [INFO] Rule:225 - rule Rename CAN AutoBusOff to ABOM is applicable
2025-11-12 12:43:33,717 [INFO] Rule:225 - rule Rename CAN AutoWakeUp to AWUM is applicable
2025-11-12 12:43:33,717 [INFO] Rule:225 - rule Rename CAN AutoRetransmission to NART is applicable
2025-11-12 12:43:33,717 [INFO] Rule:225 - rule Rename CAN ReceiveFifoLocked to RFLM is applicable
2025-11-12 12:43:33,718 [INFO] Rule:225 - rule Rename CAN TransmitFifoPriority to TXFP is applicable
2025-11-12 12:43:33,718 [INFO] Rule:225 - rule Rename HRTIMER HRTIM_OUTPUTFAULTLEVEL_HIGH in HRTIMER HRTIM_OUTPUTFAULTLEVEL_HIGHZ is applicable
2025-11-12 12:43:33,718 [INFO] Rule:225 - rule Rename TIMER TIM_CLEARINPUTSOURCE_OCREFCLR in  TIMER TIM_CLEARINPUTSOURCE_NONE for F7 family is applicable
2025-11-12 12:43:33,718 [INFO] Rule:225 - rule FDCAN_R1 - Rename FDCAN mode Master into Classic is applicable
2025-11-12 12:43:33,718 [INFO] Rule:225 - rule FDCAN_R2 - Rename FDCAN mode Slave into Classic is applicable
2025-11-12 12:43:33,718 [INFO] Rule:225 - rule FDCAN1_R3 - if PA10.Mode=FullDuplex, add Pin PA12 is applicable
2025-11-12 12:43:33,718 [INFO] Rule:225 - rule FDCAN1_R3 - if PA9.Mode=FullDuplex, add Pin PA11 is applicable
2025-11-12 12:43:33,718 [INFO] Rule:225 - rule FDCAN1_R3 - Alternatepin_1 - if PE1.Mode=FullDuplex, add Pin PB9 is applicable
2025-11-12 12:43:33,718 [INFO] Rule:225 - rule FDCAN1_R3 - Alternatepin_1 - if PE0.Mode=FullDuplex, add Pin PB8 is applicable
2025-11-12 12:43:33,718 [INFO] Rule:225 - rule FDCAN1_R3 - Alternatepin_2 - if PD5.Mode=FullDuplex, add Pin PD1 is applicable
2025-11-12 12:43:33,718 [INFO] Rule:225 - rule FDCAN1_R3 - Alternatepin_2 - if PD4.Mode=FullDuplex, add Pin PD0 is applicable
2025-11-12 12:43:33,718 [INFO] Rule:225 - rule FDCAN1_R4 - Rename Mode FullDuplex into Enable FDCAN_TXFD for pin PA10 is applicable
2025-11-12 12:43:33,718 [INFO] Rule:225 - rule FDCAN1_R4 - Rename Mode FullDuplex into Enable FDCAN_TXFD for pin PA9 is applicable
2025-11-12 12:43:33,718 [INFO] Rule:225 - rule FDCAN1_R4 - Alternatepin_1 - Rename Mode FullDuplex into Enable FDCAN_TXFD for pin PE1 is applicable
2025-11-12 12:43:33,718 [INFO] Rule:225 - rule FDCAN1_R4 - Alternatepin_1 - Rename Mode FullDuplex into Enable FDCAN_TXFD for pin PE0 is applicable
2025-11-12 12:43:33,718 [INFO] Rule:225 - rule FDCAN1_R4 - Alternatepin_2 - Rename Mode FullDuplex into Enable FDCAN_TXFD for pin PD5 is applicable
2025-11-12 12:43:33,718 [INFO] Rule:225 - rule FDCAN1_R4 - Alternatepin_2 - Rename Mode FullDuplex into Enable FDCAN_TXFD for pin PD4 is applicable
2025-11-12 12:43:33,718 [INFO] Rule:225 - rule FDCAN2_R3 - if PD10.Mode=FullDuplex, add Pin PB13 is applicable
2025-11-12 12:43:33,718 [INFO] Rule:225 - rule FDCAN2_R3 - if PD9.Mode=FullDuplex, add Pin PB12 is applicable
2025-11-12 12:43:33,718 [INFO] Rule:225 - rule FDCAN2_R3 - Alternatepin_1 - if PB7.Mode=FullDuplex, add Pin PB6 is applicable
2025-11-12 12:43:33,718 [INFO] Rule:225 - rule FDCAN2_R3 - Alternatepin_1 - if PD9.Mode=FullDuplex, add Pin PB12 is applicable
2025-11-12 12:43:33,718 [INFO] Rule:225 - rule FDCAN2_R4 - Rename Mode FullDuplex into Enable FDCAN_TXFD for pin PD10 is applicable
2025-11-12 12:43:33,718 [INFO] Rule:225 - rule FDCAN2_R4 - Rename Mode FullDuplex into Enable FDCAN_TXFD for pin PD9 is applicable
2025-11-12 12:43:33,718 [INFO] Rule:225 - rule FDCAN2_R4 - Alternatepin_1 - Rename Mode FullDuplex into Enable FDCAN_TXFD for pin PB7 is applicable
2025-11-12 12:43:33,718 [INFO] Rule:225 - rule FDCAN2_R4 - Alternatepin_1 - Rename Mode FullDuplex into Enable FDCAN_TXFD for pin PD6 is applicable
2025-11-12 12:43:33,718 [INFO] Rule:225 - rule USART TxPinLevelInvertParam Mode is applicable
2025-11-12 12:43:33,718 [INFO] Rule:225 - rule USART RxPinLevelInvertParam Mode is applicable
2025-11-12 12:43:33,718 [INFO] Rule:225 - rule USART DataInvertParam Mode is applicable
2025-11-12 12:43:33,718 [INFO] Rule:225 - rule USART SwapParam Mode is applicable
2025-11-12 12:43:33,718 [INFO] Rule:225 - rule USART OverrunDisableParam Mode is applicable
2025-11-12 12:43:33,718 [INFO] Rule:225 - rule USART DMADisableonRxErrorParam Mode is applicable
2025-11-12 12:43:33,718 [INFO] Rule:225 - rule USART MSBFirstParam Mode is applicable
2025-11-12 12:43:33,718 [INFO] Rule:225 - rule Update MwName for USB_DEVICE is applicable
2025-11-12 12:43:33,718 [INFO] Rule:225 - rule Change PWR_Regulator_Voltage_Scale Default Value for RCC  H7 family is applicable
2025-11-12 12:43:33,718 [INFO] Rule:225 - rule UART/USART IPParameter rename Prescaler parameter to ClockPrescaler is applicable
2025-11-12 12:43:33,718 [INFO] Rule:225 - rule UART/USART Prescaler rename Prescaler parameter to ClockPrescaler is applicable
2025-11-12 12:43:33,718 [INFO] Rule:225 - rule TIM1CLockSelection is applicable
2025-11-12 12:43:33,718 [INFO] Rule:225 - rule TIM15CLockSelection is applicable
2025-11-12 12:43:33,719 [INFO] Rule:225 - rule align RCC SDMMC3CLockSelection default value on MP1 is applicable
2025-11-12 12:43:33,719 [INFO] Rule:225 - rule align RCC SDMMC12CLockSelection default value on MP1 is applicable
2025-11-12 12:43:33,719 [INFO] Rule:225 - rule align RCC QSPICLockSelection default value on MP1 is applicable
2025-11-12 12:43:33,719 [INFO] Rule:225 - rule align RCC QSPICLockSelection default value on MP1 is applicable
2025-11-12 12:43:33,719 [INFO] Rule:225 - rule align RCC SPI6CLockSelection default value on MP1 is applicable
2025-11-12 12:43:33,719 [INFO] Rule:225 - rule align RCC LPTIM23CLockSelection default value on MP1 is applicable
2025-11-12 12:43:33,719 [INFO] Rule:225 - rule align RCC LPTIM1CLockSelection default value on MP1 is applicable
2025-11-12 12:43:33,719 [INFO] Rule:225 - rule align RCC USART1CLockSelection default value on MP1 is applicable
2025-11-12 12:43:33,719 [INFO] Rule:225 - rule align RCC USART24CLockSelection default value on MP1 is applicable
2025-11-12 12:43:33,719 [INFO] Rule:225 - rule align RCC USART6CLockSelection default value on MP1 is applicable
2025-11-12 12:43:33,719 [INFO] Rule:225 - rule align RCC UART78CLockSelection default value on MP1 is applicable
2025-11-12 12:43:33,719 [INFO] Rule:225 - rule align RCC USART35CLockSelection default value on MP1 is applicable
2025-11-12 12:43:33,719 [INFO] Rule:225 - rule align RCC SPI45CLockSelection default value on MP1 is applicable
2025-11-12 12:43:33,719 [INFO] Rule:225 - rule align RCC I2C46CLockSelection BCLK value on MP1 is applicable
2025-11-12 12:43:33,719 [INFO] Rule:225 - rule align RCC SPI45CLockSelection default value on MP1 is applicable
2025-11-12 12:43:33,719 [INFO] Rule:225 - rule align RCC I2C12CLockSelection default value on MP1 is applicable
2025-11-12 12:43:33,719 [INFO] Rule:225 - rule align RCC I2C35CLockSelection default value on MP1 is applicable
2025-11-12 12:43:33,719 [INFO] Rule:225 - rule align RCC LPTIM45CLockSelection default value on MP1 is applicable
2025-11-12 12:43:33,719 [INFO] Rule:225 - rule Rename DCMI PIXCK signal is applicable
2025-11-12 12:43:33,719 [INFO] Rule:225 - rule Change Default Value for I2C46CLockSelection MP1 family is applicable
2025-11-12 12:43:33,719 [INFO] Rule:225 - rule Change Default Value for UART for G4, G0 and WB families is applicable
2025-11-12 12:43:33,719 [INFO] Rule:225 - rule Change Default Value for USART for G4, G0 and WB families is applicable
2025-11-12 12:43:33,719 [INFO] Rule:225 - rule Change Default Value for USART for G4 family is applicable
2025-11-12 12:43:33,719 [INFO] Rule:225 - rule Change USART1CLockSelection refparam name for MP1 is applicable
2025-11-12 12:43:33,719 [INFO] Rule:225 - rule Change USART2CLockSelection refparam name for MP1 is applicable
2025-11-12 12:43:33,720 [INFO] Rule:225 - rule Change USART3CLockSelection refparam name for MP1 is applicable
2025-11-12 12:43:33,720 [INFO] Rule:225 - rule Change UART4CLockSelection refparam name for MP1 is applicable
2025-11-12 12:43:33,720 [INFO] Rule:225 - rule Change UART5CLockSelection refparam name for MP1 is applicable
2025-11-12 12:43:33,720 [INFO] Rule:225 - rule Change LPUART1CLockSelection refparam name for MP1 is applicable
2025-11-12 12:43:33,720 [INFO] Rule:225 - rule Change LPTIM1CLockSelection refparam name for MP1 is applicable
2025-11-12 12:43:33,720 [INFO] Rule:225 - rule Change LPTIM2CLockSelection refparam name for MP1 is applicable
2025-11-12 12:43:33,720 [INFO] Rule:225 - rule Change RCC_MCO1Source refparam name for MP1 is applicable
2025-11-12 12:43:33,720 [INFO] Rule:225 - rule Change LSCOSource1 refparam name for MP1 is applicable
2025-11-12 12:43:33,720 [INFO] Rule:225 - rule Change SMPSCLockSelection refparam name for MP1 is applicable
2025-11-12 12:43:33,721 [INFO] Rule:225 - rule Change LPTIM3CLockSelection refparam name for MP1 is applicable
2025-11-12 12:43:33,721 [INFO] Rule:225 - rule Change MPCBB* Default Template Mode to Parameters is applicable
2025-11-12 12:43:33,721 [INFO] Rule:225 - rule Change MPCWM* or MPCBB* Secure Mode to Parameters is applicable
2025-11-12 12:43:33,721 [INFO] Rule:225 - rule Change MPCWM* or MPCBB* No Secure Mode to Parameters is applicable
2025-11-12 12:43:33,721 [INFO] Rule:225 - rule Change TZSC IP Secure Mode to Parameters is applicable
2025-11-12 12:43:33,721 [INFO] Rule:225 - rule Change TZSC IP No Secure Mode to Parameters is applicable
2025-11-12 12:43:33,721 [INFO] Rule:225 - rule Change TZSC IP Privilege Mode to Parameters is applicable
2025-11-12 12:43:33,721 [INFO] Rule:225 - rule Change TZSC IP No Privilege Mode to Parameters is applicable
2025-11-12 12:43:33,721 [INFO] Rule:225 - rule Change TZIC IT Secure Mode to Parameters is applicable
2025-11-12 12:43:33,721 [INFO] Rule:225 - rule Change TZIC IT No Secure Mode to Parameters is applicable
2025-11-12 12:43:33,721 [INFO] Rule:225 - rule Add MPCBB1_NonSecureArea_Start_Address value with referenced to MPCBB1_NonSecureArea_Start value is applicable
2025-11-12 12:43:33,721 [INFO] Rule:225 - rule Add MPCBB2_NonSecureArea_Start_Address value with referenced to MPCBB2_NonSecureArea_Start value is applicable
2025-11-12 12:43:33,721 [INFO] Rule:225 - rule Add MPCWM1_NonSecureArea*_Start_Address value with referenced to MPCWM1_NonSecureArea*_Start value is applicable
2025-11-12 12:43:33,721 [INFO] Rule:225 - rule Add MPCWM2_NonSecureArea*_Start_Address value with referenced to MPCWM2_NonSecureArea*_Start value is applicable
2025-11-12 12:43:33,721 [INFO] Rule:225 - rule Add MPCWM3_NonSecureArea_Start_Address value with referenced to MPCWM3_NonSecureArea_Start value is applicable
2025-11-12 12:43:33,722 [INFO] Rule:225 - rule Change Default Value for PLL1UserDefinedConfig is applicable
2025-11-12 12:43:33,722 [INFO] Rule:225 - rule Change GPIO_PuPd Default Value for USART in async mode is applicable
2025-11-12 12:43:33,722 [INFO] Rule:225 - rule Change SMPSDivider Default Value is applicable
2025-11-12 12:43:33,722 [INFO] Rule:225 - rule OPAMP is applicable
2025-11-12 12:43:33,722 [INFO] Rule:225 - rule LPUART IPParameter rename Prescaler parameter to ClockPrescaler for STM32H7 is applicable
2025-11-12 12:43:33,722 [INFO] Rule:225 - rule LPUART IPParameter rename Prescaler parameter to ClockPrescaler for STM32H7 is applicable
2025-11-12 12:43:33,722 [INFO] Rule:225 - rule LPUART IPParameter rename Prescaler parameter to ClockPrescaler for STM32WB is applicable
2025-11-12 12:43:33,722 [INFO] Rule:225 - rule LPUART IPParameter rename Prescaler parameter to ClockPrescaler for STM32WB is applicable
2025-11-12 12:43:33,722 [INFO] Rule:225 - rule LPUART IPParameter rename Prescaler parameter to ClockPrescaler for STM32G4 is applicable
2025-11-12 12:43:33,722 [INFO] Rule:225 - rule LPUART IPParameter rename Prescaler parameter to ClockPrescaler for STM32G4 is applicable
2025-11-12 12:43:33,722 [INFO] Rule:225 - rule LPUART IPParameter rename Prescaler parameter to ClockPrescaler for STM32L5 is applicable
2025-11-12 12:43:33,722 [INFO] Rule:225 - rule LPUART IPParameter rename Prescaler parameter to ClockPrescaler for STM32L5 is applicable
2025-11-12 12:43:33,722 [INFO] Rule:225 - rule LPUART IPParameter rename Prescaler parameter to ClockPrescaler for STM32G4 is applicable
2025-11-12 12:43:33,745 [INFO] Rule:225 - rule LPUART IPParameter rename Prescaler parameter to ClockPrescaler for STM32G4 is applicable
2025-11-12 12:43:33,746 [INFO] Rule:225 - rule USB device lib V2.5.3 for L0 rename USBD_SUPPORT_USER_STRING parameter to USBD_SUPPORT_USER_STRING_DESC4 is applicable
2025-11-12 12:43:33,746 [INFO] Rule:225 - rule I2SCLockSelection clock entry align is applicable
2025-11-12 12:43:33,746 [INFO] Rule:225 - rule Assign TIMx context if used as SYS timebase is applicable
2025-11-12 12:43:33,746 [INFO] Rule:225 - rule Change GPIO_Pu Default Value for I2C is applicable
2025-11-12 12:43:33,746 [INFO] Rule:225 - rule Change GPIO_Pu Default Value for SMBus is applicable
2025-11-12 12:43:33,746 [INFO] Rule:225 - rule change FDCAN default value is applicable
2025-11-12 12:43:33,746 [INFO] Rule:225 - rule Change mode sai is applicable
2025-11-12 12:43:33,746 [INFO] Rule:225 - rule **Change sai mode is applicable
2025-11-12 12:43:33,746 [INFO] Rule:225 - rule Rename STM32WPAN CFG_BLE_IRK to CFG_BLE_IR is applicable
2025-11-12 12:43:33,746 [INFO] Rule:225 - rule Rename STM32WPAN CFG_BLE_ERK to CFG_BLE_ER is applicable
2025-11-12 12:43:33,746 [INFO] Rule:225 - rule Rename STM32WPAN CFG_BLE_IRK_HEX to CFG_BLE_IR_HEX is applicable
2025-11-12 12:43:33,746 [INFO] Rule:225 - rule Rename STM32WPAN CFG_BLE_ERK_HEX to CFG_BLE_ER_HEX is applicable
2025-11-12 12:43:33,746 [INFO] Rule:225 - rule Adapt Old IOC before rework replace old CORTEX_M33/CORTEX_M55 attributes by the new one. is applicable
2025-11-12 12:43:33,746 [INFO] Rule:225 - rule Rename parametre of RCC RCC_APBDBG_DIV2 to RCC_TIMPRES_DIV2 is applicable
2025-11-12 12:43:33,746 [INFO] Rule:225 - rule Rename DIE493 pin PA10 [PA12] -> PA10 is applicable
2025-11-12 12:43:33,747 [INFO] Rule:225 - rule Rename DIE493 pin PA9 [PA11] -> PA9 is applicable
2025-11-12 12:43:33,747 [INFO] Rule:225 - rule Adapt Old IOC CSI. is applicable
2025-11-12 12:43:33,765 [INFO] DbConfProperties:307 - Apply Compatibility (49/267 Rules)
2025-11-12 12:43:33,784 [INFO] ImportTextPane:218 - (OptionalMessage_ERROR) Unable to find key (Mcu.ThirdPartyNb) in loaded IOC file
2025-11-12 12:43:33,785 [INFO] ImportTextPane:218 - (OptionalMessage_ERROR) Pin12 (VP_RIF_VS_RIF1) cannot be retrieved for this MCU
2025-11-12 12:43:33,856 [INFO] RtosManager:558 - Registered RTOS mode: class=CMSIS, group=RTOS, mode=CMSIS_V1, owner=FREERTOS
2025-11-12 12:43:33,856 [INFO] RtosManager:558 - Registered RTOS mode: class=CMSIS, group=RTOS2, mode=CMSIS_V2, owner=FREERTOS
2025-11-12 12:43:33,857 [INFO] RtosManager:558 - Registered RTOS mode: class=RTOS, group=Core, mode=CMSIS_V1, owner=FREERTOS
2025-11-12 12:43:33,857 [INFO] RtosManager:558 - Registered RTOS mode: class=RTOS, group=Core, mode=CMSIS_V2, owner=FREERTOS
2025-11-12 12:43:33,857 [WARN] ModelIntegratedComponent:184 - Missing modes for component STMicroelectronics:FreeRTOS:0.0.1:STMicroelectronics:RTOS:FreeRTOS:Core:::10.2.0:
2025-11-12 12:43:33,882 [WARN] ModelIntegratedComponent:63 - No mode defined for component null
2025-11-12 12:43:33,883 [WARN] ModelIntegratedComponent:63 - No mode defined for component null
2025-11-12 12:43:33,883 [WARN] ModelIntegratedComponent:63 - No mode defined for component null
2025-11-12 12:43:33,883 [WARN] ModelIntegratedComponent:63 - No mode defined for component null
2025-11-12 12:43:33,883 [WARN] ModelIntegratedComponent:63 - No mode defined for component null
2025-11-12 12:43:33,883 [WARN] ModelIntegratedComponent:63 - No mode defined for component null
2025-11-12 12:43:33,883 [WARN] ModelIntegratedComponent:63 - No mode defined for component null
2025-11-12 12:43:33,883 [WARN] ModelIntegratedComponent:63 - No mode defined for component null
2025-11-12 12:43:33,883 [WARN] ModelIntegratedComponent:63 - No mode defined for component null
2025-11-12 12:43:33,883 [WARN] ModelIntegratedComponent:63 - No mode defined for component null
2025-11-12 12:43:33,883 [WARN] ModelIntegratedComponent:63 - No mode defined for component null
2025-11-12 12:43:33,883 [WARN] ModelIntegratedComponent:63 - No mode defined for component null
2025-11-12 12:43:33,883 [WARN] ModelIntegratedComponent:63 - No mode defined for component null
2025-11-12 12:43:33,883 [WARN] ModelIntegratedComponent:63 - No mode defined for component null
2025-11-12 12:43:33,883 [WARN] ModelIntegratedComponent:63 - No mode defined for component null
2025-11-12 12:43:33,883 [WARN] ModelIntegratedComponent:63 - No mode defined for component null
2025-11-12 12:43:33,883 [WARN] ModelIntegratedComponent:63 - No mode defined for component null
2025-11-12 12:43:33,883 [WARN] ModelIntegratedComponent:63 - No mode defined for component null
2025-11-12 12:43:33,883 [WARN] ModelIntegratedComponent:63 - No mode defined for component null
2025-11-12 12:43:33,883 [WARN] ModelIntegratedComponent:63 - No mode defined for component null
2025-11-12 12:43:33,883 [WARN] ModelIntegratedComponent:63 - No mode defined for component null
2025-11-12 12:43:33,883 [WARN] ModelIntegratedComponent:63 - No mode defined for component null
2025-11-12 12:43:33,883 [WARN] ModelIntegratedComponent:63 - No mode defined for component null
2025-11-12 12:43:33,883 [WARN] ModelIntegratedComponent:63 - No mode defined for component null
2025-11-12 12:43:33,883 [WARN] ModelIntegratedComponent:63 - No mode defined for component null
2025-11-12 12:43:33,883 [WARN] ModelIntegratedComponent:63 - No mode defined for component null
2025-11-12 12:43:33,884 [WARN] ModelIntegratedComponent:63 - No mode defined for component null
2025-11-12 12:43:33,884 [WARN] ModelIntegratedComponent:63 - No mode defined for component null
2025-11-12 12:43:33,884 [WARN] ModelIntegratedComponent:63 - No mode defined for component null
2025-11-12 12:43:33,884 [WARN] ModelIntegratedComponent:63 - No mode defined for component null
2025-11-12 12:43:33,884 [WARN] ModelIntegratedComponent:63 - No mode defined for component null
2025-11-12 12:43:33,884 [WARN] ModelIntegratedComponent:63 - No mode defined for component null
2025-11-12 12:43:33,884 [WARN] ModelIntegratedComponent:63 - No mode defined for component null
2025-11-12 12:43:33,884 [WARN] ModelIntegratedComponent:63 - No mode defined for component null
2025-11-12 12:43:33,884 [WARN] ModelIntegratedComponent:63 - No mode defined for component null
2025-11-12 12:43:33,884 [WARN] ModelPack:524 - Component already loaded: STMicroelectronics:HAL Drivers:0.0.0:STMicroelectronics:Device:STMicro_Driver:XSPI:HAL::0.0.1:HAL_XSPI
2025-11-12 12:43:34,018 [INFO] ThirdPartyModel:298 - Start build external matchings
2025-11-12 12:43:34,365 [INFO] ThirdPartyModel:316 - End build external matchings
2025-11-12 12:43:34,374 [INFO] ImportTextPane:218 - (OptionalMessage_ERROR) IP (RCC) : Invalid parameter (FamilyName)
2025-11-12 12:43:34,375 [INFO] ImportTextPane:218 - (OptionalMessage_ERROR) IP (RCC) : Parameter (RNGFreq_Value) has invalid value (64000000)
2025-11-12 12:43:34,375 [INFO] ImportTextPane:218 - (OptionalMessage_ERROR) IP (RCC) : Parameter (SDMMCFreq_Value) has invalid value (64000000)
2025-11-12 12:43:34,375 [INFO] ImportTextPane:218 - (OptionalMessage_ERROR) IP (RCC) : Parameter (USBFreq_Value) has invalid value (64000000)
2025-11-12 12:43:34,731 [INFO] UtilMem:75 - End LoadConfig() Used Memory: 1002931584 Bytes (1073741824)
2025-11-12 12:43:34,763 [WARN] ThirdParty:833 - waiting for thirdparty lock release [change project]
2025-11-12 12:43:34,764 [INFO] ThirdParty:835 - entering critical section [change project]
2025-11-12 12:43:34,764 [INFO] ThirdParty:1030 - CMSIS Pack Vendor :STMicroelectronics X-CUBE-PM33A1 1.0.0
2025-11-12 12:43:34,764 [INFO] ThirdParty:1030 - CMSIS Pack Vendor :STMicroelectronics USBPD 4.1
2025-11-12 12:43:34,764 [INFO] ThirdParty:1030 - CMSIS Pack Vendor :STMicroelectronics X-CUBE-NFC9 1.0.0
2025-11-12 12:43:34,764 [INFO] ThirdParty:1030 - CMSIS Pack Vendor :STMicroelectronics USB_HOST 2.0.0
2025-11-12 12:43:34,764 [INFO] ThirdParty:1030 - CMSIS Pack Vendor :STMicroelectronics FP-SNS-MOTENVWB1 1.4.0
2025-11-12 12:43:34,764 [INFO] ThirdParty:1030 - CMSIS Pack Vendor :STMicroelectronics X-CUBE-AZRTOS-F4 1.1.0
2025-11-12 12:43:34,764 [INFO] ThirdParty:1030 - CMSIS Pack Vendor :STMicroelectronics LIBJPEG 8.0.0
2025-11-12 12:43:34,764 [INFO] ThirdParty:1030 - CMSIS Pack Vendor :STMicroelectronics FP-ATR-ASTRA1 2.0.2
2025-11-12 12:43:34,764 [INFO] ThirdParty:1030 - CMSIS Pack Vendor :wolfSSL I-CUBE-wolfSSL 5.8.2
2025-11-12 12:43:34,764 [INFO] ThirdParty:1030 - CMSIS Pack Vendor :STMicroelectronics X-CUBE-BLE1 7.1.0
2025-11-12 12:43:34,764 [INFO] ThirdParty:1030 - CMSIS Pack Vendor :STMicroelectronics X-CUBE-SMBUS 2.1.0
2025-11-12 12:43:34,764 [INFO] ThirdParty:1030 - CMSIS Pack Vendor :wolfSSL I-CUBE-wolfMQTT 1.19.2
2025-11-12 12:43:34,765 [INFO] ThirdParty:1030 - CMSIS Pack Vendor :STMicroelectronics USB_DEVICE 3.0.0
2025-11-12 12:43:34,765 [INFO] ThirdParty:1030 - CMSIS Pack Vendor :STMicroelectronics X-CUBE-ISPU 2.1.0
2025-11-12 12:43:34,765 [INFO] ThirdParty:1030 - CMSIS Pack Vendor :STMicroelectronics X-CUBE-EEPRMA1 5.2.0
2025-11-12 12:43:34,765 [INFO] ThirdParty:1030 - CMSIS Pack Vendor :STMicroelectronics X-CUBE-BLEMGR 4.1.0
2025-11-12 12:43:34,765 [INFO] ThirdParty:1030 - CMSIS Pack Vendor :STMicroelectronics X-CUBE-AZRTOS-WB 2.0.0
2025-11-12 12:43:34,765 [INFO] ThirdParty:1030 - CMSIS Pack Vendor :STMicroelectronics X-CUBE-GNSS1 7.0.1
2025-11-12 12:43:34,765 [INFO] ThirdParty:1030 - CMSIS Pack Vendor :STMicroelectronics X-CUBE-NFC12 1.0.0
2025-11-12 12:43:34,765 [INFO] ThirdParty:1030 - CMSIS Pack Vendor :STMicroelectronics X-CUBE-AZRTOS-F7 1.1.0
2025-11-12 12:43:34,765 [INFO] ThirdParty:1030 - CMSIS Pack Vendor :STMicroelectronics X-CUBE-AZRTOS-L5 2.0.0
2025-11-12 12:43:34,765 [INFO] ThirdParty:1030 - CMSIS Pack Vendor :STMicroelectronics USB_DEVICE 2.0.0
2025-11-12 12:43:34,765 [INFO] ThirdParty:1030 - CMSIS Pack Vendor :STMicroelectronics X-CUBE-NFC6 3.1.0
2025-11-12 12:43:34,765 [INFO] ThirdParty:1030 - CMSIS Pack Vendor :Cesanta I-CUBE-Mongoose 7.19.0
2025-11-12 12:43:34,765 [INFO] ThirdParty:1030 - CMSIS Pack Vendor :quantropi X-CUBE-qispace-sdk-base 2.1.0
2025-11-12 12:43:34,765 [INFO] ThirdParty:1030 - CMSIS Pack Vendor :STMicroelectronics FreeRTOS 0.0.1
2025-11-12 12:43:34,765 [INFO] ThirdParty:1030 - CMSIS Pack Vendor :STMicroelectronics X-CUBE-AZRTOS-G0 1.1.0
2025-11-12 12:43:34,765 [INFO] ThirdParty:1030 - CMSIS Pack Vendor :STMicroelectronics X-CUBE-SAFEA1 1.2.2
2025-11-12 12:43:34,765 [INFO] ThirdParty:1030 - CMSIS Pack Vendor :STMicroelectronics X-CUBE-NFC4 3.0.0
2025-11-12 12:43:34,766 [INFO] ThirdParty:1030 - CMSIS Pack Vendor :STMicroelectronics X-CUBE-SUBG2 5.0.0
2025-11-12 12:43:34,766 [INFO] ThirdParty:1030 - CMSIS Pack Vendor :STMicroelectronics X-CUBE-AZRTOS-H7RS 1.1.0
2025-11-12 12:43:34,766 [INFO] ThirdParty:1030 - CMSIS Pack Vendor :STMicroelectronics STM32_WPAN 1.0.0
2025-11-12 12:43:34,766 [INFO] ThirdParty:1030 - CMSIS Pack Vendor :EmbeddedOffice I-CUBE-FS-RTOS 1.0.1
2025-11-12 12:43:34,766 [INFO] ThirdParty:1030 - CMSIS Pack Vendor :STMicroelectronics lwIP 2.0.3
2025-11-12 12:43:34,766 [INFO] ThirdParty:1030 - CMSIS Pack Vendor :STMicroelectronics USB_HOST 1.0.0
2025-11-12 12:43:34,766 [INFO] ThirdParty:1030 - CMSIS Pack Vendor :Infineon AIROC-Wi-Fi-Bluetooth-STM32 1.7.1
2025-11-12 12:43:34,766 [INFO] ThirdParty:1030 - CMSIS Pack Vendor :STMicroelectronics X-CUBE-AZRTOS-G4 2.0.0
2025-11-12 12:43:34,766 [INFO] ThirdParty:1030 - CMSIS Pack Vendor :STMicroelectronics X-CUBE-WB05N 2.0.0
2025-11-12 12:43:34,766 [INFO] ThirdParty:1030 - CMSIS Pack Vendor :STMicroelectronics PDM2PCM 3.1.0
2025-11-12 12:43:34,766 [INFO] ThirdParty:1030 - CMSIS Pack Vendor :STMicroelectronics PDM2PCM 3.3.0
2025-11-12 12:43:34,766 [INFO] ThirdParty:1030 - CMSIS Pack Vendor :wolfSSL I-CUBE-wolfTPM 3.8.0
2025-11-12 12:43:34,766 [INFO] ThirdParty:1030 - CMSIS Pack Vendor :STMicroelectronics X-CUBE-AZRTOS-H7 3.4.0
2025-11-12 12:43:34,766 [INFO] ThirdParty:1030 - CMSIS Pack Vendor :STMicroelectronics X-CUBE-DISPLAY 3.0.0
2025-11-12 12:43:34,766 [INFO] ThirdParty:1030 - CMSIS Pack Vendor :wolfSSL I-CUBE-wolfSSH 1.4.20
2025-11-12 12:43:34,766 [INFO] ThirdParty:1030 - CMSIS Pack Vendor :STMicroelectronics X-CUBE-NFC7 2.0.0
2025-11-12 12:43:34,766 [INFO] ThirdParty:1030 - CMSIS Pack Vendor :STMicroelectronics X-CUBE-TCPP 4.2.0
2025-11-12 12:43:34,767 [INFO] ThirdParty:1030 - CMSIS Pack Vendor :RealThread X-CUBE-RT-Thread_Nano 4.1.1
2025-11-12 12:43:34,767 [INFO] ThirdParty:1030 - CMSIS Pack Vendor :STMicroelectronics FP-ATR-SIGFOX1 3.2.0
2025-11-12 12:43:34,767 [INFO] ThirdParty:1030 - CMSIS Pack Vendor :STMicroelectronics X-CUBE-NFC10 1.0.0
2025-11-12 12:43:34,767 [INFO] ThirdParty:1030 - CMSIS Pack Vendor :STMicroelectronics X-CUBE-FREERTOS 1.3.1
2025-11-12 12:43:34,767 [INFO] ThirdParty:1030 - CMSIS Pack Vendor :STMicroelectronics HAL Drivers 0.0.0
2025-11-12 12:43:34,767 [INFO] ThirdParty:1030 - CMSIS Pack Vendor :STMicroelectronics MBEDTLS 2.16.2
2025-11-12 12:43:34,767 [INFO] ThirdParty:1030 - CMSIS Pack Vendor :STMicroelectronics X-CUBE-ST60 1.1.0
2025-11-12 12:43:34,767 [INFO] ThirdParty:1030 - CMSIS Pack Vendor :STMicroelectronics X-CUBE-ALS 1.0.2
2025-11-12 12:43:34,767 [INFO] ThirdParty:1030 - CMSIS Pack Vendor :emotas I-CUBE-CANOPEN 1.3.0
2025-11-12 12:43:34,767 [INFO] ThirdParty:1030 - CMSIS Pack Vendor :STMicroelectronics MBEDTLS 2.14.1
2025-11-12 12:43:34,767 [INFO] ThirdParty:1030 - CMSIS Pack Vendor :STMicroelectronics X-CUBE-GNSS1 7.1.0
2025-11-12 12:43:34,767 [INFO] ThirdParty:1030 - CMSIS Pack Vendor :ITTIA_DB I-CUBE-ITTIADB 8.9.0
2025-11-12 12:43:34,767 [INFO] ThirdParty:1030 - CMSIS Pack Vendor :STMicroelectronics X-CUBE-TOUCHGFX 4.26.0
2025-11-12 12:43:34,767 [INFO] ThirdParty:1030 - CMSIS Pack Vendor :STMicroelectronics X-CUBE-STSE01 1.0.0
2025-11-12 12:43:34,767 [INFO] ThirdParty:1030 - CMSIS Pack Vendor :STMicroelectronics X-CUBE-AI 10.2.0
2025-11-12 12:43:34,767 [INFO] ThirdParty:1030 - CMSIS Pack Vendor :STMicroelectronics FP-SNS-STAIOTCFT 1.0.0
2025-11-12 12:43:34,767 [INFO] ThirdParty:1030 - CMSIS Pack Vendor :STMicroelectronics ThreadX 1.0.0
2025-11-12 12:43:34,768 [INFO] ThirdParty:1030 - CMSIS Pack Vendor :STMicroelectronics FP-SNS-SMARTAG2 1.2.0
2025-11-12 12:43:34,768 [INFO] ThirdParty:1030 - CMSIS Pack Vendor :STMicroelectronics FP-SNS-FLIGHT1 5.1.0
2025-11-12 12:43:34,768 [INFO] ThirdParty:1030 - CMSIS Pack Vendor :STMicroelectronics X-CUBE-AZRTOS-WL 2.0.0
2025-11-12 12:43:34,768 [INFO] ThirdParty:1030 - CMSIS Pack Vendor :SEGGER I-CUBE-embOS 1.3.1
2025-11-12 12:43:34,768 [INFO] ThirdParty:1030 - CMSIS Pack Vendor :STMicroelectronics X-CUBE-ALGOBUILD 1.4.0
2025-11-12 12:43:34,768 [INFO] ThirdParty:1030 - CMSIS Pack Vendor :STMicroelectronics X-CUBE-DPower 1.3.0
2025-11-12 12:43:34,768 [INFO] ThirdParty:1030 - CMSIS Pack Vendor :STMicroelectronics X-CUBE-MEMS1 11.3.0
2025-11-12 12:43:34,768 [INFO] ThirdParty:1030 - CMSIS Pack Vendor :STMicroelectronics USB_DEVICE 1.0.0
2025-11-12 12:43:34,768 [INFO] ThirdParty:1030 - CMSIS Pack Vendor :STMicroelectronics X-CUBE-AZRTOS-L4 2.0.0
2025-11-12 12:43:34,768 [INFO] ThirdParty:1030 - CMSIS Pack Vendor :STMicroelectronics ThreadX 0.0.2
2025-11-12 12:43:34,768 [INFO] ThirdParty:1030 - CMSIS Pack Vendor :STMicroelectronics lwIP 2.1.2
2025-11-12 12:43:34,768 [INFO] ThirdParty:1030 - CMSIS Pack Vendor :STMicroelectronics X-CUBE-SFXS2LP1 4.0.0
2025-11-12 12:43:34,768 [INFO] ThirdParty:1030 - CMSIS Pack Vendor :STMicroelectronics X-CUBE-BLE2 3.3.0
2025-11-12 12:43:34,768 [INFO] ThirdParty:1030 - CMSIS Pack Vendor :Avnet-IOTCONNECT X-CUBE-iotc-st67-sdk 1.0.0
2025-11-12 12:43:34,768 [INFO] ThirdParty:1030 - CMSIS Pack Vendor :STMicroelectronics X-CUBE-TOF1 3.4.3
2025-11-12 12:43:34,768 [INFO] ThirdParty:1030 - CMSIS Pack Vendor :STMicroelectronics PDM2PCM 3.2.0
2025-11-12 12:43:34,768 [INFO] ThirdParty:841 - exiting critical section [change project]
2025-11-12 12:43:35,199 [INFO] PinOutPanel:1589 - setPackage(No Configuration,No Configuration)
2025-11-12 12:43:35,202 [INFO] PinOutPanel:1589 - setPackage(STM32L476RGTx,LQFP64)
2025-11-12 12:43:35,649 [INFO] UtilMem:75 - Before build in PCC Used Memory: 998661184 Bytes (1073741824)
2025-11-12 12:43:35,977 [INFO] UtilMem:75 - After build in PCC Used Memory: 942083168 Bytes (1073741824)
2025-11-12 12:43:36,000 [INFO] IPUIPlugin:80 - create IPUIPlugin
2025-11-12 12:43:36,000 [INFO] IPUIPlugin:80 - create IPUIPlugin
2025-11-12 12:43:36,000 [INFO] IPUIPlugin:80 - create IPUIPlugin
2025-11-12 12:43:36,000 [INFO] IPUIPlugin:80 - create IPUIPlugin
2025-11-12 12:43:36,000 [INFO] IPUIPlugin:80 - create IPUIPlugin
2025-11-12 12:43:36,000 [INFO] IPUIPlugin:80 - create IPUIPlugin
2025-11-12 12:43:36,000 [INFO] IPUIPlugin:80 - create IPUIPlugin
2025-11-12 12:43:36,001 [INFO] IPUIPlugin:80 - create IPUIPlugin
2025-11-12 12:43:36,001 [INFO] IPUIPlugin:80 - create IPUIPlugin
2025-11-12 12:43:36,001 [INFO] IPUIPlugin:80 - create IPUIPlugin
2025-11-12 12:43:36,001 [INFO] IPUIPlugin:80 - create IPUIPlugin
2025-11-12 12:43:36,001 [INFO] IPUIPlugin:80 - create IPUIPlugin
2025-11-12 12:43:36,001 [INFO] IPUIPlugin:80 - create IPUIPlugin
2025-11-12 12:43:36,001 [INFO] IPUIPlugin:80 - create IPUIPlugin
2025-11-12 12:43:36,001 [INFO] IPUIPlugin:80 - create IPUIPlugin
2025-11-12 12:43:36,001 [INFO] IPUIPlugin:80 - create IPUIPlugin
2025-11-12 12:43:36,001 [INFO] IPUIPlugin:80 - create IPUIPlugin
2025-11-12 12:43:36,001 [INFO] IPUIPlugin:80 - create IPUIPlugin
2025-11-12 12:43:36,002 [INFO] IPUIPlugin:80 - create IPUIPlugin
2025-11-12 12:43:36,002 [INFO] IPUIPlugin:80 - create IPUIPlugin
2025-11-12 12:43:36,002 [INFO] IPUIPlugin:80 - create IPUIPlugin
2025-11-12 12:43:36,002 [INFO] IPUIPlugin:80 - create IPUIPlugin
2025-11-12 12:43:36,003 [INFO] IPUIPlugin:80 - create IPUIPlugin
2025-11-12 12:43:36,003 [INFO] IPUIPlugin:80 - create IPUIPlugin
2025-11-12 12:43:36,003 [INFO] IPUIPlugin:80 - create IPUIPlugin
2025-11-12 12:43:36,003 [INFO] IPUIPlugin:80 - create IPUIPlugin
2025-11-12 12:43:36,003 [INFO] IPUIPlugin:80 - create IPUIPlugin
2025-11-12 12:43:36,004 [INFO] IPUIPlugin:80 - create IPUIPlugin
2025-11-12 12:43:36,004 [INFO] IPUIPlugin:80 - create IPUIPlugin
2025-11-12 12:43:36,005 [INFO] IPUIPlugin:80 - create IPUIPlugin
2025-11-12 12:43:36,005 [INFO] IPUIPlugin:80 - create IPUIPlugin
2025-11-12 12:43:36,005 [INFO] IPUIPlugin:80 - create IPUIPlugin
2025-11-12 12:43:36,005 [INFO] IPUIPlugin:80 - create IPUIPlugin
2025-11-12 12:43:36,006 [INFO] IPUIPlugin:80 - create IPUIPlugin
2025-11-12 12:43:36,006 [INFO] IPUIPlugin:80 - create IPUIPlugin
2025-11-12 12:43:36,006 [INFO] IPUIPlugin:80 - create IPUIPlugin
2025-11-12 12:43:36,006 [INFO] IPUIPlugin:80 - create IPUIPlugin
2025-11-12 12:43:36,007 [INFO] IPUIPlugin:80 - create IPUIPlugin
2025-11-12 12:43:36,007 [INFO] IPUIPlugin:80 - create IPUIPlugin
2025-11-12 12:43:36,007 [INFO] IPUIPlugin:80 - create IPUIPlugin
2025-11-12 12:43:36,008 [INFO] IPUIPlugin:80 - create IPUIPlugin
2025-11-12 12:43:36,008 [INFO] IPUIPlugin:80 - create IPUIPlugin
2025-11-12 12:43:36,008 [INFO] IPUIPlugin:80 - create IPUIPlugin
2025-11-12 12:43:36,008 [INFO] IPUIPlugin:80 - create IPUIPlugin
2025-11-12 12:43:36,009 [INFO] IPUIPlugin:80 - create IPUIPlugin
2025-11-12 12:43:36,009 [INFO] IPUIPlugin:80 - create IPUIPlugin
2025-11-12 12:43:36,009 [INFO] IPUIPlugin:80 - create IPUIPlugin
2025-11-12 12:43:36,010 [INFO] IPUIPlugin:80 - create IPUIPlugin
2025-11-12 12:43:36,010 [INFO] IPUIPlugin:80 - create IPUIPlugin
2025-11-12 12:43:36,011 [INFO] IPUIPlugin:80 - create IPUIPlugin
2025-11-12 12:43:36,011 [INFO] IPUIPlugin:80 - create IPUIPlugin
2025-11-12 12:43:36,011 [INFO] IPUIPlugin:80 - create IPUIPlugin
2025-11-12 12:43:36,012 [INFO] IPUIPlugin:80 - create IPUIPlugin
2025-11-12 12:43:36,012 [INFO] IPUIPlugin:80 - create IPUIPlugin
2025-11-12 12:43:36,012 [INFO] IPUIPlugin:80 - create IPUIPlugin
2025-11-12 12:43:36,013 [INFO] IPUIPlugin:80 - create IPUIPlugin
2025-11-12 12:43:36,013 [INFO] IPUIPlugin:80 - create IPUIPlugin
2025-11-12 12:43:36,014 [INFO] IPUIPlugin:80 - create IPUIPlugin
2025-11-12 12:43:36,014 [INFO] IPUIPlugin:80 - create IPUIPlugin
2025-11-12 12:43:36,097 [INFO] CADModel:165 - CPN selected for project levelSTM32L476RGT3
2025-11-12 12:43:36,098 [INFO] CADModel:114 - Register for checkConnection events
2025-11-12 12:43:36,147 [INFO] OpenFileManager:385 - Restore cursor
2025-11-12 12:43:36,633 [INFO] UtilMem:75 - End SaveConfig() Used Memory: 965894024 Bytes (1073741824)
2025-11-12 12:43:36,762 [INFO] UtilMem:75 - End SaveConfig() Used Memory: 992169544 Bytes (1073741824)
2025-11-12 12:43:37,354 [INFO] BlockDiagram:2775 - set Specific Code input for plugin: SYS
2025-11-12 12:43:37,354 [INFO] BlockDiagram:2775 - set Specific Code input for plugin: RCC
2025-11-12 12:43:37,354 [INFO] BlockDiagram:2775 - set Specific Code input for plugin: NVIC
2025-11-12 12:43:37,354 [INFO] BlockDiagram:2775 - set Specific Code input for plugin: USART
2025-11-12 12:43:37,355 [INFO] BlockDiagram:2775 - set Specific Code input for plugin: GPIO
2025-11-12 12:43:37,359 [INFO] CodeGenerator:882 - code generatio: config db path: C:\ST\STM32CubeIDE_1.18.1\STM32CubeIDE\plugins\com.st.stm32cube.common.mx_6.14.1.202504091515\\db\
2025-11-12 12:43:37,561 [INFO] CodeEngine:263 - oldGeneratedFile, C:\stm32\41_external_flash\MXTmpFiles\license.tmp_save
2025-11-12 12:43:38,018 [INFO] CodeEngine:287 - Generated code: C:\stm32\41_external_flash\MXTmpFiles\license.tmp
2025-11-12 12:43:38,132 [INFO] CodeEngine:263 - oldGeneratedFile, C:\stm32\41_external_flash\MXTmpFiles\gpio.tmp_save
2025-11-12 12:43:38,319 [INFO] CodeEngine:287 - Generated code: C:\stm32\41_external_flash\MXTmpFiles\gpio.tmp
2025-11-12 12:43:38,471 [INFO] CodeEngine:263 - oldGeneratedFile, C:\stm32\41_external_flash\Core\Src\stm32l4xx_it.c_save
2025-11-12 12:43:38,591 [INFO] CodeEngine:287 - Generated code: C:\stm32\41_external_flash\Core\Src\stm32l4xx_it.c
2025-11-12 12:43:38,598 [INFO] CodeEngine:263 - oldGeneratedFile, C:\stm32\41_external_flash\Core\Inc\stm32l4xx_it.h_save
2025-11-12 12:43:38,675 [INFO] CodeEngine:287 - Generated code: C:\stm32\41_external_flash\Core\Inc\stm32l4xx_it.h
2025-11-12 12:43:38,691 [INFO] CodeEngine:263 - oldGeneratedFile, C:\stm32\41_external_flash\Core\Src\stm32l4xx_hal_msp.c_save
2025-11-12 12:43:38,817 [INFO] CodeEngine:287 - Generated code: C:\stm32\41_external_flash\Core\Src\stm32l4xx_hal_msp.c
2025-11-12 12:43:38,823 [INFO] CodeEngine:263 - oldGeneratedFile, C:\stm32\41_external_flash\MXTmpFiles\system.tmp_save
2025-11-12 12:43:38,911 [INFO] CodeEngine:287 - Generated code: C:\stm32\41_external_flash\MXTmpFiles\system.tmp
2025-11-12 12:43:38,922 [INFO] CodeEngine:319 - oldGeneratedFile, C:\stm32\41_external_flash\Core\Inc\stm32l4xx_hal_conf.h_save
2025-11-12 12:43:38,991 [INFO] CodeEngine:343 - Generated code: C:\stm32\41_external_flash\Core\Inc\stm32l4xx_hal_conf.h
2025-11-12 12:43:39,051 [INFO] ApiDbMcu:508 - Load IP Config File for USART2
2025-11-12 12:43:39,057 [INFO] ApiDbMcu:508 - Load IP Config File for RCC
2025-11-12 12:43:39,069 [INFO] CodeEngine:263 - oldGeneratedFile, C:\stm32\41_external_flash\Core\Inc\main.h_save
2025-11-12 12:43:39,156 [INFO] CodeEngine:287 - Generated code: C:\stm32\41_external_flash\Core\Inc\main.h
2025-11-12 12:43:39,161 [INFO] CodeEngine:263 - oldGeneratedFile, C:\stm32\41_external_flash\Core\Src\main.c_save
2025-11-12 12:43:39,281 [INFO] CodeEngine:287 - Generated code: C:\stm32\41_external_flash\Core\Src\main.c
2025-11-12 12:43:39,805 [INFO] ProjectBuilder:3324 - Time for Copy HAL[1] : 324mS.
2025-11-12 12:43:39,812 [INFO] ProjectBuilder:4912 - Project Generator version: 4.6.0.1-B1
2025-11-12 12:43:39,919 [INFO] ConfigFileManager:1590 - The Die is : DIE415
2025-11-12 12:43:39,929 [INFO] ApiDbMcu:508 - Load IP Config File for FATFS
2025-11-12 12:43:39,934 [INFO] ApiDbMcu:508 - Load IP Config File for FREERTOS
2025-11-12 12:43:39,947 [INFO] ApiDbMcu:508 - Load IP Config File for TOUCHSENSING
2025-11-12 12:43:39,956 [INFO] ApiDbMcu:508 - Load IP Config File for USB_DEVICE
2025-11-12 12:43:39,959 [INFO] ApiDbMcu:508 - Load IP Config File for USB_HOST
2025-11-12 12:43:40,409 [INFO] LogOutputStream:77 - [STDOUT_REDIRECT] 
2025-11-12 12:43:43,085 [INFO] ProjectBuilder:5191 - Time for Generating toolchain IDE Files: 3273mS.
2025-11-12 12:43:43,086 [INFO] ProjectBuilder:3181 - Time for Copy CMSIS : 1mS.
2025-11-12 12:43:43,090 [INFO] ProjectBuilder:3181 - Time for Copy CMSIS : 0mS.
2025-11-12 12:43:43,783 [INFO] McuFinderGlobals:76 - Set McuFinderConnectedMode to true
2025-11-12 12:43:43,786 [INFO] ApiDb:448 - Save user favorites file C:\Users\siree/.stm32cubeide/favorites.mcus.txt: 0 item(s)
2025-11-12 12:43:43,787 [INFO] ApiDb:452 - User favorites MCUs=[]
2025-11-12 12:43:43,790 [INFO] ApiDb:448 - Save user favorites file C:\Users\siree/.stm32cubeide/favorites.boards.txt: 0 item(s)
2025-11-12 12:43:43,791 [INFO] ApiDb:452 - User favorites Boards=[]
2025-11-12 12:47:46,474 [INFO] UtilMem:75 - End SaveConfig() Used Memory: 1003662232 Bytes (1073741824)
2025-11-12 12:47:48,495 [INFO] UtilMem:75 - End SaveConfig() Used Memory: 637340776 Bytes (1073741824)
2025-11-12 12:47:53,607 [INFO] UtilMem:75 - End SaveConfig() Used Memory: 744650208 Bytes (1073741824)
2025-11-12 12:47:53,801 [INFO] BlockDiagram:2775 - set Specific Code input for plugin: SYS
2025-11-12 12:47:53,801 [INFO] BlockDiagram:2775 - set Specific Code input for plugin: RCC
2025-11-12 12:47:53,802 [INFO] BlockDiagram:2775 - set Specific Code input for plugin: NVIC
2025-11-12 12:47:53,802 [INFO] BlockDiagram:2775 - set Specific Code input for plugin: USART
2025-11-12 12:47:53,802 [INFO] BlockDiagram:2775 - set Specific Code input for plugin: GPIO
2025-11-12 12:47:53,804 [INFO] CodeGenerator:882 - code generatio: config db path: C:\ST\STM32CubeIDE_1.18.1\STM32CubeIDE\plugins\com.st.stm32cube.common.mx_6.14.1.202504091515\\db\
2025-11-12 12:47:53,906 [INFO] CodeEngine:263 - oldGeneratedFile, C:\stm32\41_external_flash\MXTmpFiles\license.tmp_save
2025-11-12 12:47:54,027 [INFO] CodeEngine:287 - Generated code: C:\stm32\41_external_flash\MXTmpFiles\license.tmp
2025-11-12 12:47:54,054 [INFO] CodeEngine:263 - oldGeneratedFile, C:\stm32\41_external_flash\MXTmpFiles\gpio.tmp_save
2025-11-12 12:47:54,131 [INFO] CodeEngine:287 - Generated code: C:\stm32\41_external_flash\MXTmpFiles\gpio.tmp
2025-11-12 12:47:54,207 [INFO] CodeEngine:263 - oldGeneratedFile, C:\stm32\41_external_flash\Core\Src\stm32l4xx_it.c_save
2025-11-12 12:47:54,361 [INFO] CodeEngine:287 - Generated code: C:\stm32\41_external_flash\Core\Src\stm32l4xx_it.c
2025-11-12 12:47:54,367 [INFO] CodeEngine:263 - oldGeneratedFile, C:\stm32\41_external_flash\Core\Inc\stm32l4xx_it.h_save
2025-11-12 12:47:54,429 [INFO] CodeEngine:287 - Generated code: C:\stm32\41_external_flash\Core\Inc\stm32l4xx_it.h
2025-11-12 12:47:54,443 [INFO] CodeEngine:263 - oldGeneratedFile, C:\stm32\41_external_flash\Core\Src\stm32l4xx_hal_msp.c_save
2025-11-12 12:47:54,568 [INFO] CodeEngine:287 - Generated code: C:\stm32\41_external_flash\Core\Src\stm32l4xx_hal_msp.c
2025-11-12 12:47:54,574 [INFO] CodeEngine:263 - oldGeneratedFile, C:\stm32\41_external_flash\MXTmpFiles\system.tmp_save
2025-11-12 12:47:54,653 [INFO] CodeEngine:287 - Generated code: C:\stm32\41_external_flash\MXTmpFiles\system.tmp
2025-11-12 12:47:54,670 [INFO] CodeEngine:319 - oldGeneratedFile, C:\stm32\41_external_flash\Core\Inc\stm32l4xx_hal_conf.h_save
2025-11-12 12:47:54,738 [INFO] CodeEngine:343 - Generated code: C:\stm32\41_external_flash\Core\Inc\stm32l4xx_hal_conf.h
2025-11-12 12:47:54,777 [INFO] CodeEngine:263 - oldGeneratedFile, C:\stm32\41_external_flash\Core\Inc\main.h_save
2025-11-12 12:47:54,864 [INFO] CodeEngine:287 - Generated code: C:\stm32\41_external_flash\Core\Inc\main.h
2025-11-12 12:47:54,873 [INFO] CodeEngine:263 - oldGeneratedFile, C:\stm32\41_external_flash\Core\Src\main.c_save
2025-11-12 12:47:54,961 [INFO] CodeEngine:287 - Generated code: C:\stm32\41_external_flash\Core\Src\main.c
2025-11-12 12:47:55,426 [INFO] ProjectBuilder:3324 - Time for Copy HAL[1] : 250mS.
2025-11-12 12:47:55,430 [INFO] ProjectBuilder:4912 - Project Generator version: 4.6.0.1-B1
2025-11-12 12:47:55,527 [INFO] ConfigFileManager:1590 - The Die is : DIE415
2025-11-12 12:47:56,458 [INFO] ProjectBuilder:5191 - Time for Generating toolchain IDE Files: 1027mS.
2025-11-12 12:47:56,460 [INFO] ProjectBuilder:3181 - Time for Copy CMSIS : 2mS.
2025-11-12 12:47:56,463 [INFO] ProjectBuilder:3181 - Time for Copy CMSIS : 0mS.
2025-11-12 13:00:48,242 [INFO] WebApp:194 - Connection lost
2025-11-12 13:00:48,851 [INFO] WebApp:191 - Connection restablished
2025-11-12 14:02:25,990 [INFO] WebApp:194 - Connection lost
2025-11-12 14:02:28,635 [INFO] WebApp:191 - Connection restablished
2025-11-12 14:02:30,386 [INFO] WebApp:194 - Connection lost
2025-11-12 14:02:30,567 [INFO] WebApp:191 - Connection restablished
2025-11-12 14:40:43,569 [INFO] LogOutputStream:77 - [STDOUT_REDIRECT] StartTraceHandler.execute(), success : Collect=true
2025-11-12 15:02:30,577 [INFO] WebApp:194 - Connection lost
2025-11-12 15:02:31,305 [INFO] WebApp:191 - Connection restablished
2025-11-12 15:10:54,180 [INFO] MainUpdater:2872 - connection check result : 10
2025-11-12 15:10:54,180 [INFO] MainUpdater:2872 - connection check result : 10
2025-11-12 15:10:54,229 [ERROR] IocParser:57 - IOException caught: C:\stm32\41_external_flash\41_external_flash.ioc (The system cannot find the path specified)
2025-11-12 15:10:54,232 [ERROR] PeripheralListParser:95 - Something went wrong with ioc file reading: C:\stm32\41_external_flash\41_external_flash.ioc (The system cannot find the path specified)
2025-11-12 15:10:54,234 [ERROR] RegexParser:59 - Issue caught when parsing regex: C:\stm32\41_external_flash\41_external_flash.ioc (The system cannot find the path specified)
2025-11-12 15:10:54,351 [INFO] MicroXplorer:468 - Change Database Path : 
2025-11-12 15:10:54,351 [INFO] MicroXplorer:498 - Change Database Version : DB.6.0.141
2025-11-12 15:10:54,430 [ERROR] ProjectManagerView:395 - 
java.lang.NullPointerException: Cannot invoke "javax.swing.JTextField.getText()" because the return value of "java.util.List.get(int)" is null
	at com.st.microxplorer.plugins.projectmanager.gui.ProjectChoiceTab$9.caretUpdate(ProjectChoiceTab.java:2678) ~[filemanager.jar:?]
	at javax.swing.text.JTextComponent.fireCaretUpdate(JTextComponent.java:408) ~[?:?]
	at javax.swing.text.JTextComponent$MutableCaretEvent.fire(JTextComponent.java:4484) ~[?:?]
	at javax.swing.text.JTextComponent$MutableCaretEvent.stateChanged(JTextComponent.java:4506) ~[?:?]
	at javax.swing.text.DefaultCaret.fireStateChanged(DefaultCaret.java:857) ~[?:?]
	at javax.swing.text.DefaultCaret.changeCaretPosition(DefaultCaret.java:1343) ~[?:?]
	at javax.swing.text.DefaultCaret.handleSetDot(DefaultCaret.java:1242) ~[?:?]
	at javax.swing.text.DefaultCaret.setDot(DefaultCaret.java:1223) ~[?:?]
	at javax.swing.text.DefaultCaret$Handler.insertUpdate(DefaultCaret.java:1819) ~[?:?]
	at javax.swing.text.AbstractDocument.fireInsertUpdate(AbstractDocument.java:227) ~[?:?]
	at javax.swing.text.AbstractDocument.handleInsertString(AbstractDocument.java:781) ~[?:?]
	at javax.swing.text.AbstractDocument.insertString(AbstractDocument.java:740) ~[?:?]
	at javax.swing.text.PlainDocument.insertString(PlainDocument.java:131) ~[?:?]
	at javax.swing.text.AbstractDocument.replace(AbstractDocument.java:699) ~[?:?]
	at javax.swing.text.JTextComponent.setText(JTextComponent.java:1725) ~[?:?]
	at com.st.microxplorer.plugins.projectmanager.gui.ProjectChoiceTab.createHeapStackFields(ProjectChoiceTab.java:979) ~[filemanager.jar:?]
	at com.st.microxplorer.plugins.projectmanager.gui.ProjectChoiceTab.buildLinkSettingsPanel(ProjectChoiceTab.java:3766) ~[filemanager.jar:?]
	at com.st.microxplorer.plugins.projectmanager.gui.ProjectChoiceTab.defineWindowsFields(ProjectChoiceTab.java:1962) ~[filemanager.jar:?]
	at com.st.microxplorer.plugins.projectmanager.gui.ProjectChoiceTab.updateSettings(ProjectChoiceTab.java:555) ~[filemanager.jar:?]
	at com.st.microxplorer.plugins.projectmanager.gui.ProjectSettingsPanel.UpdateDialog(ProjectSettingsPanel.java:245) ~[filemanager.jar:?]
	at com.st.microxplorer.plugins.projectmanager.ProjectManagerView.propertyChange(ProjectManagerView.java:392) ~[filemanager.jar:?]
	at java.beans.PropertyChangeSupport.fire(PropertyChangeSupport.java:343) ~[?:?]
	at java.beans.PropertyChangeSupport.firePropertyChange(PropertyChangeSupport.java:335) ~[?:?]
	at java.beans.PropertyChangeSupport.firePropertyChange(PropertyChangeSupport.java:268) ~[?:?]
	at com.st.microxplorer.util.MXPropertyChangeSupport.firePropertyChange(MXPropertyChangeSupport.java:54) ~[STM32CubeMX.jar:?]
	at com.st.microxplorer.mxsystem.MxSystem.closeConfig(MxSystem.java:899) ~[STM32CubeMX.jar:?]
	at com.st.microxplorer.maingui.MainPanel.closeConfig(MainPanel.java:789) ~[STM32CubeMX.jar:?]
	at com.st.microxplorer.plugins.filemanager.engine.OpenFileManager.loadConfigurationFile(OpenFileManager.java:287) ~[filemanager.jar:?]
	at com.st.microxplorer.plugins.filemanager.engine.MainFileManager.userLoadConfig(MainFileManager.java:341) ~[filemanager.jar:?]
	at com.st.microxplorer.plugins.filemanager.engine.MainFileManager.userLoadConfig(MainFileManager.java:319) ~[filemanager.jar:?]
	at com.st.microxplorer.plugins.filemanager.FileManagerView.getSpecificTask(FileManagerView.java:246) ~[filemanager.jar:?]
	at com.st.stm32cube.common.mx.editor.CubeMxEditor.getMxTabbedPaneInstance(CubeMxEditor.java:1198) ~[com.st.stm32cube.common.mx_6.14.1.202504091515/:?]
	at com.st.stm32cube.common.mx.editor.CubeMxEditor$12$1.createSwingComponent(CubeMxEditor.java:1068) ~[com.st.stm32cube.common.mx_6.14.1.202504091515/:?]
	at com.st.stm32cube.common.mx.oss.core.awtswtbridge.EmbeddedSwingComposite.doComponentCreation(EmbeddedSwingComposite.java:492) ~[com.st.stm32cube.common.mx.oss_6.14.1.202504091515/:?]
	at com.st.stm32cube.common.mx.oss.core.awtswtbridge.EmbeddedSwingComposite$4.run(EmbeddedSwingComposite.java:291) ~[com.st.stm32cube.common.mx.oss_6.14.1.202504091515/:?]
	at com.st.stm32cube.common.mx.oss.core.awtswtbridge.AwtEnvironment$2.run(AwtEnvironment.java:166) ~[com.st.stm32cube.common.mx.oss_6.14.1.202504091515/:?]
	at java.awt.event.InvocationEvent.dispatch(InvocationEvent.java:318) ~[?:?]
	at java.awt.EventQueue.dispatchEventImpl(EventQueue.java:773) ~[?:?]
	at java.awt.EventQueue$4.run(EventQueue.java:720) ~[?:?]
	at java.awt.EventQueue$4.run(EventQueue.java:714) ~[?:?]
	at java.security.AccessController.doPrivileged(AccessController.java:400) ~[?:?]
	at java.security.ProtectionDomain$JavaSecurityAccessImpl.doIntersectionPrivilege(ProtectionDomain.java:87) ~[?:?]
	at java.awt.EventQueue.dispatchEvent(EventQueue.java:742) ~[?:?]
	at java.awt.EventDispatchThread.pumpOneEventForFilters(EventDispatchThread.java:203) ~[?:?]
	at java.awt.EventDispatchThread.pumpEventsForFilter(EventDispatchThread.java:124) ~[?:?]
	at java.awt.EventDispatchThread.pumpEventsForHierarchy(EventDispatchThread.java:113) ~[?:?]
	at java.awt.EventDispatchThread.pumpEvents(EventDispatchThread.java:109) ~[?:?]
	at java.awt.EventDispatchThread.pumpEvents(EventDispatchThread.java:101) ~[?:?]
	at java.awt.EventDispatchThread.run(EventDispatchThread.java:90) ~[?:?]
2025-11-12 15:10:54,445 [WARN] ThirdParty:871 - waiting for thirdparty lock release [close project]
2025-11-12 15:10:54,445 [INFO] ThirdParty:873 - entering critical section [close project]
2025-11-12 15:10:54,445 [INFO] ThirdParty:883 - exiting critical section [close project]
2025-11-12 15:10:54,451 [INFO] PinOutPanel:1589 - setPackage(No Configuration,No Configuration)
2025-11-12 15:10:54,472 [INFO] UtilMem:75 - Begin LoadConfig() Used Memory: 643433880 Bytes (1073741824)
2025-11-12 15:10:54,473 [INFO] MicroXplorer:468 - Change Database Path : 
2025-11-12 15:10:54,473 [INFO] MicroXplorer:498 - Change Database Version : DB.6.0.141
2025-11-12 15:10:54,474 [INFO] OpenFileManager:354 - Change cursor
2025-11-12 15:10:54,520 [INFO] RulesReader:64 - Compatibility file has been processed (302 Rules)
2025-11-12 15:10:54,536 [INFO] Mcu:2011 - Initializing MCU STM32L476R(C-E-G)Tx STM32L476RGTx STM32L476RGT3
2025-11-12 15:10:56,519 [INFO] Context:756 - Trying to add GPIOservice into a context  which must be forbidden
2025-11-12 15:10:57,652 [INFO] ImportTextPane:218 - (OptionalMessage_ERROR) Pin14 (VP_RIF_VS_RIF1) cannot be retrieved for this MCU
2025-11-12 15:10:57,712 [INFO] RtosManager:558 - Registered RTOS mode: class=CMSIS, group=RTOS, mode=CMSIS_V1, owner=FREERTOS
2025-11-12 15:10:57,712 [INFO] RtosManager:558 - Registered RTOS mode: class=CMSIS, group=RTOS2, mode=CMSIS_V2, owner=FREERTOS
2025-11-12 15:10:57,712 [INFO] RtosManager:558 - Registered RTOS mode: class=RTOS, group=Core, mode=CMSIS_V1, owner=FREERTOS
2025-11-12 15:10:57,712 [INFO] RtosManager:558 - Registered RTOS mode: class=RTOS, group=Core, mode=CMSIS_V2, owner=FREERTOS
2025-11-12 15:10:57,712 [WARN] ModelIntegratedComponent:184 - Missing modes for component STMicroelectronics:FreeRTOS:0.0.1:STMicroelectronics:RTOS:FreeRTOS:Core:::10.2.0:
2025-11-12 15:10:57,750 [WARN] ModelIntegratedComponent:63 - No mode defined for component null
2025-11-12 15:10:57,750 [WARN] ModelIntegratedComponent:63 - No mode defined for component null
2025-11-12 15:10:57,750 [WARN] ModelIntegratedComponent:63 - No mode defined for component null
2025-11-12 15:10:57,750 [WARN] ModelIntegratedComponent:63 - No mode defined for component null
2025-11-12 15:10:57,750 [WARN] ModelIntegratedComponent:63 - No mode defined for component null
2025-11-12 15:10:57,750 [WARN] ModelIntegratedComponent:63 - No mode defined for component null
2025-11-12 15:10:57,750 [WARN] ModelIntegratedComponent:63 - No mode defined for component null
2025-11-12 15:10:57,750 [WARN] ModelIntegratedComponent:63 - No mode defined for component null
2025-11-12 15:10:57,751 [WARN] ModelIntegratedComponent:63 - No mode defined for component null
2025-11-12 15:10:57,751 [WARN] ModelIntegratedComponent:63 - No mode defined for component null
2025-11-12 15:10:57,751 [WARN] ModelIntegratedComponent:63 - No mode defined for component null
2025-11-12 15:10:57,751 [WARN] ModelIntegratedComponent:63 - No mode defined for component null
2025-11-12 15:10:57,752 [WARN] ModelIntegratedComponent:63 - No mode defined for component null
2025-11-12 15:10:57,752 [WARN] ModelIntegratedComponent:63 - No mode defined for component null
2025-11-12 15:10:57,752 [WARN] ModelIntegratedComponent:63 - No mode defined for component null
2025-11-12 15:10:57,752 [WARN] ModelIntegratedComponent:63 - No mode defined for component null
2025-11-12 15:10:57,752 [WARN] ModelIntegratedComponent:63 - No mode defined for component null
2025-11-12 15:10:57,752 [WARN] ModelIntegratedComponent:63 - No mode defined for component null
2025-11-12 15:10:57,752 [WARN] ModelIntegratedComponent:63 - No mode defined for component null
2025-11-12 15:10:57,752 [WARN] ModelIntegratedComponent:63 - No mode defined for component null
2025-11-12 15:10:57,752 [WARN] ModelIntegratedComponent:63 - No mode defined for component null
2025-11-12 15:10:57,752 [WARN] ModelIntegratedComponent:63 - No mode defined for component null
2025-11-12 15:10:57,753 [WARN] ModelIntegratedComponent:63 - No mode defined for component null
2025-11-12 15:10:57,753 [WARN] ModelIntegratedComponent:63 - No mode defined for component null
2025-11-12 15:10:57,753 [WARN] ModelIntegratedComponent:63 - No mode defined for component null
2025-11-12 15:10:57,753 [WARN] ModelIntegratedComponent:63 - No mode defined for component null
2025-11-12 15:10:57,753 [WARN] ModelIntegratedComponent:63 - No mode defined for component null
2025-11-12 15:10:57,753 [WARN] ModelIntegratedComponent:63 - No mode defined for component null
2025-11-12 15:10:57,753 [WARN] ModelIntegratedComponent:63 - No mode defined for component null
2025-11-12 15:10:57,753 [WARN] ModelIntegratedComponent:63 - No mode defined for component null
2025-11-12 15:10:57,753 [WARN] ModelIntegratedComponent:63 - No mode defined for component null
2025-11-12 15:10:57,753 [WARN] ModelIntegratedComponent:63 - No mode defined for component null
2025-11-12 15:10:57,753 [WARN] ModelIntegratedComponent:63 - No mode defined for component null
2025-11-12 15:10:57,753 [WARN] ModelIntegratedComponent:63 - No mode defined for component null
2025-11-12 15:10:57,753 [WARN] ModelIntegratedComponent:63 - No mode defined for component null
2025-11-12 15:10:57,753 [WARN] ModelPack:524 - Component already loaded: STMicroelectronics:HAL Drivers:0.0.0:STMicroelectronics:Device:STMicro_Driver:XSPI:HAL::0.0.1:HAL_XSPI
2025-11-12 15:10:57,912 [INFO] ThirdPartyModel:298 - Start build external matchings
2025-11-12 15:10:58,358 [INFO] ThirdPartyModel:316 - End build external matchings
2025-11-12 15:10:58,372 [INFO] ImportTextPane:218 - (OptionalMessage_ERROR) IP (RCC) : Invalid parameter (FamilyName)
2025-11-12 15:10:58,373 [INFO] ImportTextPane:218 - (OptionalMessage_ERROR) IP (RCC) : Parameter (RNGFreq_Value) has invalid value (64000000)
2025-11-12 15:10:58,373 [INFO] ImportTextPane:218 - (OptionalMessage_ERROR) IP (RCC) : Parameter (SDMMCFreq_Value) has invalid value (64000000)
2025-11-12 15:10:58,373 [INFO] ImportTextPane:218 - (OptionalMessage_ERROR) IP (RCC) : Parameter (USBFreq_Value) has invalid value (64000000)
2025-11-12 15:10:58,817 [INFO] UtilMem:75 - End LoadConfig() Used Memory: 657243000 Bytes (1073741824)
2025-11-12 15:10:58,875 [WARN] ThirdParty:833 - waiting for thirdparty lock release [change project]
2025-11-12 15:10:58,875 [INFO] ThirdParty:835 - entering critical section [change project]
2025-11-12 15:10:58,875 [INFO] ThirdParty:1030 - CMSIS Pack Vendor :STMicroelectronics X-CUBE-PM33A1 1.0.0
2025-11-12 15:10:58,875 [INFO] ThirdParty:1030 - CMSIS Pack Vendor :STMicroelectronics USBPD 4.1
2025-11-12 15:10:58,875 [INFO] ThirdParty:1030 - CMSIS Pack Vendor :STMicroelectronics X-CUBE-NFC9 1.0.0
2025-11-12 15:10:58,875 [INFO] ThirdParty:1030 - CMSIS Pack Vendor :STMicroelectronics USB_HOST 2.0.0
2025-11-12 15:10:58,875 [INFO] ThirdParty:1030 - CMSIS Pack Vendor :STMicroelectronics FP-SNS-MOTENVWB1 1.4.0
2025-11-12 15:10:58,875 [INFO] ThirdParty:1030 - CMSIS Pack Vendor :STMicroelectronics X-CUBE-AZRTOS-F4 1.1.0
2025-11-12 15:10:58,876 [INFO] ThirdParty:1030 - CMSIS Pack Vendor :STMicroelectronics LIBJPEG 8.0.0
2025-11-12 15:10:58,876 [INFO] ThirdParty:1030 - CMSIS Pack Vendor :STMicroelectronics FP-ATR-ASTRA1 2.0.2
2025-11-12 15:10:58,876 [INFO] ThirdParty:1030 - CMSIS Pack Vendor :wolfSSL I-CUBE-wolfSSL 5.8.2
2025-11-12 15:10:58,876 [INFO] ThirdParty:1030 - CMSIS Pack Vendor :STMicroelectronics X-CUBE-BLE1 7.1.0
2025-11-12 15:10:58,876 [INFO] ThirdParty:1030 - CMSIS Pack Vendor :STMicroelectronics X-CUBE-SMBUS 2.1.0
2025-11-12 15:10:58,876 [INFO] ThirdParty:1030 - CMSIS Pack Vendor :wolfSSL I-CUBE-wolfMQTT 1.19.2
2025-11-12 15:10:58,876 [INFO] ThirdParty:1030 - CMSIS Pack Vendor :STMicroelectronics USB_DEVICE 3.0.0
2025-11-12 15:10:58,876 [INFO] ThirdParty:1030 - CMSIS Pack Vendor :STMicroelectronics X-CUBE-ISPU 2.1.0
2025-11-12 15:10:58,876 [INFO] ThirdParty:1030 - CMSIS Pack Vendor :STMicroelectronics X-CUBE-EEPRMA1 5.2.0
2025-11-12 15:10:58,876 [INFO] ThirdParty:1030 - CMSIS Pack Vendor :STMicroelectronics X-CUBE-BLEMGR 4.1.0
2025-11-12 15:10:58,876 [INFO] ThirdParty:1030 - CMSIS Pack Vendor :STMicroelectronics X-CUBE-AZRTOS-WB 2.0.0
2025-11-12 15:10:58,876 [INFO] ThirdParty:1030 - CMSIS Pack Vendor :STMicroelectronics X-CUBE-GNSS1 7.0.1
2025-11-12 15:10:58,876 [INFO] ThirdParty:1030 - CMSIS Pack Vendor :STMicroelectronics X-CUBE-NFC12 1.0.0
2025-11-12 15:10:58,876 [INFO] ThirdParty:1030 - CMSIS Pack Vendor :STMicroelectronics X-CUBE-AZRTOS-F7 1.1.0
2025-11-12 15:10:58,876 [INFO] ThirdParty:1030 - CMSIS Pack Vendor :STMicroelectronics X-CUBE-AZRTOS-L5 2.0.0
2025-11-12 15:10:58,876 [INFO] ThirdParty:1030 - CMSIS Pack Vendor :STMicroelectronics USB_DEVICE 2.0.0
2025-11-12 15:10:58,877 [INFO] ThirdParty:1030 - CMSIS Pack Vendor :STMicroelectronics X-CUBE-NFC6 3.1.0
2025-11-12 15:10:58,877 [INFO] ThirdParty:1030 - CMSIS Pack Vendor :Cesanta I-CUBE-Mongoose 7.19.0
2025-11-12 15:10:58,877 [INFO] ThirdParty:1030 - CMSIS Pack Vendor :quantropi X-CUBE-qispace-sdk-base 2.1.0
2025-11-12 15:10:58,877 [INFO] ThirdParty:1030 - CMSIS Pack Vendor :STMicroelectronics FreeRTOS 0.0.1
2025-11-12 15:10:58,877 [INFO] ThirdParty:1030 - CMSIS Pack Vendor :STMicroelectronics X-CUBE-AZRTOS-G0 1.1.0
2025-11-12 15:10:58,877 [INFO] ThirdParty:1030 - CMSIS Pack Vendor :STMicroelectronics X-CUBE-SAFEA1 1.2.2
2025-11-12 15:10:58,877 [INFO] ThirdParty:1030 - CMSIS Pack Vendor :STMicroelectronics X-CUBE-NFC4 3.0.0
2025-11-12 15:10:58,877 [INFO] ThirdParty:1030 - CMSIS Pack Vendor :STMicroelectronics X-CUBE-SUBG2 5.0.0
2025-11-12 15:10:58,877 [INFO] ThirdParty:1030 - CMSIS Pack Vendor :STMicroelectronics X-CUBE-AZRTOS-H7RS 1.1.0
2025-11-12 15:10:58,877 [INFO] ThirdParty:1030 - CMSIS Pack Vendor :STMicroelectronics STM32_WPAN 1.0.0
2025-11-12 15:10:58,878 [INFO] ThirdParty:1030 - CMSIS Pack Vendor :EmbeddedOffice I-CUBE-FS-RTOS 1.0.1
2025-11-12 15:10:58,878 [INFO] ThirdParty:1030 - CMSIS Pack Vendor :STMicroelectronics lwIP 2.0.3
2025-11-12 15:10:58,878 [INFO] ThirdParty:1030 - CMSIS Pack Vendor :STMicroelectronics USB_HOST 1.0.0
2025-11-12 15:10:58,878 [INFO] ThirdParty:1030 - CMSIS Pack Vendor :Infineon AIROC-Wi-Fi-Bluetooth-STM32 1.7.1
2025-11-12 15:10:58,878 [INFO] ThirdParty:1030 - CMSIS Pack Vendor :STMicroelectronics X-CUBE-AZRTOS-G4 2.0.0
2025-11-12 15:10:58,878 [INFO] ThirdParty:1030 - CMSIS Pack Vendor :STMicroelectronics X-CUBE-WB05N 2.0.0
2025-11-12 15:10:58,878 [INFO] ThirdParty:1030 - CMSIS Pack Vendor :STMicroelectronics PDM2PCM 3.1.0
2025-11-12 15:10:58,878 [INFO] ThirdParty:1030 - CMSIS Pack Vendor :STMicroelectronics PDM2PCM 3.3.0
2025-11-12 15:10:58,878 [INFO] ThirdParty:1030 - CMSIS Pack Vendor :wolfSSL I-CUBE-wolfTPM 3.8.0
2025-11-12 15:10:58,878 [INFO] ThirdParty:1030 - CMSIS Pack Vendor :STMicroelectronics X-CUBE-AZRTOS-H7 3.4.0
2025-11-12 15:10:58,878 [INFO] ThirdParty:1030 - CMSIS Pack Vendor :STMicroelectronics X-CUBE-DISPLAY 3.0.0
2025-11-12 15:10:58,878 [INFO] ThirdParty:1030 - CMSIS Pack Vendor :wolfSSL I-CUBE-wolfSSH 1.4.20
2025-11-12 15:10:58,878 [INFO] ThirdParty:1030 - CMSIS Pack Vendor :STMicroelectronics X-CUBE-NFC7 2.0.0
2025-11-12 15:10:58,878 [INFO] ThirdParty:1030 - CMSIS Pack Vendor :STMicroelectronics X-CUBE-TCPP 4.2.0
2025-11-12 15:10:58,879 [INFO] ThirdParty:1030 - CMSIS Pack Vendor :RealThread X-CUBE-RT-Thread_Nano 4.1.1
2025-11-12 15:10:58,879 [INFO] ThirdParty:1030 - CMSIS Pack Vendor :STMicroelectronics FP-ATR-SIGFOX1 3.2.0
2025-11-12 15:10:58,879 [INFO] ThirdParty:1030 - CMSIS Pack Vendor :STMicroelectronics X-CUBE-NFC10 1.0.0
2025-11-12 15:10:58,879 [INFO] ThirdParty:1030 - CMSIS Pack Vendor :STMicroelectronics X-CUBE-FREERTOS 1.3.1
2025-11-12 15:10:58,879 [INFO] ThirdParty:1030 - CMSIS Pack Vendor :STMicroelectronics HAL Drivers 0.0.0
2025-11-12 15:10:58,879 [INFO] ThirdParty:1030 - CMSIS Pack Vendor :STMicroelectronics MBEDTLS 2.16.2
2025-11-12 15:10:58,879 [INFO] ThirdParty:1030 - CMSIS Pack Vendor :STMicroelectronics X-CUBE-ST60 1.1.0
2025-11-12 15:10:58,879 [INFO] ThirdParty:1030 - CMSIS Pack Vendor :STMicroelectronics X-CUBE-ALS 1.0.2
2025-11-12 15:10:58,879 [INFO] ThirdParty:1030 - CMSIS Pack Vendor :emotas I-CUBE-CANOPEN 1.3.0
2025-11-12 15:10:58,879 [INFO] ThirdParty:1030 - CMSIS Pack Vendor :STMicroelectronics MBEDTLS 2.14.1
2025-11-12 15:10:58,879 [INFO] ThirdParty:1030 - CMSIS Pack Vendor :STMicroelectronics X-CUBE-GNSS1 7.1.0
2025-11-12 15:10:58,881 [INFO] ThirdParty:1030 - CMSIS Pack Vendor :ITTIA_DB I-CUBE-ITTIADB 8.9.0
2025-11-12 15:10:58,881 [INFO] ThirdParty:1030 - CMSIS Pack Vendor :STMicroelectronics X-CUBE-TOUCHGFX 4.26.0
2025-11-12 15:10:58,881 [INFO] ThirdParty:1030 - CMSIS Pack Vendor :STMicroelectronics X-CUBE-STSE01 1.0.0
2025-11-12 15:10:58,881 [INFO] ThirdParty:1030 - CMSIS Pack Vendor :STMicroelectronics X-CUBE-AI 10.2.0
2025-11-12 15:10:58,881 [INFO] ThirdParty:1030 - CMSIS Pack Vendor :STMicroelectronics FP-SNS-STAIOTCFT 1.0.0
2025-11-12 15:10:58,882 [INFO] ThirdParty:1030 - CMSIS Pack Vendor :STMicroelectronics ThreadX 1.0.0
2025-11-12 15:10:58,882 [INFO] ThirdParty:1030 - CMSIS Pack Vendor :STMicroelectronics FP-SNS-SMARTAG2 1.2.0
2025-11-12 15:10:58,882 [INFO] ThirdParty:1030 - CMSIS Pack Vendor :STMicroelectronics FP-SNS-FLIGHT1 5.1.0
2025-11-12 15:10:58,882 [INFO] ThirdParty:1030 - CMSIS Pack Vendor :STMicroelectronics X-CUBE-AZRTOS-WL 2.0.0
2025-11-12 15:10:58,882 [INFO] ThirdParty:1030 - CMSIS Pack Vendor :SEGGER I-CUBE-embOS 1.3.1
2025-11-12 15:10:58,882 [INFO] ThirdParty:1030 - CMSIS Pack Vendor :STMicroelectronics X-CUBE-ALGOBUILD 1.4.0
2025-11-12 15:10:58,882 [INFO] ThirdParty:1030 - CMSIS Pack Vendor :STMicroelectronics X-CUBE-DPower 1.3.0
2025-11-12 15:10:58,882 [INFO] ThirdParty:1030 - CMSIS Pack Vendor :STMicroelectronics X-CUBE-MEMS1 11.3.0
2025-11-12 15:10:58,882 [INFO] ThirdParty:1030 - CMSIS Pack Vendor :STMicroelectronics USB_DEVICE 1.0.0
2025-11-12 15:10:58,883 [INFO] ThirdParty:1030 - CMSIS Pack Vendor :STMicroelectronics X-CUBE-AZRTOS-L4 2.0.0
2025-11-12 15:10:58,883 [INFO] ThirdParty:1030 - CMSIS Pack Vendor :STMicroelectronics ThreadX 0.0.2
2025-11-12 15:10:58,883 [INFO] ThirdParty:1030 - CMSIS Pack Vendor :STMicroelectronics lwIP 2.1.2
2025-11-12 15:10:58,883 [INFO] ThirdParty:1030 - CMSIS Pack Vendor :STMicroelectronics X-CUBE-SFXS2LP1 4.0.0
2025-11-12 15:10:58,885 [INFO] ThirdParty:1030 - CMSIS Pack Vendor :STMicroelectronics X-CUBE-BLE2 3.3.0
2025-11-12 15:10:58,885 [INFO] ThirdParty:1030 - CMSIS Pack Vendor :Avnet-IOTCONNECT X-CUBE-iotc-st67-sdk 1.0.0
2025-11-12 15:10:58,886 [INFO] ThirdParty:1030 - CMSIS Pack Vendor :STMicroelectronics X-CUBE-TOF1 3.4.3
2025-11-12 15:10:58,886 [INFO] ThirdParty:1030 - CMSIS Pack Vendor :STMicroelectronics PDM2PCM 3.2.0
2025-11-12 15:10:58,886 [INFO] ThirdParty:841 - exiting critical section [change project]
2025-11-12 15:10:59,650 [INFO] PinOutPanel:1589 - setPackage(No Configuration,No Configuration)
2025-11-12 15:10:59,651 [INFO] PinOutPanel:1589 - setPackage(STM32L476RGTx,LQFP64)
2025-11-12 15:11:00,333 [INFO] UtilMem:75 - Before build in PCC Used Memory: 698139344 Bytes (1073741824)
2025-11-12 15:11:00,772 [INFO] UtilMem:75 - After build in PCC Used Memory: 780976848 Bytes (1073741824)
2025-11-12 15:11:00,800 [INFO] IPUIPlugin:80 - create IPUIPlugin
2025-11-12 15:11:00,800 [INFO] IPUIPlugin:80 - create IPUIPlugin
2025-11-12 15:11:00,800 [INFO] IPUIPlugin:80 - create IPUIPlugin
2025-11-12 15:11:00,800 [INFO] IPUIPlugin:80 - create IPUIPlugin
2025-11-12 15:11:00,800 [INFO] IPUIPlugin:80 - create IPUIPlugin
2025-11-12 15:11:00,800 [INFO] IPUIPlugin:80 - create IPUIPlugin
2025-11-12 15:11:00,801 [INFO] IPUIPlugin:80 - create IPUIPlugin
2025-11-12 15:11:00,801 [INFO] IPUIPlugin:80 - create IPUIPlugin
2025-11-12 15:11:00,801 [INFO] IPUIPlugin:80 - create IPUIPlugin
2025-11-12 15:11:00,801 [INFO] IPUIPlugin:80 - create IPUIPlugin
2025-11-12 15:11:00,802 [INFO] IPUIPlugin:80 - create IPUIPlugin
2025-11-12 15:11:00,802 [INFO] IPUIPlugin:80 - create IPUIPlugin
2025-11-12 15:11:00,802 [INFO] IPUIPlugin:80 - create IPUIPlugin
2025-11-12 15:11:00,802 [INFO] IPUIPlugin:80 - create IPUIPlugin
2025-11-12 15:11:00,802 [INFO] IPUIPlugin:80 - create IPUIPlugin
2025-11-12 15:11:00,803 [INFO] IPUIPlugin:80 - create IPUIPlugin
2025-11-12 15:11:00,803 [INFO] IPUIPlugin:80 - create IPUIPlugin
2025-11-12 15:11:00,803 [INFO] IPUIPlugin:80 - create IPUIPlugin
2025-11-12 15:11:00,803 [INFO] IPUIPlugin:80 - create IPUIPlugin
2025-11-12 15:11:00,803 [INFO] IPUIPlugin:80 - create IPUIPlugin
2025-11-12 15:11:00,803 [INFO] IPUIPlugin:80 - create IPUIPlugin
2025-11-12 15:11:00,803 [INFO] IPUIPlugin:80 - create IPUIPlugin
2025-11-12 15:11:00,804 [INFO] IPUIPlugin:80 - create IPUIPlugin
2025-11-12 15:11:00,804 [INFO] IPUIPlugin:80 - create IPUIPlugin
2025-11-12 15:11:00,804 [INFO] IPUIPlugin:80 - create IPUIPlugin
2025-11-12 15:11:00,804 [INFO] IPUIPlugin:80 - create IPUIPlugin
2025-11-12 15:11:00,804 [INFO] IPUIPlugin:80 - create IPUIPlugin
2025-11-12 15:11:00,805 [INFO] IPUIPlugin:80 - create IPUIPlugin
2025-11-12 15:11:00,805 [INFO] IPUIPlugin:80 - create IPUIPlugin
2025-11-12 15:11:00,805 [INFO] IPUIPlugin:80 - create IPUIPlugin
2025-11-12 15:11:00,806 [INFO] IPUIPlugin:80 - create IPUIPlugin
2025-11-12 15:11:00,806 [INFO] IPUIPlugin:80 - create IPUIPlugin
2025-11-12 15:11:00,806 [INFO] IPUIPlugin:80 - create IPUIPlugin
2025-11-12 15:11:00,806 [INFO] IPUIPlugin:80 - create IPUIPlugin
2025-11-12 15:11:00,807 [INFO] IPUIPlugin:80 - create IPUIPlugin
2025-11-12 15:11:00,807 [INFO] IPUIPlugin:80 - create IPUIPlugin
2025-11-12 15:11:00,807 [INFO] IPUIPlugin:80 - create IPUIPlugin
2025-11-12 15:11:00,807 [INFO] IPUIPlugin:80 - create IPUIPlugin
2025-11-12 15:11:00,807 [INFO] IPUIPlugin:80 - create IPUIPlugin
2025-11-12 15:11:00,807 [INFO] IPUIPlugin:80 - create IPUIPlugin
2025-11-12 15:11:00,808 [INFO] IPUIPlugin:80 - create IPUIPlugin
2025-11-12 15:11:00,808 [INFO] IPUIPlugin:80 - create IPUIPlugin
2025-11-12 15:11:00,808 [INFO] IPUIPlugin:80 - create IPUIPlugin
2025-11-12 15:11:00,808 [INFO] IPUIPlugin:80 - create IPUIPlugin
2025-11-12 15:11:00,808 [INFO] IPUIPlugin:80 - create IPUIPlugin
2025-11-12 15:11:00,808 [INFO] IPUIPlugin:80 - create IPUIPlugin
2025-11-12 15:11:00,809 [INFO] IPUIPlugin:80 - create IPUIPlugin
2025-11-12 15:11:00,809 [INFO] IPUIPlugin:80 - create IPUIPlugin
2025-11-12 15:11:00,809 [INFO] IPUIPlugin:80 - create IPUIPlugin
2025-11-12 15:11:00,809 [INFO] IPUIPlugin:80 - create IPUIPlugin
2025-11-12 15:11:00,810 [INFO] IPUIPlugin:80 - create IPUIPlugin
2025-11-12 15:11:00,810 [INFO] IPUIPlugin:80 - create IPUIPlugin
2025-11-12 15:11:00,811 [INFO] IPUIPlugin:80 - create IPUIPlugin
2025-11-12 15:11:00,811 [INFO] IPUIPlugin:80 - create IPUIPlugin
2025-11-12 15:11:00,811 [INFO] IPUIPlugin:80 - create IPUIPlugin
2025-11-12 15:11:00,812 [INFO] IPUIPlugin:80 - create IPUIPlugin
2025-11-12 15:11:00,812 [INFO] IPUIPlugin:80 - create IPUIPlugin
2025-11-12 15:11:00,813 [INFO] IPUIPlugin:80 - create IPUIPlugin
2025-11-12 15:11:00,813 [INFO] IPUIPlugin:80 - create IPUIPlugin
2025-11-12 15:11:00,893 [INFO] CADModel:165 - CPN selected for project levelSTM32L476RGT3
2025-11-12 15:11:00,894 [INFO] CADModel:114 - Register for checkConnection events
2025-11-12 15:11:00,956 [INFO] OpenFileManager:385 - Restore cursor
2025-11-12 15:11:07,679 [INFO] I2cTimingTraitement:330 - 0x10D19CE4
2025-11-12 15:14:26,846 [INFO] WebApp:194 - Connection lost
2025-11-12 15:14:27,217 [INFO] WebApp:191 - Connection restablished
2025-11-12 15:14:29,918 [INFO] WebApp:194 - Connection lost
2025-11-12 15:14:30,093 [INFO] WebApp:191 - Connection restablished
2025-11-12 15:17:02,115 [INFO] LogOutputStream:77 - [STDOUT_REDIRECT] StartTraceHandler.execute(), success : Collect=false
2025-11-12 15:17:04,166 [INFO] LogOutputStream:77 - [STDOUT_REDIRECT] StartTraceHandler.execute(), success : Collect=true
2025-11-12 15:26:30,293 [INFO] MainUpdater:2872 - connection check result : 10
2025-11-12 15:26:30,412 [INFO] McuFinderGlobals:76 - Set McuFinderConnectedMode to true
2025-11-12 15:26:30,414 [INFO] MultiScanPanel:200 - Auto-refresh data requested => check proxy status ongoing
2025-11-12 15:26:30,415 [INFO] FinderPluginLoader:95 - Searching for filters in installed packs
2025-11-12 15:26:32,377 [INFO] LoadUrlFilesThread:185 - End of LoadServerUrlFiles without Thread
2025-11-12 15:26:32,377 [INFO] DetailPanel:341 - Set advertising image to C:/Users/siree/STM32Cube/Repository/\en.mcu-finder-preevent.jpg
2025-11-12 15:26:35,746 [INFO] MultiScanPanel:200 - Auto-refresh data requested => check proxy status ongoing
2025-11-12 15:26:35,818 [INFO] LoadUrlFilesThread:185 - End of LoadServerUrlFiles without Thread
2025-11-12 15:26:35,819 [INFO] DetailPanel:341 - Set advertising image to C:/Users/siree/STM32Cube/Repository/\en.mcu-finder-preevent.jpg
2025-11-12 15:26:57,305 [INFO] MainUpdater:2872 - connection check result : 10
2025-11-12 15:26:57,305 [INFO] MainUpdater:2872 - connection check result : 10
2025-11-12 15:26:57,432 [INFO] I2cTimingTraitement:330 - 0x10D19CE4
2025-11-12 15:26:57,437 [INFO] MicroXplorer:468 - Change Database Path : 
2025-11-12 15:26:57,437 [INFO] MicroXplorer:498 - Change Database Version : DB.6.0.141
2025-11-12 15:26:57,457 [ERROR] ProjectManagerView:395 - 
java.lang.NullPointerException: Cannot invoke "javax.swing.JTextField.getText()" because the return value of "java.util.List.get(int)" is null
	at com.st.microxplorer.plugins.projectmanager.gui.ProjectChoiceTab$9.caretUpdate(ProjectChoiceTab.java:2678) ~[filemanager.jar:?]
	at javax.swing.text.JTextComponent.fireCaretUpdate(JTextComponent.java:408) ~[?:?]
	at javax.swing.text.JTextComponent$MutableCaretEvent.fire(JTextComponent.java:4484) ~[?:?]
	at javax.swing.text.JTextComponent$MutableCaretEvent.stateChanged(JTextComponent.java:4506) ~[?:?]
	at javax.swing.text.DefaultCaret.fireStateChanged(DefaultCaret.java:857) ~[?:?]
	at javax.swing.text.DefaultCaret.changeCaretPosition(DefaultCaret.java:1343) ~[?:?]
	at javax.swing.text.DefaultCaret.handleSetDot(DefaultCaret.java:1242) ~[?:?]
	at javax.swing.text.DefaultCaret.setDot(DefaultCaret.java:1223) ~[?:?]
	at javax.swing.text.DefaultCaret$Handler.insertUpdate(DefaultCaret.java:1819) ~[?:?]
	at javax.swing.text.AbstractDocument.fireInsertUpdate(AbstractDocument.java:227) ~[?:?]
	at javax.swing.text.AbstractDocument.handleInsertString(AbstractDocument.java:781) ~[?:?]
	at javax.swing.text.AbstractDocument.insertString(AbstractDocument.java:740) ~[?:?]
	at javax.swing.text.PlainDocument.insertString(PlainDocument.java:131) ~[?:?]
	at javax.swing.text.AbstractDocument.replace(AbstractDocument.java:699) ~[?:?]
	at javax.swing.text.JTextComponent.setText(JTextComponent.java:1725) ~[?:?]
	at com.st.microxplorer.plugins.projectmanager.gui.ProjectChoiceTab.createHeapStackFields(ProjectChoiceTab.java:979) ~[filemanager.jar:?]
	at com.st.microxplorer.plugins.projectmanager.gui.ProjectChoiceTab.buildLinkSettingsPanel(ProjectChoiceTab.java:3766) ~[filemanager.jar:?]
	at com.st.microxplorer.plugins.projectmanager.gui.ProjectChoiceTab.defineWindowsFields(ProjectChoiceTab.java:1962) ~[filemanager.jar:?]
	at com.st.microxplorer.plugins.projectmanager.gui.ProjectChoiceTab.updateSettings(ProjectChoiceTab.java:555) ~[filemanager.jar:?]
	at com.st.microxplorer.plugins.projectmanager.gui.ProjectSettingsPanel.UpdateDialog(ProjectSettingsPanel.java:245) ~[filemanager.jar:?]
	at com.st.microxplorer.plugins.projectmanager.ProjectManagerView.propertyChange(ProjectManagerView.java:392) ~[filemanager.jar:?]
	at java.beans.PropertyChangeSupport.fire(PropertyChangeSupport.java:343) ~[?:?]
	at java.beans.PropertyChangeSupport.firePropertyChange(PropertyChangeSupport.java:335) ~[?:?]
	at java.beans.PropertyChangeSupport.firePropertyChange(PropertyChangeSupport.java:268) ~[?:?]
	at com.st.microxplorer.util.MXPropertyChangeSupport.firePropertyChange(MXPropertyChangeSupport.java:54) ~[STM32CubeMX.jar:?]
	at com.st.microxplorer.mxsystem.MxSystem.closeConfig(MxSystem.java:899) ~[STM32CubeMX.jar:?]
	at com.st.microxplorer.maingui.MainPanel.closeConfig(MainPanel.java:789) ~[STM32CubeMX.jar:?]
	at com.st.microxplorer.plugins.filemanager.engine.OpenFileManager.loadConfigurationFile(OpenFileManager.java:287) ~[filemanager.jar:?]
	at com.st.microxplorer.plugins.filemanager.engine.MainFileManager.userLoadConfig(MainFileManager.java:341) ~[filemanager.jar:?]
	at com.st.microxplorer.plugins.filemanager.FileManagerView.getSpecificTask(FileManagerView.java:250) ~[filemanager.jar:?]
	at com.st.stm32cube.common.mx.editor.CubeMxEditor.getMxTabbedPaneInstance(CubeMxEditor.java:1191) ~[com.st.stm32cube.common.mx_6.14.1.202504091515/:?]
	at com.st.stm32cube.common.mx.editor.CubeMxEditor$12$1.createSwingComponent(CubeMxEditor.java:1068) ~[com.st.stm32cube.common.mx_6.14.1.202504091515/:?]
	at com.st.stm32cube.common.mx.oss.core.awtswtbridge.EmbeddedSwingComposite.doComponentCreation(EmbeddedSwingComposite.java:492) ~[com.st.stm32cube.common.mx.oss_6.14.1.202504091515/:?]
	at com.st.stm32cube.common.mx.oss.core.awtswtbridge.EmbeddedSwingComposite$4.run(EmbeddedSwingComposite.java:291) ~[com.st.stm32cube.common.mx.oss_6.14.1.202504091515/:?]
	at com.st.stm32cube.common.mx.oss.core.awtswtbridge.AwtEnvironment$2.run(AwtEnvironment.java:166) ~[com.st.stm32cube.common.mx.oss_6.14.1.202504091515/:?]
	at java.awt.event.InvocationEvent.dispatch(InvocationEvent.java:318) ~[?:?]
	at java.awt.EventQueue.dispatchEventImpl(EventQueue.java:773) ~[?:?]
	at java.awt.EventQueue$4.run(EventQueue.java:720) ~[?:?]
	at java.awt.EventQueue$4.run(EventQueue.java:714) ~[?:?]
	at java.security.AccessController.doPrivileged(AccessController.java:400) ~[?:?]
	at java.security.ProtectionDomain$JavaSecurityAccessImpl.doIntersectionPrivilege(ProtectionDomain.java:87) ~[?:?]
	at java.awt.EventQueue.dispatchEvent(EventQueue.java:742) ~[?:?]
	at java.awt.EventDispatchThread.pumpOneEventForFilters(EventDispatchThread.java:203) ~[?:?]
	at java.awt.EventDispatchThread.pumpEventsForFilter(EventDispatchThread.java:124) ~[?:?]
	at java.awt.EventDispatchThread.pumpEventsForHierarchy(EventDispatchThread.java:113) ~[?:?]
	at java.awt.EventDispatchThread.pumpEvents(EventDispatchThread.java:109) ~[?:?]
	at java.awt.EventDispatchThread.pumpEvents(EventDispatchThread.java:101) ~[?:?]
	at java.awt.EventDispatchThread.run(EventDispatchThread.java:90) ~[?:?]
2025-11-12 15:26:57,460 [WARN] ThirdParty:871 - waiting for thirdparty lock release [close project]
2025-11-12 15:26:57,460 [INFO] ThirdParty:873 - entering critical section [close project]
2025-11-12 15:26:57,460 [INFO] ThirdParty:883 - exiting critical section [close project]
2025-11-12 15:26:57,461 [INFO] PinOutPanel:1589 - setPackage(No Configuration,No Configuration)
2025-11-12 15:26:57,470 [INFO] UtilMem:75 - Begin LoadConfig() Used Memory: 844555024 Bytes (1073741824)
2025-11-12 15:26:57,471 [INFO] OpenFileManager:354 - Change cursor
2025-11-12 15:26:57,485 [INFO] ProjectFactory:442 - No CPN specified for board NUCLEO-L476RG => set CPN to STM32L476RGT3
2025-11-12 15:26:57,485 [INFO] Mcu:2011 - Initializing MCU STM32L476R(C-E-G)Tx STM32L476RGTx STM32L476RGT3
2025-11-12 15:26:58,986 [INFO] Context:756 - Trying to add GPIOservice into a context  which must be forbidden
2025-11-12 15:26:59,806 [INFO] Rule:225 - rule 117617 - U5Cobra4M][GTZC] default value MPCBB3 and MPCBB5 - Not Secured memory - MPCBB1 is applicable
2025-11-12 15:26:59,806 [INFO] Rule:225 - rule 117617 - U5Cobra4M][GTZC] default value MPCBB3 and MPCBB5 - Not Secured memory - MPCBB1 is applicable
2025-11-12 15:26:59,806 [INFO] Rule:225 - rule 117617 - U5Cobra4M][GTZC] default value MPCBB3 and MPCBB5 - Not Secured memory - MPCBB2 is applicable
2025-11-12 15:26:59,806 [INFO] Rule:225 - rule 117617 - U5Cobra4M][GTZC] default value MPCBB3 and MPCBB5 - Not Secured memory - MPCBB2 is applicable
2025-11-12 15:26:59,806 [INFO] Rule:225 - rule 117617 - U5Cobra4M][GTZC] default value MPCBB3 and MPCBB5 - Not Secured memory - MPCBB3 is applicable
2025-11-12 15:26:59,806 [INFO] Rule:225 - rule 117617 - U5Cobra4M][GTZC] default value MPCBB3 and MPCBB5 - Not Secured memory - MPCBB3 is applicable
2025-11-12 15:26:59,806 [INFO] Rule:225 - rule 117617 - U5Cobra4M][GTZC] default value MPCBB3 and MPCBB5 - Not Secured memory - MPCBB4 is applicable
2025-11-12 15:26:59,806 [INFO] Rule:225 - rule 117617 - U5Cobra4M][GTZC] default value MPCBB3 and MPCBB5 - Not Secured memory - MPCBB4 is applicable
2025-11-12 15:26:59,806 [INFO] Rule:225 - rule 117617 - U5Cobra4M][GTZC] default value MPCBB3 and MPCBB5 - Secured memory - MPCBB1 is applicable
2025-11-12 15:26:59,806 [INFO] Rule:225 - rule 117617 - U5Cobra4M][GTZC] default value MPCBB3 and MPCBB5 - Secured memory - MPCBB2 is applicable
2025-11-12 15:26:59,806 [INFO] Rule:225 - rule 117617 - U5Cobra4M][GTZC] default value MPCBB3 and MPCBB5 - Secured memory - MPCBB3 is applicable
2025-11-12 15:26:59,806 [INFO] Rule:225 - rule 117617 - U5Cobra4M][GTZC] default value MPCBB3 and MPCBB5 - Secured memory - MPCBB4 is applicable
2025-11-12 15:26:59,806 [INFO] Rule:225 - rule 117617 - U5Cobra4M][GTZC] default value MPCBB3 and MPCBB5 - Privileged memory - MPCBB1 is applicable
2025-11-12 15:26:59,806 [INFO] Rule:225 - rule 117617 - U5Cobra4M][GTZC] default value MPCBB3 and MPCBB5 - Privileged memory - MPCBB2 is applicable
2025-11-12 15:26:59,806 [INFO] Rule:225 - rule 117617 - U5Cobra4M][GTZC] default value MPCBB3 and MPCBB5 - Privileged memory - MPCBB3 is applicable
2025-11-12 15:26:59,806 [INFO] Rule:225 - rule 117617 - U5Cobra4M][GTZC] default value MPCBB3 and MPCBB5 - Privileged memory - MPCBB4 is applicable
2025-11-12 15:26:59,806 [INFO] Rule:225 - rule 117617 - U5Cobra4M][GTZC] default value MPCBB3 and MPCBB5 - Not Privileged memory - MPCBB1 is applicable
2025-11-12 15:26:59,807 [INFO] Rule:225 - rule 117617 - U5Cobra4M][GTZC] default value MPCBB3 and MPCBB5 - Not Privileged memory - MPCBB2 is applicable
2025-11-12 15:26:59,807 [INFO] Rule:225 - rule 117617 - U5Cobra4M][GTZC] default value MPCBB3 and MPCBB5 - Not Privileged memory - MPCBB3 is applicable
2025-11-12 15:26:59,807 [INFO] Rule:225 - rule 117617 - U5Cobra4M][GTZC] default value MPCBB3 and MPCBB5 - Not Privileged memory - MPCBB4 is applicable
2025-11-12 15:26:59,807 [INFO] Rule:225 - rule 117617 - U5Cobra4M][GTZC] default value MPCBB3 and MPCBB5 - Privileged memory - MPCBB1 is applicable
2025-11-12 15:26:59,807 [INFO] Rule:225 - rule 117617 - U5Cobra4M][GTZC] default value MPCBB3 and MPCBB5 - Privileged memory - MPCBB2 is applicable
2025-11-12 15:26:59,807 [INFO] Rule:225 - rule 117617 - U5Cobra4M][GTZC] default value MPCBB3 and MPCBB5 - Privileged memory - MPCBB3 is applicable
2025-11-12 15:26:59,807 [INFO] Rule:225 - rule 117617 - U5Cobra4M][GTZC] default value MPCBB3 and MPCBB5 - Privileged memory - MPCBB4 is applicable
2025-11-12 15:26:59,807 [INFO] Rule:225 - rule 117617 - U5Cobra4M][GTZC] default value MPCBB3 and MPCBB5 - Privileged memory - MPCBB1 is applicable
2025-11-12 15:26:59,807 [INFO] Rule:225 - rule 117617 - U5Cobra4M][GTZC] default value MPCBB3 and MPCBB5 - Privileged memory - MPCBB2 is applicable
2025-11-12 15:26:59,807 [INFO] Rule:225 - rule 117617 - U5Cobra4M][GTZC] default value MPCBB3 and MPCBB5 - Privileged memory - MPCBB3 is applicable
2025-11-12 15:26:59,807 [INFO] Rule:225 - rule 117617 - U5Cobra4M][GTZC] default value MPCBB3 and MPCBB5 - Privileged memory - MPCBB4 is applicable
2025-11-12 15:26:59,807 [INFO] Rule:225 - rule 117617 - U5Cobra4M][GTZC] default value MPCBB3 and MPCBB5 - Not Privileged memory - MPCBB1 is applicable
2025-11-12 15:26:59,807 [INFO] Rule:225 - rule 117617 - U5Cobra4M][GTZC] default value MPCBB3 and MPCBB5 - Not Privileged memory - MPCBB2 is applicable
2025-11-12 15:26:59,807 [INFO] Rule:225 - rule 117617 - U5Cobra4M][GTZC] default value MPCBB3 and MPCBB5 - Not Privileged memory - MPCBB3 is applicable
2025-11-12 15:26:59,807 [INFO] Rule:225 - rule 117617 - U5Cobra4M][GTZC] default value MPCBB3 and MPCBB5 - Not Privileged memory - MPCBB4 is applicable
2025-11-12 15:26:59,807 [INFO] Rule:225 - rule 117617 - U5Cobra4M][GTZC] default value MPCBB3 and MPCBB5 - Privileged memory - MPCBB1 is applicable
2025-11-12 15:26:59,807 [INFO] Rule:225 - rule 117617 - U5Cobra4M][GTZC] default value MPCBB3 and MPCBB5 - Privileged memory - MPCBB2 is applicable
2025-11-12 15:26:59,807 [INFO] Rule:225 - rule 117617 - U5Cobra4M][GTZC] default value MPCBB3 and MPCBB5 - Privileged memory - MPCBB3 is applicable
2025-11-12 15:26:59,807 [INFO] Rule:225 - rule 117617 - U5Cobra4M][GTZC] default value MPCBB3 and MPCBB5 - Privileged memory - MPCBB4 is applicable
2025-11-12 15:26:59,807 [INFO] Rule:225 - rule Rename SubGHz_Phy SUBGHZ_APPLICATION SUBGHZ_PINGPONG to SUBGHZ_ADV_APPLICATION is applicable
2025-11-12 15:26:59,807 [INFO] Rule:225 - rule Rename Enabled to IBEACON is applicable
2025-11-12 15:26:59,807 [INFO] Rule:225 - rule GTZC_S instance for project manager is applicable
2025-11-12 15:26:59,807 [INFO] Rule:225 - rule GTZC_S instance for context M33S is applicable
2025-11-12 15:26:59,807 [INFO] Rule:225 - rule GTZC_S instance value for IP GTZC is applicable
2025-11-12 15:26:59,807 [INFO] Rule:225 - rule GTZC_S instance for mcu.IP is applicable
2025-11-12 15:26:59,807 [INFO] Rule:225 - rule GTZC_S instance for VP is applicable
2025-11-12 15:26:59,807 [INFO] Rule:225 - rule GTZC_S instance for signal is applicable
2025-11-12 15:26:59,807 [INFO] Rule:225 - rule GTZC_S instance for mcu.Pin is applicable
2025-11-12 15:26:59,807 [INFO] Rule:225 - rule GTZC_S instance for VP is applicable
2025-11-12 15:26:59,807 [INFO] Rule:225 - rule GTZC_S instance for signal is applicable
2025-11-12 15:26:59,807 [INFO] Rule:225 - rule GTZC_S instance for mcu is applicable
2025-11-12 15:26:59,807 [INFO] Rule:225 - rule GTZC_S instance for mcu.Pin is applicable
2025-11-12 15:26:59,807 [INFO] Rule:225 - rule GTZC_S instance value for IP GTZC is applicable
2025-11-12 15:26:59,807 [INFO] Rule:225 - rule GTZC_S instance for project manager is applicable
2025-11-12 15:26:59,807 [INFO] Rule:225 - rule GTZC_S instance for context M33S is applicable
2025-11-12 15:26:59,807 [INFO] Rule:225 - rule GTZC_S instance for VP is applicable
2025-11-12 15:26:59,807 [INFO] Rule:225 - rule GTZC_S instance for signal is applicable
2025-11-12 15:26:59,807 [INFO] Rule:225 - rule SPDIFRX instance for mcu is applicable
2025-11-12 15:26:59,807 [INFO] Rule:225 - rule Rename Tracer Mode is applicable
2025-11-12 15:26:59,807 [INFO] Rule:225 - rule SPDIFRX instance value for IP SPDIFRX is applicable
2025-11-12 15:26:59,808 [INFO] Rule:225 - rule SPDIFRX instance for signal is applicable
2025-11-12 15:26:59,808 [INFO] Rule:225 - rule SPDIFRX instance for project manager is applicable
2025-11-12 15:26:59,808 [INFO] Rule:225 - rule SPDIFRX instance for project manager is applicable
2025-11-12 15:26:59,808 [INFO] Rule:225 - rule ADC Scan  fix with FW F7 is applicable
2025-11-12 15:26:59,808 [INFO] Rule:225 - rule ADC Scan  fix with FW F7 is applicable
2025-11-12 15:26:59,808 [INFO] Rule:225 - rule WakeUp0 Mode is applicable
2025-11-12 15:26:59,808 [INFO] Rule:225 - rule WakeUp0 SIGNAL is applicable
2025-11-12 15:26:59,808 [INFO] Rule:225 - rule WakeUp1 Mode is applicable
2025-11-12 15:26:59,808 [INFO] Rule:225 - rule WakeUp1 SIGNAL is applicable
2025-11-12 15:26:59,808 [INFO] Rule:225 - rule WakeUp2 Mode is applicable
2025-11-12 15:26:59,808 [INFO] Rule:225 - rule WakeUp2 SIGNAL is applicable
2025-11-12 15:26:59,808 [INFO] Rule:225 - rule WakeUp4 Mode is applicable
2025-11-12 15:26:59,808 [INFO] Rule:225 - rule WakeUp4 SIGNAL is applicable
2025-11-12 15:26:59,808 [INFO] Rule:225 - rule WakeUp5 Mode is applicable
2025-11-12 15:26:59,808 [INFO] Rule:225 - rule WakeUp5 SIGNAL is applicable
2025-11-12 15:26:59,808 [INFO] Rule:225 - rule Add RTC Activate Clock Source is applicable
2025-11-12 15:26:59,808 [INFO] Rule:225 - rule Add RTC Activate Calendar 1 is applicable
2025-11-12 15:26:59,808 [INFO] Rule:225 - rule Add RTC Activate Calendar 2 is applicable
2025-11-12 15:26:59,808 [INFO] Rule:225 - rule Add RTC Activate Calendar 3 is applicable
2025-11-12 15:26:59,808 [INFO] Rule:225 - rule UART/USART TX Mode is applicable
2025-11-12 15:26:59,808 [INFO] Rule:225 - rule UART/USART RX Mode is applicable
2025-11-12 15:26:59,808 [INFO] Rule:225 - rule UART/USART RX TX Mode is applicable
2025-11-12 15:26:59,808 [INFO] Rule:225 - rule UART/USART PARITY NONE is applicable
2025-11-12 15:26:59,808 [INFO] Rule:225 - rule UART/USART PARITY EVEN is applicable
2025-11-12 15:26:59,808 [INFO] Rule:225 - rule UART/USART PARITY ODD is applicable
2025-11-12 15:26:59,808 [INFO] Rule:225 - rule USART StopBits 1 is applicable
2025-11-12 15:26:59,808 [INFO] Rule:225 - rule USART StopBits 2 is applicable
2025-11-12 15:26:59,808 [INFO] Rule:225 - rule USART StopBits 1.5 is applicable
2025-11-12 15:26:59,808 [INFO] Rule:225 - rule USART StopBits 0.5 is applicable
2025-11-12 15:26:59,808 [INFO] Rule:225 - rule UART/USART WORD LENGTH 7 is applicable
2025-11-12 15:26:59,808 [INFO] Rule:225 - rule UART/USART WORD LENGTH 8 is applicable
2025-11-12 15:26:59,808 [INFO] Rule:225 - rule UART/USART WORD LENGTH 9 is applicable
2025-11-12 15:26:59,808 [INFO] Rule:225 - rule Rename FMC NAND NCE signal is applicable
2025-11-12 15:26:59,809 [INFO] Rule:225 - rule Rename FMC NAND INT signal is applicable
2025-11-12 15:26:59,809 [INFO] Rule:225 - rule Change Default Value for LSE Drive Capability for WB family is applicable
2025-11-12 15:26:59,809 [INFO] Rule:225 - rule Change Default Value for ADC Clock Prescaler G0 family is applicable
2025-11-12 15:26:59,809 [INFO] Rule:225 - rule Change Default Value for ADC ExternalTrigConv L4 family is applicable
2025-11-12 15:26:59,809 [INFO] Rule:225 - rule Change Default Value for ADC ExternalTrigInjecConv L4 family is applicable
2025-11-12 15:26:59,809 [INFO] Rule:225 - rule Change Default Value for ADC ExternalTrigConv F3 family is applicable
2025-11-12 15:26:59,809 [INFO] Rule:225 - rule Change Default Value for ADC ExternalTrigInjecConv F3 family is applicable
2025-11-12 15:26:59,809 [INFO] Rule:225 - rule Change Default Value for ADC ExternalTrigConv Goldfish serie is applicable
2025-11-12 15:26:59,809 [INFO] Rule:225 - rule Change Default Value for ADC ExternalTrigInjecConv Goldfish serie is applicable
2025-11-12 15:26:59,809 [INFO] Rule:225 - rule Change Default Value for ADC ExternalTrigConv L0 family is applicable
2025-11-12 15:26:59,809 [INFO] Rule:225 - rule Change Default Value for ADC ExternalTrigConv F0 family is applicable
2025-11-12 15:26:59,809 [INFO] Rule:225 - rule Change Default Value for ADC ExternalTrigConvn L1 family is applicable
2025-11-12 15:26:59,809 [INFO] Rule:225 - rule Change Default Value for ADC ExternalTrigInjecConv L1 family is applicable
2025-11-12 15:26:59,809 [INFO] Rule:225 - rule Change Default Value for ADC ExternalTrigConv F1 family is applicable
2025-11-12 15:26:59,809 [INFO] Rule:225 - rule Change Default Value for ADC ExternalTrigInjecConv F1 family is applicable
2025-11-12 15:26:59,809 [INFO] Rule:225 - rule Change Default Value for ADC ExternalTrigConv F7 family is applicable
2025-11-12 15:26:59,809 [INFO] Rule:225 - rule Change Default Value for ADC ExternalTrigInjecConv F7 family is applicable
2025-11-12 15:26:59,809 [INFO] Rule:225 - rule Change Default Value for ADC ExternalTrigConv F4 and F2 family is applicable
2025-11-12 15:26:59,809 [INFO] Rule:225 - rule Change Default Value for ADC ExternalTrigInjecConv F4 and F2 family is applicable
2025-11-12 15:26:59,809 [INFO] Rule:225 - rule ADC SamplingTime fix with FW L0  is applicable
2025-11-12 15:26:59,809 [INFO] Rule:225 - rule ADC SamplingTime fix with FW L0  is applicable
2025-11-12 15:26:59,809 [INFO] Rule:225 - rule ADC SamplingTime fix with FW L0 is applicable
2025-11-12 15:26:59,809 [INFO] Rule:225 - rule ADC SamplingTime fix with FW L0 is applicable
2025-11-12 15:26:59,809 [INFO] Rule:225 - rule ADC SamplingTime fix with FW L0  is applicable
2025-11-12 15:26:59,809 [INFO] Rule:225 - rule ADC SamplingTime fix with FW L0 is applicable
2025-11-12 15:26:59,809 [INFO] Rule:225 - rule Rename USB_OE Signal is applicable
2025-11-12 15:26:59,809 [INFO] Rule:225 - rule Rename Activate_OE Mode is applicable
2025-11-12 15:26:59,809 [INFO] Rule:225 - rule Rename DIE462/DIE415 pin PC14/OSC32_IN -> PC14-OSC32_IN (PC14) is applicable
2025-11-12 15:26:59,809 [INFO] Rule:225 - rule Rename DIE462/DIE415 pin PC15/OSC32_OUT -> PC15-OSC32_OUT (PC15) is applicable
2025-11-12 15:26:59,809 [INFO] Rule:225 - rule Rename DIE462/DIE415 pin PH0/OSC_IN -> PH0-OSC_IN (PH0) is applicable
2025-11-12 15:26:59,809 [INFO] Rule:225 - rule Rename DIE462/DIE415 pin PH1/OSC_OUT -> PH1-OSC_OUT (PH1) is applicable
2025-11-12 15:26:59,809 [INFO] Rule:225 - rule Rename DIE462 pin PA13 -> PA13 (JTMS/SWDIO) is applicable
2025-11-12 15:26:59,810 [INFO] Rule:225 - rule Rename DIE415 pin PA13 -> PA13 (JTMS/SWDIO) is applicable
2025-11-12 15:26:59,810 [INFO] Rule:225 - rule Rename DIE462 pin PA14 -> PA14 (JTCK/SWCLK) is applicable
2025-11-12 15:26:59,810 [INFO] Rule:225 - rule Rename DIE415 pin PA14 -> PA14 (JTCK/SWCLK) is applicable
2025-11-12 15:26:59,810 [INFO] Rule:225 - rule Rename DIE462/DIE415 pin PA15 -> PA15 (JTDI) is applicable
2025-11-12 15:26:59,810 [INFO] Rule:225 - rule Rename DIE462 pin PB3 -> PB3 (JTD0/TRACESWO) is applicable
2025-11-12 15:26:59,810 [INFO] Rule:225 - rule Rename DIE415 pin PB3 -> PB3 (JTD0-TRACESWO) is applicable
2025-11-12 15:26:59,810 [INFO] Rule:225 - rule Rename DIE462/DIE415 pin PB4 -> PB4 (NJTRST) is applicable
2025-11-12 15:26:59,810 [INFO] Rule:225 - rule Rename DIE462 pin PH3/BOOT0 -> PH3-BOOT0 (BOOT0) is applicable
2025-11-12 15:26:59,810 [INFO] Rule:225 - rule Rename CRYP DataEncryptionTypesList to Algorithm is applicable
2025-11-12 15:26:59,810 [INFO] Rule:225 - rule Rename AES DataEncryptionTypesList to Algorithm is applicable
2025-11-12 15:26:59,810 [INFO] Rule:225 - rule Rename TDESECB to CRYP_TDES_ECB is applicable
2025-11-12 15:26:59,810 [INFO] Rule:225 - rule Rename TDESCBC to CRYP_TDES_CBC is applicable
2025-11-12 15:26:59,810 [INFO] Rule:225 - rule Rename DESECB to CRYP_DES_ECB is applicable
2025-11-12 15:26:59,810 [INFO] Rule:225 - rule Rename DESCBC to CRYP_DES_CBC is applicable
2025-11-12 15:26:59,810 [INFO] Rule:225 - rule Rename AESECB to CRYP_AES_ECB is applicable
2025-11-12 15:26:59,810 [INFO] Rule:225 - rule Rename AESCBC to CRYP_AES_CBC is applicable
2025-11-12 15:26:59,810 [INFO] Rule:225 - rule Rename AESCTR to CRYP_AES_CTR is applicable
2025-11-12 15:26:59,810 [INFO] Rule:225 - rule Rename AESGCM to CRYP_AES_GCM is applicable
2025-11-12 15:26:59,810 [INFO] Rule:225 - rule Rename AESCCM to CRYP_AES_CCM is applicable
2025-11-12 15:26:59,810 [INFO] Rule:225 - rule Rename CAN TimeSeg1 to BS1 is applicable
2025-11-12 15:26:59,810 [INFO] Rule:225 - rule Rename CAN TimeSeg2 to BS2 is applicable
2025-11-12 15:26:59,810 [INFO] Rule:225 - rule Rename CAN SyncJumpWidth to SJW is applicable
2025-11-12 15:26:59,810 [INFO] Rule:225 - rule TimeTriggeredMode to TTCM is applicable
2025-11-12 15:26:59,811 [INFO] Rule:225 - rule Rename CAN AutoBusOff to ABOM is applicable
2025-11-12 15:26:59,811 [INFO] Rule:225 - rule Rename CAN AutoWakeUp to AWUM is applicable
2025-11-12 15:26:59,811 [INFO] Rule:225 - rule Rename CAN AutoRetransmission to NART is applicable
2025-11-12 15:26:59,811 [INFO] Rule:225 - rule Rename CAN ReceiveFifoLocked to RFLM is applicable
2025-11-12 15:26:59,811 [INFO] Rule:225 - rule Rename CAN TransmitFifoPriority to TXFP is applicable
2025-11-12 15:26:59,811 [INFO] Rule:225 - rule Rename HRTIMER HRTIM_OUTPUTFAULTLEVEL_HIGH in HRTIMER HRTIM_OUTPUTFAULTLEVEL_HIGHZ is applicable
2025-11-12 15:26:59,811 [INFO] Rule:225 - rule Rename TIMER TIM_CLEARINPUTSOURCE_OCREFCLR in  TIMER TIM_CLEARINPUTSOURCE_NONE for F7 family is applicable
2025-11-12 15:26:59,811 [INFO] Rule:225 - rule FDCAN_R1 - Rename FDCAN mode Master into Classic is applicable
2025-11-12 15:26:59,811 [INFO] Rule:225 - rule FDCAN_R2 - Rename FDCAN mode Slave into Classic is applicable
2025-11-12 15:26:59,811 [INFO] Rule:225 - rule FDCAN1_R3 - if PA10.Mode=FullDuplex, add Pin PA12 is applicable
2025-11-12 15:26:59,811 [INFO] Rule:225 - rule FDCAN1_R3 - if PA9.Mode=FullDuplex, add Pin PA11 is applicable
2025-11-12 15:26:59,811 [INFO] Rule:225 - rule FDCAN1_R3 - Alternatepin_1 - if PE1.Mode=FullDuplex, add Pin PB9 is applicable
2025-11-12 15:26:59,811 [INFO] Rule:225 - rule FDCAN1_R3 - Alternatepin_1 - if PE0.Mode=FullDuplex, add Pin PB8 is applicable
2025-11-12 15:26:59,811 [INFO] Rule:225 - rule FDCAN1_R3 - Alternatepin_2 - if PD5.Mode=FullDuplex, add Pin PD1 is applicable
2025-11-12 15:26:59,811 [INFO] Rule:225 - rule FDCAN1_R3 - Alternatepin_2 - if PD4.Mode=FullDuplex, add Pin PD0 is applicable
2025-11-12 15:26:59,811 [INFO] Rule:225 - rule FDCAN1_R4 - Rename Mode FullDuplex into Enable FDCAN_TXFD for pin PA10 is applicable
2025-11-12 15:26:59,811 [INFO] Rule:225 - rule FDCAN1_R4 - Rename Mode FullDuplex into Enable FDCAN_TXFD for pin PA9 is applicable
2025-11-12 15:26:59,811 [INFO] Rule:225 - rule FDCAN1_R4 - Alternatepin_1 - Rename Mode FullDuplex into Enable FDCAN_TXFD for pin PE1 is applicable
2025-11-12 15:26:59,811 [INFO] Rule:225 - rule FDCAN1_R4 - Alternatepin_1 - Rename Mode FullDuplex into Enable FDCAN_TXFD for pin PE0 is applicable
2025-11-12 15:26:59,811 [INFO] Rule:225 - rule FDCAN1_R4 - Alternatepin_2 - Rename Mode FullDuplex into Enable FDCAN_TXFD for pin PD5 is applicable
2025-11-12 15:26:59,811 [INFO] Rule:225 - rule FDCAN1_R4 - Alternatepin_2 - Rename Mode FullDuplex into Enable FDCAN_TXFD for pin PD4 is applicable
2025-11-12 15:26:59,811 [INFO] Rule:225 - rule FDCAN2_R3 - if PD10.Mode=FullDuplex, add Pin PB13 is applicable
2025-11-12 15:26:59,811 [INFO] Rule:225 - rule FDCAN2_R3 - if PD9.Mode=FullDuplex, add Pin PB12 is applicable
2025-11-12 15:26:59,811 [INFO] Rule:225 - rule FDCAN2_R3 - Alternatepin_1 - if PB7.Mode=FullDuplex, add Pin PB6 is applicable
2025-11-12 15:26:59,811 [INFO] Rule:225 - rule FDCAN2_R3 - Alternatepin_1 - if PD9.Mode=FullDuplex, add Pin PB12 is applicable
2025-11-12 15:26:59,811 [INFO] Rule:225 - rule FDCAN2_R4 - Rename Mode FullDuplex into Enable FDCAN_TXFD for pin PD10 is applicable
2025-11-12 15:26:59,811 [INFO] Rule:225 - rule FDCAN2_R4 - Rename Mode FullDuplex into Enable FDCAN_TXFD for pin PD9 is applicable
2025-11-12 15:26:59,811 [INFO] Rule:225 - rule FDCAN2_R4 - Alternatepin_1 - Rename Mode FullDuplex into Enable FDCAN_TXFD for pin PB7 is applicable
2025-11-12 15:26:59,811 [INFO] Rule:225 - rule FDCAN2_R4 - Alternatepin_1 - Rename Mode FullDuplex into Enable FDCAN_TXFD for pin PD6 is applicable
2025-11-12 15:26:59,811 [INFO] Rule:225 - rule USART TxPinLevelInvertParam Mode is applicable
2025-11-12 15:26:59,811 [INFO] Rule:225 - rule USART RxPinLevelInvertParam Mode is applicable
2025-11-12 15:26:59,812 [INFO] Rule:225 - rule USART DataInvertParam Mode is applicable
2025-11-12 15:26:59,812 [INFO] Rule:225 - rule USART SwapParam Mode is applicable
2025-11-12 15:26:59,812 [INFO] Rule:225 - rule USART OverrunDisableParam Mode is applicable
2025-11-12 15:26:59,812 [INFO] Rule:225 - rule USART DMADisableonRxErrorParam Mode is applicable
2025-11-12 15:26:59,812 [INFO] Rule:225 - rule USART MSBFirstParam Mode is applicable
2025-11-12 15:26:59,812 [INFO] Rule:225 - rule Update MwName for USB_DEVICE is applicable
2025-11-12 15:26:59,812 [INFO] Rule:225 - rule Change PWR_Regulator_Voltage_Scale Default Value for RCC  H7 family is applicable
2025-11-12 15:26:59,812 [INFO] Rule:225 - rule UART/USART IPParameter rename Prescaler parameter to ClockPrescaler is applicable
2025-11-12 15:26:59,812 [INFO] Rule:225 - rule UART/USART Prescaler rename Prescaler parameter to ClockPrescaler is applicable
2025-11-12 15:26:59,812 [INFO] Rule:225 - rule TIM1CLockSelection is applicable
2025-11-12 15:26:59,812 [INFO] Rule:225 - rule TIM15CLockSelection is applicable
2025-11-12 15:26:59,812 [INFO] Rule:225 - rule align RCC SDMMC3CLockSelection default value on MP1 is applicable
2025-11-12 15:26:59,812 [INFO] Rule:225 - rule align RCC SDMMC12CLockSelection default value on MP1 is applicable
2025-11-12 15:26:59,812 [INFO] Rule:225 - rule align RCC QSPICLockSelection default value on MP1 is applicable
2025-11-12 15:26:59,812 [INFO] Rule:225 - rule align RCC QSPICLockSelection default value on MP1 is applicable
2025-11-12 15:26:59,812 [INFO] Rule:225 - rule align RCC SPI6CLockSelection default value on MP1 is applicable
2025-11-12 15:26:59,812 [INFO] Rule:225 - rule align RCC LPTIM23CLockSelection default value on MP1 is applicable
2025-11-12 15:26:59,812 [INFO] Rule:225 - rule align RCC LPTIM1CLockSelection default value on MP1 is applicable
2025-11-12 15:26:59,812 [INFO] Rule:225 - rule align RCC USART1CLockSelection default value on MP1 is applicable
2025-11-12 15:26:59,812 [INFO] Rule:225 - rule align RCC USART24CLockSelection default value on MP1 is applicable
2025-11-12 15:26:59,812 [INFO] Rule:225 - rule align RCC USART6CLockSelection default value on MP1 is applicable
2025-11-12 15:26:59,812 [INFO] Rule:225 - rule align RCC UART78CLockSelection default value on MP1 is applicable
2025-11-12 15:26:59,812 [INFO] Rule:225 - rule align RCC USART35CLockSelection default value on MP1 is applicable
2025-11-12 15:26:59,812 [INFO] Rule:225 - rule align RCC SPI45CLockSelection default value on MP1 is applicable
2025-11-12 15:26:59,812 [INFO] Rule:225 - rule align RCC I2C46CLockSelection BCLK value on MP1 is applicable
2025-11-12 15:26:59,812 [INFO] Rule:225 - rule align RCC SPI45CLockSelection default value on MP1 is applicable
2025-11-12 15:26:59,812 [INFO] Rule:225 - rule align RCC I2C12CLockSelection default value on MP1 is applicable
2025-11-12 15:26:59,812 [INFO] Rule:225 - rule align RCC I2C35CLockSelection default value on MP1 is applicable
2025-11-12 15:26:59,812 [INFO] Rule:225 - rule align RCC LPTIM45CLockSelection default value on MP1 is applicable
2025-11-12 15:26:59,812 [INFO] Rule:225 - rule Rename DCMI PIXCK signal is applicable
2025-11-12 15:26:59,812 [INFO] Rule:225 - rule Change Default Value for I2C46CLockSelection MP1 family is applicable
2025-11-12 15:26:59,812 [INFO] Rule:225 - rule Change Default Value for UART for G4, G0 and WB families is applicable
2025-11-12 15:26:59,812 [INFO] Rule:225 - rule Change Default Value for USART for G4, G0 and WB families is applicable
2025-11-12 15:26:59,812 [INFO] Rule:225 - rule Change Default Value for USART for G4 family is applicable
2025-11-12 15:26:59,812 [INFO] Rule:225 - rule Change USART1CLockSelection refparam name for MP1 is applicable
2025-11-12 15:26:59,812 [INFO] Rule:225 - rule Change USART2CLockSelection refparam name for MP1 is applicable
2025-11-12 15:26:59,812 [INFO] Rule:225 - rule Change USART3CLockSelection refparam name for MP1 is applicable
2025-11-12 15:26:59,812 [INFO] Rule:225 - rule Change UART4CLockSelection refparam name for MP1 is applicable
2025-11-12 15:26:59,813 [INFO] Rule:225 - rule Change UART5CLockSelection refparam name for MP1 is applicable
2025-11-12 15:26:59,813 [INFO] Rule:225 - rule Change LPUART1CLockSelection refparam name for MP1 is applicable
2025-11-12 15:26:59,813 [INFO] Rule:225 - rule Change LPTIM1CLockSelection refparam name for MP1 is applicable
2025-11-12 15:26:59,813 [INFO] Rule:225 - rule Change LPTIM2CLockSelection refparam name for MP1 is applicable
2025-11-12 15:26:59,813 [INFO] Rule:225 - rule Change RCC_MCO1Source refparam name for MP1 is applicable
2025-11-12 15:26:59,813 [INFO] Rule:225 - rule Change LSCOSource1 refparam name for MP1 is applicable
2025-11-12 15:26:59,813 [INFO] Rule:225 - rule Change SMPSCLockSelection refparam name for MP1 is applicable
2025-11-12 15:26:59,813 [INFO] Rule:225 - rule Change LPTIM3CLockSelection refparam name for MP1 is applicable
2025-11-12 15:26:59,813 [INFO] Rule:225 - rule Change MPCBB* Default Template Mode to Parameters is applicable
2025-11-12 15:26:59,813 [INFO] Rule:225 - rule Change MPCWM* or MPCBB* Secure Mode to Parameters is applicable
2025-11-12 15:26:59,813 [INFO] Rule:225 - rule Change MPCWM* or MPCBB* No Secure Mode to Parameters is applicable
2025-11-12 15:26:59,813 [INFO] Rule:225 - rule Change TZSC IP Secure Mode to Parameters is applicable
2025-11-12 15:26:59,813 [INFO] Rule:225 - rule Change TZSC IP No Secure Mode to Parameters is applicable
2025-11-12 15:26:59,813 [INFO] Rule:225 - rule Change TZSC IP Privilege Mode to Parameters is applicable
2025-11-12 15:26:59,813 [INFO] Rule:225 - rule Change TZSC IP No Privilege Mode to Parameters is applicable
2025-11-12 15:26:59,813 [INFO] Rule:225 - rule Change TZIC IT Secure Mode to Parameters is applicable
2025-11-12 15:26:59,813 [INFO] Rule:225 - rule Change TZIC IT No Secure Mode to Parameters is applicable
2025-11-12 15:26:59,813 [INFO] Rule:225 - rule Add MPCBB1_NonSecureArea_Start_Address value with referenced to MPCBB1_NonSecureArea_Start value is applicable
2025-11-12 15:26:59,813 [INFO] Rule:225 - rule Add MPCBB2_NonSecureArea_Start_Address value with referenced to MPCBB2_NonSecureArea_Start value is applicable
2025-11-12 15:26:59,813 [INFO] Rule:225 - rule Add MPCWM1_NonSecureArea*_Start_Address value with referenced to MPCWM1_NonSecureArea*_Start value is applicable
2025-11-12 15:26:59,813 [INFO] Rule:225 - rule Add MPCWM2_NonSecureArea*_Start_Address value with referenced to MPCWM2_NonSecureArea*_Start value is applicable
2025-11-12 15:26:59,813 [INFO] Rule:225 - rule Add MPCWM3_NonSecureArea_Start_Address value with referenced to MPCWM3_NonSecureArea_Start value is applicable
2025-11-12 15:26:59,813 [INFO] Rule:225 - rule Change Default Value for PLL1UserDefinedConfig is applicable
2025-11-12 15:26:59,814 [INFO] Rule:225 - rule Change GPIO_PuPd Default Value for USART in async mode is applicable
2025-11-12 15:26:59,814 [INFO] Rule:225 - rule Change SMPSDivider Default Value is applicable
2025-11-12 15:26:59,814 [INFO] Rule:225 - rule OPAMP is applicable
2025-11-12 15:26:59,814 [INFO] Rule:225 - rule LPUART IPParameter rename Prescaler parameter to ClockPrescaler for STM32H7 is applicable
2025-11-12 15:26:59,814 [INFO] Rule:225 - rule LPUART IPParameter rename Prescaler parameter to ClockPrescaler for STM32H7 is applicable
2025-11-12 15:26:59,814 [INFO] Rule:225 - rule LPUART IPParameter rename Prescaler parameter to ClockPrescaler for STM32WB is applicable
2025-11-12 15:26:59,814 [INFO] Rule:225 - rule LPUART IPParameter rename Prescaler parameter to ClockPrescaler for STM32WB is applicable
2025-11-12 15:26:59,814 [INFO] Rule:225 - rule LPUART IPParameter rename Prescaler parameter to ClockPrescaler for STM32G4 is applicable
2025-11-12 15:26:59,814 [INFO] Rule:225 - rule LPUART IPParameter rename Prescaler parameter to ClockPrescaler for STM32G4 is applicable
2025-11-12 15:26:59,814 [INFO] Rule:225 - rule LPUART IPParameter rename Prescaler parameter to ClockPrescaler for STM32L5 is applicable
2025-11-12 15:26:59,814 [INFO] Rule:225 - rule LPUART IPParameter rename Prescaler parameter to ClockPrescaler for STM32L5 is applicable
2025-11-12 15:26:59,814 [INFO] Rule:225 - rule LPUART IPParameter rename Prescaler parameter to ClockPrescaler for STM32G4 is applicable
2025-11-12 15:26:59,814 [INFO] Rule:225 - rule LPUART IPParameter rename Prescaler parameter to ClockPrescaler for STM32G4 is applicable
2025-11-12 15:26:59,814 [INFO] Rule:225 - rule USB device lib V2.5.3 for L0 rename USBD_SUPPORT_USER_STRING parameter to USBD_SUPPORT_USER_STRING_DESC4 is applicable
2025-11-12 15:26:59,814 [INFO] Rule:225 - rule I2SCLockSelection clock entry align is applicable
2025-11-12 15:26:59,814 [INFO] Rule:225 - rule Assign TIMx context if used as SYS timebase is applicable
2025-11-12 15:26:59,814 [INFO] Rule:225 - rule Change GPIO_Pu Default Value for I2C is applicable
2025-11-12 15:26:59,815 [INFO] Rule:225 - rule Change GPIO_Pu Default Value for SMBus is applicable
2025-11-12 15:26:59,815 [INFO] Rule:225 - rule change FDCAN default value is applicable
2025-11-12 15:26:59,815 [INFO] Rule:225 - rule Change mode sai is applicable
2025-11-12 15:26:59,815 [INFO] Rule:225 - rule **Change sai mode is applicable
2025-11-12 15:26:59,815 [INFO] Rule:225 - rule Rename STM32WPAN CFG_BLE_IRK to CFG_BLE_IR is applicable
2025-11-12 15:26:59,815 [INFO] Rule:225 - rule Rename STM32WPAN CFG_BLE_ERK to CFG_BLE_ER is applicable
2025-11-12 15:26:59,815 [INFO] Rule:225 - rule Rename STM32WPAN CFG_BLE_IRK_HEX to CFG_BLE_IR_HEX is applicable
2025-11-12 15:26:59,815 [INFO] Rule:225 - rule Rename STM32WPAN CFG_BLE_ERK_HEX to CFG_BLE_ER_HEX is applicable
2025-11-12 15:26:59,815 [INFO] Rule:225 - rule Adapt Old IOC before rework replace old CORTEX_M33/CORTEX_M55 attributes by the new one. is applicable
2025-11-12 15:26:59,815 [INFO] Rule:225 - rule Rename parametre of RCC RCC_APBDBG_DIV2 to RCC_TIMPRES_DIV2 is applicable
2025-11-12 15:26:59,815 [INFO] Rule:225 - rule Rename DIE493 pin PA10 [PA12] -> PA10 is applicable
2025-11-12 15:26:59,815 [INFO] Rule:225 - rule Rename DIE493 pin PA9 [PA11] -> PA9 is applicable
2025-11-12 15:26:59,816 [INFO] Rule:225 - rule Adapt Old IOC CSI. is applicable
2025-11-12 15:26:59,835 [INFO] DbConfProperties:307 - Apply Compatibility (49/267 Rules)
2025-11-12 15:26:59,852 [INFO] ImportTextPane:218 - (OptionalMessage_ERROR) Unable to find key (Mcu.ThirdPartyNb) in loaded IOC file
2025-11-12 15:26:59,854 [INFO] ImportTextPane:218 - (OptionalMessage_ERROR) Pin12 (VP_RIF_VS_RIF1) cannot be retrieved for this MCU
2025-11-12 15:26:59,903 [INFO] RtosManager:558 - Registered RTOS mode: class=CMSIS, group=RTOS, mode=CMSIS_V1, owner=FREERTOS
2025-11-12 15:26:59,903 [INFO] RtosManager:558 - Registered RTOS mode: class=CMSIS, group=RTOS2, mode=CMSIS_V2, owner=FREERTOS
2025-11-12 15:26:59,903 [INFO] RtosManager:558 - Registered RTOS mode: class=RTOS, group=Core, mode=CMSIS_V1, owner=FREERTOS
2025-11-12 15:26:59,903 [INFO] RtosManager:558 - Registered RTOS mode: class=RTOS, group=Core, mode=CMSIS_V2, owner=FREERTOS
2025-11-12 15:26:59,903 [WARN] ModelIntegratedComponent:184 - Missing modes for component STMicroelectronics:FreeRTOS:0.0.1:STMicroelectronics:RTOS:FreeRTOS:Core:::10.2.0:
2025-11-12 15:26:59,922 [WARN] ModelIntegratedComponent:63 - No mode defined for component null
2025-11-12 15:26:59,923 [WARN] ModelIntegratedComponent:63 - No mode defined for component null
2025-11-12 15:26:59,923 [WARN] ModelIntegratedComponent:63 - No mode defined for component null
2025-11-12 15:26:59,923 [WARN] ModelIntegratedComponent:63 - No mode defined for component null
2025-11-12 15:26:59,923 [WARN] ModelIntegratedComponent:63 - No mode defined for component null
2025-11-12 15:26:59,923 [WARN] ModelIntegratedComponent:63 - No mode defined for component null
2025-11-12 15:26:59,923 [WARN] ModelIntegratedComponent:63 - No mode defined for component null
2025-11-12 15:26:59,923 [WARN] ModelIntegratedComponent:63 - No mode defined for component null
2025-11-12 15:26:59,923 [WARN] ModelIntegratedComponent:63 - No mode defined for component null
2025-11-12 15:26:59,923 [WARN] ModelIntegratedComponent:63 - No mode defined for component null
2025-11-12 15:26:59,923 [WARN] ModelIntegratedComponent:63 - No mode defined for component null
2025-11-12 15:26:59,923 [WARN] ModelIntegratedComponent:63 - No mode defined for component null
2025-11-12 15:26:59,923 [WARN] ModelIntegratedComponent:63 - No mode defined for component null
2025-11-12 15:26:59,923 [WARN] ModelIntegratedComponent:63 - No mode defined for component null
2025-11-12 15:26:59,923 [WARN] ModelIntegratedComponent:63 - No mode defined for component null
2025-11-12 15:26:59,923 [WARN] ModelIntegratedComponent:63 - No mode defined for component null
2025-11-12 15:26:59,923 [WARN] ModelIntegratedComponent:63 - No mode defined for component null
2025-11-12 15:26:59,923 [WARN] ModelIntegratedComponent:63 - No mode defined for component null
2025-11-12 15:26:59,923 [WARN] ModelIntegratedComponent:63 - No mode defined for component null
2025-11-12 15:26:59,923 [WARN] ModelIntegratedComponent:63 - No mode defined for component null
2025-11-12 15:26:59,923 [WARN] ModelIntegratedComponent:63 - No mode defined for component null
2025-11-12 15:26:59,923 [WARN] ModelIntegratedComponent:63 - No mode defined for component null
2025-11-12 15:26:59,923 [WARN] ModelIntegratedComponent:63 - No mode defined for component null
2025-11-12 15:26:59,923 [WARN] ModelIntegratedComponent:63 - No mode defined for component null
2025-11-12 15:26:59,923 [WARN] ModelIntegratedComponent:63 - No mode defined for component null
2025-11-12 15:26:59,923 [WARN] ModelIntegratedComponent:63 - No mode defined for component null
2025-11-12 15:26:59,923 [WARN] ModelIntegratedComponent:63 - No mode defined for component null
2025-11-12 15:26:59,923 [WARN] ModelIntegratedComponent:63 - No mode defined for component null
2025-11-12 15:26:59,923 [WARN] ModelIntegratedComponent:63 - No mode defined for component null
2025-11-12 15:26:59,923 [WARN] ModelIntegratedComponent:63 - No mode defined for component null
2025-11-12 15:26:59,923 [WARN] ModelIntegratedComponent:63 - No mode defined for component null
2025-11-12 15:26:59,923 [WARN] ModelIntegratedComponent:63 - No mode defined for component null
2025-11-12 15:26:59,923 [WARN] ModelIntegratedComponent:63 - No mode defined for component null
2025-11-12 15:26:59,923 [WARN] ModelIntegratedComponent:63 - No mode defined for component null
2025-11-12 15:26:59,923 [WARN] ModelIntegratedComponent:63 - No mode defined for component null
2025-11-12 15:26:59,923 [WARN] ModelPack:524 - Component already loaded: STMicroelectronics:HAL Drivers:0.0.0:STMicroelectronics:Device:STMicro_Driver:XSPI:HAL::0.0.1:HAL_XSPI
2025-11-12 15:27:00,033 [INFO] ThirdPartyModel:298 - Start build external matchings
2025-11-12 15:27:00,441 [INFO] ThirdPartyModel:316 - End build external matchings
2025-11-12 15:27:00,460 [INFO] ImportTextPane:218 - (OptionalMessage_ERROR) IP (RCC) : Invalid parameter (FamilyName)
2025-11-12 15:27:00,462 [INFO] ImportTextPane:218 - (OptionalMessage_ERROR) IP (RCC) : Parameter (RNGFreq_Value) has invalid value (64000000)
2025-11-12 15:27:00,462 [INFO] ImportTextPane:218 - (OptionalMessage_ERROR) IP (RCC) : Parameter (SDMMCFreq_Value) has invalid value (64000000)
2025-11-12 15:27:00,462 [INFO] ImportTextPane:218 - (OptionalMessage_ERROR) IP (RCC) : Parameter (USBFreq_Value) has invalid value (64000000)
2025-11-12 15:27:00,788 [INFO] UtilMem:75 - End LoadConfig() Used Memory: 849845792 Bytes (1073741824)
2025-11-12 15:27:00,816 [WARN] ThirdParty:833 - waiting for thirdparty lock release [change project]
2025-11-12 15:27:00,817 [INFO] ThirdParty:835 - entering critical section [change project]
2025-11-12 15:27:00,817 [INFO] ThirdParty:1030 - CMSIS Pack Vendor :STMicroelectronics X-CUBE-PM33A1 1.0.0
2025-11-12 15:27:00,817 [INFO] ThirdParty:1030 - CMSIS Pack Vendor :STMicroelectronics USBPD 4.1
2025-11-12 15:27:00,817 [INFO] ThirdParty:1030 - CMSIS Pack Vendor :STMicroelectronics X-CUBE-NFC9 1.0.0
2025-11-12 15:27:00,817 [INFO] ThirdParty:1030 - CMSIS Pack Vendor :STMicroelectronics USB_HOST 2.0.0
2025-11-12 15:27:00,817 [INFO] ThirdParty:1030 - CMSIS Pack Vendor :STMicroelectronics FP-SNS-MOTENVWB1 1.4.0
2025-11-12 15:27:00,817 [INFO] ThirdParty:1030 - CMSIS Pack Vendor :STMicroelectronics X-CUBE-AZRTOS-F4 1.1.0
2025-11-12 15:27:00,817 [INFO] ThirdParty:1030 - CMSIS Pack Vendor :STMicroelectronics LIBJPEG 8.0.0
2025-11-12 15:27:00,817 [INFO] ThirdParty:1030 - CMSIS Pack Vendor :STMicroelectronics FP-ATR-ASTRA1 2.0.2
2025-11-12 15:27:00,817 [INFO] ThirdParty:1030 - CMSIS Pack Vendor :wolfSSL I-CUBE-wolfSSL 5.8.2
2025-11-12 15:27:00,817 [INFO] ThirdParty:1030 - CMSIS Pack Vendor :STMicroelectronics X-CUBE-BLE1 7.1.0
2025-11-12 15:27:00,817 [INFO] ThirdParty:1030 - CMSIS Pack Vendor :STMicroelectronics X-CUBE-SMBUS 2.1.0
2025-11-12 15:27:00,817 [INFO] ThirdParty:1030 - CMSIS Pack Vendor :wolfSSL I-CUBE-wolfMQTT 1.19.2
2025-11-12 15:27:00,817 [INFO] ThirdParty:1030 - CMSIS Pack Vendor :STMicroelectronics USB_DEVICE 3.0.0
2025-11-12 15:27:00,817 [INFO] ThirdParty:1030 - CMSIS Pack Vendor :STMicroelectronics X-CUBE-ISPU 2.1.0
2025-11-12 15:27:00,817 [INFO] ThirdParty:1030 - CMSIS Pack Vendor :STMicroelectronics X-CUBE-EEPRMA1 5.2.0
2025-11-12 15:27:00,818 [INFO] ThirdParty:1030 - CMSIS Pack Vendor :STMicroelectronics X-CUBE-BLEMGR 4.1.0
2025-11-12 15:27:00,818 [INFO] ThirdParty:1030 - CMSIS Pack Vendor :STMicroelectronics X-CUBE-AZRTOS-WB 2.0.0
2025-11-12 15:27:00,818 [INFO] ThirdParty:1030 - CMSIS Pack Vendor :STMicroelectronics X-CUBE-GNSS1 7.0.1
2025-11-12 15:27:00,818 [INFO] ThirdParty:1030 - CMSIS Pack Vendor :STMicroelectronics X-CUBE-NFC12 1.0.0
2025-11-12 15:27:00,818 [INFO] ThirdParty:1030 - CMSIS Pack Vendor :STMicroelectronics X-CUBE-AZRTOS-F7 1.1.0
2025-11-12 15:27:00,818 [INFO] ThirdParty:1030 - CMSIS Pack Vendor :STMicroelectronics X-CUBE-AZRTOS-L5 2.0.0
2025-11-12 15:27:00,818 [INFO] ThirdParty:1030 - CMSIS Pack Vendor :STMicroelectronics USB_DEVICE 2.0.0
2025-11-12 15:27:00,818 [INFO] ThirdParty:1030 - CMSIS Pack Vendor :STMicroelectronics X-CUBE-NFC6 3.1.0
2025-11-12 15:27:00,818 [INFO] ThirdParty:1030 - CMSIS Pack Vendor :Cesanta I-CUBE-Mongoose 7.19.0
2025-11-12 15:27:00,818 [INFO] ThirdParty:1030 - CMSIS Pack Vendor :quantropi X-CUBE-qispace-sdk-base 2.1.0
2025-11-12 15:27:00,818 [INFO] ThirdParty:1030 - CMSIS Pack Vendor :STMicroelectronics FreeRTOS 0.0.1
2025-11-12 15:27:00,818 [INFO] ThirdParty:1030 - CMSIS Pack Vendor :STMicroelectronics X-CUBE-AZRTOS-G0 1.1.0
2025-11-12 15:27:00,818 [INFO] ThirdParty:1030 - CMSIS Pack Vendor :STMicroelectronics X-CUBE-SAFEA1 1.2.2
2025-11-12 15:27:00,818 [INFO] ThirdParty:1030 - CMSIS Pack Vendor :STMicroelectronics X-CUBE-NFC4 3.0.0
2025-11-12 15:27:00,818 [INFO] ThirdParty:1030 - CMSIS Pack Vendor :STMicroelectronics X-CUBE-SUBG2 5.0.0
2025-11-12 15:27:00,818 [INFO] ThirdParty:1030 - CMSIS Pack Vendor :STMicroelectronics X-CUBE-AZRTOS-H7RS 1.1.0
2025-11-12 15:27:00,818 [INFO] ThirdParty:1030 - CMSIS Pack Vendor :STMicroelectronics STM32_WPAN 1.0.0
2025-11-12 15:27:00,818 [INFO] ThirdParty:1030 - CMSIS Pack Vendor :EmbeddedOffice I-CUBE-FS-RTOS 1.0.1
2025-11-12 15:27:00,818 [INFO] ThirdParty:1030 - CMSIS Pack Vendor :STMicroelectronics lwIP 2.0.3
2025-11-12 15:27:00,818 [INFO] ThirdParty:1030 - CMSIS Pack Vendor :STMicroelectronics USB_HOST 1.0.0
2025-11-12 15:27:00,818 [INFO] ThirdParty:1030 - CMSIS Pack Vendor :Infineon AIROC-Wi-Fi-Bluetooth-STM32 1.7.1
2025-11-12 15:27:00,818 [INFO] ThirdParty:1030 - CMSIS Pack Vendor :STMicroelectronics X-CUBE-AZRTOS-G4 2.0.0
2025-11-12 15:27:00,818 [INFO] ThirdParty:1030 - CMSIS Pack Vendor :STMicroelectronics X-CUBE-WB05N 2.0.0
2025-11-12 15:27:00,818 [INFO] ThirdParty:1030 - CMSIS Pack Vendor :STMicroelectronics PDM2PCM 3.1.0
2025-11-12 15:27:00,818 [INFO] ThirdParty:1030 - CMSIS Pack Vendor :STMicroelectronics PDM2PCM 3.3.0
2025-11-12 15:27:00,818 [INFO] ThirdParty:1030 - CMSIS Pack Vendor :wolfSSL I-CUBE-wolfTPM 3.8.0
2025-11-12 15:27:00,818 [INFO] ThirdParty:1030 - CMSIS Pack Vendor :STMicroelectronics X-CUBE-AZRTOS-H7 3.4.0
2025-11-12 15:27:00,818 [INFO] ThirdParty:1030 - CMSIS Pack Vendor :STMicroelectronics X-CUBE-DISPLAY 3.0.0
2025-11-12 15:27:00,818 [INFO] ThirdParty:1030 - CMSIS Pack Vendor :wolfSSL I-CUBE-wolfSSH 1.4.20
2025-11-12 15:27:00,818 [INFO] ThirdParty:1030 - CMSIS Pack Vendor :STMicroelectronics X-CUBE-NFC7 2.0.0
2025-11-12 15:27:00,818 [INFO] ThirdParty:1030 - CMSIS Pack Vendor :STMicroelectronics X-CUBE-TCPP 4.2.0
2025-11-12 15:27:00,818 [INFO] ThirdParty:1030 - CMSIS Pack Vendor :RealThread X-CUBE-RT-Thread_Nano 4.1.1
2025-11-12 15:27:00,818 [INFO] ThirdParty:1030 - CMSIS Pack Vendor :STMicroelectronics FP-ATR-SIGFOX1 3.2.0
2025-11-12 15:27:00,818 [INFO] ThirdParty:1030 - CMSIS Pack Vendor :STMicroelectronics X-CUBE-NFC10 1.0.0
2025-11-12 15:27:00,818 [INFO] ThirdParty:1030 - CMSIS Pack Vendor :STMicroelectronics X-CUBE-FREERTOS 1.3.1
2025-11-12 15:27:00,818 [INFO] ThirdParty:1030 - CMSIS Pack Vendor :STMicroelectronics HAL Drivers 0.0.0
2025-11-12 15:27:00,818 [INFO] ThirdParty:1030 - CMSIS Pack Vendor :STMicroelectronics MBEDTLS 2.16.2
2025-11-12 15:27:00,818 [INFO] ThirdParty:1030 - CMSIS Pack Vendor :STMicroelectronics X-CUBE-ST60 1.1.0
2025-11-12 15:27:00,818 [INFO] ThirdParty:1030 - CMSIS Pack Vendor :STMicroelectronics X-CUBE-ALS 1.0.2
2025-11-12 15:27:00,818 [INFO] ThirdParty:1030 - CMSIS Pack Vendor :emotas I-CUBE-CANOPEN 1.3.0
2025-11-12 15:27:00,818 [INFO] ThirdParty:1030 - CMSIS Pack Vendor :STMicroelectronics MBEDTLS 2.14.1
2025-11-12 15:27:00,818 [INFO] ThirdParty:1030 - CMSIS Pack Vendor :STMicroelectronics X-CUBE-GNSS1 7.1.0
2025-11-12 15:27:00,818 [INFO] ThirdParty:1030 - CMSIS Pack Vendor :ITTIA_DB I-CUBE-ITTIADB 8.9.0
2025-11-12 15:27:00,818 [INFO] ThirdParty:1030 - CMSIS Pack Vendor :STMicroelectronics X-CUBE-TOUCHGFX 4.26.0
2025-11-12 15:27:00,818 [INFO] ThirdParty:1030 - CMSIS Pack Vendor :STMicroelectronics X-CUBE-STSE01 1.0.0
2025-11-12 15:27:00,818 [INFO] ThirdParty:1030 - CMSIS Pack Vendor :STMicroelectronics X-CUBE-AI 10.2.0
2025-11-12 15:27:00,818 [INFO] ThirdParty:1030 - CMSIS Pack Vendor :STMicroelectronics FP-SNS-STAIOTCFT 1.0.0
2025-11-12 15:27:00,818 [INFO] ThirdParty:1030 - CMSIS Pack Vendor :STMicroelectronics ThreadX 1.0.0
2025-11-12 15:27:00,818 [INFO] ThirdParty:1030 - CMSIS Pack Vendor :STMicroelectronics FP-SNS-SMARTAG2 1.2.0
2025-11-12 15:27:00,818 [INFO] ThirdParty:1030 - CMSIS Pack Vendor :STMicroelectronics FP-SNS-FLIGHT1 5.1.0
2025-11-12 15:27:00,818 [INFO] ThirdParty:1030 - CMSIS Pack Vendor :STMicroelectronics X-CUBE-AZRTOS-WL 2.0.0
2025-11-12 15:27:00,818 [INFO] ThirdParty:1030 - CMSIS Pack Vendor :SEGGER I-CUBE-embOS 1.3.1
2025-11-12 15:27:00,818 [INFO] ThirdParty:1030 - CMSIS Pack Vendor :STMicroelectronics X-CUBE-ALGOBUILD 1.4.0
2025-11-12 15:27:00,818 [INFO] ThirdParty:1030 - CMSIS Pack Vendor :STMicroelectronics X-CUBE-DPower 1.3.0
2025-11-12 15:27:00,818 [INFO] ThirdParty:1030 - CMSIS Pack Vendor :STMicroelectronics X-CUBE-MEMS1 11.3.0
2025-11-12 15:27:00,818 [INFO] ThirdParty:1030 - CMSIS Pack Vendor :STMicroelectronics USB_DEVICE 1.0.0
2025-11-12 15:27:00,818 [INFO] ThirdParty:1030 - CMSIS Pack Vendor :STMicroelectronics X-CUBE-AZRTOS-L4 2.0.0
2025-11-12 15:27:00,818 [INFO] ThirdParty:1030 - CMSIS Pack Vendor :STMicroelectronics ThreadX 0.0.2
2025-11-12 15:27:00,818 [INFO] ThirdParty:1030 - CMSIS Pack Vendor :STMicroelectronics lwIP 2.1.2
2025-11-12 15:27:00,818 [INFO] ThirdParty:1030 - CMSIS Pack Vendor :STMicroelectronics X-CUBE-SFXS2LP1 4.0.0
2025-11-12 15:27:00,818 [INFO] ThirdParty:1030 - CMSIS Pack Vendor :STMicroelectronics X-CUBE-BLE2 3.3.0
2025-11-12 15:27:00,819 [INFO] ThirdParty:1030 - CMSIS Pack Vendor :Avnet-IOTCONNECT X-CUBE-iotc-st67-sdk 1.0.0
2025-11-12 15:27:00,819 [INFO] ThirdParty:1030 - CMSIS Pack Vendor :STMicroelectronics X-CUBE-TOF1 3.4.3
2025-11-12 15:27:00,819 [INFO] ThirdParty:1030 - CMSIS Pack Vendor :STMicroelectronics PDM2PCM 3.2.0
2025-11-12 15:27:00,819 [INFO] ThirdParty:841 - exiting critical section [change project]
2025-11-12 15:27:01,143 [INFO] PinOutPanel:1589 - setPackage(No Configuration,No Configuration)
2025-11-12 15:27:01,145 [INFO] PinOutPanel:1589 - setPackage(STM32L476RGTx,LQFP64)
2025-11-12 15:27:01,821 [INFO] UtilMem:75 - Before build in PCC Used Memory: 950727208 Bytes (1073741824)
2025-11-12 15:27:02,225 [INFO] UtilMem:75 - After build in PCC Used Memory: 732942208 Bytes (1073741824)
2025-11-12 15:27:02,255 [INFO] IPUIPlugin:80 - create IPUIPlugin
2025-11-12 15:27:02,255 [INFO] IPUIPlugin:80 - create IPUIPlugin
2025-11-12 15:27:02,255 [INFO] IPUIPlugin:80 - create IPUIPlugin
2025-11-12 15:27:02,255 [INFO] IPUIPlugin:80 - create IPUIPlugin
2025-11-12 15:27:02,255 [INFO] IPUIPlugin:80 - create IPUIPlugin
2025-11-12 15:27:02,255 [INFO] IPUIPlugin:80 - create IPUIPlugin
2025-11-12 15:27:02,256 [INFO] IPUIPlugin:80 - create IPUIPlugin
2025-11-12 15:27:02,256 [INFO] IPUIPlugin:80 - create IPUIPlugin
2025-11-12 15:27:02,256 [INFO] IPUIPlugin:80 - create IPUIPlugin
2025-11-12 15:27:02,256 [INFO] IPUIPlugin:80 - create IPUIPlugin
2025-11-12 15:27:02,256 [INFO] IPUIPlugin:80 - create IPUIPlugin
2025-11-12 15:27:02,256 [INFO] IPUIPlugin:80 - create IPUIPlugin
2025-11-12 15:27:02,257 [INFO] IPUIPlugin:80 - create IPUIPlugin
2025-11-12 15:27:02,257 [INFO] IPUIPlugin:80 - create IPUIPlugin
2025-11-12 15:27:02,257 [INFO] IPUIPlugin:80 - create IPUIPlugin
2025-11-12 15:27:02,257 [INFO] IPUIPlugin:80 - create IPUIPlugin
2025-11-12 15:27:02,257 [INFO] IPUIPlugin:80 - create IPUIPlugin
2025-11-12 15:27:02,257 [INFO] IPUIPlugin:80 - create IPUIPlugin
2025-11-12 15:27:02,258 [INFO] IPUIPlugin:80 - create IPUIPlugin
2025-11-12 15:27:02,258 [INFO] IPUIPlugin:80 - create IPUIPlugin
2025-11-12 15:27:02,258 [INFO] IPUIPlugin:80 - create IPUIPlugin
2025-11-12 15:27:02,258 [INFO] IPUIPlugin:80 - create IPUIPlugin
2025-11-12 15:27:02,259 [INFO] IPUIPlugin:80 - create IPUIPlugin
2025-11-12 15:27:02,259 [INFO] IPUIPlugin:80 - create IPUIPlugin
2025-11-12 15:27:02,259 [INFO] IPUIPlugin:80 - create IPUIPlugin
2025-11-12 15:27:02,259 [INFO] IPUIPlugin:80 - create IPUIPlugin
2025-11-12 15:27:02,259 [INFO] IPUIPlugin:80 - create IPUIPlugin
2025-11-12 15:27:02,260 [INFO] IPUIPlugin:80 - create IPUIPlugin
2025-11-12 15:27:02,260 [INFO] IPUIPlugin:80 - create IPUIPlugin
2025-11-12 15:27:02,260 [INFO] IPUIPlugin:80 - create IPUIPlugin
2025-11-12 15:27:02,261 [INFO] IPUIPlugin:80 - create IPUIPlugin
2025-11-12 15:27:02,261 [INFO] IPUIPlugin:80 - create IPUIPlugin
2025-11-12 15:27:02,261 [INFO] IPUIPlugin:80 - create IPUIPlugin
2025-11-12 15:27:02,261 [INFO] IPUIPlugin:80 - create IPUIPlugin
2025-11-12 15:27:02,262 [INFO] IPUIPlugin:80 - create IPUIPlugin
2025-11-12 15:27:02,262 [INFO] IPUIPlugin:80 - create IPUIPlugin
2025-11-12 15:27:02,262 [INFO] IPUIPlugin:80 - create IPUIPlugin
2025-11-12 15:27:02,263 [INFO] IPUIPlugin:80 - create IPUIPlugin
2025-11-12 15:27:02,263 [INFO] IPUIPlugin:80 - create IPUIPlugin
2025-11-12 15:27:02,263 [INFO] IPUIPlugin:80 - create IPUIPlugin
2025-11-12 15:27:02,263 [INFO] IPUIPlugin:80 - create IPUIPlugin
2025-11-12 15:27:02,264 [INFO] IPUIPlugin:80 - create IPUIPlugin
2025-11-12 15:27:02,264 [INFO] IPUIPlugin:80 - create IPUIPlugin
2025-11-12 15:27:02,264 [INFO] IPUIPlugin:80 - create IPUIPlugin
2025-11-12 15:27:02,264 [INFO] IPUIPlugin:80 - create IPUIPlugin
2025-11-12 15:27:02,265 [INFO] IPUIPlugin:80 - create IPUIPlugin
2025-11-12 15:27:02,265 [INFO] IPUIPlugin:80 - create IPUIPlugin
2025-11-12 15:27:02,265 [INFO] IPUIPlugin:80 - create IPUIPlugin
2025-11-12 15:27:02,266 [INFO] IPUIPlugin:80 - create IPUIPlugin
2025-11-12 15:27:02,267 [INFO] IPUIPlugin:80 - create IPUIPlugin
2025-11-12 15:27:02,267 [INFO] IPUIPlugin:80 - create IPUIPlugin
2025-11-12 15:27:02,268 [INFO] IPUIPlugin:80 - create IPUIPlugin
2025-11-12 15:27:02,268 [INFO] IPUIPlugin:80 - create IPUIPlugin
2025-11-12 15:27:02,269 [INFO] IPUIPlugin:80 - create IPUIPlugin
2025-11-12 15:27:02,269 [INFO] IPUIPlugin:80 - create IPUIPlugin
2025-11-12 15:27:02,270 [INFO] IPUIPlugin:80 - create IPUIPlugin
2025-11-12 15:27:02,270 [INFO] IPUIPlugin:80 - create IPUIPlugin
2025-11-12 15:27:02,270 [INFO] IPUIPlugin:80 - create IPUIPlugin
2025-11-12 15:27:02,271 [INFO] IPUIPlugin:80 - create IPUIPlugin
2025-11-12 15:27:02,344 [INFO] CADModel:165 - CPN selected for project levelSTM32L476RGT3
2025-11-12 15:27:02,344 [INFO] CADModel:114 - Register for checkConnection events
2025-11-12 15:27:02,403 [INFO] OpenFileManager:385 - Restore cursor
2025-11-12 15:27:02,846 [INFO] UtilMem:75 - End SaveConfig() Used Memory: 890228608 Bytes (1073741824)
2025-11-12 15:27:02,935 [INFO] UtilMem:75 - End SaveConfig() Used Memory: 917653800 Bytes (1073741824)
2025-11-12 15:27:03,118 [INFO] BlockDiagram:2775 - set Specific Code input for plugin: SYS
2025-11-12 15:27:03,118 [INFO] BlockDiagram:2775 - set Specific Code input for plugin: RCC
2025-11-12 15:27:03,118 [INFO] BlockDiagram:2775 - set Specific Code input for plugin: NVIC
2025-11-12 15:27:03,118 [INFO] BlockDiagram:2775 - set Specific Code input for plugin: USART
2025-11-12 15:27:03,118 [INFO] BlockDiagram:2775 - set Specific Code input for plugin: GPIO
2025-11-12 15:27:03,126 [INFO] CodeGenerator:882 - code generatio: config db path: C:\ST\STM32CubeIDE_1.18.1\STM32CubeIDE\plugins\com.st.stm32cube.common.mx_6.14.1.202504091515\\db\
2025-11-12 15:27:03,261 [INFO] CodeEngine:263 - oldGeneratedFile, C:\stm32\56_environmental_sensor\MXTmpFiles\license.tmp_save
2025-11-12 15:27:03,559 [INFO] CodeEngine:287 - Generated code: C:\stm32\56_environmental_sensor\MXTmpFiles\license.tmp
2025-11-12 15:27:03,618 [INFO] CodeEngine:263 - oldGeneratedFile, C:\stm32\56_environmental_sensor\MXTmpFiles\gpio.tmp_save
2025-11-12 15:27:03,783 [INFO] CodeEngine:287 - Generated code: C:\stm32\56_environmental_sensor\MXTmpFiles\gpio.tmp
2025-11-12 15:27:03,898 [INFO] CodeEngine:263 - oldGeneratedFile, C:\stm32\56_environmental_sensor\Core\Src\stm32l4xx_it.c_save
2025-11-12 15:27:04,168 [INFO] CodeEngine:287 - Generated code: C:\stm32\56_environmental_sensor\Core\Src\stm32l4xx_it.c
2025-11-12 15:27:04,176 [INFO] CodeEngine:263 - oldGeneratedFile, C:\stm32\56_environmental_sensor\Core\Inc\stm32l4xx_it.h_save
2025-11-12 15:27:04,260 [INFO] CodeEngine:287 - Generated code: C:\stm32\56_environmental_sensor\Core\Inc\stm32l4xx_it.h
2025-11-12 15:27:04,277 [INFO] CodeEngine:263 - oldGeneratedFile, C:\stm32\56_environmental_sensor\Core\Src\stm32l4xx_hal_msp.c_save
2025-11-12 15:27:04,421 [INFO] CodeEngine:287 - Generated code: C:\stm32\56_environmental_sensor\Core\Src\stm32l4xx_hal_msp.c
2025-11-12 15:27:04,426 [INFO] CodeEngine:263 - oldGeneratedFile, C:\stm32\56_environmental_sensor\MXTmpFiles\system.tmp_save
2025-11-12 15:27:04,478 [INFO] CodeEngine:287 - Generated code: C:\stm32\56_environmental_sensor\MXTmpFiles\system.tmp
2025-11-12 15:27:04,491 [INFO] CodeEngine:319 - oldGeneratedFile, C:\stm32\56_environmental_sensor\Core\Inc\stm32l4xx_hal_conf.h_save
2025-11-12 15:27:04,561 [INFO] CodeEngine:343 - Generated code: C:\stm32\56_environmental_sensor\Core\Inc\stm32l4xx_hal_conf.h
2025-11-12 15:27:04,595 [INFO] ApiDbMcu:508 - Load IP Config File for USART2
2025-11-12 15:27:04,597 [INFO] ApiDbMcu:508 - Load IP Config File for RCC
2025-11-12 15:27:04,606 [INFO] CodeEngine:263 - oldGeneratedFile, C:\stm32\56_environmental_sensor\Core\Inc\main.h_save
2025-11-12 15:27:04,687 [INFO] CodeEngine:287 - Generated code: C:\stm32\56_environmental_sensor\Core\Inc\main.h
2025-11-12 15:27:04,693 [INFO] CodeEngine:263 - oldGeneratedFile, C:\stm32\56_environmental_sensor\Core\Src\main.c_save
2025-11-12 15:27:04,785 [INFO] CodeEngine:287 - Generated code: C:\stm32\56_environmental_sensor\Core\Src\main.c
2025-11-12 15:27:05,337 [INFO] ProjectBuilder:3324 - Time for Copy HAL[1] : 403mS.
2025-11-12 15:27:05,341 [INFO] ProjectBuilder:4912 - Project Generator version: 4.6.0.1-B1
2025-11-12 15:27:05,417 [INFO] ConfigFileManager:1590 - The Die is : DIE415
2025-11-12 15:27:05,420 [INFO] ApiDbMcu:508 - Load IP Config File for FATFS
2025-11-12 15:27:05,424 [INFO] ApiDbMcu:508 - Load IP Config File for FREERTOS
2025-11-12 15:27:05,435 [INFO] ApiDbMcu:508 - Load IP Config File for TOUCHSENSING
2025-11-12 15:27:05,439 [INFO] ApiDbMcu:508 - Load IP Config File for USB_DEVICE
2025-11-12 15:27:05,443 [INFO] ApiDbMcu:508 - Load IP Config File for USB_HOST
2025-11-12 15:27:07,639 [INFO] ProjectBuilder:5191 - Time for Generating toolchain IDE Files: 2298mS.
2025-11-12 15:27:07,641 [INFO] ProjectBuilder:3181 - Time for Copy CMSIS : 1mS.
2025-11-12 15:27:07,643 [INFO] ProjectBuilder:3181 - Time for Copy CMSIS : 0mS.
2025-11-12 15:27:08,280 [INFO] McuFinderGlobals:76 - Set McuFinderConnectedMode to true
2025-11-12 15:27:08,285 [INFO] ApiDb:448 - Save user favorites file C:\Users\siree/.stm32cubeide/favorites.mcus.txt: 0 item(s)
2025-11-12 15:27:08,285 [INFO] ApiDb:452 - User favorites MCUs=[]
2025-11-12 15:27:08,287 [INFO] ApiDb:448 - Save user favorites file C:\Users\siree/.stm32cubeide/favorites.boards.txt: 0 item(s)
2025-11-12 15:27:08,287 [INFO] ApiDb:452 - User favorites Boards=[]
2025-11-12 15:27:19,253 [INFO] I2cTimingTraitement:330 - 0x10D19CE4
2025-11-12 15:27:23,472 [INFO] UtilMem:75 - End SaveConfig() Used Memory: 767916616 Bytes (1073741824)
2025-11-12 15:27:25,697 [INFO] UtilMem:75 - End SaveConfig() Used Memory: 810908232 Bytes (1073741824)
2025-11-12 15:27:28,014 [INFO] UtilMem:75 - End SaveConfig() Used Memory: 943108328 Bytes (1073741824)
2025-11-12 15:27:28,169 [INFO] BlockDiagram:2775 - set Specific Code input for plugin: SYS
2025-11-12 15:27:28,169 [INFO] BlockDiagram:2775 - set Specific Code input for plugin: RCC
2025-11-12 15:27:28,169 [INFO] BlockDiagram:2775 - set Specific Code input for plugin: I2C
2025-11-12 15:27:28,169 [INFO] BlockDiagram:2775 - set Specific Code input for plugin: NVIC
2025-11-12 15:27:28,169 [INFO] BlockDiagram:2775 - set Specific Code input for plugin: USART
2025-11-12 15:27:28,170 [INFO] BlockDiagram:2775 - set Specific Code input for plugin: GPIO
2025-11-12 15:27:28,172 [INFO] CodeGenerator:882 - code generatio: config db path: C:\ST\STM32CubeIDE_1.18.1\STM32CubeIDE\plugins\com.st.stm32cube.common.mx_6.14.1.202504091515\\db\
2025-11-12 15:27:28,282 [INFO] CodeEngine:263 - oldGeneratedFile, C:\stm32\56_environmental_sensor\MXTmpFiles\license.tmp_save
2025-11-12 15:27:28,340 [INFO] CodeEngine:287 - Generated code: C:\stm32\56_environmental_sensor\MXTmpFiles\license.tmp
2025-11-12 15:27:28,369 [INFO] CodeEngine:263 - oldGeneratedFile, C:\stm32\56_environmental_sensor\MXTmpFiles\gpio.tmp_save
2025-11-12 15:27:28,428 [INFO] CodeEngine:287 - Generated code: C:\stm32\56_environmental_sensor\MXTmpFiles\gpio.tmp
2025-11-12 15:27:28,543 [INFO] CodeEngine:263 - oldGeneratedFile, C:\stm32\56_environmental_sensor\Core\Src\stm32l4xx_it.c_save
2025-11-12 15:27:28,607 [INFO] CodeEngine:287 - Generated code: C:\stm32\56_environmental_sensor\Core\Src\stm32l4xx_it.c
2025-11-12 15:27:28,614 [INFO] CodeEngine:263 - oldGeneratedFile, C:\stm32\56_environmental_sensor\Core\Inc\stm32l4xx_it.h_save
2025-11-12 15:27:28,669 [INFO] CodeEngine:287 - Generated code: C:\stm32\56_environmental_sensor\Core\Inc\stm32l4xx_it.h
2025-11-12 15:27:28,684 [INFO] CodeEngine:263 - oldGeneratedFile, C:\stm32\56_environmental_sensor\Core\Src\stm32l4xx_hal_msp.c_save
2025-11-12 15:27:28,784 [INFO] CodeEngine:287 - Generated code: C:\stm32\56_environmental_sensor\Core\Src\stm32l4xx_hal_msp.c
2025-11-12 15:27:28,791 [INFO] CodeEngine:263 - oldGeneratedFile, C:\stm32\56_environmental_sensor\MXTmpFiles\system.tmp_save
2025-11-12 15:27:28,840 [INFO] CodeEngine:287 - Generated code: C:\stm32\56_environmental_sensor\MXTmpFiles\system.tmp
2025-11-12 15:27:28,852 [INFO] CodeEngine:319 - oldGeneratedFile, C:\stm32\56_environmental_sensor\Core\Inc\stm32l4xx_hal_conf.h_save
2025-11-12 15:27:28,921 [INFO] CodeEngine:343 - Generated code: C:\stm32\56_environmental_sensor\Core\Inc\stm32l4xx_hal_conf.h
2025-11-12 15:27:28,947 [INFO] ApiDbMcu:508 - Load IP Config File for I2C1
2025-11-12 15:27:28,958 [INFO] CodeEngine:263 - oldGeneratedFile, C:\stm32\56_environmental_sensor\Core\Inc\main.h_save
2025-11-12 15:27:29,019 [INFO] CodeEngine:287 - Generated code: C:\stm32\56_environmental_sensor\Core\Inc\main.h
2025-11-12 15:27:29,025 [INFO] CodeEngine:263 - oldGeneratedFile, C:\stm32\56_environmental_sensor\Core\Src\main.c_save
2025-11-12 15:27:29,124 [INFO] CodeEngine:287 - Generated code: C:\stm32\56_environmental_sensor\Core\Src\main.c
2025-11-12 15:27:29,583 [INFO] ProjectBuilder:3324 - Time for Copy HAL[1] : 303mS.
2025-11-12 15:27:29,584 [INFO] ProjectBuilder:4912 - Project Generator version: 4.6.0.1-B1
2025-11-12 15:27:29,655 [INFO] ConfigFileManager:1590 - The Die is : DIE415
2025-11-12 15:27:30,305 [INFO] ProjectBuilder:5191 - Time for Generating toolchain IDE Files: 721mS.
2025-11-12 15:27:30,306 [INFO] ProjectBuilder:3181 - Time for Copy CMSIS : 1mS.
2025-11-12 15:27:30,309 [INFO] ProjectBuilder:3181 - Time for Copy CMSIS : 0mS.
2025-11-12 15:28:36,705 [INFO] LogOutputStream:77 - [STDOUT_REDIRECT] StartTraceHandler.execute(), success : Collect=true
2025-11-12 15:29:02,019 [INFO] LogOutputStream:77 - [STDOUT_REDIRECT] StartTraceHandler.execute(), success : Collect=false
2025-11-12 15:29:03,925 [INFO] LogOutputStream:77 - [STDOUT_REDIRECT] StartTraceHandler.execute(), success : Collect=true
2025-11-12 15:29:05,582 [INFO] LogOutputStream:77 - [STDOUT_REDIRECT] StartTraceHandler.execute(), success : Collect=false
2025-11-12 15:29:06,904 [INFO] LogOutputStream:77 - [STDOUT_REDIRECT] StartTraceHandler.execute(), success : Collect=true
2025-11-12 15:30:01,896 [INFO] LogOutputStream:77 - [STDOUT_REDIRECT] StartTraceHandler.execute(), success : Collect=false
2025-11-12 15:56:27,455 [ERROR] LogOutputStream:75 - [STDERR_REDIRECT] 
2025-11-12 16:10:40,762 [INFO] Activator:176 - 


2025-11-12 16:10:40,762 [INFO] Activator:177 - !SESSION log4j initialized
2025-11-12 16:10:46,454 [INFO] LogOutputStream:77 - [STDOUT_REDIRECT] 
2025-11-12 16:10:47,356 [INFO] ApplicationProperties:184 - Using Application install path: C:\ST\STM32CubeIDE_1.18.1\STM32CubeIDE\plugins\com.st.stm32cube.common.mx_6.14.1.202504091515
2025-11-12 16:10:47,377 [INFO] DbMcusXml:78 - Set database path to: C:\ST\STM32CubeIDE_1.18.1\STM32CubeIDE\plugins\com.st.stm32cube.common.mx_6.14.1.202504091515\\db\/mcu/
2025-11-12 16:10:47,377 [INFO] ApiDb:274 - Set plugin database path to: C:\ST\STM32CubeIDE_1.18.1\STM32CubeIDE\plugins\com.st.stm32cube.common.mx_6.14.1.202504091515\\db\/plugins/boardmanager/
2025-11-12 16:10:47,377 [WARN] ApiDb:259 - Overriding images path with different value:  => C:\ST\STM32CubeIDE_1.18.1\STM32CubeIDE\plugins\com.st.stm32cube.common.mx_6.14.1.202504091515\\db\/plugins/mcufinder/images/
2025-11-12 16:10:47,387 [INFO] ApiDb:250 - Set database path to: C:\Users\siree\.stmcufinder\plugins\mcufinder//mcu/
2025-11-12 16:10:47,388 [INFO] DbMcusAds:125 - Set database path to: C:\Users\siree\.stmcufinder\plugins\mcufinder//mcu/
2025-11-12 16:10:47,389 [INFO] CrossReferenceDbSqlite:203 - Set database path to: C:\Users\siree\.stmcufinder\plugins\mcufinder//mcu/cs/
2025-11-12 16:10:47,498 [INFO] RulesReader:64 - Compatibility file has been processed (302 Rules)
2025-11-12 16:10:47,592 [INFO] DbMcusXml:78 - Set database path to: C:\ST\STM32CubeIDE_1.18.1\STM32CubeIDE\plugins\com.st.stm32cube.common.mx_6.14.1.202504091515\\db\/mcu/
2025-11-12 16:10:47,592 [INFO] ApiDb:274 - Set plugin database path to: C:\ST\STM32CubeIDE_1.18.1\STM32CubeIDE\plugins\com.st.stm32cube.common.mx_6.14.1.202504091515\\db\/plugins/boardmanager/
2025-11-12 16:10:47,592 [INFO] ApiDb:261 - Set plugin images path to: C:\ST\STM32CubeIDE_1.18.1\STM32CubeIDE\plugins\com.st.stm32cube.common.mx_6.14.1.202504091515\\db\/plugins/mcufinder/images/
2025-11-12 16:10:47,593 [WARN] DbFile:41 - Overriding database path with different value: C:\Users\siree\.stmcufinder\plugins\mcufinder/ => C:\Users\siree\.stmcufinder\plugins\mcufinder
2025-11-12 16:10:47,593 [INFO] ApiDb:250 - Set database path to: C:\Users\siree\.stmcufinder\plugins\mcufinder//mcu/
2025-11-12 16:10:47,593 [WARN] DbFile:41 - Overriding database path with different value: C:\Users\siree\.stmcufinder\plugins\mcufinder/ => C:\Users\siree\.stmcufinder\plugins\mcufinder
2025-11-12 16:10:47,593 [INFO] DbMcusAds:125 - Set database path to: C:\Users\siree\.stmcufinder\plugins\mcufinder//mcu/
2025-11-12 16:10:47,593 [WARN] DbFile:41 - Overriding database path with different value: C:\Users\siree\.stmcufinder\plugins\mcufinder/ => C:\Users\siree\.stmcufinder\plugins\mcufinder
2025-11-12 16:10:47,593 [WARN] DbFile:41 - Overriding database path with different value: C:\Users\siree\.stmcufinder\plugins\mcufinder/ => C:\Users\siree\.stmcufinder\plugins\mcufinder
2025-11-12 16:10:47,593 [INFO] CrossReferenceDbSqlite:203 - Set database path to: C:\Users\siree\.stmcufinder\plugins\mcufinder//mcu/cs/
2025-11-12 16:10:47,682 [INFO] MainPanel:272 - HeapMemory: 268435456
2025-11-12 16:10:47,805 [INFO] DbMcusXml:78 - Set database path to: C:\ST\STM32CubeIDE_1.18.1\STM32CubeIDE\plugins\com.st.stm32cube.common.mx_6.14.1.202504091515\\db\/mcu/
2025-11-12 16:10:47,805 [INFO] ApiDb:274 - Set plugin database path to: C:\ST\STM32CubeIDE_1.18.1\STM32CubeIDE\plugins\com.st.stm32cube.common.mx_6.14.1.202504091515\\db\/plugins/boardmanager/
2025-11-12 16:10:47,805 [INFO] ApiDb:261 - Set plugin images path to: C:\ST\STM32CubeIDE_1.18.1\STM32CubeIDE\plugins\com.st.stm32cube.common.mx_6.14.1.202504091515\\db\/plugins/mcufinder/images/
2025-11-12 16:10:47,806 [WARN] DbFile:41 - Overriding database path with different value: C:\Users\siree\.stmcufinder\plugins\mcufinder/ => C:\Users\siree\.stmcufinder\plugins\mcufinder
2025-11-12 16:10:47,806 [INFO] ApiDb:250 - Set database path to: C:\Users\siree\.stmcufinder\plugins\mcufinder//mcu/
2025-11-12 16:10:47,806 [WARN] DbFile:41 - Overriding database path with different value: C:\Users\siree\.stmcufinder\plugins\mcufinder/ => C:\Users\siree\.stmcufinder\plugins\mcufinder
2025-11-12 16:10:47,806 [INFO] DbMcusAds:125 - Set database path to: C:\Users\siree\.stmcufinder\plugins\mcufinder//mcu/
2025-11-12 16:10:47,806 [WARN] DbFile:41 - Overriding database path with different value: C:\Users\siree\.stmcufinder\plugins\mcufinder/ => C:\Users\siree\.stmcufinder\plugins\mcufinder
2025-11-12 16:10:47,806 [WARN] DbFile:41 - Overriding database path with different value: C:\Users\siree\.stmcufinder\plugins\mcufinder/ => C:\Users\siree\.stmcufinder\plugins\mcufinder
2025-11-12 16:10:47,806 [INFO] CrossReferenceDbSqlite:203 - Set database path to: C:\Users\siree\.stmcufinder\plugins\mcufinder//mcu/cs/
2025-11-12 16:10:47,826 [INFO] ApplicationProperties:184 - Using Application install path: C:\ST\STM32CubeIDE_1.18.1\STM32CubeIDE\plugins\com.st.stm32cube.common.mx_6.14.1.202504091515
2025-11-12 16:10:47,827 [INFO] PluginManage:196 - Search for loadable plugins [exclusion list=, ]
2025-11-12 16:10:47,829 [INFO] PluginManage:310 - Check plugin analytics
2025-11-12 16:10:47,991 [INFO] AnalyticsPlugin:253 - Accepted Software Licenses: 
2025-11-12 16:10:47,992 [INFO] AnalyticsPlugin:255 - Accepted CMSIS Pack Licenses: 
2025-11-12 16:10:47,992 [INFO] AnalyticsPlugin:257 - Accepted Firmware Licenses: FW.L4.1.18.0,FW.F4.1.28.0,FW.C0.1.4.0,FW.F7.1.17.0,FW.G0.1.6.0,FW.G4.1.6.0,FW.H5.1.5.0,FW.H7.1.12.0,FW.L5.1.5.0,FW.MP1.1.7.0
2025-11-12 16:10:47,994 [INFO] PluginManage:359 - Loaded plugin analytics (category:tool,tabindex:-1)
2025-11-12 16:10:47,994 [INFO] PluginManage:310 - Check plugin cadmodel
2025-11-12 16:10:48,002 [INFO] CADModel:105 - Init CAD model plugin
2025-11-12 16:10:48,002 [INFO] PluginManage:359 - Loaded plugin cadmodel (category:power,tabindex:5)
2025-11-12 16:10:48,002 [INFO] PluginManage:310 - Check plugin clock
2025-11-12 16:10:48,013 [INFO] PluginManage:359 - Loaded plugin clock (category:base,tabindex:2)
2025-11-12 16:10:48,014 [INFO] PluginManage:310 - Check plugin ddr
2025-11-12 16:10:48,017 [INFO] PluginManage:359 - Loaded plugin ddr (category:tool,tabindex:6)
2025-11-12 16:10:48,017 [INFO] PluginManage:310 - Check plugin filemanager
2025-11-12 16:10:48,195 [INFO] PluginManage:359 - Loaded plugin filemanager (category:base,tabindex:10)
2025-11-12 16:10:48,196 [INFO] PluginManage:310 - Check plugin ipmanager
2025-11-12 16:10:48,207 [INFO] PluginManage:359 - Loaded plugin ipmanager (category:base,tabindex:5)
2025-11-12 16:10:48,207 [INFO] PluginManage:310 - Check plugin lpbam
2025-11-12 16:10:48,219 [INFO] PluginManage:359 - Loaded plugin lpbam (category:base,tabindex:0)
2025-11-12 16:10:48,219 [INFO] PluginManage:310 - Check plugin memorymap
2025-11-12 16:10:48,241 [INFO] PluginManage:359 - Loaded plugin memorymap (category:base,tabindex:4)
2025-11-12 16:10:48,241 [INFO] PluginManage:310 - Check plugin pinoutandconfiguration
2025-11-12 16:10:48,254 [INFO] PluginManage:359 - Loaded plugin pinoutandconfiguration (category:base,tabindex:1)
2025-11-12 16:10:48,255 [INFO] PluginManage:310 - Check plugin pinoutconfig
2025-11-12 16:10:48,356 [WARN] SupportedApi:132 - Cannot load RTOS API schema: s4s-elt-must-match.1: The content of 'definitions' must match (annotation?, (simpleType | complexType)?, (unique | key | keyref)*)). A problem was found starting at: attribute.
2025-11-12 16:10:48,507 [INFO] PluginManage:359 - Loaded plugin pinoutconfig (category:base,tabindex:0)
2025-11-12 16:10:48,507 [INFO] PluginManage:310 - Check plugin power
2025-11-12 16:10:48,522 [INFO] PluginManage:359 - Loaded plugin power (category:power,tabindex:4)
2025-11-12 16:10:48,522 [INFO] PluginManage:310 - Check plugin projectmanager
2025-11-12 16:10:48,540 [INFO] PluginManage:359 - Loaded plugin projectmanager (category:projectmanager,tabindex:4)
2025-11-12 16:10:48,540 [INFO] PluginManage:310 - Check plugin rif
2025-11-12 16:10:48,551 [INFO] PluginManage:359 - Loaded plugin rif (category:base,tabindex:3)
2025-11-12 16:10:48,552 [INFO] PluginManage:310 - Check plugin thirdparty
2025-11-12 16:10:48,725 [WARN] IntegrityCheckThread:84 - waiting for thirdparty lock release [integrity check]
2025-11-12 16:10:48,725 [INFO] PluginManage:359 - Loaded plugin thirdparty (category:base,tabindex:-1)
2025-11-12 16:10:48,725 [INFO] IntegrityCheckThread:86 - entering critical section [integrity check]
2025-11-12 16:10:48,725 [INFO] PluginManage:310 - Check plugin tools
2025-11-12 16:10:48,725 [INFO] ThirdPartyUpdaterWithRetryManager:70 - Updater plugin not ready yet. [1/15]
2025-11-12 16:10:48,729 [INFO] PluginManage:359 - Loaded plugin tools (category:base,tabindex:7)
2025-11-12 16:10:48,729 [INFO] PluginManage:310 - Check plugin tutovideos
2025-11-12 16:10:48,922 [INFO] PluginManage:359 - Loaded plugin tutovideos (category:base,tabindex:-1)
2025-11-12 16:10:48,923 [INFO] PluginManage:310 - Check plugin updater
2025-11-12 16:10:48,949 [INFO] PluginManage:359 - Loaded plugin updater (category:base,tabindex:12)
2025-11-12 16:10:48,950 [INFO] PluginManage:310 - Check plugin userauth
2025-11-12 16:10:48,957 [INFO] UserAuth:118 - Init User Auth plugin
2025-11-12 16:10:48,959 [INFO] PluginManage:359 - Loaded plugin userauth (category:base,tabindex:14)
2025-11-12 16:10:48,960 [INFO] PluginManage:283 - PluginManage : Loaded plugins [18]
2025-11-12 16:10:49,210 [INFO] PinOutPanel:1589 - setPackage(No Configuration,No Configuration)
2025-11-12 16:10:49,316 [INFO] CADModel:165 - CPN selected for project level
2025-11-12 16:10:49,316 [INFO] CADModel:114 - Register for checkConnection events
2025-11-12 16:10:49,336 [INFO] IPUIPlugin:80 - create IPUIPlugin
2025-11-12 16:10:49,336 [INFO] PluginManager:220 - loadIPPluginJar : add adc
2025-11-12 16:10:49,341 [INFO] IPUIPlugin:80 - create IPUIPlugin
2025-11-12 16:10:49,341 [INFO] PluginManager:220 - loadIPPluginJar : add aes
2025-11-12 16:10:49,344 [INFO] IPUIPlugin:80 - create IPUIPlugin
2025-11-12 16:10:49,345 [INFO] PluginManager:220 - loadIPPluginJar : add can
2025-11-12 16:10:49,346 [INFO] IPUIPlugin:80 - create IPUIPlugin
2025-11-12 16:10:49,346 [INFO] PluginManager:220 - loadIPPluginJar : add comp
2025-11-12 16:10:49,349 [INFO] IPUIPlugin:80 - create IPUIPlugin
2025-11-12 16:10:49,350 [INFO] PluginManager:220 - loadIPPluginJar : add cryp
2025-11-12 16:10:49,354 [INFO] IPUIPlugin:80 - create IPUIPlugin
2025-11-12 16:10:49,354 [INFO] PluginManager:220 - loadIPPluginJar : add ddr_ctrl_phy
2025-11-12 16:10:49,357 [INFO] IPUIPlugin:80 - create IPUIPlugin
2025-11-12 16:10:49,358 [INFO] PluginManager:220 - loadIPPluginJar : add dfsdm
2025-11-12 16:10:49,364 [INFO] IPUIPlugin:80 - create IPUIPlugin
2025-11-12 16:10:49,364 [INFO] PluginManager:220 - loadIPPluginJar : add dma
2025-11-12 16:10:49,367 [INFO] IPUIPlugin:80 - create IPUIPlugin
2025-11-12 16:10:49,368 [INFO] PluginManager:220 - loadIPPluginJar : add dma3
2025-11-12 16:10:49,371 [INFO] IPUIPlugin:80 - create IPUIPlugin
2025-11-12 16:10:49,371 [INFO] PluginManager:220 - loadIPPluginJar : add extmemmanager
2025-11-12 16:10:49,373 [INFO] IPUIPlugin:80 - create IPUIPlugin
2025-11-12 16:10:49,373 [INFO] PluginManager:220 - loadIPPluginJar : add fatfs
2025-11-12 16:10:49,377 [INFO] IPUIPlugin:80 - create IPUIPlugin
2025-11-12 16:10:49,378 [INFO] PluginManager:220 - loadIPPluginJar : add fmc
2025-11-12 16:10:49,386 [INFO] IPUIPlugin:80 - create IPUIPlugin
2025-11-12 16:10:49,386 [INFO] PluginManager:220 - loadIPPluginJar : add freertos
2025-11-12 16:10:49,389 [INFO] IPUIPlugin:80 - create IPUIPlugin
2025-11-12 16:10:49,389 [INFO] PluginManager:220 - loadIPPluginJar : add genericplugin
2025-11-12 16:10:49,392 [INFO] IPUIPlugin:80 - create IPUIPlugin
2025-11-12 16:10:49,392 [INFO] PluginManager:220 - loadIPPluginJar : add gfxmmu
2025-11-12 16:10:49,399 [INFO] IPUIPlugin:80 - create IPUIPlugin
2025-11-12 16:10:49,399 [INFO] PluginManager:220 - loadIPPluginJar : add gic
2025-11-12 16:10:49,405 [INFO] IPUIPlugin:80 - create IPUIPlugin
2025-11-12 16:10:49,405 [INFO] PluginManager:220 - loadIPPluginJar : add gpio
2025-11-12 16:10:49,408 [INFO] IPUIPlugin:80 - create IPUIPlugin
2025-11-12 16:10:49,409 [INFO] PluginManager:220 - loadIPPluginJar : add gtzc
2025-11-12 16:10:49,412 [INFO] IPUIPlugin:80 - create IPUIPlugin
2025-11-12 16:10:49,412 [INFO] PluginManager:220 - loadIPPluginJar : add hash
2025-11-12 16:10:49,416 [INFO] IPUIPlugin:80 - create IPUIPlugin
2025-11-12 16:10:49,416 [INFO] PluginManager:220 - loadIPPluginJar : add i2c
2025-11-12 16:10:49,419 [INFO] IPUIPlugin:80 - create IPUIPlugin
2025-11-12 16:10:49,419 [INFO] PluginManager:220 - loadIPPluginJar : add i2s
2025-11-12 16:10:49,423 [INFO] IPUIPlugin:80 - create IPUIPlugin
2025-11-12 16:10:49,423 [INFO] PluginManager:220 - loadIPPluginJar : add i3c
2025-11-12 16:10:49,427 [INFO] IPUIPlugin:80 - create IPUIPlugin
2025-11-12 16:10:49,427 [INFO] PluginManager:220 - loadIPPluginJar : add ipddr
2025-11-12 16:10:49,434 [INFO] IPUIPlugin:80 - create IPUIPlugin
2025-11-12 16:10:49,435 [INFO] PluginManager:220 - loadIPPluginJar : add linkedlist
2025-11-12 16:10:49,438 [INFO] IPUIPlugin:80 - create IPUIPlugin
2025-11-12 16:10:49,438 [INFO] PluginManager:220 - loadIPPluginJar : add lorawan
2025-11-12 16:10:49,440 [INFO] IPUIPlugin:80 - create IPUIPlugin
2025-11-12 16:10:49,440 [INFO] PluginManager:220 - loadIPPluginJar : add ltdc
2025-11-12 16:10:49,446 [INFO] IPUIPlugin:80 - create IPUIPlugin
2025-11-12 16:10:49,447 [INFO] PluginManager:220 - loadIPPluginJar : add mdma
2025-11-12 16:10:49,451 [INFO] IPUIPlugin:80 - create IPUIPlugin
2025-11-12 16:10:49,451 [INFO] PluginManager:220 - loadIPPluginJar : add nvic
2025-11-12 16:10:49,455 [INFO] IPUIPlugin:80 - create IPUIPlugin
2025-11-12 16:10:49,455 [INFO] PluginManager:220 - loadIPPluginJar : add opamp
2025-11-12 16:10:49,459 [INFO] IPUIPlugin:80 - create IPUIPlugin
2025-11-12 16:10:49,459 [INFO] PluginManager:220 - loadIPPluginJar : add openamp
2025-11-12 16:10:49,462 [INFO] IPUIPlugin:80 - create IPUIPlugin
2025-11-12 16:10:49,462 [INFO] PluginManager:220 - loadIPPluginJar : add pdm2pcm
2025-11-12 16:10:49,469 [INFO] IPUIPlugin:80 - create IPUIPlugin
2025-11-12 16:10:49,471 [INFO] PluginManager:220 - loadIPPluginJar : add plateformsettings
2025-11-12 16:10:49,473 [INFO] IPUIPlugin:80 - create IPUIPlugin
2025-11-12 16:10:49,473 [INFO] PluginManager:220 - loadIPPluginJar : add quadspi
2025-11-12 16:10:49,475 [INFO] IPUIPlugin:80 - create IPUIPlugin
2025-11-12 16:10:49,475 [INFO] PluginManager:220 - loadIPPluginJar : add radio
2025-11-12 16:10:49,479 [INFO] IPUIPlugin:80 - create IPUIPlugin
2025-11-12 16:10:49,479 [INFO] PluginManager:220 - loadIPPluginJar : add resmgrutility
2025-11-12 16:10:49,482 [INFO] IPUIPlugin:80 - create IPUIPlugin
2025-11-12 16:10:49,482 [INFO] PluginManager:220 - loadIPPluginJar : add sai
2025-11-12 16:10:49,485 [INFO] IPUIPlugin:80 - create IPUIPlugin
2025-11-12 16:10:49,485 [INFO] PluginManager:220 - loadIPPluginJar : add spi
2025-11-12 16:10:49,491 [INFO] IPUIPlugin:80 - create IPUIPlugin
2025-11-12 16:10:49,491 [INFO] PluginManager:220 - loadIPPluginJar : add stm32_wpan
2025-11-12 16:10:49,493 [INFO] IPUIPlugin:80 - create IPUIPlugin
2025-11-12 16:10:49,493 [INFO] PluginManager:220 - loadIPPluginJar : add tim
2025-11-12 16:10:49,496 [INFO] IPUIPlugin:80 - create IPUIPlugin
2025-11-12 16:10:49,497 [INFO] PluginManager:220 - loadIPPluginJar : add touchsensing
2025-11-12 16:10:49,499 [INFO] IPUIPlugin:80 - create IPUIPlugin
2025-11-12 16:10:49,499 [INFO] PluginManager:220 - loadIPPluginJar : add tracer_emb
2025-11-12 16:10:49,502 [INFO] IPUIPlugin:80 - create IPUIPlugin
2025-11-12 16:10:49,503 [INFO] PluginManager:220 - loadIPPluginJar : add ts
2025-11-12 16:10:49,504 [INFO] IPUIPlugin:80 - create IPUIPlugin
2025-11-12 16:10:49,504 [INFO] PluginManager:220 - loadIPPluginJar : add tsc
2025-11-12 16:10:49,506 [INFO] IPUIPlugin:80 - create IPUIPlugin
2025-11-12 16:10:49,506 [INFO] PluginManager:220 - loadIPPluginJar : add ucpd
2025-11-12 16:10:49,509 [INFO] IPUIPlugin:80 - create IPUIPlugin
2025-11-12 16:10:49,509 [INFO] PluginManager:220 - loadIPPluginJar : add usart
2025-11-12 16:10:49,512 [INFO] IPUIPlugin:80 - create IPUIPlugin
2025-11-12 16:10:49,512 [INFO] PluginManager:220 - loadIPPluginJar : add usbx
2025-11-12 16:10:49,642 [FATAL] Updater:351 - Updater called before beeing initialized
2025-11-12 16:10:49,673 [INFO] RulesReader:64 - Compatibility file has been processed (302 Rules)
2025-11-12 16:10:49,683 [INFO] RulesReader:64 - Compatibility file has been processed (302 Rules)
2025-11-12 16:10:49,693 [INFO] CADModel:165 - CPN selected for project level
2025-11-12 16:10:49,693 [INFO] CADModel:114 - Register for checkConnection events
2025-11-12 16:10:49,693 [FATAL] Updater:351 - Updater called before beeing initialized
2025-11-12 16:10:49,693 [ERROR] CADModel:125 - Updater not yet initialized, retry later 
2025-11-12 16:10:49,864 [FATAL] Updater:351 - Updater called before beeing initialized
2025-11-12 16:10:49,867 [INFO] CADModel:165 - CPN selected for project level
2025-11-12 16:10:49,867 [INFO] CADModel:114 - Register for checkConnection events
2025-11-12 16:10:49,867 [FATAL] Updater:351 - Updater called before beeing initialized
2025-11-12 16:10:49,867 [ERROR] CADModel:125 - Updater not yet initialized, retry later 
2025-11-12 16:10:49,872 [FATAL] Updater:351 - Updater called before beeing initialized
2025-11-12 16:10:49,983 [FATAL] Updater:351 - Updater called before beeing initialized
2025-11-12 16:10:49,987 [INFO] DbMcusAds:53 - JSON generation date=Mon Nov 10 16:13:00 IST 2025 (1762771380746)
2025-11-12 16:10:49,987 [FATAL] Updater:351 - Updater called before beeing initialized
2025-11-12 16:10:50,028 [WARN] DetailPanel:346 - Failed to get advertising image, set to default
2025-11-12 16:10:50,281 [FATAL] Updater:351 - Updater called before beeing initialized
2025-11-12 16:10:50,284 [FATAL] Updater:351 - Updater called before beeing initialized
2025-11-12 16:10:50,285 [FATAL] Updater:351 - Updater called before beeing initialized
2025-11-12 16:10:50,285 [WARN] DetailPanel:346 - Failed to get advertising image, set to default
2025-11-12 16:10:50,286 [FATAL] Updater:351 - Updater called before beeing initialized
2025-11-12 16:10:50,338 [ERROR] Updater:1198 - MainUpdater not yet initialized. External WinMGr cannot be set.
2025-11-12 16:10:50,340 [INFO] Updater:1134 - Updater Version found : 6.14.1
2025-11-12 16:10:50,363 [INFO] ApplicationProperties:184 - Using Application install path: C:\ST\STM32CubeIDE_1.18.1\STM32CubeIDE\plugins\com.st.stm32cube.common.mx_6.14.1.202504091515
2025-11-12 16:10:50,722 [INFO] MainUpdater:2872 - connection check result : 10
2025-11-12 16:10:50,723 [INFO] MainUpdater:289 - Updater Check For Update Now.
2025-11-12 16:10:50,723 [INFO] MicroXplorer:498 - Change Database Version : DB.6.0.141
2025-11-12 16:10:50,730 [INFO] McuFinderGlobals:63 - Set McuFinder mode to 2 (CubeIDE integrated)
2025-11-12 16:10:50,732 [INFO] UserAuth:484 - Internet connection configuration mode: 1
2025-11-12 16:10:50,764 [INFO] JxBrowserEngine:152 - Initiate JxBrowser Engine with user profile folder
2025-11-12 16:10:50,925 [INFO] CheckServerUpdateThread:120 - End of CheckServer Thread
2025-11-12 16:10:52,144 [INFO] WebApp:169 - Instantiating new browser for Auth
2025-11-12 16:10:52,180 [WARN] PackLoader:240 - Cannot read IP mode file for STMicroelectronics.FP-SNS-MOTENVWB1.1.4.0
2025-11-12 16:10:52,197 [WARN] PackLoader:240 - Cannot read IP mode file for STMicroelectronics.FP-ATR-ASTRA1.2.0.2
2025-11-12 16:10:52,210 [WARN] PackLoader:240 - Cannot read IP mode file for STMicroelectronics.X-CUBE-SMBUS.2.1.0
2025-11-12 16:10:52,258 [WARN] PackLoader:240 - Cannot read IP mode file for STMicroelectronics.X-CUBE-AZRTOS-F7.1.1.0
2025-11-12 16:10:52,279 [WARN] PackLoader:240 - Cannot read IP mode file for Cesanta.I-CUBE-Mongoose.7.19.0
2025-11-12 16:10:52,286 [ERROR] Engine:466 - C:\Users\siree\.stm32cubemx\thirdparties\pdsc\STMicroelectronics.FP-SNS-MOTENV1.5.1.0.pdsc: PDSC version is not supported
2025-11-12 16:10:52,292 [ERROR] Engine:466 - C:\Users\siree\.stm32cubemx\thirdparties\pdsc\WES.I-CUBE-Cesium.1.4.0.pdsc: PDSC version is not supported
2025-11-12 16:10:52,326 [WARN] PackLoader:240 - Cannot read IP mode file for Infineon.AIROC-Wi-Fi-Bluetooth-STM32.1.7.1
2025-11-12 16:10:52,362 [WARN] PackLoader:240 - Cannot read IP mode file for STMicroelectronics.X-CUBE-AZRTOS-H7.3.4.0
2025-11-12 16:10:52,378 [WARN] PackLoader:240 - Cannot read IP mode file for STMicroelectronics.X-CUBE-DISPLAY.3.0.0
2025-11-12 16:10:52,392 [WARN] PackLoader:240 - Cannot read IP mode file for STMicroelectronics.X-CUBE-NFC10.1.0.0
2025-11-12 16:10:52,400 [WARN] PackLoader:240 - Cannot read IP mode file for STMicroelectronics.X-CUBE-ST60.1.1.0
2025-11-12 16:10:52,408 [WARN] PackLoader:240 - Cannot read IP mode file for emotas.I-CUBE-CANOPEN.1.3.0
2025-11-12 16:10:52,414 [WARN] PackLoader:240 - Cannot read IP mode file for STMicroelectronics.X-CUBE-GNSS1.7.1.0
2025-11-12 16:10:52,421 [ERROR] Engine:466 - C:\Users\siree\.stm32cubemx\thirdparties\pdsc\STMicroelectronics.FP-SNS-STBOX1.2.1.0.pdsc: PDSC version is not supported
2025-11-12 16:10:52,426 [WARN] PackLoader:240 - Cannot read IP mode file for STMicroelectronics.FP-SNS-SMARTAG2.1.2.0
2025-11-12 16:10:52,431 [WARN] PackLoader:240 - Cannot read IP mode file for STMicroelectronics.FP-SNS-FLIGHT1.5.1.0
2025-11-12 16:10:52,441 [INFO] LogOutputStream:77 - [STDOUT_REDIRECT] 1 : Invalid condition id : UX_CORESTACK_Condition cause : null
2025-11-12 16:10:52,442 [INFO] LogOutputStream:77 - [STDOUT_REDIRECT] 1 : Invalid condition id : UX_CORESTACK_Condition cause : null
2025-11-12 16:10:52,443 [INFO] LogOutputStream:77 - [STDOUT_REDIRECT] 1 : Invalid condition id : UX_CORESTACK_Condition cause : null
2025-11-12 16:10:52,444 [INFO] LogOutputStream:77 - [STDOUT_REDIRECT] 1 : Invalid condition id : UX_CORESTACK_Condition cause : null
2025-11-12 16:10:52,445 [INFO] LogOutputStream:77 - [STDOUT_REDIRECT] 1 : Invalid condition id : UX_CORESTACK_Condition cause : null
2025-11-12 16:10:52,447 [WARN] PackLoader:240 - Cannot read IP mode file for STMicroelectronics.X-CUBE-AZRTOS-WL.2.0.0
2025-11-12 16:10:52,455 [WARN] PackLoader:240 - Cannot read IP mode file for STMicroelectronics.X-CUBE-BLE2.3.3.0
2025-11-12 16:10:52,478 [WARN] PackLoader:240 - Cannot read IP mode file for STMicroelectronics.X-CUBE-NFC9.1.0.0
2025-11-12 16:10:52,484 [WARN] PackLoader:240 - Cannot read IP mode file for wolfSSL.I-CUBE-wolfSSL.5.8.2
2025-11-12 16:10:52,489 [WARN] PackLoader:240 - Cannot read IP mode file for STMicroelectronics.X-CUBE-BLE1.7.1.0
2025-11-12 16:10:52,495 [WARN] PackLoader:240 - Cannot read IP mode file for wolfSSL.I-CUBE-wolfMQTT.1.19.2
2025-11-12 16:10:52,501 [WARN] PackLoader:240 - Cannot read IP mode file for STMicroelectronics.X-CUBE-EEPRMA1.5.2.0
2025-11-12 16:10:52,506 [ERROR] Engine:466 - C:\Users\siree\.stm32cubemx\thirdparties\pdsc\STMicroelectronics.X-CUBE-ST67W61.1.1.0.pdsc: PDSC version is not supported
2025-11-12 16:10:52,521 [WARN] PackLoader:240 - Cannot read IP mode file for STMicroelectronics.X-CUBE-AZRTOS-G0.1.1.0
2025-11-12 16:10:52,530 [WARN] PackLoader:240 - Cannot read IP mode file for STMicroelectronics.X-CUBE-SAFEA1.1.2.2
2025-11-12 16:10:52,537 [WARN] PackLoader:240 - Cannot read IP mode file for STMicroelectronics.X-CUBE-NFC4.3.0.0
2025-11-12 16:10:52,557 [WARN] PackLoader:240 - Cannot read IP mode file for EmbeddedOffice.I-CUBE-FS-RTOS.1.0.1
2025-11-12 16:10:52,566 [WARN] PackLoader:240 - Cannot read IP mode file for STMicroelectronics.X-CUBE-WB05N.2.0.0
2025-11-12 16:10:52,572 [WARN] PackLoader:240 - Cannot read IP mode file for wolfSSL.I-CUBE-wolfTPM.3.8.0
2025-11-12 16:10:52,581 [WARN] PackLoader:240 - Cannot read IP mode file for STMicroelectronics.X-CUBE-TCPP.4.2.0
2025-11-12 16:10:52,590 [WARN] PackLoader:240 - Cannot read IP mode file for RealThread.X-CUBE-RT-Thread_Nano.4.1.1
2025-11-12 16:10:52,595 [WARN] PackLoader:240 - Cannot read IP mode file for STMicroelectronics.FP-ATR-SIGFOX1.3.2.0
2025-11-12 16:10:52,604 [WARN] PackLoader:240 - Cannot read IP mode file for ITTIA_DB.I-CUBE-ITTIADB.8.9.0
2025-11-12 16:10:52,610 [WARN] PackLoader:240 - Cannot read IP mode file for STMicroelectronics.X-CUBE-AI.10.2.0
2025-11-12 16:10:52,658 [WARN] PackLoader:240 - Cannot read IP mode file for SEGGER.I-CUBE-embOS.1.3.1
2025-11-12 16:10:52,709 [WARN] PackLoader:240 - Cannot read IP mode file for STMicroelectronics.X-CUBE-ALGOBUILD.1.4.0
2025-11-12 16:10:52,739 [WARN] PackLoader:240 - Cannot read IP mode file for STMicroelectronics.X-CUBE-MEMS1.11.3.0
2025-11-12 16:10:52,864 [WARN] PackLoader:240 - Cannot read IP mode file for STMicroelectronics.X-CUBE-PM33A1.1.0.0
2025-11-12 16:10:52,882 [WARN] PackLoader:240 - Cannot read IP mode file for STMicroelectronics.X-CUBE-AZRTOS-F4.1.1.0
2025-11-12 16:10:52,890 [WARN] PackLoader:240 - Cannot read IP mode file for STMicroelectronics.X-CUBE-ISPU.2.1.0
2025-11-12 16:10:52,896 [ERROR] Engine:466 - C:\Users\siree\.stm32cubemx\thirdparties\pdsc\STMicroelectronics.X-CUBE-IPS.3.2.0.pdsc: PDSC version is not supported
2025-11-12 16:10:52,902 [WARN] PackLoader:240 - Cannot read IP mode file for STMicroelectronics.X-CUBE-NFC12.1.0.0
2025-11-12 16:10:52,922 [WARN] PackLoader:240 - Cannot read IP mode file for STMicroelectronics.X-CUBE-AZRTOS-L5.2.0.0
2025-11-12 16:10:52,932 [WARN] PackLoader:240 - Cannot read IP mode file for STMicroelectronics.X-CUBE-NFC6.3.1.0
2025-11-12 16:10:52,941 [WARN] PackLoader:240 - Cannot read IP mode file for STMicroelectronics.X-CUBE-FREERTOS.1.3.1
2025-11-12 16:10:52,948 [WARN] PackLoader:240 - Cannot read IP mode file for STMicroelectronics.X-CUBE-TOUCHGFX.4.26.0
2025-11-12 16:10:52,953 [WARN] PackLoader:240 - Cannot read IP mode file for STMicroelectronics.FP-SNS-STAIOTCFT.1.0.0
2025-11-12 16:10:52,960 [WARN] PackLoader:240 - Cannot read IP mode file for STMicroelectronics.X-CUBE-DPower.1.3.0
2025-11-12 16:10:52,979 [WARN] ConditionMgr:438 - getConditionDescription Invalid condition id : LAN8742 Phy interface Condition cause : null
2025-11-12 16:10:52,979 [WARN] PackLoader:240 - Cannot read IP mode file for STMicroelectronics.X-CUBE-AZRTOS-L4.2.0.0
2025-11-12 16:10:52,980 [WARN] ConditionMgr:1044 - genDependencies : Invalid condition id : LAN8742 Phy interface Condition cause : null
2025-11-12 16:10:52,981 [WARN] ConditionMgr:1044 - genDependencies : Invalid condition id : LAN8742 Phy interface Condition cause : null
2025-11-12 16:10:52,981 [WARN] ConditionMgr:1044 - genDependencies : Invalid condition id : LAN8742 Phy interface Condition cause : null
2025-11-12 16:10:52,987 [WARN] PackLoader:240 - Cannot read IP mode file for STMicroelectronics.X-CUBE-SFXS2LP1.4.0.0
2025-11-12 16:10:52,996 [WARN] PackLoader:240 - Cannot read IP mode file for STMicroelectronics.X-CUBE-BLEMGR.4.1.0
2025-11-12 16:10:53,010 [WARN] ConditionMgr:438 - getConditionDescription Invalid condition id : UX DEVICE CLASS RTOS Condition cause : null
2025-11-12 16:10:53,011 [WARN] ConditionMgr:438 - getConditionDescription Invalid condition id : UX DEVICE CLASS RTOS Condition cause : null
2025-11-12 16:10:53,013 [WARN] PackLoader:240 - Cannot read IP mode file for STMicroelectronics.X-CUBE-AZRTOS-WB.2.0.0
2025-11-12 16:10:53,013 [WARN] ConditionMgr:1044 - genDependencies : Invalid condition id : UX DEVICE CLASS RTOS Condition cause : null
2025-11-12 16:10:53,014 [WARN] ConditionMgr:1044 - genDependencies : Invalid condition id : UX DEVICE CLASS RTOS Condition cause : null
2025-11-12 16:10:53,014 [WARN] ConditionMgr:1044 - genDependencies : Invalid condition id : UX DEVICE CLASS RTOS Condition cause : null
2025-11-12 16:10:53,014 [WARN] ConditionMgr:1044 - genDependencies : Invalid condition id : UX DEVICE CLASS RTOS Condition cause : null
2025-11-12 16:10:53,014 [WARN] ConditionMgr:1044 - genDependencies : Invalid condition id : UX DEVICE CLASS RTOS Condition cause : null
2025-11-12 16:10:53,020 [WARN] PackLoader:240 - Cannot read IP mode file for STMicroelectronics.X-CUBE-GNSS1.7.0.1
2025-11-12 16:10:53,027 [WARN] ConditionMgr:438 - getConditionDescription Invalid condition id : Cortex-A Device cause : null
2025-11-12 16:10:53,037 [WARN] ConditionMgr:1044 - genDependencies : Invalid condition id : Cortex-A Device cause : null
2025-11-12 16:10:53,037 [WARN] ConditionMgr:1044 - genDependencies : Invalid condition id : Cortex-A Device cause : null
2025-11-12 16:10:53,037 [WARN] ConditionMgr:1044 - genDependencies : Invalid condition id : Cortex-A Device cause : null
2025-11-12 16:10:53,046 [WARN] PackLoader:240 - Cannot read IP mode file for STMicroelectronics.X-CUBE-SUBG2.5.0.0
2025-11-12 16:10:53,065 [WARN] PackLoader:240 - Cannot read IP mode file for STMicroelectronics.X-CUBE-AZRTOS-H7RS.1.1.0
2025-11-12 16:10:53,080 [WARN] PackLoader:240 - Cannot read IP mode file for STMicroelectronics.X-CUBE-AZRTOS-G4.2.0.0
2025-11-12 16:10:53,087 [WARN] PackLoader:240 - Cannot read IP mode file for wolfSSL.I-CUBE-wolfSSH.1.4.20
2025-11-12 16:10:53,093 [WARN] PackLoader:240 - Cannot read IP mode file for STMicroelectronics.X-CUBE-NFC7.2.0.0
2025-11-12 16:10:53,098 [WARN] PackLoader:240 - Cannot read IP mode file for STMicroelectronics.X-CUBE-ALS.1.0.2
2025-11-12 16:10:53,104 [WARN] PackLoader:240 - Cannot read IP mode file for STMicroelectronics.X-CUBE-STSE01.1.0.0
2025-11-12 16:10:53,115 [WARN] PackLoader:240 - Cannot read IP mode file for STMicroelectronics.X-CUBE-TOF1.3.4.3
2025-11-12 16:10:53,121 [INFO] ThirdParty:978 - Integrity check success = true
2025-11-12 16:10:53,121 [INFO] IntegrityCheckThread:100 - exiting critical section [integrity check]
2025-11-12 16:10:53,122 [INFO] IntegrityCheckThread:103 - End integrity checks thread
2025-11-12 16:10:53,335 [INFO] WebApp:463 - Apply proxy settings
2025-11-12 16:10:53,336 [INFO] WebApp:548 - Chromium requires no authentication
2025-11-12 16:10:53,345 [INFO] WebApp:491 - Direct internet connection detected
2025-11-12 16:10:53,373 [INFO] WebApp:894 - Register for checkConnection events
2025-11-12 16:10:53,373 [INFO] WebApp:463 - Apply proxy settings
2025-11-12 16:10:53,373 [INFO] WebApp:548 - Chromium requires no authentication
2025-11-12 16:10:53,374 [INFO] WebApp:491 - Direct internet connection detected
2025-11-12 16:10:53,630 [INFO] WebApp:225 - Starting web application
2025-11-12 16:10:53,631 [INFO] WebApp:593 - Web application path used C:\ST\STM32CubeIDE_1.18.1\STM32CubeIDE\plugins\com.st.stm32cube.common.mx_6.14.1.202504091515\db\plugins\mcufinder\reactClient1\index.html
2025-11-12 16:10:53,739 [INFO] UserAuth:484 - Internet connection configuration mode: 1
2025-11-12 16:10:53,788 [INFO] WebApp:191 - Connection restablished
2025-11-12 16:10:54,943 [INFO] McuFinderGlobals:63 - Set McuFinder mode to 2 (CubeIDE integrated)
2025-11-12 16:10:54,948 [INFO] MainUpdater:2872 - connection check result : 10
2025-11-12 16:10:55,699 [INFO] ApiDb:581 - Connected to CubeFinder SQLite database (C:\Users\siree\.stmcufinder\plugins\mcufinder\mcu\cube-finder-db.db)
2025-11-12 16:10:55,816 [INFO] ApiDb:668 - CubeFinder database Data Model version=2.1
2025-11-12 16:10:55,816 [INFO] ApiDb:669 - CubeFinder database Configuration version=3.0.39
2025-11-12 16:10:55,817 [INFO] ApiDb:670 - CubeFinder database generation date=2025-10-27 (1761571959)
2025-11-12 16:10:55,817 [INFO] ApiDb:671 - CubeFinder database FW Pack versions=[FP-ATR-ASTRA1_V2.0.0, FP-SNS-FLIGHT1_V5.1.0, FP-SNS-MOTENV1_V5.0.0, FP-SNS-MOTENVWB1_V1.4.0, FP-SNS-SMARTAG2_V1.2.0, FP-SNS-STBOX1_V2.1.0, STM32Cube_FW_C0_V1.4.0, STM32Cube_FW_F4_V1.28.3, STM32Cube_FW_F7_V1.17.4, STM32Cube_FW_G0_V1.6.2, STM32Cube_FW_G4_V1.6.1, STM32Cube_FW_H5_V1.5.0, STM32Cube_FW_H7RS_V1.2.0, STM32Cube_FW_H7_V1.12.1, STM32Cube_FW_L0_V1.12.2, STM32Cube_FW_L4_V1.18.1, STM32Cube_FW_L5_V1.5.1, STM32Cube_FW_N6_V1.2.0, STM32Cube_FW_U0_V1.3.0, STM32Cube_FW_U3_V1.2.1, STM32Cube_FW_U5_V1.8.0, STM32Cube_FW_WB0_V1.3.0, STM32Cube_FW_WBA_V1.7.0, STM32Cube_FW_WB_V1.23.0, STM32Cube_FW_WL3_V1.2.0, STM32Cube_FW_WL_V1.3.1, X-CUBE-ALGOBUILD_V1.4.0, X-CUBE-ALS_V1.0.2, X-CUBE-AZRTOS-F4_V1.1.0, X-CUBE-AZRTOS-F7_V1.1.0, X-CUBE-AZRTOS-G0_V1.1.0, X-CUBE-AZRTOS-G4_V2.0.0, X-CUBE-AZRTOS-H7RS_V1.1.0, X-CUBE-AZRTOS-H7_V3.4.0, X-CUBE-AZRTOS-L4_V2.0.0, X-CUBE-AZRTOS-L5_V2.0.0, X-CUBE-AZRTOS-WB_V2.0.0, X-CUBE-AZRTOS-WL_V2.0.0, X-CUBE-BLE1_V7.1.0, X-CUBE-BLE2_V3.3.0, X-CUBE-BLEMGR_V4.1.0, X-CUBE-EEPRMA1_V5.2.0, X-CUBE-FREERTOS_V1.3.1, X-CUBE-GNSS1_V6.0.0, X-CUBE-MEMS1_V11.3.0, X-CUBE-NFC4_V3.0.0, X-CUBE-NFC7_V2.0.0, X-CUBE-SFXS2LP1_V4.0.0, X-CUBE-ST67W61_V1.1.0, X-CUBE-SUBG2_V5.0.0, X-CUBE-TOF1_V3.4.3]
2025-11-12 16:10:56,010 [INFO] DbBoardsSqlite:226 - include board P-NUCLEO-WB55-NUCLEO as a kit item of type 'Nucleo-64'
2025-11-12 16:10:56,010 [INFO] DbBoardsSqlite:226 - include board P-NUCLEO-WB55-USBDONGLE as a kit item of type 'Nucleo USB Dongle'
2025-11-12 16:10:56,012 [INFO] DbBoardsSqlite:226 - include board STEVAL-IDP005V1 as a kit item of type 'Evaluation Board'
2025-11-12 16:10:56,012 [INFO] DbBoardsSqlite:226 - include board STEVAL-IDP005V2 as a kit item of type 'Evaluation Board'
2025-11-12 16:10:56,766 [INFO] ApiDb:240 - Found 895 in-development CPN: [B-G473E-ZEST1S, B-WB1M-WPAN1, B-WBA5M-WPAN, B-WL5M-SUBG1, NUCLEO-C031C6, NUCLEO-C051C8, NUCLEO-C071RB, NUCLEO-C092RC, NUCLEO-H503RB, NUCLEO-H533RE, NUCLEO-H563ZI, NUCLEO-H7S3L8, NUCLEO-N657X0-Q, NUCLEO-U031R8, NUCLEO-U083RC, NUCLEO-U385RG-Q, NUCLEO-U545RE-Q, NUCLEO-U5A5ZJ-Q, NUCLEO-WB05KZ, NUCLEO-WB07CC, NUCLEO-WB09KE, NUCLEO-WBA52CG, NUCLEO-WBA55CG, NUCLEO-WBA65RI, NUCLEO-WL33CC1, NUCLEO-WL33CC2, STEVAL-PROTEUS1, STEVAL-SMARTAG2, STEVAL-STWINBX1, STM320518-EVAL, STM32C0116-DK, STM32C011D6Y3TR, STM32C011D6Y6TR, STM32C011F4P3, STM32C011F4P6, STM32C011F4U3, STM32C011F4U6TR, STM32C011F6P3, STM32C011F6P6, STM32C011F6U3, STM32C011F6U6TR, STM32C011J4M3, STM32C011J4M6, STM32C011J6M3, STM32C011J6M6, STM32C0316-DK, STM32C031C4T3, STM32C031C4T6, STM32C031C4U3, STM32C031C4U6, STM32C031C6T3, STM32C031C6T6, STM32C031C6U3, STM32C031C6U6, STM32C031F4P3, STM32C031F4P6, STM32C031F6P3, STM32C031F6P6, STM32C031G4U3, STM32C031G4U6, STM32C031G6U3, STM32C031G6U6, STM32C031K4T3, STM32C031K4T6, STM32C031K4U3, STM32C031K4U6, STM32C031K6T3, STM32C031K6T6, STM32C031K6U3, STM32C031K6U6, STM32C051C6T6, STM32C051C6U6, STM32C051C8T6, STM32C051C8U6, STM32C051D8Y6TR, STM32C051F6P6, STM32C051F8P6, STM32C051G6U6, STM32C051G8U6, STM32C051K6T6, STM32C051K6U6, STM32C051K8T6, STM32C071C8T6, STM32C071C8T6N, STM32C071C8U6, STM32C071C8U6N, STM32C071CBT6, STM32C071CBT6N, STM32C071CBU6, STM32C071CBU6N, STM32C071F8P6, STM32C071F8P6N, STM32C071FBP6, STM32C071FBP6N, STM32C071FBY6TR, STM32C071G8U6, STM32C071G8U6N, STM32C071GBU6, STM32C071GBU6N, STM32C071K8T6, STM32C071K8T6N, STM32C071K8U6, STM32C071K8U6N, STM32C071KBT6, STM32C071KBT6N, STM32C071KBU6, STM32C071KBU6N, STM32C071R8T6, STM32C071R8T6N, STM32C071RBI6N, STM32C071RBT6, STM32C071RBT6N, STM32C091CBT6, STM32C091CBU6, STM32C091CCT6, STM32C091CCU6, STM32C091ECY6TR, STM32C091FBP6, STM32C091FCP6, STM32C091GBU6, STM32C091GCU6, STM32C091KBT6, STM32C091KBU6, STM32C091KCT6, STM32C091KCU6, STM32C091RBT6, STM32C091RCI6, STM32C091RCT6, STM32C092CBT6, STM32C092CBU6, STM32C092CCT6, STM32C092CCU6, STM32C092ECY6TR, STM32C092FBP6, STM32C092FCP6, STM32C092GBU6, STM32C092GCU6, STM32C092KBT6, STM32C092KBU6, STM32C092KCT6, STM32C092KCU6, STM32C092RBT6, STM32C092RCI6, STM32C092RCT6, STM32G071K8TXN, STM32G071K8UXN, STM32G081GBU6N, STM32G081KBT6N, STM32G081KBUXN, STM32G0B1CCT6N, STM32G0B1KCT6, STM32G0B1NEY6TR, STM32G0B1RCT6N, STM32G0C1CCT6, STM32G0C1CCT6N, STM32G0C1CCU6N, STM32G0C1CET6N, STM32G0C1CEU6N, STM32G0C1KCT6, STM32G0C1NEY6TR, STM32G0C1RCI6N, STM32G0C1RCT6N, STM32G0C1REI6N, STM32G0C1RET6N, STM32G0C1VCI6, STM32G0C1VEI6, STM32G411C6T3, STM32G411C6T6, STM32G411C6U3, STM32G411C6U6, STM32G411C8T3, STM32G411C8T6, STM32G411C8U3, STM32G411C8U6, STM32G411CBT3, STM32G411CBT6, STM32G411CBU3, STM32G411CBU6, STM32G411CCT3, STM32G411CCT6, STM32G411CCU3, STM32G411CCU6, STM32G411K6T3, STM32G411K6T6, STM32G411K6U3, STM32G411K6U6, STM32G411K8T3, STM32G411K8T6, STM32G411K8U3, STM32G411K8U6, STM32G411KBT3, STM32G411KBT6, STM32G411KBU3, STM32G411KBU6, STM32G411M6T3, STM32G411M6T6, STM32G411M8T3, STM32G411M8T6, STM32G411MBT3, STM32G411MBT6, STM32G411MCT3, STM32G411MCT6, STM32G411R6T3, STM32G411R6T6, STM32G411R8T3, STM32G411R8T6, STM32G411RBT3, STM32G411RBT6, STM32G411RCT3, STM32G411RCT6, STM32G414CBT3, STM32G414CBT6, STM32G414CBU3, STM32G414CBU6, STM32G414CCT3, STM32G414CCT6, STM32G414CCU3, STM32G414CCU6, STM32G414MBT3, STM32G414MBT6, STM32G414MCT3, STM32G414MCT6, STM32G414RBT3, STM32G414RBT6, STM32G414RCT3, STM32G414RCT6, STM32G414VBT3, STM32G414VBT6, STM32G414VCT3, STM32G414VCT6, STM32G431CBT3Z, STM32G431RBT3Z, STM32G471CCT6, STM32G471CCU6, STM32G471CET3, STM32G471CET6, STM32G471CEU3, STM32G471CEU6, STM32G471MCT6, STM32G471MET3, STM32G471MET6, STM32G471MEY6TR, STM32G471QCT6, STM32G471QET3, STM32G471RCT6, STM32G471RET3, STM32G471RET6, STM32G471VCH6, STM32G471VCI6, STM32G471VCT6, STM32G471VEH3, STM32G471VEH6, STM32G471VEI3, STM32G471VEI6, STM32G471VET3, STM32G471VET6, STM32G473QET3Z, STM32G473RET3Z, STM32G474CCT6, STM32G491RET3Z, STM32H503CBT6, STM32H503CBU6, STM32H503EBY6TR, STM32H503KBU6, STM32H503RBT6, STM32H523CCT6, STM32H523CCU6, STM32H523CET6, STM32H523CEU6, STM32H523HEY6TR, STM32H523RCT6, STM32H523RET6, STM32H523VCI6, STM32H523VCT6, STM32H523VEI6, STM32H523VET6, STM32H523ZCJ6, STM32H523ZCT6, STM32H523ZEJ6, STM32H523ZET6, STM32H533CET6, STM32H533CEU6, STM32H533HEY6TR, STM32H533RET6, STM32H533VEI6, STM32H533VET6, STM32H533ZEJ6, STM32H533ZET6, STM32H562AGI6, STM32H562AII6, STM32H562IGK6, STM32H562IGT6, STM32H562IIK6, STM32H562IIT6, STM32H562RGT6, STM32H562RGV6, STM32H562RIT6, STM32H562RIV6, STM32H562VGT6, STM32H562VIT6, STM32H562ZGT6, STM32H562ZIT6, STM32H563AGI6, STM32H563AII3Q, STM32H563AII6, STM32H563IGK6, STM32H563IGT6, STM32H563IIK3Q, STM32H563IIK6, STM32H563IIT3Q, STM32H563IIT6, STM32H563MIY3QTR, STM32H563RGT6, STM32H563RGV6, STM32H563RIT6, STM32H563RIV6, STM32H563VGT6, STM32H563VIT3Q, STM32H563VIT6, STM32H563ZGT6, STM32H563ZIT3Q, STM32H563ZIT6, STM32H573AII3Q, STM32H573AII6, STM32H573I-DK, STM32H573IIK3Q, STM32H573IIK6, STM32H573IIT3Q, STM32H573IIT6, STM32H573MIY3QTR, STM32H573RIT6, STM32H573RIV6, STM32H573VIT3Q, STM32H573VIT6, STM32H573ZIT3Q, STM32H573ZIT6, STM32H7R3A8I6, STM32H7R3I8K6, STM32H7R3I8T6, STM32H7R3L8H6, STM32H7R3L8H6H, STM32H7R3R8V6, STM32H7R3V8H6, STM32H7R3V8T6, STM32H7R3V8Y6TR, STM32H7R3Z8J6, STM32H7R3Z8T6, STM32H7R7A8I6, STM32H7R7I8K6, STM32H7R7I8T6, STM32H7R7L8H6, STM32H7R7L8H6H, STM32H7R7Z8J6, STM32H7S3A8I6, STM32H7S3I8K6, STM32H7S3I8T6, STM32H7S3L8H6, STM32H7S3L8H6H, STM32H7S3R8V6, STM32H7S3V8H6, STM32H7S3V8T6, STM32H7S3V8Y6TR, STM32H7S3Z8J6, STM32H7S3Z8T6, STM32H7S78-DK, STM32H7S7A8I6, STM32H7S7I8K6, STM32H7S7I8T6, STM32H7S7L8H6, STM32H7S7L8H6H, STM32H7S7Z8J6, STM32L4R5QGI6STR, STM32MP131AAE3, STM32MP131AAF3, STM32MP131AAG3, STM32MP131CAE3, STM32MP131CAF3, STM32MP131CAG3, STM32MP131DAE7, STM32MP131DAF7, STM32MP131DAG7, STM32MP131FAE7, STM32MP131FAF7, STM32MP131FAG7, STM32MP133AAE3, STM32MP133AAF3, STM32MP133AAG3, STM32MP133CAE3, STM32MP133CAF3, STM32MP133CAG3, STM32MP133DAE7, STM32MP133DAF7, STM32MP133DAG7, STM32MP133FAE7, STM32MP133FAF7, STM32MP133FAG7, STM32MP135AAE3, STM32MP135AAF3, STM32MP135AAG3, STM32MP135CAE3, STM32MP135CAF3, STM32MP135CAG3, STM32MP135DAE7, STM32MP135DAF7, STM32MP135DAG7, STM32MP135F-DK, STM32MP135FAE7, STM32MP135FAF7, STM32MP135FAF7T, STM32MP135FAF7U, STM32MP135FAG7, STM32MP231AAJ3, STM32MP231AAK3, STM32MP231AAL3, STM32MP231CAJ3, STM32MP231CAK3, STM32MP231CAL3, STM32MP231DAJ3, STM32MP231DAK3, STM32MP231DAL3, STM32MP231FAJ3, STM32MP231FAK3, STM32MP231FAL3, STM32MP233AAJ3, STM32MP233AAK3, STM32MP233AAL3, STM32MP233CAJ3, STM32MP233CAK3, STM32MP233CAL3, STM32MP233DAJ3, STM32MP233DAK3, STM32MP233DAL3, STM32MP233FAJ3, STM32MP233FAK3, STM32MP233FAL3, STM32MP235AAJ3, STM32MP235AAK3, STM32MP235AAL3, STM32MP235CAJ3, STM32MP235CAK3, STM32MP235CAL3, STM32MP235DAJ3, STM32MP235DAK3, STM32MP235DAL3, STM32MP235FAJ3, STM32MP235FAK3, STM32MP235FAL3, STM32MP251AAI3, STM32MP251AAJ3, STM32MP251AAK3, STM32MP251AAL3, STM32MP251CAI3, STM32MP251CAJ3, STM32MP251CAK3, STM32MP251CAL3, STM32MP251DAI3, STM32MP251DAJ3, STM32MP251DAK3, STM32MP251DAL3, STM32MP251FAI3, STM32MP251FAJ3, STM32MP251FAK3, STM32MP251FAL3, STM32MP253AAI3, STM32MP253AAJ3, STM32MP253AAK3, STM32MP253AAL3, STM32MP253CAI3, STM32MP253CAJ3, STM32MP253CAK3, STM32MP253CAL3, STM32MP253DAI3, STM32MP253DAJ3, STM32MP253DAK3, STM32MP253DAL3, STM32MP253FAI3, STM32MP253FAJ3, STM32MP253FAK3, STM32MP253FAL3, STM32MP255AAI3, STM32MP255AAJ3, STM32MP255AAK3, STM32MP255AAL3, STM32MP255CAI3, STM32MP255CAJ3, STM32MP255CAK3, STM32MP255CAL3, STM32MP255DAI3, STM32MP255DAJ3, STM32MP255DAK3, STM32MP255DAL3, STM32MP255FAI3, STM32MP255FAJ3, STM32MP255FAK3, STM32MP255FAL3, STM32MP257AAI3, STM32MP257AAJ3, STM32MP257AAK3, STM32MP257AAL3, STM32MP257CAI3, STM32MP257CAJ3, STM32MP257CAK3, STM32MP257CAL3, STM32MP257DAI3, STM32MP257DAJ3, STM32MP257DAK3, STM32MP257DAL3, STM32MP257F-DK, STM32MP257F-EV1, STM32MP257FAI3, STM32MP257FAJ3, STM32MP257FAK3, STM32MP257FAL3, STM32N645A0H3Q, STM32N645B0H3Q, STM32N645I0H3Q, STM32N645L0H3Q, STM32N645X0H3Q, STM32N645Z0H3Q, STM32N647A0H3Q, STM32N647B0H3Q, STM32N647I0H3Q, STM32N647L0H3Q, STM32N647X0H3Q, STM32N647Z0H3Q, STM32N655A0H3Q, STM32N655B0H3Q, STM32N655I0H3Q, STM32N655L0H3Q, STM32N655X0H3Q, STM32N655Z0H3Q, STM32N6570-DK, STM32N657A0H3Q, STM32N657B0H3Q, STM32N657I0H3Q, STM32N657L0H3Q, STM32N657X0H3Q, STM32N657Z0H3Q, STM32U031C6T6, STM32U031C6U6, STM32U031C8T6, STM32U031C8U6, STM32U031F4P6, STM32U031F6P6, STM32U031F8P6, STM32U031G6Y6TR, STM32U031G8Y6TR, STM32U031K4U6, STM32U031K6U6, STM32U031K8U6, STM32U031R6I6, STM32U031R6T6, STM32U031R8I6, STM32U031R8T6, STM32U073C8T6, STM32U073C8U6, STM32U073CBT6, STM32U073CBU6, STM32U073CCT6, STM32U073CCU6, STM32U073H8Y6TR, STM32U073HBY6TR, STM32U073HCY6TR, STM32U073K8U6, STM32U073KBU6, STM32U073KCU6, STM32U073M8I6, STM32U073M8T6, STM32U073MBI6, STM32U073MBT6, STM32U073MCI6, STM32U073MCT6, STM32U073R8I6, STM32U073R8T6, STM32U073RBI6, STM32U073RBT6, STM32U073RCI6, STM32U073RCT6, STM32U083C-DK, STM32U083CCT6, STM32U083CCU6, STM32U083HCY6TR, STM32U083KCU6, STM32U083MCI6, STM32U083MCT6, STM32U083RCI6, STM32U083RCT6, STM32U375CET6, STM32U375CET6Q, STM32U375CEU6, STM32U375CEU6Q, STM32U375CEY6QTR, STM32U375CGT6, STM32U375CGT6Q, STM32U375CGU6, STM32U375CGU6Q, STM32U375CGY6QTR, STM32U375KEU6, STM32U375KGU6, STM32U375REI6, STM32U375REI6Q, STM32U375RET6, STM32U375RET6Q, STM32U375REY6GTR, STM32U375REY6QTR, STM32U375RGI6, STM32U375RGI6Q, STM32U375RGT6, STM32U375RGT6Q, STM32U375RGY6GTR, STM32U375RGY6QTR, STM32U375VEI6, STM32U375VEI6Q, STM32U375VET6, STM32U375VET6Q, STM32U375VGI6, STM32U375VGI6Q, STM32U375VGT6, STM32U375VGT6Q, STM32U385CGT6, STM32U385CGT6Q, STM32U385CGU6, STM32U385CGU6Q, STM32U385CGY6QTR, STM32U385KGU6, STM32U385RGI6, STM32U385RGI6Q, STM32U385RGT6, STM32U385RGT6Q, STM32U385RGY6GTR, STM32U385RGY6QTR, STM32U385VGI6, STM32U385VGI6Q, STM32U385VGT6, STM32U385VGT6Q, STM32U535CBT6, STM32U535CBT6Q, STM32U535CBU6, STM32U535CBU6Q, STM32U535CCT6, STM32U535CCT6Q, STM32U535CCU6, STM32U535CCU6Q, STM32U535CET6, STM32U535CET6Q, STM32U535CEU6, STM32U535CEU6Q, STM32U535JEY6QTR, STM32U535NCY6QTR, STM32U535NEY6QTR, STM32U535RBI6, STM32U535RBI6Q, STM32U535RBT6, STM32U535RBT6Q, STM32U535RCI6, STM32U535RCI6Q, STM32U535RCT6, STM32U535RCT6Q, STM32U535REI6, STM32U535REI6Q, STM32U535RET6, STM32U535RET6Q, STM32U535VCI6, STM32U535VCI6Q, STM32U535VCT6, STM32U535VCT6Q, STM32U535VEI6, STM32U535VEI6Q, STM32U535VET6, STM32U535VET6Q, STM32U545CET6, STM32U545CET6Q, STM32U545CEU6, STM32U545CEU6Q, STM32U545JEY6QTR, STM32U545NEY6QTR, STM32U545REI6, STM32U545REI6Q, STM32U545RET6, STM32U545RET6Q, STM32U545VEI6, STM32U545VEI6Q, STM32U545VET6, STM32U545VET6Q, STM32U595AIH6, STM32U595AIH6Q, STM32U595AJH6, STM32U595AJH6Q, STM32U595QII6, STM32U595QII6Q, STM32U595QJI6, STM32U595QJI6Q, STM32U595RIT6, STM32U595RIT6Q, STM32U595RJT6, STM32U595RJT6Q, STM32U595VIT6, STM32U595VIT6Q, STM32U595VJT6, STM32U595VJT6Q, STM32U595ZIT6, STM32U595ZIT6Q, STM32U595ZIY6QTR, STM32U595ZJT6, STM32U595ZJT6Q, STM32U595ZJY6QTR, STM32U599BJY6QTR, STM32U599NIH6Q, STM32U599NJH6Q, STM32U599VIT6Q, STM32U599VJT6, STM32U599VJT6Q, STM32U599ZIT6Q, STM32U599ZIY6QTR, STM32U599ZJT6Q, STM32U599ZJY6QTR, STM32U5A5AJH6, STM32U5A5AJH6Q, STM32U5A5QII3Q , STM32U5A5QJI6, STM32U5A5QJI6Q, STM32U5A5RJT6, STM32U5A5RJT6Q, STM32U5A5VJT6, STM32U5A5VJT6Q, STM32U5A5ZJT6, STM32U5A5ZJT6Q, STM32U5A5ZJY6QTR, STM32U5A9BJY6QTR, STM32U5A9J-DK, STM32U5A9NJH6Q, STM32U5A9VJT6Q, STM32U5A9ZJT6Q, STM32U5A9ZJY6QTR, STM32U5F7VIT6, STM32U5F7VIT6Q, STM32U5F7VJT6, STM32U5F7VJT6Q, STM32U5F9BJY6QTR, STM32U5F9NJH6Q, STM32U5F9VIT6Q, STM32U5F9VJT6Q, STM32U5F9ZIJ6QTR, STM32U5F9ZIT6Q, STM32U5F9ZJJ6QTR, STM32U5F9ZJT6Q, STM32U5G7VJT6, STM32U5G7VJT6Q, STM32U5G9BJY6QTR, STM32U5G9J-DK1, STM32U5G9J-DK2, STM32U5G9NJH6Q, STM32U5G9VJT6Q, STM32U5G9ZJJ6QTR, STM32U5G9ZJT6Q, STM32WB05KZV6TR, STM32WB05KZV7TR, STM32WB05TZF6TR, STM32WB05TZF7TR, STM32WB06CCF6TR, STM32WB06CCF7TR, STM32WB06CCV6TR, STM32WB06CCV7TR, STM32WB06KCV6TR, STM32WB06KCV7TR, STM32WB07CCF6TR, STM32WB07CCF7TR, STM32WB07CCV6TR, STM32WB07CCV7TR, STM32WB07KCV6TR, STM32WB07KCV7TR, STM32WB09KEV6TR, STM32WB09KEV7TR, STM32WB09TEF6TR, STM32WB09TEF7TR, STM32WB1MMCH6, STM32WBA50KGU6, STM32WBA50KGU6TR, STM32WBA52CEU6, STM32WBA52CEU6TR, STM32WBA52CEU7, STM32WBA52CEU7TR, STM32WBA52CGU6, STM32WBA52CGU6TR, STM32WBA52CGU6U, STM32WBA52CGU7, STM32WBA52CGU7TR, STM32WBA52KEU6, STM32WBA52KEU6TR, STM32WBA52KGU6, STM32WBA52KGU6TR, STM32WBA54CEU6, STM32WBA54CEU6TR, STM32WBA54CEU7, STM32WBA54CEU7TR, STM32WBA54CGU6, STM32WBA54CGU6TR, STM32WBA54CGU7, STM32WBA54CGU7TR, STM32WBA54KEU6, STM32WBA54KEU6TR, STM32WBA54KEU7, STM32WBA54KEU7TR, STM32WBA54KGU6, STM32WBA54KGU6TR, STM32WBA54KGU7, STM32WBA54KGU7TR, STM32WBA55CEU6, STM32WBA55CEU6TR, STM32WBA55CEU7, STM32WBA55CEU7TR, STM32WBA55CGU6, STM32WBA55CGU6TR, STM32WBA55CGU6U, STM32WBA55CGU7, STM32WBA55CGU7TR, STM32WBA55G-DK1, STM32WBA55HEF6, STM32WBA55HEF7, STM32WBA55HGF6, STM32WBA55HGF7, STM32WBA55UEI6, STM32WBA55UEI6TR, STM32WBA55UEI7, STM32WBA55UEI7TR, STM32WBA55UGI6, STM32WBA55UGI6TR, STM32WBA55UGI7, STM32WBA55UGI7TR, STM32WBA5MJGH6TR, STM32WBA62CGU6, STM32WBA62CIU6, STM32WBA62MGF6, STM32WBA62MIF6, STM32WBA62PGI6, STM32WBA62PII6, STM32WBA63CGU6, STM32WBA63CGU7, STM32WBA63CIU6, STM32WBA63CIU7, STM32WBA64CGU6, STM32WBA64CGU7, STM32WBA64CIU6, STM32WBA64CIU7, STM32WBA65CGU6, STM32WBA65CGU7, STM32WBA65CIU6, STM32WBA65CIU7, STM32WBA65I-DK1, STM32WBA65MGF6, STM32WBA65MGF7, STM32WBA65MIF6, STM32WBA65MIF7, STM32WBA65PGI6, STM32WBA65PGI7, STM32WBA65PII6, STM32WBA65PII7, STM32WBA65RGV6, STM32WBA65RGV7, STM32WBA65RIV6, STM32WBA65RIV7, STM32WL30K8V6, STM32WL30KBV6, STM32WL31C8V6, STM32WL31CBV6, STM32WL31K8V6, STM32WL31KBV6, STM32WL33C8V6, STM32WL33C8V6TR, STM32WL33C8V7, STM32WL33C8V7TR, STM32WL33CBV6, STM32WL33CBV6TR, STM32WL33CBV7, STM32WL33CBV7TR, STM32WL33CCV6, STM32WL33CCV6TR, STM32WL33CCV7, STM32WL33CCV7A, STM32WL33CCV7ATR, STM32WL33CCV7TR, STM32WL33K8V6, STM32WL33K8V6TR, STM32WL33K8V7, STM32WL33K8V7TR, STM32WL33KBV6, STM32WL33KBV6TR, STM32WL33KBV7, STM32WL33KBV7TR, STM32WL33KCV6, STM32WL33KCV6TR, STM32WL33KCV7, STM32WL33KCV7TR, STM32WL5MOCH6, STM32WL5MOCH6TR]
2025-11-12 16:10:56,772 [INFO] ApiDb:668 - CubeFinder database Data Model version=2.1
2025-11-12 16:10:56,772 [INFO] ApiDb:669 - CubeFinder database Configuration version=3.0.39
2025-11-12 16:10:56,772 [INFO] ApiDb:670 - CubeFinder database generation date=2025-10-27 (1761571959)
2025-11-12 16:10:56,774 [INFO] ApiDb:671 - CubeFinder database FW Pack versions=[FP-ATR-ASTRA1_V2.0.0, FP-SNS-FLIGHT1_V5.1.0, FP-SNS-MOTENV1_V5.0.0, FP-SNS-MOTENVWB1_V1.4.0, FP-SNS-SMARTAG2_V1.2.0, FP-SNS-STBOX1_V2.1.0, STM32Cube_FW_C0_V1.4.0, STM32Cube_FW_F4_V1.28.3, STM32Cube_FW_F7_V1.17.4, STM32Cube_FW_G0_V1.6.2, STM32Cube_FW_G4_V1.6.1, STM32Cube_FW_H5_V1.5.0, STM32Cube_FW_H7RS_V1.2.0, STM32Cube_FW_H7_V1.12.1, STM32Cube_FW_L0_V1.12.2, STM32Cube_FW_L4_V1.18.1, STM32Cube_FW_L5_V1.5.1, STM32Cube_FW_N6_V1.2.0, STM32Cube_FW_U0_V1.3.0, STM32Cube_FW_U3_V1.2.1, STM32Cube_FW_U5_V1.8.0, STM32Cube_FW_WB0_V1.3.0, STM32Cube_FW_WBA_V1.7.0, STM32Cube_FW_WB_V1.23.0, STM32Cube_FW_WL3_V1.2.0, STM32Cube_FW_WL_V1.3.1, X-CUBE-ALGOBUILD_V1.4.0, X-CUBE-ALS_V1.0.2, X-CUBE-AZRTOS-F4_V1.1.0, X-CUBE-AZRTOS-F7_V1.1.0, X-CUBE-AZRTOS-G0_V1.1.0, X-CUBE-AZRTOS-G4_V2.0.0, X-CUBE-AZRTOS-H7RS_V1.1.0, X-CUBE-AZRTOS-H7_V3.4.0, X-CUBE-AZRTOS-L4_V2.0.0, X-CUBE-AZRTOS-L5_V2.0.0, X-CUBE-AZRTOS-WB_V2.0.0, X-CUBE-AZRTOS-WL_V2.0.0, X-CUBE-BLE1_V7.1.0, X-CUBE-BLE2_V3.3.0, X-CUBE-BLEMGR_V4.1.0, X-CUBE-EEPRMA1_V5.2.0, X-CUBE-FREERTOS_V1.3.1, X-CUBE-GNSS1_V6.0.0, X-CUBE-MEMS1_V11.3.0, X-CUBE-NFC4_V3.0.0, X-CUBE-NFC7_V2.0.0, X-CUBE-SFXS2LP1_V4.0.0, X-CUBE-ST67W61_V1.1.0, X-CUBE-SUBG2_V5.0.0, X-CUBE-TOF1_V3.4.3]
2025-11-12 16:10:58,781 [INFO] ApiDb:240 - Found 895 in-development CPN: [B-G473E-ZEST1S, B-WB1M-WPAN1, B-WBA5M-WPAN, B-WL5M-SUBG1, NUCLEO-C031C6, NUCLEO-C051C8, NUCLEO-C071RB, NUCLEO-C092RC, NUCLEO-H503RB, NUCLEO-H533RE, NUCLEO-H563ZI, NUCLEO-H7S3L8, NUCLEO-N657X0-Q, NUCLEO-U031R8, NUCLEO-U083RC, NUCLEO-U385RG-Q, NUCLEO-U545RE-Q, NUCLEO-U5A5ZJ-Q, NUCLEO-WB05KZ, NUCLEO-WB07CC, NUCLEO-WB09KE, NUCLEO-WBA52CG, NUCLEO-WBA55CG, NUCLEO-WBA65RI, NUCLEO-WL33CC1, NUCLEO-WL33CC2, STEVAL-PROTEUS1, STEVAL-SMARTAG2, STEVAL-STWINBX1, STM320518-EVAL, STM32C0116-DK, STM32C011D6Y3TR, STM32C011D6Y6TR, STM32C011F4P3, STM32C011F4P6, STM32C011F4U3, STM32C011F4U6TR, STM32C011F6P3, STM32C011F6P6, STM32C011F6U3, STM32C011F6U6TR, STM32C011J4M3, STM32C011J4M6, STM32C011J6M3, STM32C011J6M6, STM32C0316-DK, STM32C031C4T3, STM32C031C4T6, STM32C031C4U3, STM32C031C4U6, STM32C031C6T3, STM32C031C6T6, STM32C031C6U3, STM32C031C6U6, STM32C031F4P3, STM32C031F4P6, STM32C031F6P3, STM32C031F6P6, STM32C031G4U3, STM32C031G4U6, STM32C031G6U3, STM32C031G6U6, STM32C031K4T3, STM32C031K4T6, STM32C031K4U3, STM32C031K4U6, STM32C031K6T3, STM32C031K6T6, STM32C031K6U3, STM32C031K6U6, STM32C051C6T6, STM32C051C6U6, STM32C051C8T6, STM32C051C8U6, STM32C051D8Y6TR, STM32C051F6P6, STM32C051F8P6, STM32C051G6U6, STM32C051G8U6, STM32C051K6T6, STM32C051K6U6, STM32C051K8T6, STM32C071C8T6, STM32C071C8T6N, STM32C071C8U6, STM32C071C8U6N, STM32C071CBT6, STM32C071CBT6N, STM32C071CBU6, STM32C071CBU6N, STM32C071F8P6, STM32C071F8P6N, STM32C071FBP6, STM32C071FBP6N, STM32C071FBY6TR, STM32C071G8U6, STM32C071G8U6N, STM32C071GBU6, STM32C071GBU6N, STM32C071K8T6, STM32C071K8T6N, STM32C071K8U6, STM32C071K8U6N, STM32C071KBT6, STM32C071KBT6N, STM32C071KBU6, STM32C071KBU6N, STM32C071R8T6, STM32C071R8T6N, STM32C071RBI6N, STM32C071RBT6, STM32C071RBT6N, STM32C091CBT6, STM32C091CBU6, STM32C091CCT6, STM32C091CCU6, STM32C091ECY6TR, STM32C091FBP6, STM32C091FCP6, STM32C091GBU6, STM32C091GCU6, STM32C091KBT6, STM32C091KBU6, STM32C091KCT6, STM32C091KCU6, STM32C091RBT6, STM32C091RCI6, STM32C091RCT6, STM32C092CBT6, STM32C092CBU6, STM32C092CCT6, STM32C092CCU6, STM32C092ECY6TR, STM32C092FBP6, STM32C092FCP6, STM32C092GBU6, STM32C092GCU6, STM32C092KBT6, STM32C092KBU6, STM32C092KCT6, STM32C092KCU6, STM32C092RBT6, STM32C092RCI6, STM32C092RCT6, STM32G071K8TXN, STM32G071K8UXN, STM32G081GBU6N, STM32G081KBT6N, STM32G081KBUXN, STM32G0B1CCT6N, STM32G0B1KCT6, STM32G0B1NEY6TR, STM32G0B1RCT6N, STM32G0C1CCT6, STM32G0C1CCT6N, STM32G0C1CCU6N, STM32G0C1CET6N, STM32G0C1CEU6N, STM32G0C1KCT6, STM32G0C1NEY6TR, STM32G0C1RCI6N, STM32G0C1RCT6N, STM32G0C1REI6N, STM32G0C1RET6N, STM32G0C1VCI6, STM32G0C1VEI6, STM32G411C6T3, STM32G411C6T6, STM32G411C6U3, STM32G411C6U6, STM32G411C8T3, STM32G411C8T6, STM32G411C8U3, STM32G411C8U6, STM32G411CBT3, STM32G411CBT6, STM32G411CBU3, STM32G411CBU6, STM32G411CCT3, STM32G411CCT6, STM32G411CCU3, STM32G411CCU6, STM32G411K6T3, STM32G411K6T6, STM32G411K6U3, STM32G411K6U6, STM32G411K8T3, STM32G411K8T6, STM32G411K8U3, STM32G411K8U6, STM32G411KBT3, STM32G411KBT6, STM32G411KBU3, STM32G411KBU6, STM32G411M6T3, STM32G411M6T6, STM32G411M8T3, STM32G411M8T6, STM32G411MBT3, STM32G411MBT6, STM32G411MCT3, STM32G411MCT6, STM32G411R6T3, STM32G411R6T6, STM32G411R8T3, STM32G411R8T6, STM32G411RBT3, STM32G411RBT6, STM32G411RCT3, STM32G411RCT6, STM32G414CBT3, STM32G414CBT6, STM32G414CBU3, STM32G414CBU6, STM32G414CCT3, STM32G414CCT6, STM32G414CCU3, STM32G414CCU6, STM32G414MBT3, STM32G414MBT6, STM32G414MCT3, STM32G414MCT6, STM32G414RBT3, STM32G414RBT6, STM32G414RCT3, STM32G414RCT6, STM32G414VBT3, STM32G414VBT6, STM32G414VCT3, STM32G414VCT6, STM32G431CBT3Z, STM32G431RBT3Z, STM32G471CCT6, STM32G471CCU6, STM32G471CET3, STM32G471CET6, STM32G471CEU3, STM32G471CEU6, STM32G471MCT6, STM32G471MET3, STM32G471MET6, STM32G471MEY6TR, STM32G471QCT6, STM32G471QET3, STM32G471RCT6, STM32G471RET3, STM32G471RET6, STM32G471VCH6, STM32G471VCI6, STM32G471VCT6, STM32G471VEH3, STM32G471VEH6, STM32G471VEI3, STM32G471VEI6, STM32G471VET3, STM32G471VET6, STM32G473QET3Z, STM32G473RET3Z, STM32G474CCT6, STM32G491RET3Z, STM32H503CBT6, STM32H503CBU6, STM32H503EBY6TR, STM32H503KBU6, STM32H503RBT6, STM32H523CCT6, STM32H523CCU6, STM32H523CET6, STM32H523CEU6, STM32H523HEY6TR, STM32H523RCT6, STM32H523RET6, STM32H523VCI6, STM32H523VCT6, STM32H523VEI6, STM32H523VET6, STM32H523ZCJ6, STM32H523ZCT6, STM32H523ZEJ6, STM32H523ZET6, STM32H533CET6, STM32H533CEU6, STM32H533HEY6TR, STM32H533RET6, STM32H533VEI6, STM32H533VET6, STM32H533ZEJ6, STM32H533ZET6, STM32H562AGI6, STM32H562AII6, STM32H562IGK6, STM32H562IGT6, STM32H562IIK6, STM32H562IIT6, STM32H562RGT6, STM32H562RGV6, STM32H562RIT6, STM32H562RIV6, STM32H562VGT6, STM32H562VIT6, STM32H562ZGT6, STM32H562ZIT6, STM32H563AGI6, STM32H563AII3Q, STM32H563AII6, STM32H563IGK6, STM32H563IGT6, STM32H563IIK3Q, STM32H563IIK6, STM32H563IIT3Q, STM32H563IIT6, STM32H563MIY3QTR, STM32H563RGT6, STM32H563RGV6, STM32H563RIT6, STM32H563RIV6, STM32H563VGT6, STM32H563VIT3Q, STM32H563VIT6, STM32H563ZGT6, STM32H563ZIT3Q, STM32H563ZIT6, STM32H573AII3Q, STM32H573AII6, STM32H573I-DK, STM32H573IIK3Q, STM32H573IIK6, STM32H573IIT3Q, STM32H573IIT6, STM32H573MIY3QTR, STM32H573RIT6, STM32H573RIV6, STM32H573VIT3Q, STM32H573VIT6, STM32H573ZIT3Q, STM32H573ZIT6, STM32H7R3A8I6, STM32H7R3I8K6, STM32H7R3I8T6, STM32H7R3L8H6, STM32H7R3L8H6H, STM32H7R3R8V6, STM32H7R3V8H6, STM32H7R3V8T6, STM32H7R3V8Y6TR, STM32H7R3Z8J6, STM32H7R3Z8T6, STM32H7R7A8I6, STM32H7R7I8K6, STM32H7R7I8T6, STM32H7R7L8H6, STM32H7R7L8H6H, STM32H7R7Z8J6, STM32H7S3A8I6, STM32H7S3I8K6, STM32H7S3I8T6, STM32H7S3L8H6, STM32H7S3L8H6H, STM32H7S3R8V6, STM32H7S3V8H6, STM32H7S3V8T6, STM32H7S3V8Y6TR, STM32H7S3Z8J6, STM32H7S3Z8T6, STM32H7S78-DK, STM32H7S7A8I6, STM32H7S7I8K6, STM32H7S7I8T6, STM32H7S7L8H6, STM32H7S7L8H6H, STM32H7S7Z8J6, STM32L4R5QGI6STR, STM32MP131AAE3, STM32MP131AAF3, STM32MP131AAG3, STM32MP131CAE3, STM32MP131CAF3, STM32MP131CAG3, STM32MP131DAE7, STM32MP131DAF7, STM32MP131DAG7, STM32MP131FAE7, STM32MP131FAF7, STM32MP131FAG7, STM32MP133AAE3, STM32MP133AAF3, STM32MP133AAG3, STM32MP133CAE3, STM32MP133CAF3, STM32MP133CAG3, STM32MP133DAE7, STM32MP133DAF7, STM32MP133DAG7, STM32MP133FAE7, STM32MP133FAF7, STM32MP133FAG7, STM32MP135AAE3, STM32MP135AAF3, STM32MP135AAG3, STM32MP135CAE3, STM32MP135CAF3, STM32MP135CAG3, STM32MP135DAE7, STM32MP135DAF7, STM32MP135DAG7, STM32MP135F-DK, STM32MP135FAE7, STM32MP135FAF7, STM32MP135FAF7T, STM32MP135FAF7U, STM32MP135FAG7, STM32MP231AAJ3, STM32MP231AAK3, STM32MP231AAL3, STM32MP231CAJ3, STM32MP231CAK3, STM32MP231CAL3, STM32MP231DAJ3, STM32MP231DAK3, STM32MP231DAL3, STM32MP231FAJ3, STM32MP231FAK3, STM32MP231FAL3, STM32MP233AAJ3, STM32MP233AAK3, STM32MP233AAL3, STM32MP233CAJ3, STM32MP233CAK3, STM32MP233CAL3, STM32MP233DAJ3, STM32MP233DAK3, STM32MP233DAL3, STM32MP233FAJ3, STM32MP233FAK3, STM32MP233FAL3, STM32MP235AAJ3, STM32MP235AAK3, STM32MP235AAL3, STM32MP235CAJ3, STM32MP235CAK3, STM32MP235CAL3, STM32MP235DAJ3, STM32MP235DAK3, STM32MP235DAL3, STM32MP235FAJ3, STM32MP235FAK3, STM32MP235FAL3, STM32MP251AAI3, STM32MP251AAJ3, STM32MP251AAK3, STM32MP251AAL3, STM32MP251CAI3, STM32MP251CAJ3, STM32MP251CAK3, STM32MP251CAL3, STM32MP251DAI3, STM32MP251DAJ3, STM32MP251DAK3, STM32MP251DAL3, STM32MP251FAI3, STM32MP251FAJ3, STM32MP251FAK3, STM32MP251FAL3, STM32MP253AAI3, STM32MP253AAJ3, STM32MP253AAK3, STM32MP253AAL3, STM32MP253CAI3, STM32MP253CAJ3, STM32MP253CAK3, STM32MP253CAL3, STM32MP253DAI3, STM32MP253DAJ3, STM32MP253DAK3, STM32MP253DAL3, STM32MP253FAI3, STM32MP253FAJ3, STM32MP253FAK3, STM32MP253FAL3, STM32MP255AAI3, STM32MP255AAJ3, STM32MP255AAK3, STM32MP255AAL3, STM32MP255CAI3, STM32MP255CAJ3, STM32MP255CAK3, STM32MP255CAL3, STM32MP255DAI3, STM32MP255DAJ3, STM32MP255DAK3, STM32MP255DAL3, STM32MP255FAI3, STM32MP255FAJ3, STM32MP255FAK3, STM32MP255FAL3, STM32MP257AAI3, STM32MP257AAJ3, STM32MP257AAK3, STM32MP257AAL3, STM32MP257CAI3, STM32MP257CAJ3, STM32MP257CAK3, STM32MP257CAL3, STM32MP257DAI3, STM32MP257DAJ3, STM32MP257DAK3, STM32MP257DAL3, STM32MP257F-DK, STM32MP257F-EV1, STM32MP257FAI3, STM32MP257FAJ3, STM32MP257FAK3, STM32MP257FAL3, STM32N645A0H3Q, STM32N645B0H3Q, STM32N645I0H3Q, STM32N645L0H3Q, STM32N645X0H3Q, STM32N645Z0H3Q, STM32N647A0H3Q, STM32N647B0H3Q, STM32N647I0H3Q, STM32N647L0H3Q, STM32N647X0H3Q, STM32N647Z0H3Q, STM32N655A0H3Q, STM32N655B0H3Q, STM32N655I0H3Q, STM32N655L0H3Q, STM32N655X0H3Q, STM32N655Z0H3Q, STM32N6570-DK, STM32N657A0H3Q, STM32N657B0H3Q, STM32N657I0H3Q, STM32N657L0H3Q, STM32N657X0H3Q, STM32N657Z0H3Q, STM32U031C6T6, STM32U031C6U6, STM32U031C8T6, STM32U031C8U6, STM32U031F4P6, STM32U031F6P6, STM32U031F8P6, STM32U031G6Y6TR, STM32U031G8Y6TR, STM32U031K4U6, STM32U031K6U6, STM32U031K8U6, STM32U031R6I6, STM32U031R6T6, STM32U031R8I6, STM32U031R8T6, STM32U073C8T6, STM32U073C8U6, STM32U073CBT6, STM32U073CBU6, STM32U073CCT6, STM32U073CCU6, STM32U073H8Y6TR, STM32U073HBY6TR, STM32U073HCY6TR, STM32U073K8U6, STM32U073KBU6, STM32U073KCU6, STM32U073M8I6, STM32U073M8T6, STM32U073MBI6, STM32U073MBT6, STM32U073MCI6, STM32U073MCT6, STM32U073R8I6, STM32U073R8T6, STM32U073RBI6, STM32U073RBT6, STM32U073RCI6, STM32U073RCT6, STM32U083C-DK, STM32U083CCT6, STM32U083CCU6, STM32U083HCY6TR, STM32U083KCU6, STM32U083MCI6, STM32U083MCT6, STM32U083RCI6, STM32U083RCT6, STM32U375CET6, STM32U375CET6Q, STM32U375CEU6, STM32U375CEU6Q, STM32U375CEY6QTR, STM32U375CGT6, STM32U375CGT6Q, STM32U375CGU6, STM32U375CGU6Q, STM32U375CGY6QTR, STM32U375KEU6, STM32U375KGU6, STM32U375REI6, STM32U375REI6Q, STM32U375RET6, STM32U375RET6Q, STM32U375REY6GTR, STM32U375REY6QTR, STM32U375RGI6, STM32U375RGI6Q, STM32U375RGT6, STM32U375RGT6Q, STM32U375RGY6GTR, STM32U375RGY6QTR, STM32U375VEI6, STM32U375VEI6Q, STM32U375VET6, STM32U375VET6Q, STM32U375VGI6, STM32U375VGI6Q, STM32U375VGT6, STM32U375VGT6Q, STM32U385CGT6, STM32U385CGT6Q, STM32U385CGU6, STM32U385CGU6Q, STM32U385CGY6QTR, STM32U385KGU6, STM32U385RGI6, STM32U385RGI6Q, STM32U385RGT6, STM32U385RGT6Q, STM32U385RGY6GTR, STM32U385RGY6QTR, STM32U385VGI6, STM32U385VGI6Q, STM32U385VGT6, STM32U385VGT6Q, STM32U535CBT6, STM32U535CBT6Q, STM32U535CBU6, STM32U535CBU6Q, STM32U535CCT6, STM32U535CCT6Q, STM32U535CCU6, STM32U535CCU6Q, STM32U535CET6, STM32U535CET6Q, STM32U535CEU6, STM32U535CEU6Q, STM32U535JEY6QTR, STM32U535NCY6QTR, STM32U535NEY6QTR, STM32U535RBI6, STM32U535RBI6Q, STM32U535RBT6, STM32U535RBT6Q, STM32U535RCI6, STM32U535RCI6Q, STM32U535RCT6, STM32U535RCT6Q, STM32U535REI6, STM32U535REI6Q, STM32U535RET6, STM32U535RET6Q, STM32U535VCI6, STM32U535VCI6Q, STM32U535VCT6, STM32U535VCT6Q, STM32U535VEI6, STM32U535VEI6Q, STM32U535VET6, STM32U535VET6Q, STM32U545CET6, STM32U545CET6Q, STM32U545CEU6, STM32U545CEU6Q, STM32U545JEY6QTR, STM32U545NEY6QTR, STM32U545REI6, STM32U545REI6Q, STM32U545RET6, STM32U545RET6Q, STM32U545VEI6, STM32U545VEI6Q, STM32U545VET6, STM32U545VET6Q, STM32U595AIH6, STM32U595AIH6Q, STM32U595AJH6, STM32U595AJH6Q, STM32U595QII6, STM32U595QII6Q, STM32U595QJI6, STM32U595QJI6Q, STM32U595RIT6, STM32U595RIT6Q, STM32U595RJT6, STM32U595RJT6Q, STM32U595VIT6, STM32U595VIT6Q, STM32U595VJT6, STM32U595VJT6Q, STM32U595ZIT6, STM32U595ZIT6Q, STM32U595ZIY6QTR, STM32U595ZJT6, STM32U595ZJT6Q, STM32U595ZJY6QTR, STM32U599BJY6QTR, STM32U599NIH6Q, STM32U599NJH6Q, STM32U599VIT6Q, STM32U599VJT6, STM32U599VJT6Q, STM32U599ZIT6Q, STM32U599ZIY6QTR, STM32U599ZJT6Q, STM32U599ZJY6QTR, STM32U5A5AJH6, STM32U5A5AJH6Q, STM32U5A5QII3Q , STM32U5A5QJI6, STM32U5A5QJI6Q, STM32U5A5RJT6, STM32U5A5RJT6Q, STM32U5A5VJT6, STM32U5A5VJT6Q, STM32U5A5ZJT6, STM32U5A5ZJT6Q, STM32U5A5ZJY6QTR, STM32U5A9BJY6QTR, STM32U5A9J-DK, STM32U5A9NJH6Q, STM32U5A9VJT6Q, STM32U5A9ZJT6Q, STM32U5A9ZJY6QTR, STM32U5F7VIT6, STM32U5F7VIT6Q, STM32U5F7VJT6, STM32U5F7VJT6Q, STM32U5F9BJY6QTR, STM32U5F9NJH6Q, STM32U5F9VIT6Q, STM32U5F9VJT6Q, STM32U5F9ZIJ6QTR, STM32U5F9ZIT6Q, STM32U5F9ZJJ6QTR, STM32U5F9ZJT6Q, STM32U5G7VJT6, STM32U5G7VJT6Q, STM32U5G9BJY6QTR, STM32U5G9J-DK1, STM32U5G9J-DK2, STM32U5G9NJH6Q, STM32U5G9VJT6Q, STM32U5G9ZJJ6QTR, STM32U5G9ZJT6Q, STM32WB05KZV6TR, STM32WB05KZV7TR, STM32WB05TZF6TR, STM32WB05TZF7TR, STM32WB06CCF6TR, STM32WB06CCF7TR, STM32WB06CCV6TR, STM32WB06CCV7TR, STM32WB06KCV6TR, STM32WB06KCV7TR, STM32WB07CCF6TR, STM32WB07CCF7TR, STM32WB07CCV6TR, STM32WB07CCV7TR, STM32WB07KCV6TR, STM32WB07KCV7TR, STM32WB09KEV6TR, STM32WB09KEV7TR, STM32WB09TEF6TR, STM32WB09TEF7TR, STM32WB1MMCH6, STM32WBA50KGU6, STM32WBA50KGU6TR, STM32WBA52CEU6, STM32WBA52CEU6TR, STM32WBA52CEU7, STM32WBA52CEU7TR, STM32WBA52CGU6, STM32WBA52CGU6TR, STM32WBA52CGU6U, STM32WBA52CGU7, STM32WBA52CGU7TR, STM32WBA52KEU6, STM32WBA52KEU6TR, STM32WBA52KGU6, STM32WBA52KGU6TR, STM32WBA54CEU6, STM32WBA54CEU6TR, STM32WBA54CEU7, STM32WBA54CEU7TR, STM32WBA54CGU6, STM32WBA54CGU6TR, STM32WBA54CGU7, STM32WBA54CGU7TR, STM32WBA54KEU6, STM32WBA54KEU6TR, STM32WBA54KEU7, STM32WBA54KEU7TR, STM32WBA54KGU6, STM32WBA54KGU6TR, STM32WBA54KGU7, STM32WBA54KGU7TR, STM32WBA55CEU6, STM32WBA55CEU6TR, STM32WBA55CEU7, STM32WBA55CEU7TR, STM32WBA55CGU6, STM32WBA55CGU6TR, STM32WBA55CGU6U, STM32WBA55CGU7, STM32WBA55CGU7TR, STM32WBA55G-DK1, STM32WBA55HEF6, STM32WBA55HEF7, STM32WBA55HGF6, STM32WBA55HGF7, STM32WBA55UEI6, STM32WBA55UEI6TR, STM32WBA55UEI7, STM32WBA55UEI7TR, STM32WBA55UGI6, STM32WBA55UGI6TR, STM32WBA55UGI7, STM32WBA55UGI7TR, STM32WBA5MJGH6TR, STM32WBA62CGU6, STM32WBA62CIU6, STM32WBA62MGF6, STM32WBA62MIF6, STM32WBA62PGI6, STM32WBA62PII6, STM32WBA63CGU6, STM32WBA63CGU7, STM32WBA63CIU6, STM32WBA63CIU7, STM32WBA64CGU6, STM32WBA64CGU7, STM32WBA64CIU6, STM32WBA64CIU7, STM32WBA65CGU6, STM32WBA65CGU7, STM32WBA65CIU6, STM32WBA65CIU7, STM32WBA65I-DK1, STM32WBA65MGF6, STM32WBA65MGF7, STM32WBA65MIF6, STM32WBA65MIF7, STM32WBA65PGI6, STM32WBA65PGI7, STM32WBA65PII6, STM32WBA65PII7, STM32WBA65RGV6, STM32WBA65RGV7, STM32WBA65RIV6, STM32WBA65RIV7, STM32WL30K8V6, STM32WL30KBV6, STM32WL31C8V6, STM32WL31CBV6, STM32WL31K8V6, STM32WL31KBV6, STM32WL33C8V6, STM32WL33C8V6TR, STM32WL33C8V7, STM32WL33C8V7TR, STM32WL33CBV6, STM32WL33CBV6TR, STM32WL33CBV7, STM32WL33CBV7TR, STM32WL33CCV6, STM32WL33CCV6TR, STM32WL33CCV7, STM32WL33CCV7A, STM32WL33CCV7ATR, STM32WL33CCV7TR, STM32WL33K8V6, STM32WL33K8V6TR, STM32WL33K8V7, STM32WL33K8V7TR, STM32WL33KBV6, STM32WL33KBV6TR, STM32WL33KBV7, STM32WL33KBV7TR, STM32WL33KCV6, STM32WL33KCV6TR, STM32WL33KCV7, STM32WL33KCV7TR, STM32WL5MOCH6, STM32WL5MOCH6TR]
2025-11-12 16:10:58,788 [INFO] DbMcus:218 - Found 4747 MCUs, 4747 are supported
2025-11-12 16:10:58,791 [INFO] ApiDb:423 - Load user favorites file C:\Users\siree/.stm32cubeide/favorites.mcus.txt: 0 item(s)
2025-11-12 16:10:58,791 [INFO] ApiDb:427 - User favorites MCUs=[]
2025-11-12 16:10:58,791 [INFO] DbMcus:224 - Set 0 / 0 favorites MCUs
2025-11-12 16:10:59,472 [INFO] BoardInfo:889 - No configuration file found for board P-NUCLEO-WB55
2025-11-12 16:10:59,474 [INFO] DbBoards:161 - Kit is not supported: P-NUCLEO-WB55
2025-11-12 16:10:59,480 [INFO] BoardInfo:889 - No configuration file found for board STEVAL-BFA001V1B
2025-11-12 16:10:59,481 [INFO] DbBoards:161 - Kit is not supported: STEVAL-BFA001V1B
2025-11-12 16:10:59,482 [INFO] BoardInfo:889 - No configuration file found for board STEVAL-BFA001V2B
2025-11-12 16:10:59,483 [INFO] DbBoards:161 - Kit is not supported: STEVAL-BFA001V2B
2025-11-12 16:10:59,762 [INFO] DbBoards:168 - Found 211 boards, 208 are supported
2025-11-12 16:10:59,763 [INFO] DbBoards:169 - Found 211 boards, 43 of them is supported for  Bsp
2025-11-12 16:10:59,766 [INFO] ApiDb:423 - Load user favorites file C:\Users\siree/.stm32cubeide/favorites.boards.txt: 0 item(s)
2025-11-12 16:10:59,766 [INFO] ApiDb:427 - User favorites Boards=[]
2025-11-12 16:10:59,766 [INFO] DbBoards:198 - Set 0 / 0 favorites Boards
2025-11-12 16:10:59,767 [INFO] McuFinderGlobals:76 - Set McuFinderConnectedMode to true
2025-11-12 16:10:59,775 [INFO] MultiScanPanel:200 - Auto-refresh data requested => check proxy status ongoing
2025-11-12 16:10:59,778 [INFO] FinderPluginLoader:95 - Searching for filters in installed packs
2025-11-12 16:11:01,072 [INFO] LoadUrlFilesThread:185 - End of LoadServerUrlFiles without Thread
2025-11-12 16:11:01,100 [INFO] DetailPanel:341 - Set advertising image to C:/Users/siree/STM32Cube/Repository/\en.mcu-finder-preevent.jpg
2025-11-12 16:11:04,647 [INFO] MultiScanPanel:200 - Auto-refresh data requested => check proxy status ongoing
2025-11-12 16:11:04,793 [INFO] LoadUrlFilesThread:185 - End of LoadServerUrlFiles without Thread
2025-11-12 16:11:04,793 [INFO] DetailPanel:341 - Set advertising image to C:/Users/siree/STM32Cube/Repository/\en.mcu-finder-preevent.jpg
2025-11-12 16:11:04,806 [INFO] DbBoards:642 - Loading board mini-images...
2025-11-12 16:11:07,040 [INFO] DbBoards:665 - Loaded 211 board mini-images
2025-11-12 16:11:38,580 [INFO] MainUpdater:2872 - connection check result : 10
2025-11-12 16:11:38,580 [INFO] MainUpdater:2872 - connection check result : 10
2025-11-12 16:11:38,602 [INFO] MicroXplorer:468 - Change Database Path : 
2025-11-12 16:11:38,603 [INFO] MicroXplorer:498 - Change Database Version : DB.6.0.141
2025-11-12 16:11:38,612 [WARN] ThirdParty:871 - waiting for thirdparty lock release [close project]
2025-11-12 16:11:38,612 [INFO] ThirdParty:873 - entering critical section [close project]
2025-11-12 16:11:38,614 [INFO] ThirdParty:883 - exiting critical section [close project]
2025-11-12 16:11:38,620 [INFO] PinOutPanel:1589 - setPackage(No Configuration,No Configuration)
2025-11-12 16:11:38,625 [INFO] UtilMem:75 - Begin LoadConfig() Used Memory: 686868976 Bytes (1061158912)
2025-11-12 16:11:38,639 [INFO] OpenFileManager:354 - Change cursor
2025-11-12 16:11:38,669 [INFO] ProjectFactory:442 - No CPN specified for board NUCLEO-L476RG => set CPN to STM32L476RGT3
2025-11-12 16:11:38,670 [INFO] Mcu:2011 - Initializing MCU STM32L476R(C-E-G)Tx STM32L476RGTx STM32L476RGT3
2025-11-12 16:11:40,594 [INFO] Context:756 - Trying to add GPIOservice into a context  which must be forbidden
2025-11-12 16:11:41,129 [INFO] Rule:225 - rule 117617 - U5Cobra4M][GTZC] default value MPCBB3 and MPCBB5 - Not Secured memory - MPCBB1 is applicable
2025-11-12 16:11:41,130 [INFO] Rule:225 - rule 117617 - U5Cobra4M][GTZC] default value MPCBB3 and MPCBB5 - Not Secured memory - MPCBB1 is applicable
2025-11-12 16:11:41,130 [INFO] Rule:225 - rule 117617 - U5Cobra4M][GTZC] default value MPCBB3 and MPCBB5 - Not Secured memory - MPCBB2 is applicable
2025-11-12 16:11:41,130 [INFO] Rule:225 - rule 117617 - U5Cobra4M][GTZC] default value MPCBB3 and MPCBB5 - Not Secured memory - MPCBB2 is applicable
2025-11-12 16:11:41,130 [INFO] Rule:225 - rule 117617 - U5Cobra4M][GTZC] default value MPCBB3 and MPCBB5 - Not Secured memory - MPCBB3 is applicable
2025-11-12 16:11:41,130 [INFO] Rule:225 - rule 117617 - U5Cobra4M][GTZC] default value MPCBB3 and MPCBB5 - Not Secured memory - MPCBB3 is applicable
2025-11-12 16:11:41,130 [INFO] Rule:225 - rule 117617 - U5Cobra4M][GTZC] default value MPCBB3 and MPCBB5 - Not Secured memory - MPCBB4 is applicable
2025-11-12 16:11:41,130 [INFO] Rule:225 - rule 117617 - U5Cobra4M][GTZC] default value MPCBB3 and MPCBB5 - Not Secured memory - MPCBB4 is applicable
2025-11-12 16:11:41,130 [INFO] Rule:225 - rule 117617 - U5Cobra4M][GTZC] default value MPCBB3 and MPCBB5 - Secured memory - MPCBB1 is applicable
2025-11-12 16:11:41,130 [INFO] Rule:225 - rule 117617 - U5Cobra4M][GTZC] default value MPCBB3 and MPCBB5 - Secured memory - MPCBB2 is applicable
2025-11-12 16:11:41,130 [INFO] Rule:225 - rule 117617 - U5Cobra4M][GTZC] default value MPCBB3 and MPCBB5 - Secured memory - MPCBB3 is applicable
2025-11-12 16:11:41,130 [INFO] Rule:225 - rule 117617 - U5Cobra4M][GTZC] default value MPCBB3 and MPCBB5 - Secured memory - MPCBB4 is applicable
2025-11-12 16:11:41,130 [INFO] Rule:225 - rule 117617 - U5Cobra4M][GTZC] default value MPCBB3 and MPCBB5 - Privileged memory - MPCBB1 is applicable
2025-11-12 16:11:41,130 [INFO] Rule:225 - rule 117617 - U5Cobra4M][GTZC] default value MPCBB3 and MPCBB5 - Privileged memory - MPCBB2 is applicable
2025-11-12 16:11:41,130 [INFO] Rule:225 - rule 117617 - U5Cobra4M][GTZC] default value MPCBB3 and MPCBB5 - Privileged memory - MPCBB3 is applicable
2025-11-12 16:11:41,130 [INFO] Rule:225 - rule 117617 - U5Cobra4M][GTZC] default value MPCBB3 and MPCBB5 - Privileged memory - MPCBB4 is applicable
2025-11-12 16:11:41,130 [INFO] Rule:225 - rule 117617 - U5Cobra4M][GTZC] default value MPCBB3 and MPCBB5 - Not Privileged memory - MPCBB1 is applicable
2025-11-12 16:11:41,130 [INFO] Rule:225 - rule 117617 - U5Cobra4M][GTZC] default value MPCBB3 and MPCBB5 - Not Privileged memory - MPCBB2 is applicable
2025-11-12 16:11:41,130 [INFO] Rule:225 - rule 117617 - U5Cobra4M][GTZC] default value MPCBB3 and MPCBB5 - Not Privileged memory - MPCBB3 is applicable
2025-11-12 16:11:41,130 [INFO] Rule:225 - rule 117617 - U5Cobra4M][GTZC] default value MPCBB3 and MPCBB5 - Not Privileged memory - MPCBB4 is applicable
2025-11-12 16:11:41,130 [INFO] Rule:225 - rule 117617 - U5Cobra4M][GTZC] default value MPCBB3 and MPCBB5 - Privileged memory - MPCBB1 is applicable
2025-11-12 16:11:41,130 [INFO] Rule:225 - rule 117617 - U5Cobra4M][GTZC] default value MPCBB3 and MPCBB5 - Privileged memory - MPCBB2 is applicable
2025-11-12 16:11:41,130 [INFO] Rule:225 - rule 117617 - U5Cobra4M][GTZC] default value MPCBB3 and MPCBB5 - Privileged memory - MPCBB3 is applicable
2025-11-12 16:11:41,130 [INFO] Rule:225 - rule 117617 - U5Cobra4M][GTZC] default value MPCBB3 and MPCBB5 - Privileged memory - MPCBB4 is applicable
2025-11-12 16:11:41,130 [INFO] Rule:225 - rule 117617 - U5Cobra4M][GTZC] default value MPCBB3 and MPCBB5 - Privileged memory - MPCBB1 is applicable
2025-11-12 16:11:41,131 [INFO] Rule:225 - rule 117617 - U5Cobra4M][GTZC] default value MPCBB3 and MPCBB5 - Privileged memory - MPCBB2 is applicable
2025-11-12 16:11:41,131 [INFO] Rule:225 - rule 117617 - U5Cobra4M][GTZC] default value MPCBB3 and MPCBB5 - Privileged memory - MPCBB3 is applicable
2025-11-12 16:11:41,131 [INFO] Rule:225 - rule 117617 - U5Cobra4M][GTZC] default value MPCBB3 and MPCBB5 - Privileged memory - MPCBB4 is applicable
2025-11-12 16:11:41,131 [INFO] Rule:225 - rule 117617 - U5Cobra4M][GTZC] default value MPCBB3 and MPCBB5 - Not Privileged memory - MPCBB1 is applicable
2025-11-12 16:11:41,131 [INFO] Rule:225 - rule 117617 - U5Cobra4M][GTZC] default value MPCBB3 and MPCBB5 - Not Privileged memory - MPCBB2 is applicable
2025-11-12 16:11:41,131 [INFO] Rule:225 - rule 117617 - U5Cobra4M][GTZC] default value MPCBB3 and MPCBB5 - Not Privileged memory - MPCBB3 is applicable
2025-11-12 16:11:41,131 [INFO] Rule:225 - rule 117617 - U5Cobra4M][GTZC] default value MPCBB3 and MPCBB5 - Not Privileged memory - MPCBB4 is applicable
2025-11-12 16:11:41,131 [INFO] Rule:225 - rule 117617 - U5Cobra4M][GTZC] default value MPCBB3 and MPCBB5 - Privileged memory - MPCBB1 is applicable
2025-11-12 16:11:41,131 [INFO] Rule:225 - rule 117617 - U5Cobra4M][GTZC] default value MPCBB3 and MPCBB5 - Privileged memory - MPCBB2 is applicable
2025-11-12 16:11:41,131 [INFO] Rule:225 - rule 117617 - U5Cobra4M][GTZC] default value MPCBB3 and MPCBB5 - Privileged memory - MPCBB3 is applicable
2025-11-12 16:11:41,131 [INFO] Rule:225 - rule 117617 - U5Cobra4M][GTZC] default value MPCBB3 and MPCBB5 - Privileged memory - MPCBB4 is applicable
2025-11-12 16:11:41,131 [INFO] Rule:225 - rule Rename SubGHz_Phy SUBGHZ_APPLICATION SUBGHZ_PINGPONG to SUBGHZ_ADV_APPLICATION is applicable
2025-11-12 16:11:41,131 [INFO] Rule:225 - rule Rename Enabled to IBEACON is applicable
2025-11-12 16:11:41,131 [INFO] Rule:225 - rule GTZC_S instance for project manager is applicable
2025-11-12 16:11:41,131 [INFO] Rule:225 - rule GTZC_S instance for context M33S is applicable
2025-11-12 16:11:41,131 [INFO] Rule:225 - rule GTZC_S instance value for IP GTZC is applicable
2025-11-12 16:11:41,131 [INFO] Rule:225 - rule GTZC_S instance for mcu.IP is applicable
2025-11-12 16:11:41,131 [INFO] Rule:225 - rule GTZC_S instance for VP is applicable
2025-11-12 16:11:41,132 [INFO] Rule:225 - rule GTZC_S instance for signal is applicable
2025-11-12 16:11:41,132 [INFO] Rule:225 - rule GTZC_S instance for mcu.Pin is applicable
2025-11-12 16:11:41,132 [INFO] Rule:225 - rule GTZC_S instance for VP is applicable
2025-11-12 16:11:41,132 [INFO] Rule:225 - rule GTZC_S instance for signal is applicable
2025-11-12 16:11:41,132 [INFO] Rule:225 - rule GTZC_S instance for mcu is applicable
2025-11-12 16:11:41,132 [INFO] Rule:225 - rule GTZC_S instance for mcu.Pin is applicable
2025-11-12 16:11:41,132 [INFO] Rule:225 - rule GTZC_S instance value for IP GTZC is applicable
2025-11-12 16:11:41,132 [INFO] Rule:225 - rule GTZC_S instance for project manager is applicable
2025-11-12 16:11:41,132 [INFO] Rule:225 - rule GTZC_S instance for context M33S is applicable
2025-11-12 16:11:41,132 [INFO] Rule:225 - rule GTZC_S instance for VP is applicable
2025-11-12 16:11:41,132 [INFO] Rule:225 - rule GTZC_S instance for signal is applicable
2025-11-12 16:11:41,132 [INFO] Rule:225 - rule SPDIFRX instance for mcu is applicable
2025-11-12 16:11:41,132 [INFO] Rule:225 - rule Rename Tracer Mode is applicable
2025-11-12 16:11:41,132 [INFO] Rule:225 - rule SPDIFRX instance value for IP SPDIFRX is applicable
2025-11-12 16:11:41,132 [INFO] Rule:225 - rule SPDIFRX instance for signal is applicable
2025-11-12 16:11:41,132 [INFO] Rule:225 - rule SPDIFRX instance for project manager is applicable
2025-11-12 16:11:41,132 [INFO] Rule:225 - rule SPDIFRX instance for project manager is applicable
2025-11-12 16:11:41,132 [INFO] Rule:225 - rule ADC Scan  fix with FW F7 is applicable
2025-11-12 16:11:41,132 [INFO] Rule:225 - rule ADC Scan  fix with FW F7 is applicable
2025-11-12 16:11:41,132 [INFO] Rule:225 - rule WakeUp0 Mode is applicable
2025-11-12 16:11:41,132 [INFO] Rule:225 - rule WakeUp0 SIGNAL is applicable
2025-11-12 16:11:41,133 [INFO] Rule:225 - rule WakeUp1 Mode is applicable
2025-11-12 16:11:41,133 [INFO] Rule:225 - rule WakeUp1 SIGNAL is applicable
2025-11-12 16:11:41,133 [INFO] Rule:225 - rule WakeUp2 Mode is applicable
2025-11-12 16:11:41,133 [INFO] Rule:225 - rule WakeUp2 SIGNAL is applicable
2025-11-12 16:11:41,133 [INFO] Rule:225 - rule WakeUp4 Mode is applicable
2025-11-12 16:11:41,133 [INFO] Rule:225 - rule WakeUp4 SIGNAL is applicable
2025-11-12 16:11:41,133 [INFO] Rule:225 - rule WakeUp5 Mode is applicable
2025-11-12 16:11:41,133 [INFO] Rule:225 - rule WakeUp5 SIGNAL is applicable
2025-11-12 16:11:41,133 [INFO] Rule:225 - rule Add RTC Activate Clock Source is applicable
2025-11-12 16:11:41,133 [INFO] Rule:225 - rule Add RTC Activate Calendar 1 is applicable
2025-11-12 16:11:41,133 [INFO] Rule:225 - rule Add RTC Activate Calendar 2 is applicable
2025-11-12 16:11:41,133 [INFO] Rule:225 - rule Add RTC Activate Calendar 3 is applicable
2025-11-12 16:11:41,133 [INFO] Rule:225 - rule UART/USART TX Mode is applicable
2025-11-12 16:11:41,133 [INFO] Rule:225 - rule UART/USART RX Mode is applicable
2025-11-12 16:11:41,133 [INFO] Rule:225 - rule UART/USART RX TX Mode is applicable
2025-11-12 16:11:41,134 [INFO] Rule:225 - rule UART/USART PARITY NONE is applicable
2025-11-12 16:11:41,134 [INFO] Rule:225 - rule UART/USART PARITY EVEN is applicable
2025-11-12 16:11:41,134 [INFO] Rule:225 - rule UART/USART PARITY ODD is applicable
2025-11-12 16:11:41,134 [INFO] Rule:225 - rule USART StopBits 1 is applicable
2025-11-12 16:11:41,134 [INFO] Rule:225 - rule USART StopBits 2 is applicable
2025-11-12 16:11:41,134 [INFO] Rule:225 - rule USART StopBits 1.5 is applicable
2025-11-12 16:11:41,134 [INFO] Rule:225 - rule USART StopBits 0.5 is applicable
2025-11-12 16:11:41,134 [INFO] Rule:225 - rule UART/USART WORD LENGTH 7 is applicable
2025-11-12 16:11:41,134 [INFO] Rule:225 - rule UART/USART WORD LENGTH 8 is applicable
2025-11-12 16:11:41,134 [INFO] Rule:225 - rule UART/USART WORD LENGTH 9 is applicable
2025-11-12 16:11:41,135 [INFO] Rule:225 - rule Rename FMC NAND NCE signal is applicable
2025-11-12 16:11:41,135 [INFO] Rule:225 - rule Rename FMC NAND INT signal is applicable
2025-11-12 16:11:41,135 [INFO] Rule:225 - rule Change Default Value for LSE Drive Capability for WB family is applicable
2025-11-12 16:11:41,135 [INFO] Rule:225 - rule Change Default Value for ADC Clock Prescaler G0 family is applicable
2025-11-12 16:11:41,135 [INFO] Rule:225 - rule Change Default Value for ADC ExternalTrigConv L4 family is applicable
2025-11-12 16:11:41,135 [INFO] Rule:225 - rule Change Default Value for ADC ExternalTrigInjecConv L4 family is applicable
2025-11-12 16:11:41,135 [INFO] Rule:225 - rule Change Default Value for ADC ExternalTrigConv F3 family is applicable
2025-11-12 16:11:41,135 [INFO] Rule:225 - rule Change Default Value for ADC ExternalTrigInjecConv F3 family is applicable
2025-11-12 16:11:41,135 [INFO] Rule:225 - rule Change Default Value for ADC ExternalTrigConv Goldfish serie is applicable
2025-11-12 16:11:41,135 [INFO] Rule:225 - rule Change Default Value for ADC ExternalTrigInjecConv Goldfish serie is applicable
2025-11-12 16:11:41,135 [INFO] Rule:225 - rule Change Default Value for ADC ExternalTrigConv L0 family is applicable
2025-11-12 16:11:41,135 [INFO] Rule:225 - rule Change Default Value for ADC ExternalTrigConv F0 family is applicable
2025-11-12 16:11:41,135 [INFO] Rule:225 - rule Change Default Value for ADC ExternalTrigConvn L1 family is applicable
2025-11-12 16:11:41,135 [INFO] Rule:225 - rule Change Default Value for ADC ExternalTrigInjecConv L1 family is applicable
2025-11-12 16:11:41,135 [INFO] Rule:225 - rule Change Default Value for ADC ExternalTrigConv F1 family is applicable
2025-11-12 16:11:41,135 [INFO] Rule:225 - rule Change Default Value for ADC ExternalTrigInjecConv F1 family is applicable
2025-11-12 16:11:41,135 [INFO] Rule:225 - rule Change Default Value for ADC ExternalTrigConv F7 family is applicable
2025-11-12 16:11:41,135 [INFO] Rule:225 - rule Change Default Value for ADC ExternalTrigInjecConv F7 family is applicable
2025-11-12 16:11:41,136 [INFO] Rule:225 - rule Change Default Value for ADC ExternalTrigConv F4 and F2 family is applicable
2025-11-12 16:11:41,136 [INFO] Rule:225 - rule Change Default Value for ADC ExternalTrigInjecConv F4 and F2 family is applicable
2025-11-12 16:11:41,136 [INFO] Rule:225 - rule ADC SamplingTime fix with FW L0  is applicable
2025-11-12 16:11:41,136 [INFO] Rule:225 - rule ADC SamplingTime fix with FW L0  is applicable
2025-11-12 16:11:41,136 [INFO] Rule:225 - rule ADC SamplingTime fix with FW L0 is applicable
2025-11-12 16:11:41,136 [INFO] Rule:225 - rule ADC SamplingTime fix with FW L0 is applicable
2025-11-12 16:11:41,136 [INFO] Rule:225 - rule ADC SamplingTime fix with FW L0  is applicable
2025-11-12 16:11:41,136 [INFO] Rule:225 - rule ADC SamplingTime fix with FW L0 is applicable
2025-11-12 16:11:41,136 [INFO] Rule:225 - rule Rename USB_OE Signal is applicable
2025-11-12 16:11:41,136 [INFO] Rule:225 - rule Rename Activate_OE Mode is applicable
2025-11-12 16:11:41,136 [INFO] Rule:225 - rule Rename DIE462/DIE415 pin PC14/OSC32_IN -> PC14-OSC32_IN (PC14) is applicable
2025-11-12 16:11:41,136 [INFO] Rule:225 - rule Rename DIE462/DIE415 pin PC15/OSC32_OUT -> PC15-OSC32_OUT (PC15) is applicable
2025-11-12 16:11:41,136 [INFO] Rule:225 - rule Rename DIE462/DIE415 pin PH0/OSC_IN -> PH0-OSC_IN (PH0) is applicable
2025-11-12 16:11:41,136 [INFO] Rule:225 - rule Rename DIE462/DIE415 pin PH1/OSC_OUT -> PH1-OSC_OUT (PH1) is applicable
2025-11-12 16:11:41,136 [INFO] Rule:225 - rule Rename DIE462 pin PA13 -> PA13 (JTMS/SWDIO) is applicable
2025-11-12 16:11:41,136 [INFO] Rule:225 - rule Rename DIE415 pin PA13 -> PA13 (JTMS/SWDIO) is applicable
2025-11-12 16:11:41,136 [INFO] Rule:225 - rule Rename DIE462 pin PA14 -> PA14 (JTCK/SWCLK) is applicable
2025-11-12 16:11:41,136 [INFO] Rule:225 - rule Rename DIE415 pin PA14 -> PA14 (JTCK/SWCLK) is applicable
2025-11-12 16:11:41,136 [INFO] Rule:225 - rule Rename DIE462/DIE415 pin PA15 -> PA15 (JTDI) is applicable
2025-11-12 16:11:41,136 [INFO] Rule:225 - rule Rename DIE462 pin PB3 -> PB3 (JTD0/TRACESWO) is applicable
2025-11-12 16:11:41,137 [INFO] Rule:225 - rule Rename DIE415 pin PB3 -> PB3 (JTD0-TRACESWO) is applicable
2025-11-12 16:11:41,137 [INFO] Rule:225 - rule Rename DIE462/DIE415 pin PB4 -> PB4 (NJTRST) is applicable
2025-11-12 16:11:41,137 [INFO] Rule:225 - rule Rename DIE462 pin PH3/BOOT0 -> PH3-BOOT0 (BOOT0) is applicable
2025-11-12 16:11:41,137 [INFO] Rule:225 - rule Rename CRYP DataEncryptionTypesList to Algorithm is applicable
2025-11-12 16:11:41,137 [INFO] Rule:225 - rule Rename AES DataEncryptionTypesList to Algorithm is applicable
2025-11-12 16:11:41,137 [INFO] Rule:225 - rule Rename TDESECB to CRYP_TDES_ECB is applicable
2025-11-12 16:11:41,137 [INFO] Rule:225 - rule Rename TDESCBC to CRYP_TDES_CBC is applicable
2025-11-12 16:11:41,137 [INFO] Rule:225 - rule Rename DESECB to CRYP_DES_ECB is applicable
2025-11-12 16:11:41,137 [INFO] Rule:225 - rule Rename DESCBC to CRYP_DES_CBC is applicable
2025-11-12 16:11:41,137 [INFO] Rule:225 - rule Rename AESECB to CRYP_AES_ECB is applicable
2025-11-12 16:11:41,137 [INFO] Rule:225 - rule Rename AESCBC to CRYP_AES_CBC is applicable
2025-11-12 16:11:41,137 [INFO] Rule:225 - rule Rename AESCTR to CRYP_AES_CTR is applicable
2025-11-12 16:11:41,137 [INFO] Rule:225 - rule Rename AESGCM to CRYP_AES_GCM is applicable
2025-11-12 16:11:41,137 [INFO] Rule:225 - rule Rename AESCCM to CRYP_AES_CCM is applicable
2025-11-12 16:11:41,137 [INFO] Rule:225 - rule Rename CAN TimeSeg1 to BS1 is applicable
2025-11-12 16:11:41,137 [INFO] Rule:225 - rule Rename CAN TimeSeg2 to BS2 is applicable
2025-11-12 16:11:41,137 [INFO] Rule:225 - rule Rename CAN SyncJumpWidth to SJW is applicable
2025-11-12 16:11:41,137 [INFO] Rule:225 - rule TimeTriggeredMode to TTCM is applicable
2025-11-12 16:11:41,137 [INFO] Rule:225 - rule Rename CAN AutoBusOff to ABOM is applicable
2025-11-12 16:11:41,137 [INFO] Rule:225 - rule Rename CAN AutoWakeUp to AWUM is applicable
2025-11-12 16:11:41,137 [INFO] Rule:225 - rule Rename CAN AutoRetransmission to NART is applicable
2025-11-12 16:11:41,137 [INFO] Rule:225 - rule Rename CAN ReceiveFifoLocked to RFLM is applicable
2025-11-12 16:11:41,137 [INFO] Rule:225 - rule Rename CAN TransmitFifoPriority to TXFP is applicable
2025-11-12 16:11:41,137 [INFO] Rule:225 - rule Rename HRTIMER HRTIM_OUTPUTFAULTLEVEL_HIGH in HRTIMER HRTIM_OUTPUTFAULTLEVEL_HIGHZ is applicable
2025-11-12 16:11:41,137 [INFO] Rule:225 - rule Rename TIMER TIM_CLEARINPUTSOURCE_OCREFCLR in  TIMER TIM_CLEARINPUTSOURCE_NONE for F7 family is applicable
2025-11-12 16:11:41,137 [INFO] Rule:225 - rule FDCAN_R1 - Rename FDCAN mode Master into Classic is applicable
2025-11-12 16:11:41,137 [INFO] Rule:225 - rule FDCAN_R2 - Rename FDCAN mode Slave into Classic is applicable
2025-11-12 16:11:41,137 [INFO] Rule:225 - rule FDCAN1_R3 - if PA10.Mode=FullDuplex, add Pin PA12 is applicable
2025-11-12 16:11:41,137 [INFO] Rule:225 - rule FDCAN1_R3 - if PA9.Mode=FullDuplex, add Pin PA11 is applicable
2025-11-12 16:11:41,137 [INFO] Rule:225 - rule FDCAN1_R3 - Alternatepin_1 - if PE1.Mode=FullDuplex, add Pin PB9 is applicable
2025-11-12 16:11:41,138 [INFO] Rule:225 - rule FDCAN1_R3 - Alternatepin_1 - if PE0.Mode=FullDuplex, add Pin PB8 is applicable
2025-11-12 16:11:41,138 [INFO] Rule:225 - rule FDCAN1_R3 - Alternatepin_2 - if PD5.Mode=FullDuplex, add Pin PD1 is applicable
2025-11-12 16:11:41,138 [INFO] Rule:225 - rule FDCAN1_R3 - Alternatepin_2 - if PD4.Mode=FullDuplex, add Pin PD0 is applicable
2025-11-12 16:11:41,138 [INFO] Rule:225 - rule FDCAN1_R4 - Rename Mode FullDuplex into Enable FDCAN_TXFD for pin PA10 is applicable
2025-11-12 16:11:41,138 [INFO] Rule:225 - rule FDCAN1_R4 - Rename Mode FullDuplex into Enable FDCAN_TXFD for pin PA9 is applicable
2025-11-12 16:11:41,138 [INFO] Rule:225 - rule FDCAN1_R4 - Alternatepin_1 - Rename Mode FullDuplex into Enable FDCAN_TXFD for pin PE1 is applicable
2025-11-12 16:11:41,138 [INFO] Rule:225 - rule FDCAN1_R4 - Alternatepin_1 - Rename Mode FullDuplex into Enable FDCAN_TXFD for pin PE0 is applicable
2025-11-12 16:11:41,138 [INFO] Rule:225 - rule FDCAN1_R4 - Alternatepin_2 - Rename Mode FullDuplex into Enable FDCAN_TXFD for pin PD5 is applicable
2025-11-12 16:11:41,138 [INFO] Rule:225 - rule FDCAN1_R4 - Alternatepin_2 - Rename Mode FullDuplex into Enable FDCAN_TXFD for pin PD4 is applicable
2025-11-12 16:11:41,138 [INFO] Rule:225 - rule FDCAN2_R3 - if PD10.Mode=FullDuplex, add Pin PB13 is applicable
2025-11-12 16:11:41,138 [INFO] Rule:225 - rule FDCAN2_R3 - if PD9.Mode=FullDuplex, add Pin PB12 is applicable
2025-11-12 16:11:41,138 [INFO] Rule:225 - rule FDCAN2_R3 - Alternatepin_1 - if PB7.Mode=FullDuplex, add Pin PB6 is applicable
2025-11-12 16:11:41,138 [INFO] Rule:225 - rule FDCAN2_R3 - Alternatepin_1 - if PD9.Mode=FullDuplex, add Pin PB12 is applicable
2025-11-12 16:11:41,138 [INFO] Rule:225 - rule FDCAN2_R4 - Rename Mode FullDuplex into Enable FDCAN_TXFD for pin PD10 is applicable
2025-11-12 16:11:41,138 [INFO] Rule:225 - rule FDCAN2_R4 - Rename Mode FullDuplex into Enable FDCAN_TXFD for pin PD9 is applicable
2025-11-12 16:11:41,138 [INFO] Rule:225 - rule FDCAN2_R4 - Alternatepin_1 - Rename Mode FullDuplex into Enable FDCAN_TXFD for pin PB7 is applicable
2025-11-12 16:11:41,138 [INFO] Rule:225 - rule FDCAN2_R4 - Alternatepin_1 - Rename Mode FullDuplex into Enable FDCAN_TXFD for pin PD6 is applicable
2025-11-12 16:11:41,138 [INFO] Rule:225 - rule USART TxPinLevelInvertParam Mode is applicable
2025-11-12 16:11:41,138 [INFO] Rule:225 - rule USART RxPinLevelInvertParam Mode is applicable
2025-11-12 16:11:41,138 [INFO] Rule:225 - rule USART DataInvertParam Mode is applicable
2025-11-12 16:11:41,139 [INFO] Rule:225 - rule USART SwapParam Mode is applicable
2025-11-12 16:11:41,139 [INFO] Rule:225 - rule USART OverrunDisableParam Mode is applicable
2025-11-12 16:11:41,139 [INFO] Rule:225 - rule USART DMADisableonRxErrorParam Mode is applicable
2025-11-12 16:11:41,139 [INFO] Rule:225 - rule USART MSBFirstParam Mode is applicable
2025-11-12 16:11:41,139 [INFO] Rule:225 - rule Update MwName for USB_DEVICE is applicable
2025-11-12 16:11:41,139 [INFO] Rule:225 - rule Change PWR_Regulator_Voltage_Scale Default Value for RCC  H7 family is applicable
2025-11-12 16:11:41,139 [INFO] Rule:225 - rule UART/USART IPParameter rename Prescaler parameter to ClockPrescaler is applicable
2025-11-12 16:11:41,139 [INFO] Rule:225 - rule UART/USART Prescaler rename Prescaler parameter to ClockPrescaler is applicable
2025-11-12 16:11:41,139 [INFO] Rule:225 - rule TIM1CLockSelection is applicable
2025-11-12 16:11:41,139 [INFO] Rule:225 - rule TIM15CLockSelection is applicable
2025-11-12 16:11:41,139 [INFO] Rule:225 - rule align RCC SDMMC3CLockSelection default value on MP1 is applicable
2025-11-12 16:11:41,139 [INFO] Rule:225 - rule align RCC SDMMC12CLockSelection default value on MP1 is applicable
2025-11-12 16:11:41,139 [INFO] Rule:225 - rule align RCC QSPICLockSelection default value on MP1 is applicable
2025-11-12 16:11:41,139 [INFO] Rule:225 - rule align RCC QSPICLockSelection default value on MP1 is applicable
2025-11-12 16:11:41,139 [INFO] Rule:225 - rule align RCC SPI6CLockSelection default value on MP1 is applicable
2025-11-12 16:11:41,139 [INFO] Rule:225 - rule align RCC LPTIM23CLockSelection default value on MP1 is applicable
2025-11-12 16:11:41,139 [INFO] Rule:225 - rule align RCC LPTIM1CLockSelection default value on MP1 is applicable
2025-11-12 16:11:41,139 [INFO] Rule:225 - rule align RCC USART1CLockSelection default value on MP1 is applicable
2025-11-12 16:11:41,139 [INFO] Rule:225 - rule align RCC USART24CLockSelection default value on MP1 is applicable
2025-11-12 16:11:41,139 [INFO] Rule:225 - rule align RCC USART6CLockSelection default value on MP1 is applicable
2025-11-12 16:11:41,139 [INFO] Rule:225 - rule align RCC UART78CLockSelection default value on MP1 is applicable
2025-11-12 16:11:41,139 [INFO] Rule:225 - rule align RCC USART35CLockSelection default value on MP1 is applicable
2025-11-12 16:11:41,139 [INFO] Rule:225 - rule align RCC SPI45CLockSelection default value on MP1 is applicable
2025-11-12 16:11:41,139 [INFO] Rule:225 - rule align RCC I2C46CLockSelection BCLK value on MP1 is applicable
2025-11-12 16:11:41,140 [INFO] Rule:225 - rule align RCC SPI45CLockSelection default value on MP1 is applicable
2025-11-12 16:11:41,140 [INFO] Rule:225 - rule align RCC I2C12CLockSelection default value on MP1 is applicable
2025-11-12 16:11:41,140 [INFO] Rule:225 - rule align RCC I2C35CLockSelection default value on MP1 is applicable
2025-11-12 16:11:41,140 [INFO] Rule:225 - rule align RCC LPTIM45CLockSelection default value on MP1 is applicable
2025-11-12 16:11:41,140 [INFO] Rule:225 - rule Rename DCMI PIXCK signal is applicable
2025-11-12 16:11:41,140 [INFO] Rule:225 - rule Change Default Value for I2C46CLockSelection MP1 family is applicable
2025-11-12 16:11:41,140 [INFO] Rule:225 - rule Change Default Value for UART for G4, G0 and WB families is applicable
2025-11-12 16:11:41,140 [INFO] Rule:225 - rule Change Default Value for USART for G4, G0 and WB families is applicable
2025-11-12 16:11:41,140 [INFO] Rule:225 - rule Change Default Value for USART for G4 family is applicable
2025-11-12 16:11:41,140 [INFO] Rule:225 - rule Change USART1CLockSelection refparam name for MP1 is applicable
2025-11-12 16:11:41,140 [INFO] Rule:225 - rule Change USART2CLockSelection refparam name for MP1 is applicable
2025-11-12 16:11:41,140 [INFO] Rule:225 - rule Change USART3CLockSelection refparam name for MP1 is applicable
2025-11-12 16:11:41,140 [INFO] Rule:225 - rule Change UART4CLockSelection refparam name for MP1 is applicable
2025-11-12 16:11:41,140 [INFO] Rule:225 - rule Change UART5CLockSelection refparam name for MP1 is applicable
2025-11-12 16:11:41,140 [INFO] Rule:225 - rule Change LPUART1CLockSelection refparam name for MP1 is applicable
2025-11-12 16:11:41,140 [INFO] Rule:225 - rule Change LPTIM1CLockSelection refparam name for MP1 is applicable
2025-11-12 16:11:41,140 [INFO] Rule:225 - rule Change LPTIM2CLockSelection refparam name for MP1 is applicable
2025-11-12 16:11:41,140 [INFO] Rule:225 - rule Change RCC_MCO1Source refparam name for MP1 is applicable
2025-11-12 16:11:41,140 [INFO] Rule:225 - rule Change LSCOSource1 refparam name for MP1 is applicable
2025-11-12 16:11:41,140 [INFO] Rule:225 - rule Change SMPSCLockSelection refparam name for MP1 is applicable
2025-11-12 16:11:41,140 [INFO] Rule:225 - rule Change LPTIM3CLockSelection refparam name for MP1 is applicable
2025-11-12 16:11:41,140 [INFO] Rule:225 - rule Change MPCBB* Default Template Mode to Parameters is applicable
2025-11-12 16:11:41,140 [INFO] Rule:225 - rule Change MPCWM* or MPCBB* Secure Mode to Parameters is applicable
2025-11-12 16:11:41,140 [INFO] Rule:225 - rule Change MPCWM* or MPCBB* No Secure Mode to Parameters is applicable
2025-11-12 16:11:41,140 [INFO] Rule:225 - rule Change TZSC IP Secure Mode to Parameters is applicable
2025-11-12 16:11:41,140 [INFO] Rule:225 - rule Change TZSC IP No Secure Mode to Parameters is applicable
2025-11-12 16:11:41,140 [INFO] Rule:225 - rule Change TZSC IP Privilege Mode to Parameters is applicable
2025-11-12 16:11:41,141 [INFO] Rule:225 - rule Change TZSC IP No Privilege Mode to Parameters is applicable
2025-11-12 16:11:41,141 [INFO] Rule:225 - rule Change TZIC IT Secure Mode to Parameters is applicable
2025-11-12 16:11:41,141 [INFO] Rule:225 - rule Change TZIC IT No Secure Mode to Parameters is applicable
2025-11-12 16:11:41,141 [INFO] Rule:225 - rule Add MPCBB1_NonSecureArea_Start_Address value with referenced to MPCBB1_NonSecureArea_Start value is applicable
2025-11-12 16:11:41,141 [INFO] Rule:225 - rule Add MPCBB2_NonSecureArea_Start_Address value with referenced to MPCBB2_NonSecureArea_Start value is applicable
2025-11-12 16:11:41,141 [INFO] Rule:225 - rule Add MPCWM1_NonSecureArea*_Start_Address value with referenced to MPCWM1_NonSecureArea*_Start value is applicable
2025-11-12 16:11:41,141 [INFO] Rule:225 - rule Add MPCWM2_NonSecureArea*_Start_Address value with referenced to MPCWM2_NonSecureArea*_Start value is applicable
2025-11-12 16:11:41,141 [INFO] Rule:225 - rule Add MPCWM3_NonSecureArea_Start_Address value with referenced to MPCWM3_NonSecureArea_Start value is applicable
2025-11-12 16:11:41,141 [INFO] Rule:225 - rule Change Default Value for PLL1UserDefinedConfig is applicable
2025-11-12 16:11:41,141 [INFO] Rule:225 - rule Change GPIO_PuPd Default Value for USART in async mode is applicable
2025-11-12 16:11:41,141 [INFO] Rule:225 - rule Change SMPSDivider Default Value is applicable
2025-11-12 16:11:41,141 [INFO] Rule:225 - rule OPAMP is applicable
2025-11-12 16:11:41,141 [INFO] Rule:225 - rule LPUART IPParameter rename Prescaler parameter to ClockPrescaler for STM32H7 is applicable
2025-11-12 16:11:41,141 [INFO] Rule:225 - rule LPUART IPParameter rename Prescaler parameter to ClockPrescaler for STM32H7 is applicable
2025-11-12 16:11:41,141 [INFO] Rule:225 - rule LPUART IPParameter rename Prescaler parameter to ClockPrescaler for STM32WB is applicable
2025-11-12 16:11:41,141 [INFO] Rule:225 - rule LPUART IPParameter rename Prescaler parameter to ClockPrescaler for STM32WB is applicable
2025-11-12 16:11:41,141 [INFO] Rule:225 - rule LPUART IPParameter rename Prescaler parameter to ClockPrescaler for STM32G4 is applicable
2025-11-12 16:11:41,141 [INFO] Rule:225 - rule LPUART IPParameter rename Prescaler parameter to ClockPrescaler for STM32G4 is applicable
2025-11-12 16:11:41,141 [INFO] Rule:225 - rule LPUART IPParameter rename Prescaler parameter to ClockPrescaler for STM32L5 is applicable
2025-11-12 16:11:41,141 [INFO] Rule:225 - rule LPUART IPParameter rename Prescaler parameter to ClockPrescaler for STM32L5 is applicable
2025-11-12 16:11:41,141 [INFO] Rule:225 - rule LPUART IPParameter rename Prescaler parameter to ClockPrescaler for STM32G4 is applicable
2025-11-12 16:11:41,141 [INFO] Rule:225 - rule LPUART IPParameter rename Prescaler parameter to ClockPrescaler for STM32G4 is applicable
2025-11-12 16:11:41,141 [INFO] Rule:225 - rule USB device lib V2.5.3 for L0 rename USBD_SUPPORT_USER_STRING parameter to USBD_SUPPORT_USER_STRING_DESC4 is applicable
2025-11-12 16:11:41,141 [INFO] Rule:225 - rule I2SCLockSelection clock entry align is applicable
2025-11-12 16:11:41,141 [INFO] Rule:225 - rule Assign TIMx context if used as SYS timebase is applicable
2025-11-12 16:11:41,142 [INFO] Rule:225 - rule Change GPIO_Pu Default Value for I2C is applicable
2025-11-12 16:11:41,142 [INFO] Rule:225 - rule Change GPIO_Pu Default Value for SMBus is applicable
2025-11-12 16:11:41,142 [INFO] Rule:225 - rule change FDCAN default value is applicable
2025-11-12 16:11:41,142 [INFO] Rule:225 - rule Change mode sai is applicable
2025-11-12 16:11:41,142 [INFO] Rule:225 - rule **Change sai mode is applicable
2025-11-12 16:11:41,142 [INFO] Rule:225 - rule Rename STM32WPAN CFG_BLE_IRK to CFG_BLE_IR is applicable
2025-11-12 16:11:41,142 [INFO] Rule:225 - rule Rename STM32WPAN CFG_BLE_ERK to CFG_BLE_ER is applicable
2025-11-12 16:11:41,142 [INFO] Rule:225 - rule Rename STM32WPAN CFG_BLE_IRK_HEX to CFG_BLE_IR_HEX is applicable
2025-11-12 16:11:41,142 [INFO] Rule:225 - rule Rename STM32WPAN CFG_BLE_ERK_HEX to CFG_BLE_ER_HEX is applicable
2025-11-12 16:11:41,142 [INFO] Rule:225 - rule Adapt Old IOC before rework replace old CORTEX_M33/CORTEX_M55 attributes by the new one. is applicable
2025-11-12 16:11:41,142 [INFO] Rule:225 - rule Rename parametre of RCC RCC_APBDBG_DIV2 to RCC_TIMPRES_DIV2 is applicable
2025-11-12 16:11:41,142 [INFO] Rule:225 - rule Rename DIE493 pin PA10 [PA12] -> PA10 is applicable
2025-11-12 16:11:41,142 [INFO] Rule:225 - rule Rename DIE493 pin PA9 [PA11] -> PA9 is applicable
2025-11-12 16:11:41,142 [INFO] Rule:225 - rule Adapt Old IOC CSI. is applicable
2025-11-12 16:11:41,156 [INFO] DbConfProperties:307 - Apply Compatibility (49/267 Rules)
2025-11-12 16:11:41,178 [INFO] ImportTextPane:218 - (OptionalMessage_ERROR) Unable to find key (Mcu.ThirdPartyNb) in loaded IOC file
2025-11-12 16:11:41,180 [INFO] ImportTextPane:218 - (OptionalMessage_ERROR) Pin12 (VP_RIF_VS_RIF1) cannot be retrieved for this MCU
2025-11-12 16:11:41,276 [INFO] RtosManager:558 - Registered RTOS mode: class=CMSIS, group=RTOS, mode=CMSIS_V1, owner=FREERTOS
2025-11-12 16:11:41,276 [INFO] RtosManager:558 - Registered RTOS mode: class=CMSIS, group=RTOS2, mode=CMSIS_V2, owner=FREERTOS
2025-11-12 16:11:41,276 [INFO] RtosManager:558 - Registered RTOS mode: class=RTOS, group=Core, mode=CMSIS_V1, owner=FREERTOS
2025-11-12 16:11:41,276 [INFO] RtosManager:558 - Registered RTOS mode: class=RTOS, group=Core, mode=CMSIS_V2, owner=FREERTOS
2025-11-12 16:11:41,277 [WARN] ModelIntegratedComponent:184 - Missing modes for component STMicroelectronics:FreeRTOS:0.0.1:STMicroelectronics:RTOS:FreeRTOS:Core:::10.2.0:
2025-11-12 16:11:41,294 [WARN] ModelIntegratedComponent:63 - No mode defined for component null
2025-11-12 16:11:41,294 [WARN] ModelIntegratedComponent:63 - No mode defined for component null
2025-11-12 16:11:41,294 [WARN] ModelIntegratedComponent:63 - No mode defined for component null
2025-11-12 16:11:41,294 [WARN] ModelIntegratedComponent:63 - No mode defined for component null
2025-11-12 16:11:41,294 [WARN] ModelIntegratedComponent:63 - No mode defined for component null
2025-11-12 16:11:41,294 [WARN] ModelIntegratedComponent:63 - No mode defined for component null
2025-11-12 16:11:41,294 [WARN] ModelIntegratedComponent:63 - No mode defined for component null
2025-11-12 16:11:41,294 [WARN] ModelIntegratedComponent:63 - No mode defined for component null
2025-11-12 16:11:41,294 [WARN] ModelIntegratedComponent:63 - No mode defined for component null
2025-11-12 16:11:41,294 [WARN] ModelIntegratedComponent:63 - No mode defined for component null
2025-11-12 16:11:41,294 [WARN] ModelIntegratedComponent:63 - No mode defined for component null
2025-11-12 16:11:41,294 [WARN] ModelIntegratedComponent:63 - No mode defined for component null
2025-11-12 16:11:41,294 [WARN] ModelIntegratedComponent:63 - No mode defined for component null
2025-11-12 16:11:41,294 [WARN] ModelIntegratedComponent:63 - No mode defined for component null
2025-11-12 16:11:41,294 [WARN] ModelIntegratedComponent:63 - No mode defined for component null
2025-11-12 16:11:41,294 [WARN] ModelIntegratedComponent:63 - No mode defined for component null
2025-11-12 16:11:41,295 [WARN] ModelIntegratedComponent:63 - No mode defined for component null
2025-11-12 16:11:41,295 [WARN] ModelIntegratedComponent:63 - No mode defined for component null
2025-11-12 16:11:41,295 [WARN] ModelIntegratedComponent:63 - No mode defined for component null
2025-11-12 16:11:41,295 [WARN] ModelIntegratedComponent:63 - No mode defined for component null
2025-11-12 16:11:41,295 [WARN] ModelIntegratedComponent:63 - No mode defined for component null
2025-11-12 16:11:41,295 [WARN] ModelIntegratedComponent:63 - No mode defined for component null
2025-11-12 16:11:41,295 [WARN] ModelIntegratedComponent:63 - No mode defined for component null
2025-11-12 16:11:41,295 [WARN] ModelIntegratedComponent:63 - No mode defined for component null
2025-11-12 16:11:41,295 [WARN] ModelIntegratedComponent:63 - No mode defined for component null
2025-11-12 16:11:41,295 [WARN] ModelIntegratedComponent:63 - No mode defined for component null
2025-11-12 16:11:41,295 [WARN] ModelIntegratedComponent:63 - No mode defined for component null
2025-11-12 16:11:41,295 [WARN] ModelIntegratedComponent:63 - No mode defined for component null
2025-11-12 16:11:41,295 [WARN] ModelIntegratedComponent:63 - No mode defined for component null
2025-11-12 16:11:41,295 [WARN] ModelIntegratedComponent:63 - No mode defined for component null
2025-11-12 16:11:41,295 [WARN] ModelIntegratedComponent:63 - No mode defined for component null
2025-11-12 16:11:41,295 [WARN] ModelIntegratedComponent:63 - No mode defined for component null
2025-11-12 16:11:41,295 [WARN] ModelIntegratedComponent:63 - No mode defined for component null
2025-11-12 16:11:41,295 [WARN] ModelIntegratedComponent:63 - No mode defined for component null
2025-11-12 16:11:41,295 [WARN] ModelIntegratedComponent:63 - No mode defined for component null
2025-11-12 16:11:41,295 [WARN] ModelPack:524 - Component already loaded: STMicroelectronics:HAL Drivers:0.0.0:STMicroelectronics:Device:STMicro_Driver:XSPI:HAL::0.0.1:HAL_XSPI
2025-11-12 16:11:41,403 [INFO] ThirdPartyModel:298 - Start build external matchings
2025-11-12 16:11:41,802 [INFO] ThirdPartyModel:316 - End build external matchings
2025-11-12 16:11:41,822 [INFO] ImportTextPane:218 - (OptionalMessage_ERROR) IP (RCC) : Invalid parameter (FamilyName)
2025-11-12 16:11:41,825 [INFO] ImportTextPane:218 - (OptionalMessage_ERROR) IP (RCC) : Parameter (RNGFreq_Value) has invalid value (64000000)
2025-11-12 16:11:41,826 [INFO] ImportTextPane:218 - (OptionalMessage_ERROR) IP (RCC) : Parameter (SDMMCFreq_Value) has invalid value (64000000)
2025-11-12 16:11:41,826 [INFO] ImportTextPane:218 - (OptionalMessage_ERROR) IP (RCC) : Parameter (USBFreq_Value) has invalid value (64000000)
2025-11-12 16:11:42,287 [INFO] UtilMem:75 - End LoadConfig() Used Memory: 820917848 Bytes (1073741824)
2025-11-12 16:11:42,441 [WARN] ThirdParty:833 - waiting for thirdparty lock release [change project]
2025-11-12 16:11:42,441 [INFO] ThirdParty:835 - entering critical section [change project]
2025-11-12 16:11:42,441 [INFO] ThirdParty:1030 - CMSIS Pack Vendor :STMicroelectronics X-CUBE-PM33A1 1.0.0
2025-11-12 16:11:42,441 [INFO] ThirdParty:1030 - CMSIS Pack Vendor :STMicroelectronics USBPD 4.1
2025-11-12 16:11:42,441 [INFO] ThirdParty:1030 - CMSIS Pack Vendor :STMicroelectronics X-CUBE-NFC9 1.0.0
2025-11-12 16:11:42,442 [INFO] ThirdParty:1030 - CMSIS Pack Vendor :STMicroelectronics USB_HOST 2.0.0
2025-11-12 16:11:42,442 [INFO] ThirdParty:1030 - CMSIS Pack Vendor :STMicroelectronics FP-SNS-MOTENVWB1 1.4.0
2025-11-12 16:11:42,442 [INFO] ThirdParty:1030 - CMSIS Pack Vendor :STMicroelectronics X-CUBE-AZRTOS-F4 1.1.0
2025-11-12 16:11:42,442 [INFO] ThirdParty:1030 - CMSIS Pack Vendor :STMicroelectronics LIBJPEG 8.0.0
2025-11-12 16:11:42,442 [INFO] ThirdParty:1030 - CMSIS Pack Vendor :STMicroelectronics FP-ATR-ASTRA1 2.0.2
2025-11-12 16:11:42,442 [INFO] ThirdParty:1030 - CMSIS Pack Vendor :wolfSSL I-CUBE-wolfSSL 5.8.2
2025-11-12 16:11:42,442 [INFO] ThirdParty:1030 - CMSIS Pack Vendor :STMicroelectronics X-CUBE-BLE1 7.1.0
2025-11-12 16:11:42,442 [INFO] ThirdParty:1030 - CMSIS Pack Vendor :STMicroelectronics X-CUBE-SMBUS 2.1.0
2025-11-12 16:11:42,442 [INFO] ThirdParty:1030 - CMSIS Pack Vendor :wolfSSL I-CUBE-wolfMQTT 1.19.2
2025-11-12 16:11:42,442 [INFO] ThirdParty:1030 - CMSIS Pack Vendor :STMicroelectronics USB_DEVICE 3.0.0
2025-11-12 16:11:42,442 [INFO] ThirdParty:1030 - CMSIS Pack Vendor :STMicroelectronics X-CUBE-ISPU 2.1.0
2025-11-12 16:11:42,442 [INFO] ThirdParty:1030 - CMSIS Pack Vendor :STMicroelectronics X-CUBE-EEPRMA1 5.2.0
2025-11-12 16:11:42,442 [INFO] ThirdParty:1030 - CMSIS Pack Vendor :STMicroelectronics X-CUBE-BLEMGR 4.1.0
2025-11-12 16:11:42,442 [INFO] ThirdParty:1030 - CMSIS Pack Vendor :STMicroelectronics X-CUBE-AZRTOS-WB 2.0.0
2025-11-12 16:11:42,442 [INFO] ThirdParty:1030 - CMSIS Pack Vendor :STMicroelectronics X-CUBE-GNSS1 7.0.1
2025-11-12 16:11:42,442 [INFO] ThirdParty:1030 - CMSIS Pack Vendor :STMicroelectronics X-CUBE-NFC12 1.0.0
2025-11-12 16:11:42,442 [INFO] ThirdParty:1030 - CMSIS Pack Vendor :STMicroelectronics X-CUBE-AZRTOS-F7 1.1.0
2025-11-12 16:11:42,442 [INFO] ThirdParty:1030 - CMSIS Pack Vendor :STMicroelectronics X-CUBE-AZRTOS-L5 2.0.0
2025-11-12 16:11:42,442 [INFO] ThirdParty:1030 - CMSIS Pack Vendor :STMicroelectronics USB_DEVICE 2.0.0
2025-11-12 16:11:42,442 [INFO] ThirdParty:1030 - CMSIS Pack Vendor :STMicroelectronics X-CUBE-NFC6 3.1.0
2025-11-12 16:11:42,442 [INFO] ThirdParty:1030 - CMSIS Pack Vendor :Cesanta I-CUBE-Mongoose 7.19.0
2025-11-12 16:11:42,442 [INFO] ThirdParty:1030 - CMSIS Pack Vendor :quantropi X-CUBE-qispace-sdk-base 2.1.0
2025-11-12 16:11:42,442 [INFO] ThirdParty:1030 - CMSIS Pack Vendor :STMicroelectronics FreeRTOS 0.0.1
2025-11-12 16:11:42,442 [INFO] ThirdParty:1030 - CMSIS Pack Vendor :STMicroelectronics X-CUBE-AZRTOS-G0 1.1.0
2025-11-12 16:11:42,442 [INFO] ThirdParty:1030 - CMSIS Pack Vendor :STMicroelectronics X-CUBE-SAFEA1 1.2.2
2025-11-12 16:11:42,442 [INFO] ThirdParty:1030 - CMSIS Pack Vendor :STMicroelectronics X-CUBE-NFC4 3.0.0
2025-11-12 16:11:42,442 [INFO] ThirdParty:1030 - CMSIS Pack Vendor :STMicroelectronics X-CUBE-SUBG2 5.0.0
2025-11-12 16:11:42,442 [INFO] ThirdParty:1030 - CMSIS Pack Vendor :STMicroelectronics X-CUBE-AZRTOS-H7RS 1.1.0
2025-11-12 16:11:42,442 [INFO] ThirdParty:1030 - CMSIS Pack Vendor :STMicroelectronics STM32_WPAN 1.0.0
2025-11-12 16:11:42,442 [INFO] ThirdParty:1030 - CMSIS Pack Vendor :EmbeddedOffice I-CUBE-FS-RTOS 1.0.1
2025-11-12 16:11:42,442 [INFO] ThirdParty:1030 - CMSIS Pack Vendor :STMicroelectronics lwIP 2.0.3
2025-11-12 16:11:42,442 [INFO] ThirdParty:1030 - CMSIS Pack Vendor :STMicroelectronics USB_HOST 1.0.0
2025-11-12 16:11:42,442 [INFO] ThirdParty:1030 - CMSIS Pack Vendor :Infineon AIROC-Wi-Fi-Bluetooth-STM32 1.7.1
2025-11-12 16:11:42,442 [INFO] ThirdParty:1030 - CMSIS Pack Vendor :STMicroelectronics X-CUBE-AZRTOS-G4 2.0.0
2025-11-12 16:11:42,442 [INFO] ThirdParty:1030 - CMSIS Pack Vendor :STMicroelectronics X-CUBE-WB05N 2.0.0
2025-11-12 16:11:42,443 [INFO] ThirdParty:1030 - CMSIS Pack Vendor :STMicroelectronics PDM2PCM 3.1.0
2025-11-12 16:11:42,443 [INFO] ThirdParty:1030 - CMSIS Pack Vendor :STMicroelectronics PDM2PCM 3.3.0
2025-11-12 16:11:42,443 [INFO] ThirdParty:1030 - CMSIS Pack Vendor :wolfSSL I-CUBE-wolfTPM 3.8.0
2025-11-12 16:11:42,443 [INFO] ThirdParty:1030 - CMSIS Pack Vendor :STMicroelectronics X-CUBE-AZRTOS-H7 3.4.0
2025-11-12 16:11:42,443 [INFO] ThirdParty:1030 - CMSIS Pack Vendor :STMicroelectronics X-CUBE-DISPLAY 3.0.0
2025-11-12 16:11:42,443 [INFO] ThirdParty:1030 - CMSIS Pack Vendor :wolfSSL I-CUBE-wolfSSH 1.4.20
2025-11-12 16:11:42,443 [INFO] ThirdParty:1030 - CMSIS Pack Vendor :STMicroelectronics X-CUBE-NFC7 2.0.0
2025-11-12 16:11:42,443 [INFO] ThirdParty:1030 - CMSIS Pack Vendor :STMicroelectronics X-CUBE-TCPP 4.2.0
2025-11-12 16:11:42,443 [INFO] ThirdParty:1030 - CMSIS Pack Vendor :RealThread X-CUBE-RT-Thread_Nano 4.1.1
2025-11-12 16:11:42,443 [INFO] ThirdParty:1030 - CMSIS Pack Vendor :STMicroelectronics FP-ATR-SIGFOX1 3.2.0
2025-11-12 16:11:42,443 [INFO] ThirdParty:1030 - CMSIS Pack Vendor :STMicroelectronics X-CUBE-NFC10 1.0.0
2025-11-12 16:11:42,443 [INFO] ThirdParty:1030 - CMSIS Pack Vendor :STMicroelectronics X-CUBE-FREERTOS 1.3.1
2025-11-12 16:11:42,443 [INFO] ThirdParty:1030 - CMSIS Pack Vendor :STMicroelectronics HAL Drivers 0.0.0
2025-11-12 16:11:42,443 [INFO] ThirdParty:1030 - CMSIS Pack Vendor :STMicroelectronics MBEDTLS 2.16.2
2025-11-12 16:11:42,443 [INFO] ThirdParty:1030 - CMSIS Pack Vendor :STMicroelectronics X-CUBE-ST60 1.1.0
2025-11-12 16:11:42,443 [INFO] ThirdParty:1030 - CMSIS Pack Vendor :STMicroelectronics X-CUBE-ALS 1.0.2
2025-11-12 16:11:42,443 [INFO] ThirdParty:1030 - CMSIS Pack Vendor :emotas I-CUBE-CANOPEN 1.3.0
2025-11-12 16:11:42,443 [INFO] ThirdParty:1030 - CMSIS Pack Vendor :STMicroelectronics MBEDTLS 2.14.1
2025-11-12 16:11:42,443 [INFO] ThirdParty:1030 - CMSIS Pack Vendor :STMicroelectronics X-CUBE-GNSS1 7.1.0
2025-11-12 16:11:42,443 [INFO] ThirdParty:1030 - CMSIS Pack Vendor :ITTIA_DB I-CUBE-ITTIADB 8.9.0
2025-11-12 16:11:42,443 [INFO] ThirdParty:1030 - CMSIS Pack Vendor :STMicroelectronics X-CUBE-TOUCHGFX 4.26.0
2025-11-12 16:11:42,443 [INFO] ThirdParty:1030 - CMSIS Pack Vendor :STMicroelectronics X-CUBE-STSE01 1.0.0
2025-11-12 16:11:42,443 [INFO] ThirdParty:1030 - CMSIS Pack Vendor :STMicroelectronics X-CUBE-AI 10.2.0
2025-11-12 16:11:42,443 [INFO] ThirdParty:1030 - CMSIS Pack Vendor :STMicroelectronics FP-SNS-STAIOTCFT 1.0.0
2025-11-12 16:11:42,443 [INFO] ThirdParty:1030 - CMSIS Pack Vendor :STMicroelectronics ThreadX 1.0.0
2025-11-12 16:11:42,443 [INFO] ThirdParty:1030 - CMSIS Pack Vendor :STMicroelectronics FP-SNS-SMARTAG2 1.2.0
2025-11-12 16:11:42,443 [INFO] ThirdParty:1030 - CMSIS Pack Vendor :STMicroelectronics FP-SNS-FLIGHT1 5.1.0
2025-11-12 16:11:42,443 [INFO] ThirdParty:1030 - CMSIS Pack Vendor :STMicroelectronics X-CUBE-AZRTOS-WL 2.0.0
2025-11-12 16:11:42,443 [INFO] ThirdParty:1030 - CMSIS Pack Vendor :SEGGER I-CUBE-embOS 1.3.1
2025-11-12 16:11:42,443 [INFO] ThirdParty:1030 - CMSIS Pack Vendor :STMicroelectronics X-CUBE-ALGOBUILD 1.4.0
2025-11-12 16:11:42,443 [INFO] ThirdParty:1030 - CMSIS Pack Vendor :STMicroelectronics X-CUBE-DPower 1.3.0
2025-11-12 16:11:42,443 [INFO] ThirdParty:1030 - CMSIS Pack Vendor :STMicroelectronics X-CUBE-MEMS1 11.3.0
2025-11-12 16:11:42,443 [INFO] ThirdParty:1030 - CMSIS Pack Vendor :STMicroelectronics USB_DEVICE 1.0.0
2025-11-12 16:11:42,443 [INFO] ThirdParty:1030 - CMSIS Pack Vendor :STMicroelectronics X-CUBE-AZRTOS-L4 2.0.0
2025-11-12 16:11:42,443 [INFO] ThirdParty:1030 - CMSIS Pack Vendor :STMicroelectronics ThreadX 0.0.2
2025-11-12 16:11:42,443 [INFO] ThirdParty:1030 - CMSIS Pack Vendor :STMicroelectronics lwIP 2.1.2
2025-11-12 16:11:42,443 [INFO] ThirdParty:1030 - CMSIS Pack Vendor :STMicroelectronics X-CUBE-SFXS2LP1 4.0.0
2025-11-12 16:11:42,443 [INFO] ThirdParty:1030 - CMSIS Pack Vendor :STMicroelectronics X-CUBE-BLE2 3.3.0
2025-11-12 16:11:42,443 [INFO] ThirdParty:1030 - CMSIS Pack Vendor :Avnet-IOTCONNECT X-CUBE-iotc-st67-sdk 1.0.0
2025-11-12 16:11:42,443 [INFO] ThirdParty:1030 - CMSIS Pack Vendor :STMicroelectronics X-CUBE-TOF1 3.4.3
2025-11-12 16:11:42,444 [INFO] ThirdParty:1030 - CMSIS Pack Vendor :STMicroelectronics PDM2PCM 3.2.0
2025-11-12 16:11:42,444 [INFO] ThirdParty:841 - exiting critical section [change project]
2025-11-12 16:11:43,001 [INFO] PinOutPanel:1589 - setPackage(No Configuration,No Configuration)
2025-11-12 16:11:43,002 [INFO] PinOutPanel:1589 - setPackage(STM32L476RGTx,LQFP64)
2025-11-12 16:11:43,692 [INFO] UtilMem:75 - Before build in PCC Used Memory: 866411840 Bytes (1073741824)
2025-11-12 16:11:44,630 [INFO] UtilMem:75 - After build in PCC Used Memory: 743440384 Bytes (1073741824)
2025-11-12 16:11:44,673 [INFO] IPUIPlugin:80 - create IPUIPlugin
2025-11-12 16:11:44,674 [INFO] IPUIPlugin:80 - create IPUIPlugin
2025-11-12 16:11:44,675 [INFO] IPUIPlugin:80 - create IPUIPlugin
2025-11-12 16:11:44,676 [INFO] IPUIPlugin:80 - create IPUIPlugin
2025-11-12 16:11:44,676 [INFO] IPUIPlugin:80 - create IPUIPlugin
2025-11-12 16:11:44,676 [INFO] IPUIPlugin:80 - create IPUIPlugin
2025-11-12 16:11:44,676 [INFO] IPUIPlugin:80 - create IPUIPlugin
2025-11-12 16:11:44,677 [INFO] IPUIPlugin:80 - create IPUIPlugin
2025-11-12 16:11:44,677 [INFO] IPUIPlugin:80 - create IPUIPlugin
2025-11-12 16:11:44,677 [INFO] IPUIPlugin:80 - create IPUIPlugin
2025-11-12 16:11:44,677 [INFO] IPUIPlugin:80 - create IPUIPlugin
2025-11-12 16:11:44,677 [INFO] IPUIPlugin:80 - create IPUIPlugin
2025-11-12 16:11:44,678 [INFO] IPUIPlugin:80 - create IPUIPlugin
2025-11-12 16:11:44,678 [INFO] IPUIPlugin:80 - create IPUIPlugin
2025-11-12 16:11:44,678 [INFO] IPUIPlugin:80 - create IPUIPlugin
2025-11-12 16:11:44,678 [INFO] IPUIPlugin:80 - create IPUIPlugin
2025-11-12 16:11:44,678 [INFO] IPUIPlugin:80 - create IPUIPlugin
2025-11-12 16:11:44,678 [INFO] IPUIPlugin:80 - create IPUIPlugin
2025-11-12 16:11:44,679 [INFO] IPUIPlugin:80 - create IPUIPlugin
2025-11-12 16:11:44,679 [INFO] IPUIPlugin:80 - create IPUIPlugin
2025-11-12 16:11:44,679 [INFO] IPUIPlugin:80 - create IPUIPlugin
2025-11-12 16:11:44,679 [INFO] IPUIPlugin:80 - create IPUIPlugin
2025-11-12 16:11:44,680 [INFO] IPUIPlugin:80 - create IPUIPlugin
2025-11-12 16:11:44,680 [INFO] IPUIPlugin:80 - create IPUIPlugin
2025-11-12 16:11:44,680 [INFO] IPUIPlugin:80 - create IPUIPlugin
2025-11-12 16:11:44,680 [INFO] IPUIPlugin:80 - create IPUIPlugin
2025-11-12 16:11:44,680 [INFO] IPUIPlugin:80 - create IPUIPlugin
2025-11-12 16:11:44,681 [INFO] IPUIPlugin:80 - create IPUIPlugin
2025-11-12 16:11:44,681 [INFO] IPUIPlugin:80 - create IPUIPlugin
2025-11-12 16:11:44,681 [INFO] IPUIPlugin:80 - create IPUIPlugin
2025-11-12 16:11:44,682 [INFO] IPUIPlugin:80 - create IPUIPlugin
2025-11-12 16:11:44,682 [INFO] IPUIPlugin:80 - create IPUIPlugin
2025-11-12 16:11:44,682 [INFO] IPUIPlugin:80 - create IPUIPlugin
2025-11-12 16:11:44,682 [INFO] IPUIPlugin:80 - create IPUIPlugin
2025-11-12 16:11:44,683 [INFO] IPUIPlugin:80 - create IPUIPlugin
2025-11-12 16:11:44,683 [INFO] IPUIPlugin:80 - create IPUIPlugin
2025-11-12 16:11:44,684 [INFO] IPUIPlugin:80 - create IPUIPlugin
2025-11-12 16:11:44,685 [INFO] IPUIPlugin:80 - create IPUIPlugin
2025-11-12 16:11:44,685 [INFO] IPUIPlugin:80 - create IPUIPlugin
2025-11-12 16:11:44,686 [INFO] IPUIPlugin:80 - create IPUIPlugin
2025-11-12 16:11:44,686 [INFO] IPUIPlugin:80 - create IPUIPlugin
2025-11-12 16:11:44,686 [INFO] IPUIPlugin:80 - create IPUIPlugin
2025-11-12 16:11:44,686 [INFO] IPUIPlugin:80 - create IPUIPlugin
2025-11-12 16:11:44,686 [INFO] IPUIPlugin:80 - create IPUIPlugin
2025-11-12 16:11:44,687 [INFO] IPUIPlugin:80 - create IPUIPlugin
2025-11-12 16:11:44,687 [INFO] IPUIPlugin:80 - create IPUIPlugin
2025-11-12 16:11:44,687 [INFO] IPUIPlugin:80 - create IPUIPlugin
2025-11-12 16:11:44,687 [INFO] IPUIPlugin:80 - create IPUIPlugin
2025-11-12 16:11:44,688 [INFO] IPUIPlugin:80 - create IPUIPlugin
2025-11-12 16:11:44,688 [INFO] IPUIPlugin:80 - create IPUIPlugin
2025-11-12 16:11:44,688 [INFO] IPUIPlugin:80 - create IPUIPlugin
2025-11-12 16:11:44,689 [INFO] IPUIPlugin:80 - create IPUIPlugin
2025-11-12 16:11:44,689 [INFO] IPUIPlugin:80 - create IPUIPlugin
2025-11-12 16:11:44,689 [INFO] IPUIPlugin:80 - create IPUIPlugin
2025-11-12 16:11:44,689 [INFO] IPUIPlugin:80 - create IPUIPlugin
2025-11-12 16:11:44,690 [INFO] IPUIPlugin:80 - create IPUIPlugin
2025-11-12 16:11:44,690 [INFO] IPUIPlugin:80 - create IPUIPlugin
2025-11-12 16:11:44,691 [INFO] IPUIPlugin:80 - create IPUIPlugin
2025-11-12 16:11:44,691 [INFO] IPUIPlugin:80 - create IPUIPlugin
2025-11-12 16:11:44,967 [INFO] CADModel:165 - CPN selected for project levelSTM32L476RGT3
2025-11-12 16:11:44,968 [INFO] CADModel:114 - Register for checkConnection events
2025-11-12 16:11:45,021 [INFO] OpenFileManager:385 - Restore cursor
2025-11-12 16:11:45,791 [INFO] UtilMem:75 - End SaveConfig() Used Memory: 944193928 Bytes (1073741824)
2025-11-12 16:11:45,894 [INFO] UtilMem:75 - End SaveConfig() Used Memory: 969828936 Bytes (1073741824)
2025-11-12 16:11:46,286 [INFO] BlockDiagram:2775 - set Specific Code input for plugin: SYS
2025-11-12 16:11:46,287 [INFO] BlockDiagram:2775 - set Specific Code input for plugin: RCC
2025-11-12 16:11:46,287 [INFO] BlockDiagram:2775 - set Specific Code input for plugin: NVIC
2025-11-12 16:11:46,287 [INFO] BlockDiagram:2775 - set Specific Code input for plugin: USART
2025-11-12 16:11:46,287 [INFO] BlockDiagram:2775 - set Specific Code input for plugin: GPIO
2025-11-12 16:11:46,290 [INFO] CodeGenerator:882 - code generatio: config db path: C:\ST\STM32CubeIDE_1.18.1\STM32CubeIDE\plugins\com.st.stm32cube.common.mx_6.14.1.202504091515\\db\
2025-11-12 16:11:46,547 [INFO] CodeEngine:263 - oldGeneratedFile, C:\stm32\servo_motor\MXTmpFiles\license.tmp_save
2025-11-12 16:11:46,961 [INFO] CodeEngine:287 - Generated code: C:\stm32\servo_motor\MXTmpFiles\license.tmp
2025-11-12 16:11:47,096 [INFO] CodeEngine:263 - oldGeneratedFile, C:\stm32\servo_motor\MXTmpFiles\gpio.tmp_save
2025-11-12 16:11:47,244 [INFO] CodeEngine:287 - Generated code: C:\stm32\servo_motor\MXTmpFiles\gpio.tmp
2025-11-12 16:11:47,389 [INFO] CodeEngine:263 - oldGeneratedFile, C:\stm32\servo_motor\Core\Src\stm32l4xx_it.c_save
2025-11-12 16:11:47,505 [INFO] CodeEngine:287 - Generated code: C:\stm32\servo_motor\Core\Src\stm32l4xx_it.c
2025-11-12 16:11:47,510 [INFO] CodeEngine:263 - oldGeneratedFile, C:\stm32\servo_motor\Core\Inc\stm32l4xx_it.h_save
2025-11-12 16:11:47,583 [INFO] CodeEngine:287 - Generated code: C:\stm32\servo_motor\Core\Inc\stm32l4xx_it.h
2025-11-12 16:11:47,644 [INFO] CodeEngine:263 - oldGeneratedFile, C:\stm32\servo_motor\Core\Src\stm32l4xx_hal_msp.c_save
2025-11-12 16:11:47,808 [INFO] CodeEngine:287 - Generated code: C:\stm32\servo_motor\Core\Src\stm32l4xx_hal_msp.c
2025-11-12 16:11:47,814 [INFO] CodeEngine:263 - oldGeneratedFile, C:\stm32\servo_motor\MXTmpFiles\system.tmp_save
2025-11-12 16:11:47,896 [INFO] CodeEngine:287 - Generated code: C:\stm32\servo_motor\MXTmpFiles\system.tmp
2025-11-12 16:11:47,912 [INFO] CodeEngine:319 - oldGeneratedFile, C:\stm32\servo_motor\Core\Inc\stm32l4xx_hal_conf.h_save
2025-11-12 16:11:48,008 [INFO] CodeEngine:343 - Generated code: C:\stm32\servo_motor\Core\Inc\stm32l4xx_hal_conf.h
2025-11-12 16:11:48,078 [INFO] ApiDbMcu:508 - Load IP Config File for USART2
2025-11-12 16:11:48,086 [INFO] ApiDbMcu:508 - Load IP Config File for RCC
2025-11-12 16:11:48,115 [INFO] CodeEngine:263 - oldGeneratedFile, C:\stm32\servo_motor\Core\Inc\main.h_save
2025-11-12 16:11:48,231 [INFO] CodeEngine:287 - Generated code: C:\stm32\servo_motor\Core\Inc\main.h
2025-11-12 16:11:48,241 [INFO] CodeEngine:263 - oldGeneratedFile, C:\stm32\servo_motor\Core\Src\main.c_save
2025-11-12 16:11:48,385 [INFO] CodeEngine:287 - Generated code: C:\stm32\servo_motor\Core\Src\main.c
2025-11-12 16:11:49,013 [INFO] ProjectBuilder:3324 - Time for Copy HAL[1] : 379mS.
2025-11-12 16:11:49,022 [INFO] ProjectBuilder:4912 - Project Generator version: 4.6.0.1-B1
2025-11-12 16:11:49,118 [INFO] ConfigFileManager:1590 - The Die is : DIE415
2025-11-12 16:11:49,130 [INFO] ApiDbMcu:508 - Load IP Config File for FATFS
2025-11-12 16:11:49,134 [INFO] ApiDbMcu:508 - Load IP Config File for FREERTOS
2025-11-12 16:11:49,144 [INFO] ApiDbMcu:508 - Load IP Config File for TOUCHSENSING
2025-11-12 16:11:49,149 [INFO] ApiDbMcu:508 - Load IP Config File for USB_DEVICE
2025-11-12 16:11:49,153 [INFO] ApiDbMcu:508 - Load IP Config File for USB_HOST
2025-11-12 16:11:49,537 [INFO] LogOutputStream:77 - [STDOUT_REDIRECT] 
2025-11-12 16:11:52,513 [INFO] ProjectBuilder:5191 - Time for Generating toolchain IDE Files: 3490mS.
2025-11-12 16:11:52,515 [INFO] ProjectBuilder:3181 - Time for Copy CMSIS : 2mS.
2025-11-12 16:11:52,519 [INFO] ProjectBuilder:3181 - Time for Copy CMSIS : 0mS.
2025-11-12 16:11:53,450 [INFO] McuFinderGlobals:76 - Set McuFinderConnectedMode to true
2025-11-12 16:11:53,455 [INFO] ApiDb:448 - Save user favorites file C:\Users\siree/.stm32cubeide/favorites.mcus.txt: 0 item(s)
2025-11-12 16:11:53,455 [INFO] ApiDb:452 - User favorites MCUs=[]
2025-11-12 16:11:53,457 [INFO] ApiDb:448 - Save user favorites file C:\Users\siree/.stm32cubeide/favorites.boards.txt: 0 item(s)
2025-11-12 16:11:53,458 [INFO] ApiDb:452 - User favorites Boards=[]
2025-11-12 16:14:03,442 [INFO] Gpio:277 - dependency for GPIO [RCC, SYS, USART2]
2025-11-12 16:14:17,285 [INFO] Gpio:277 - dependency for GPIO [RCC, SYS, USART2]
2025-11-12 16:14:17,345 [INFO] NvicIntPanel:101 - NVIC parent = com.st.microxplorer.plugins.ip.nvic.MultiNvicIntPanel[,0,0,0x0,invalid,layout=javax.swing.BoxLayout,alignmentX=0.0,alignmentY=0.0,border=,flags=9,maximumSize=,minimumSize=,preferredSize=]
2025-11-12 16:14:21,291 [INFO] Gpio:277 - dependency for GPIO [RCC, SYS, USART2]
2025-11-12 16:14:21,345 [INFO] NvicIntPanel:101 - NVIC parent = com.st.microxplorer.plugins.ip.nvic.MultiNvicIntPanel[,0,0,0x0,invalid,layout=javax.swing.BoxLayout,alignmentX=0.0,alignmentY=0.0,border=,flags=9,maximumSize=,minimumSize=,preferredSize=]
2025-11-12 16:14:24,178 [INFO] UtilMem:75 - End SaveConfig() Used Memory: 929274208 Bytes (1073741824)
2025-11-12 16:15:56,377 [ERROR] LogOutputStream:75 - [STDERR_REDIRECT] 
