2025-11-03 11:35:31,891 [INFO] Activator:176 - 


2025-11-03 11:35:31,898 [INFO] Activator:177 - !SESSION log4j initialized
2025-11-03 11:35:36,958 [INFO] LogOutputStream:77 - [STDOUT_REDIRECT] 
2025-11-03 11:35:38,920 [INFO] ApplicationProperties:184 - Using Application install path: C:\ST\STM32CubeIDE_1.18.1\STM32CubeIDE\plugins\com.st.stm32cube.common.mx_6.14.1.202504091515
2025-11-03 11:35:38,942 [INFO] DbMcusXml:78 - Set database path to: C:\ST\STM32CubeIDE_1.18.1\STM32CubeIDE\plugins\com.st.stm32cube.common.mx_6.14.1.202504091515\\db\/mcu/
2025-11-03 11:35:38,942 [INFO] ApiDb:274 - Set plugin database path to: C:\ST\STM32CubeIDE_1.18.1\STM32CubeIDE\plugins\com.st.stm32cube.common.mx_6.14.1.202504091515\\db\/plugins/boardmanager/
2025-11-03 11:35:38,943 [WARN] ApiDb:259 - Overriding images path with different value:  => C:\ST\STM32CubeIDE_1.18.1\STM32CubeIDE\plugins\com.st.stm32cube.common.mx_6.14.1.202504091515\\db\/plugins/mcufinder/images/
2025-11-03 11:35:38,956 [INFO] ApiDb:250 - Set database path to: C:\Users\siree\.stmcufinder\plugins\mcufinder//mcu/
2025-11-03 11:35:38,957 [INFO] DbMcusAds:125 - Set database path to: C:\Users\siree\.stmcufinder\plugins\mcufinder//mcu/
2025-11-03 11:35:38,959 [INFO] CrossReferenceDbSqlite:203 - Set database path to: C:\Users\siree\.stmcufinder\plugins\mcufinder//mcu/cs/
2025-11-03 11:35:39,103 [INFO] RulesReader:64 - Compatibility file has been processed (302 Rules)
2025-11-03 11:35:39,209 [INFO] DbMcusXml:78 - Set database path to: C:\ST\STM32CubeIDE_1.18.1\STM32CubeIDE\plugins\com.st.stm32cube.common.mx_6.14.1.202504091515\\db\/mcu/
2025-11-03 11:35:39,209 [INFO] ApiDb:274 - Set plugin database path to: C:\ST\STM32CubeIDE_1.18.1\STM32CubeIDE\plugins\com.st.stm32cube.common.mx_6.14.1.202504091515\\db\/plugins/boardmanager/
2025-11-03 11:35:39,209 [INFO] ApiDb:261 - Set plugin images path to: C:\ST\STM32CubeIDE_1.18.1\STM32CubeIDE\plugins\com.st.stm32cube.common.mx_6.14.1.202504091515\\db\/plugins/mcufinder/images/
2025-11-03 11:35:39,210 [WARN] DbFile:41 - Overriding database path with different value: C:\Users\siree\.stmcufinder\plugins\mcufinder/ => C:\Users\siree\.stmcufinder\plugins\mcufinder
2025-11-03 11:35:39,210 [INFO] ApiDb:250 - Set database path to: C:\Users\siree\.stmcufinder\plugins\mcufinder//mcu/
2025-11-03 11:35:39,210 [WARN] DbFile:41 - Overriding database path with different value: C:\Users\siree\.stmcufinder\plugins\mcufinder/ => C:\Users\siree\.stmcufinder\plugins\mcufinder
2025-11-03 11:35:39,210 [INFO] DbMcusAds:125 - Set database path to: C:\Users\siree\.stmcufinder\plugins\mcufinder//mcu/
2025-11-03 11:35:39,210 [WARN] DbFile:41 - Overriding database path with different value: C:\Users\siree\.stmcufinder\plugins\mcufinder/ => C:\Users\siree\.stmcufinder\plugins\mcufinder
2025-11-03 11:35:39,210 [WARN] DbFile:41 - Overriding database path with different value: C:\Users\siree\.stmcufinder\plugins\mcufinder/ => C:\Users\siree\.stmcufinder\plugins\mcufinder
2025-11-03 11:35:39,211 [INFO] CrossReferenceDbSqlite:203 - Set database path to: C:\Users\siree\.stmcufinder\plugins\mcufinder//mcu/cs/
2025-11-03 11:35:39,327 [INFO] MainPanel:272 - HeapMemory: 268435456
2025-11-03 11:35:39,471 [INFO] DbMcusXml:78 - Set database path to: C:\ST\STM32CubeIDE_1.18.1\STM32CubeIDE\plugins\com.st.stm32cube.common.mx_6.14.1.202504091515\\db\/mcu/
2025-11-03 11:35:39,471 [INFO] ApiDb:274 - Set plugin database path to: C:\ST\STM32CubeIDE_1.18.1\STM32CubeIDE\plugins\com.st.stm32cube.common.mx_6.14.1.202504091515\\db\/plugins/boardmanager/
2025-11-03 11:35:39,471 [INFO] ApiDb:261 - Set plugin images path to: C:\ST\STM32CubeIDE_1.18.1\STM32CubeIDE\plugins\com.st.stm32cube.common.mx_6.14.1.202504091515\\db\/plugins/mcufinder/images/
2025-11-03 11:35:39,471 [WARN] DbFile:41 - Overriding database path with different value: C:\Users\siree\.stmcufinder\plugins\mcufinder/ => C:\Users\siree\.stmcufinder\plugins\mcufinder
2025-11-03 11:35:39,471 [INFO] ApiDb:250 - Set database path to: C:\Users\siree\.stmcufinder\plugins\mcufinder//mcu/
2025-11-03 11:35:39,472 [WARN] DbFile:41 - Overriding database path with different value: C:\Users\siree\.stmcufinder\plugins\mcufinder/ => C:\Users\siree\.stmcufinder\plugins\mcufinder
2025-11-03 11:35:39,472 [INFO] DbMcusAds:125 - Set database path to: C:\Users\siree\.stmcufinder\plugins\mcufinder//mcu/
2025-11-03 11:35:39,472 [WARN] DbFile:41 - Overriding database path with different value: C:\Users\siree\.stmcufinder\plugins\mcufinder/ => C:\Users\siree\.stmcufinder\plugins\mcufinder
2025-11-03 11:35:39,472 [WARN] DbFile:41 - Overriding database path with different value: C:\Users\siree\.stmcufinder\plugins\mcufinder/ => C:\Users\siree\.stmcufinder\plugins\mcufinder
2025-11-03 11:35:39,472 [INFO] CrossReferenceDbSqlite:203 - Set database path to: C:\Users\siree\.stmcufinder\plugins\mcufinder//mcu/cs/
2025-11-03 11:35:39,496 [INFO] ApplicationProperties:184 - Using Application install path: C:\ST\STM32CubeIDE_1.18.1\STM32CubeIDE\plugins\com.st.stm32cube.common.mx_6.14.1.202504091515
2025-11-03 11:35:39,498 [INFO] PluginManage:196 - Search for loadable plugins [exclusion list=, ]
2025-11-03 11:35:39,499 [INFO] PluginManage:310 - Check plugin analytics
2025-11-03 11:35:39,673 [INFO] AnalyticsPlugin:253 - Accepted Software Licenses: 
2025-11-03 11:35:39,673 [INFO] AnalyticsPlugin:255 - Accepted CMSIS Pack Licenses: 
2025-11-03 11:35:39,673 [INFO] AnalyticsPlugin:257 - Accepted Firmware Licenses: FW.L4.1.18.0,FW.F4.1.28.0,FW.C0.1.4.0,FW.F7.1.17.0,FW.G0.1.6.0,FW.G4.1.6.0,FW.H5.1.5.0,FW.H7.1.12.0,FW.L5.1.5.0,FW.MP1.1.7.0
2025-11-03 11:35:39,676 [INFO] PluginManage:359 - Loaded plugin analytics (category:tool,tabindex:-1)
2025-11-03 11:35:39,676 [INFO] PluginManage:310 - Check plugin cadmodel
2025-11-03 11:35:39,683 [INFO] CADModel:105 - Init CAD model plugin
2025-11-03 11:35:39,683 [INFO] PluginManage:359 - Loaded plugin cadmodel (category:power,tabindex:5)
2025-11-03 11:35:39,683 [INFO] PluginManage:310 - Check plugin clock
2025-11-03 11:35:39,693 [INFO] PluginManage:359 - Loaded plugin clock (category:base,tabindex:2)
2025-11-03 11:35:39,693 [INFO] PluginManage:310 - Check plugin ddr
2025-11-03 11:35:39,695 [INFO] PluginManage:359 - Loaded plugin ddr (category:tool,tabindex:6)
2025-11-03 11:35:39,696 [INFO] PluginManage:310 - Check plugin filemanager
2025-11-03 11:35:39,852 [INFO] PluginManage:359 - Loaded plugin filemanager (category:base,tabindex:10)
2025-11-03 11:35:39,852 [INFO] PluginManage:310 - Check plugin ipmanager
2025-11-03 11:35:39,873 [INFO] PluginManage:359 - Loaded plugin ipmanager (category:base,tabindex:5)
2025-11-03 11:35:39,873 [INFO] PluginManage:310 - Check plugin lpbam
2025-11-03 11:35:39,885 [INFO] PluginManage:359 - Loaded plugin lpbam (category:base,tabindex:0)
2025-11-03 11:35:39,885 [INFO] PluginManage:310 - Check plugin memorymap
2025-11-03 11:35:39,907 [INFO] PluginManage:359 - Loaded plugin memorymap (category:base,tabindex:4)
2025-11-03 11:35:39,907 [INFO] PluginManage:310 - Check plugin pinoutandconfiguration
2025-11-03 11:35:39,921 [INFO] PluginManage:359 - Loaded plugin pinoutandconfiguration (category:base,tabindex:1)
2025-11-03 11:35:39,922 [INFO] PluginManage:310 - Check plugin pinoutconfig
2025-11-03 11:35:40,029 [WARN] SupportedApi:132 - Cannot load RTOS API schema: s4s-elt-must-match.1: The content of 'definitions' must match (annotation?, (simpleType | complexType)?, (unique | key | keyref)*)). A problem was found starting at: attribute.
2025-11-03 11:35:40,203 [INFO] PluginManage:359 - Loaded plugin pinoutconfig (category:base,tabindex:0)
2025-11-03 11:35:40,203 [INFO] PluginManage:310 - Check plugin power
2025-11-03 11:35:40,222 [INFO] PluginManage:359 - Loaded plugin power (category:power,tabindex:4)
2025-11-03 11:35:40,223 [INFO] PluginManage:310 - Check plugin projectmanager
2025-11-03 11:35:40,242 [INFO] PluginManage:359 - Loaded plugin projectmanager (category:projectmanager,tabindex:4)
2025-11-03 11:35:40,243 [INFO] PluginManage:310 - Check plugin rif
2025-11-03 11:35:40,254 [INFO] PluginManage:359 - Loaded plugin rif (category:base,tabindex:3)
2025-11-03 11:35:40,254 [INFO] PluginManage:310 - Check plugin thirdparty
2025-11-03 11:35:40,435 [WARN] IntegrityCheckThread:84 - waiting for thirdparty lock release [integrity check]
2025-11-03 11:35:40,436 [INFO] IntegrityCheckThread:86 - entering critical section [integrity check]
2025-11-03 11:35:40,436 [INFO] PluginManage:359 - Loaded plugin thirdparty (category:base,tabindex:-1)
2025-11-03 11:35:40,436 [INFO] ThirdPartyUpdaterWithRetryManager:70 - Updater plugin not ready yet. [1/15]
2025-11-03 11:35:40,436 [INFO] PluginManage:310 - Check plugin tools
2025-11-03 11:35:40,439 [INFO] PluginManage:359 - Loaded plugin tools (category:base,tabindex:7)
2025-11-03 11:35:40,439 [INFO] PluginManage:310 - Check plugin tutovideos
2025-11-03 11:35:40,624 [INFO] PluginManage:359 - Loaded plugin tutovideos (category:base,tabindex:-1)
2025-11-03 11:35:40,624 [INFO] PluginManage:310 - Check plugin updater
2025-11-03 11:35:40,650 [INFO] PluginManage:359 - Loaded plugin updater (category:base,tabindex:12)
2025-11-03 11:35:40,650 [INFO] PluginManage:310 - Check plugin userauth
2025-11-03 11:35:40,655 [INFO] UserAuth:118 - Init User Auth plugin
2025-11-03 11:35:40,656 [INFO] PluginManage:359 - Loaded plugin userauth (category:base,tabindex:14)
2025-11-03 11:35:40,656 [INFO] PluginManage:283 - PluginManage : Loaded plugins [18]
2025-11-03 11:35:40,888 [INFO] PinOutPanel:1589 - setPackage(No Configuration,No Configuration)
2025-11-03 11:35:40,987 [INFO] CADModel:165 - CPN selected for project level
2025-11-03 11:35:40,987 [INFO] CADModel:114 - Register for checkConnection events
2025-11-03 11:35:41,008 [INFO] IPUIPlugin:80 - create IPUIPlugin
2025-11-03 11:35:41,008 [INFO] PluginManager:220 - loadIPPluginJar : add adc
2025-11-03 11:35:41,012 [INFO] IPUIPlugin:80 - create IPUIPlugin
2025-11-03 11:35:41,012 [INFO] PluginManager:220 - loadIPPluginJar : add aes
2025-11-03 11:35:41,015 [INFO] IPUIPlugin:80 - create IPUIPlugin
2025-11-03 11:35:41,016 [INFO] PluginManager:220 - loadIPPluginJar : add can
2025-11-03 11:35:41,018 [INFO] IPUIPlugin:80 - create IPUIPlugin
2025-11-03 11:35:41,018 [INFO] PluginManager:220 - loadIPPluginJar : add comp
2025-11-03 11:35:41,022 [INFO] IPUIPlugin:80 - create IPUIPlugin
2025-11-03 11:35:41,022 [INFO] PluginManager:220 - loadIPPluginJar : add cryp
2025-11-03 11:35:41,026 [INFO] IPUIPlugin:80 - create IPUIPlugin
2025-11-03 11:35:41,026 [INFO] PluginManager:220 - loadIPPluginJar : add ddr_ctrl_phy
2025-11-03 11:35:41,030 [INFO] IPUIPlugin:80 - create IPUIPlugin
2025-11-03 11:35:41,030 [INFO] PluginManager:220 - loadIPPluginJar : add dfsdm
2025-11-03 11:35:41,036 [INFO] IPUIPlugin:80 - create IPUIPlugin
2025-11-03 11:35:41,037 [INFO] PluginManager:220 - loadIPPluginJar : add dma
2025-11-03 11:35:41,041 [INFO] IPUIPlugin:80 - create IPUIPlugin
2025-11-03 11:35:41,041 [INFO] PluginManager:220 - loadIPPluginJar : add dma3
2025-11-03 11:35:41,044 [INFO] IPUIPlugin:80 - create IPUIPlugin
2025-11-03 11:35:41,044 [INFO] PluginManager:220 - loadIPPluginJar : add extmemmanager
2025-11-03 11:35:41,046 [INFO] IPUIPlugin:80 - create IPUIPlugin
2025-11-03 11:35:41,046 [INFO] PluginManager:220 - loadIPPluginJar : add fatfs
2025-11-03 11:35:41,051 [INFO] IPUIPlugin:80 - create IPUIPlugin
2025-11-03 11:35:41,051 [INFO] PluginManager:220 - loadIPPluginJar : add fmc
2025-11-03 11:35:41,059 [INFO] IPUIPlugin:80 - create IPUIPlugin
2025-11-03 11:35:41,059 [INFO] PluginManager:220 - loadIPPluginJar : add freertos
2025-11-03 11:35:41,062 [INFO] IPUIPlugin:80 - create IPUIPlugin
2025-11-03 11:35:41,062 [INFO] PluginManager:220 - loadIPPluginJar : add genericplugin
2025-11-03 11:35:41,065 [INFO] IPUIPlugin:80 - create IPUIPlugin
2025-11-03 11:35:41,065 [INFO] PluginManager:220 - loadIPPluginJar : add gfxmmu
2025-11-03 11:35:41,072 [INFO] IPUIPlugin:80 - create IPUIPlugin
2025-11-03 11:35:41,072 [INFO] PluginManager:220 - loadIPPluginJar : add gic
2025-11-03 11:35:41,077 [INFO] IPUIPlugin:80 - create IPUIPlugin
2025-11-03 11:35:41,078 [INFO] PluginManager:220 - loadIPPluginJar : add gpio
2025-11-03 11:35:41,081 [INFO] IPUIPlugin:80 - create IPUIPlugin
2025-11-03 11:35:41,082 [INFO] PluginManager:220 - loadIPPluginJar : add gtzc
2025-11-03 11:35:41,085 [INFO] IPUIPlugin:80 - create IPUIPlugin
2025-11-03 11:35:41,085 [INFO] PluginManager:220 - loadIPPluginJar : add hash
2025-11-03 11:35:41,089 [INFO] IPUIPlugin:80 - create IPUIPlugin
2025-11-03 11:35:41,089 [INFO] PluginManager:220 - loadIPPluginJar : add i2c
2025-11-03 11:35:41,092 [INFO] IPUIPlugin:80 - create IPUIPlugin
2025-11-03 11:35:41,093 [INFO] PluginManager:220 - loadIPPluginJar : add i2s
2025-11-03 11:35:41,096 [INFO] IPUIPlugin:80 - create IPUIPlugin
2025-11-03 11:35:41,096 [INFO] PluginManager:220 - loadIPPluginJar : add i3c
2025-11-03 11:35:41,100 [INFO] IPUIPlugin:80 - create IPUIPlugin
2025-11-03 11:35:41,101 [INFO] PluginManager:220 - loadIPPluginJar : add ipddr
2025-11-03 11:35:41,109 [INFO] IPUIPlugin:80 - create IPUIPlugin
2025-11-03 11:35:41,110 [INFO] PluginManager:220 - loadIPPluginJar : add linkedlist
2025-11-03 11:35:41,114 [INFO] IPUIPlugin:80 - create IPUIPlugin
2025-11-03 11:35:41,114 [INFO] PluginManager:220 - loadIPPluginJar : add lorawan
2025-11-03 11:35:41,116 [INFO] IPUIPlugin:80 - create IPUIPlugin
2025-11-03 11:35:41,117 [INFO] PluginManager:220 - loadIPPluginJar : add ltdc
2025-11-03 11:35:41,124 [INFO] IPUIPlugin:80 - create IPUIPlugin
2025-11-03 11:35:41,124 [INFO] PluginManager:220 - loadIPPluginJar : add mdma
2025-11-03 11:35:41,128 [INFO] IPUIPlugin:80 - create IPUIPlugin
2025-11-03 11:35:41,128 [INFO] PluginManager:220 - loadIPPluginJar : add nvic
2025-11-03 11:35:41,132 [INFO] IPUIPlugin:80 - create IPUIPlugin
2025-11-03 11:35:41,132 [INFO] PluginManager:220 - loadIPPluginJar : add opamp
2025-11-03 11:35:41,136 [INFO] IPUIPlugin:80 - create IPUIPlugin
2025-11-03 11:35:41,137 [INFO] PluginManager:220 - loadIPPluginJar : add openamp
2025-11-03 11:35:41,141 [INFO] IPUIPlugin:80 - create IPUIPlugin
2025-11-03 11:35:41,141 [INFO] PluginManager:220 - loadIPPluginJar : add pdm2pcm
2025-11-03 11:35:41,147 [INFO] IPUIPlugin:80 - create IPUIPlugin
2025-11-03 11:35:41,150 [INFO] PluginManager:220 - loadIPPluginJar : add plateformsettings
2025-11-03 11:35:41,154 [INFO] IPUIPlugin:80 - create IPUIPlugin
2025-11-03 11:35:41,154 [INFO] PluginManager:220 - loadIPPluginJar : add quadspi
2025-11-03 11:35:41,157 [INFO] IPUIPlugin:80 - create IPUIPlugin
2025-11-03 11:35:41,158 [INFO] PluginManager:220 - loadIPPluginJar : add radio
2025-11-03 11:35:41,163 [INFO] IPUIPlugin:80 - create IPUIPlugin
2025-11-03 11:35:41,163 [INFO] PluginManager:220 - loadIPPluginJar : add resmgrutility
2025-11-03 11:35:41,168 [INFO] IPUIPlugin:80 - create IPUIPlugin
2025-11-03 11:35:41,168 [INFO] PluginManager:220 - loadIPPluginJar : add sai
2025-11-03 11:35:41,172 [INFO] IPUIPlugin:80 - create IPUIPlugin
2025-11-03 11:35:41,172 [INFO] PluginManager:220 - loadIPPluginJar : add spi
2025-11-03 11:35:41,180 [INFO] IPUIPlugin:80 - create IPUIPlugin
2025-11-03 11:35:41,181 [INFO] PluginManager:220 - loadIPPluginJar : add stm32_wpan
2025-11-03 11:35:41,183 [INFO] IPUIPlugin:80 - create IPUIPlugin
2025-11-03 11:35:41,183 [INFO] PluginManager:220 - loadIPPluginJar : add tim
2025-11-03 11:35:41,188 [INFO] IPUIPlugin:80 - create IPUIPlugin
2025-11-03 11:35:41,188 [INFO] PluginManager:220 - loadIPPluginJar : add touchsensing
2025-11-03 11:35:41,191 [INFO] IPUIPlugin:80 - create IPUIPlugin
2025-11-03 11:35:41,191 [INFO] PluginManager:220 - loadIPPluginJar : add tracer_emb
2025-11-03 11:35:41,194 [INFO] IPUIPlugin:80 - create IPUIPlugin
2025-11-03 11:35:41,194 [INFO] PluginManager:220 - loadIPPluginJar : add ts
2025-11-03 11:35:41,196 [INFO] IPUIPlugin:80 - create IPUIPlugin
2025-11-03 11:35:41,196 [INFO] PluginManager:220 - loadIPPluginJar : add tsc
2025-11-03 11:35:41,199 [INFO] IPUIPlugin:80 - create IPUIPlugin
2025-11-03 11:35:41,199 [INFO] PluginManager:220 - loadIPPluginJar : add ucpd
2025-11-03 11:35:41,203 [INFO] IPUIPlugin:80 - create IPUIPlugin
2025-11-03 11:35:41,204 [INFO] PluginManager:220 - loadIPPluginJar : add usart
2025-11-03 11:35:41,208 [INFO] IPUIPlugin:80 - create IPUIPlugin
2025-11-03 11:35:41,208 [INFO] PluginManager:220 - loadIPPluginJar : add usbx
2025-11-03 11:35:41,351 [FATAL] Updater:351 - Updater called before beeing initialized
2025-11-03 11:35:41,379 [INFO] RulesReader:64 - Compatibility file has been processed (302 Rules)
2025-11-03 11:35:41,390 [INFO] RulesReader:64 - Compatibility file has been processed (302 Rules)
2025-11-03 11:35:41,400 [INFO] CADModel:165 - CPN selected for project level
2025-11-03 11:35:41,400 [INFO] CADModel:114 - Register for checkConnection events
2025-11-03 11:35:41,400 [FATAL] Updater:351 - Updater called before beeing initialized
2025-11-03 11:35:41,401 [ERROR] CADModel:125 - Updater not yet initialized, retry later 
2025-11-03 11:35:41,560 [FATAL] Updater:351 - Updater called before beeing initialized
2025-11-03 11:35:41,563 [INFO] CADModel:165 - CPN selected for project level
2025-11-03 11:35:41,563 [INFO] CADModel:114 - Register for checkConnection events
2025-11-03 11:35:41,563 [FATAL] Updater:351 - Updater called before beeing initialized
2025-11-03 11:35:41,563 [ERROR] CADModel:125 - Updater not yet initialized, retry later 
2025-11-03 11:35:41,568 [FATAL] Updater:351 - Updater called before beeing initialized
2025-11-03 11:35:41,708 [FATAL] Updater:351 - Updater called before beeing initialized
2025-11-03 11:35:41,712 [INFO] DbMcusAds:53 - JSON generation date=Thu Oct 02 15:06:05 IST 2025 (1759397765645)
2025-11-03 11:35:41,713 [FATAL] Updater:351 - Updater called before beeing initialized
2025-11-03 11:35:41,757 [WARN] DetailPanel:346 - Failed to get advertising image, set to default
2025-11-03 11:35:42,032 [FATAL] Updater:351 - Updater called before beeing initialized
2025-11-03 11:35:42,036 [FATAL] Updater:351 - Updater called before beeing initialized
2025-11-03 11:35:42,036 [FATAL] Updater:351 - Updater called before beeing initialized
2025-11-03 11:35:42,036 [WARN] DetailPanel:346 - Failed to get advertising image, set to default
2025-11-03 11:35:42,037 [FATAL] Updater:351 - Updater called before beeing initialized
2025-11-03 11:35:42,087 [ERROR] Updater:1198 - MainUpdater not yet initialized. External WinMGr cannot be set.
2025-11-03 11:35:42,089 [INFO] Updater:1134 - Updater Version found : 6.14.1
2025-11-03 11:35:42,109 [INFO] ApplicationProperties:184 - Using Application install path: C:\ST\STM32CubeIDE_1.18.1\STM32CubeIDE\plugins\com.st.stm32cube.common.mx_6.14.1.202504091515
2025-11-03 11:35:42,451 [INFO] MainUpdater:2872 - connection check result : 10
2025-11-03 11:35:42,452 [INFO] MainUpdater:289 - Updater Check For Update Now.
2025-11-03 11:35:42,452 [INFO] MicroXplorer:498 - Change Database Version : DB.6.0.141
2025-11-03 11:35:42,459 [INFO] McuFinderGlobals:63 - Set McuFinder mode to 2 (CubeIDE integrated)
2025-11-03 11:35:42,460 [INFO] UserAuth:484 - Internet connection configuration mode: 1
2025-11-03 11:35:42,492 [INFO] JxBrowserEngine:152 - Initiate JxBrowser Engine with user profile folder
2025-11-03 11:35:42,649 [INFO] CheckServerUpdateThread:120 - End of CheckServer Thread
2025-11-03 11:35:43,929 [INFO] WebApp:169 - Instantiating new browser for Auth
2025-11-03 11:35:44,030 [WARN] PackLoader:240 - Cannot read IP mode file for STMicroelectronics.FP-SNS-MOTENVWB1.1.4.0
2025-11-03 11:35:44,045 [WARN] PackLoader:240 - Cannot read IP mode file for STMicroelectronics.FP-ATR-ASTRA1.2.0.2
2025-11-03 11:35:44,066 [WARN] PackLoader:240 - Cannot read IP mode file for STMicroelectronics.X-CUBE-SMBUS.2.1.0
2025-11-03 11:35:44,108 [WARN] PackLoader:240 - Cannot read IP mode file for STMicroelectronics.X-CUBE-AZRTOS-F7.1.1.0
2025-11-03 11:35:44,119 [WARN] PackLoader:240 - Cannot read IP mode file for Cesanta.I-CUBE-Mongoose.7.19.0
2025-11-03 11:35:44,124 [ERROR] Engine:466 - C:\Users\siree\.stm32cubemx\thirdparties\pdsc\STMicroelectronics.FP-SNS-MOTENV1.5.1.0.pdsc: PDSC version is not supported
2025-11-03 11:35:44,130 [ERROR] Engine:466 - C:\Users\siree\.stm32cubemx\thirdparties\pdsc\WES.I-CUBE-Cesium.1.4.0.pdsc: PDSC version is not supported
2025-11-03 11:35:44,169 [WARN] PackLoader:240 - Cannot read IP mode file for Infineon.AIROC-Wi-Fi-Bluetooth-STM32.1.7.1
2025-11-03 11:35:44,214 [WARN] PackLoader:240 - Cannot read IP mode file for STMicroelectronics.X-CUBE-AZRTOS-H7.3.4.0
2025-11-03 11:35:44,229 [WARN] PackLoader:240 - Cannot read IP mode file for STMicroelectronics.X-CUBE-DISPLAY.3.0.0
2025-11-03 11:35:44,245 [WARN] PackLoader:240 - Cannot read IP mode file for STMicroelectronics.X-CUBE-NFC10.1.0.0
2025-11-03 11:35:44,256 [WARN] PackLoader:240 - Cannot read IP mode file for STMicroelectronics.X-CUBE-ST60.1.1.0
2025-11-03 11:35:44,265 [WARN] PackLoader:240 - Cannot read IP mode file for emotas.I-CUBE-CANOPEN.1.3.0
2025-11-03 11:35:44,271 [WARN] PackLoader:240 - Cannot read IP mode file for STMicroelectronics.X-CUBE-GNSS1.7.1.0
2025-11-03 11:35:44,276 [ERROR] Engine:466 - C:\Users\siree\.stm32cubemx\thirdparties\pdsc\STMicroelectronics.FP-SNS-STBOX1.2.1.0.pdsc: PDSC version is not supported
2025-11-03 11:35:44,281 [WARN] PackLoader:240 - Cannot read IP mode file for STMicroelectronics.FP-SNS-SMARTAG2.1.2.0
2025-11-03 11:35:44,287 [WARN] PackLoader:240 - Cannot read IP mode file for STMicroelectronics.FP-SNS-FLIGHT1.5.1.0
2025-11-03 11:35:44,296 [INFO] LogOutputStream:77 - [STDOUT_REDIRECT] 1 : Invalid condition id : UX_CORESTACK_Condition cause : null
2025-11-03 11:35:44,298 [INFO] LogOutputStream:77 - [STDOUT_REDIRECT] 1 : Invalid condition id : UX_CORESTACK_Condition cause : null
2025-11-03 11:35:44,299 [INFO] LogOutputStream:77 - [STDOUT_REDIRECT] 1 : Invalid condition id : UX_CORESTACK_Condition cause : null
2025-11-03 11:35:44,300 [INFO] LogOutputStream:77 - [STDOUT_REDIRECT] 1 : Invalid condition id : UX_CORESTACK_Condition cause : null
2025-11-03 11:35:44,301 [INFO] LogOutputStream:77 - [STDOUT_REDIRECT] 1 : Invalid condition id : UX_CORESTACK_Condition cause : null
2025-11-03 11:35:44,304 [WARN] PackLoader:240 - Cannot read IP mode file for STMicroelectronics.X-CUBE-AZRTOS-WL.2.0.0
2025-11-03 11:35:44,313 [WARN] PackLoader:240 - Cannot read IP mode file for STMicroelectronics.X-CUBE-BLE2.3.3.0
2025-11-03 11:35:44,323 [WARN] PackLoader:240 - Cannot read IP mode file for STMicroelectronics.X-CUBE-NFC9.1.0.0
2025-11-03 11:35:44,332 [WARN] PackLoader:240 - Cannot read IP mode file for wolfSSL.I-CUBE-wolfSSL.5.8.2
2025-11-03 11:35:44,338 [WARN] PackLoader:240 - Cannot read IP mode file for STMicroelectronics.X-CUBE-BLE1.7.1.0
2025-11-03 11:35:44,343 [WARN] PackLoader:240 - Cannot read IP mode file for wolfSSL.I-CUBE-wolfMQTT.1.19.2
2025-11-03 11:35:44,349 [WARN] PackLoader:240 - Cannot read IP mode file for STMicroelectronics.X-CUBE-EEPRMA1.5.2.0
2025-11-03 11:35:44,353 [ERROR] Engine:466 - C:\Users\siree\.stm32cubemx\thirdparties\pdsc\STMicroelectronics.X-CUBE-ST67W61.1.1.0.pdsc: PDSC version is not supported
2025-11-03 11:35:44,366 [WARN] PackLoader:240 - Cannot read IP mode file for STMicroelectronics.X-CUBE-AZRTOS-G0.1.1.0
2025-11-03 11:35:44,376 [WARN] PackLoader:240 - Cannot read IP mode file for STMicroelectronics.X-CUBE-SAFEA1.1.2.2
2025-11-03 11:35:44,383 [WARN] PackLoader:240 - Cannot read IP mode file for STMicroelectronics.X-CUBE-NFC4.3.0.0
2025-11-03 11:35:44,391 [WARN] PackLoader:240 - Cannot read IP mode file for EmbeddedOffice.I-CUBE-FS-RTOS.1.0.1
2025-11-03 11:35:44,398 [WARN] PackLoader:240 - Cannot read IP mode file for STMicroelectronics.X-CUBE-WB05N.2.0.0
2025-11-03 11:35:44,403 [WARN] PackLoader:240 - Cannot read IP mode file for wolfSSL.I-CUBE-wolfTPM.3.8.0
2025-11-03 11:35:44,409 [WARN] PackLoader:240 - Cannot read IP mode file for STMicroelectronics.X-CUBE-TCPP.4.2.0
2025-11-03 11:35:44,416 [WARN] PackLoader:240 - Cannot read IP mode file for RealThread.X-CUBE-RT-Thread_Nano.4.1.1
2025-11-03 11:35:44,421 [WARN] PackLoader:240 - Cannot read IP mode file for STMicroelectronics.FP-ATR-SIGFOX1.3.2.0
2025-11-03 11:35:44,427 [WARN] PackLoader:240 - Cannot read IP mode file for ITTIA_DB.I-CUBE-ITTIADB.8.9.0
2025-11-03 11:35:44,433 [WARN] PackLoader:240 - Cannot read IP mode file for STMicroelectronics.X-CUBE-AI.10.2.0
2025-11-03 11:35:44,456 [WARN] PackLoader:240 - Cannot read IP mode file for SEGGER.I-CUBE-embOS.1.3.1
2025-11-03 11:35:44,498 [WARN] PackLoader:240 - Cannot read IP mode file for STMicroelectronics.X-CUBE-ALGOBUILD.1.4.0
2025-11-03 11:35:44,543 [WARN] PackLoader:240 - Cannot read IP mode file for STMicroelectronics.X-CUBE-MEMS1.11.3.0
2025-11-03 11:35:44,723 [WARN] PackLoader:240 - Cannot read IP mode file for STMicroelectronics.X-CUBE-PM33A1.1.0.0
2025-11-03 11:35:44,747 [WARN] PackLoader:240 - Cannot read IP mode file for STMicroelectronics.X-CUBE-AZRTOS-F4.1.1.0
2025-11-03 11:35:44,755 [WARN] PackLoader:240 - Cannot read IP mode file for STMicroelectronics.X-CUBE-ISPU.2.1.0
2025-11-03 11:35:44,761 [ERROR] Engine:466 - C:\Users\siree\.stm32cubemx\thirdparties\pdsc\STMicroelectronics.X-CUBE-IPS.3.2.0.pdsc: PDSC version is not supported
2025-11-03 11:35:44,769 [WARN] PackLoader:240 - Cannot read IP mode file for STMicroelectronics.X-CUBE-NFC12.1.0.0
2025-11-03 11:35:44,787 [WARN] PackLoader:240 - Cannot read IP mode file for STMicroelectronics.X-CUBE-AZRTOS-L5.2.0.0
2025-11-03 11:35:44,798 [WARN] PackLoader:240 - Cannot read IP mode file for STMicroelectronics.X-CUBE-NFC6.3.1.0
2025-11-03 11:35:44,808 [WARN] PackLoader:240 - Cannot read IP mode file for STMicroelectronics.X-CUBE-FREERTOS.1.3.1
2025-11-03 11:35:44,813 [WARN] PackLoader:240 - Cannot read IP mode file for STMicroelectronics.X-CUBE-TOUCHGFX.4.26.0
2025-11-03 11:35:44,818 [WARN] PackLoader:240 - Cannot read IP mode file for STMicroelectronics.FP-SNS-STAIOTCFT.1.0.0
2025-11-03 11:35:44,824 [WARN] PackLoader:240 - Cannot read IP mode file for STMicroelectronics.X-CUBE-DPower.1.3.0
2025-11-03 11:35:44,838 [WARN] ConditionMgr:438 - getConditionDescription Invalid condition id : LAN8742 Phy interface Condition cause : null
2025-11-03 11:35:44,838 [WARN] PackLoader:240 - Cannot read IP mode file for STMicroelectronics.X-CUBE-AZRTOS-L4.2.0.0
2025-11-03 11:35:44,839 [WARN] ConditionMgr:1044 - genDependencies : Invalid condition id : LAN8742 Phy interface Condition cause : null
2025-11-03 11:35:44,839 [WARN] ConditionMgr:1044 - genDependencies : Invalid condition id : LAN8742 Phy interface Condition cause : null
2025-11-03 11:35:44,840 [WARN] ConditionMgr:1044 - genDependencies : Invalid condition id : LAN8742 Phy interface Condition cause : null
2025-11-03 11:35:44,846 [WARN] PackLoader:240 - Cannot read IP mode file for STMicroelectronics.X-CUBE-SFXS2LP1.4.0.0
2025-11-03 11:35:44,856 [WARN] PackLoader:240 - Cannot read IP mode file for STMicroelectronics.X-CUBE-BLEMGR.4.1.0
2025-11-03 11:35:44,870 [WARN] ConditionMgr:438 - getConditionDescription Invalid condition id : UX DEVICE CLASS RTOS Condition cause : null
2025-11-03 11:35:44,870 [WARN] ConditionMgr:438 - getConditionDescription Invalid condition id : UX DEVICE CLASS RTOS Condition cause : null
2025-11-03 11:35:44,872 [WARN] PackLoader:240 - Cannot read IP mode file for STMicroelectronics.X-CUBE-AZRTOS-WB.2.0.0
2025-11-03 11:35:44,872 [WARN] ConditionMgr:1044 - genDependencies : Invalid condition id : UX DEVICE CLASS RTOS Condition cause : null
2025-11-03 11:35:44,872 [WARN] ConditionMgr:1044 - genDependencies : Invalid condition id : UX DEVICE CLASS RTOS Condition cause : null
2025-11-03 11:35:44,873 [WARN] ConditionMgr:1044 - genDependencies : Invalid condition id : UX DEVICE CLASS RTOS Condition cause : null
2025-11-03 11:35:44,873 [WARN] ConditionMgr:1044 - genDependencies : Invalid condition id : UX DEVICE CLASS RTOS Condition cause : null
2025-11-03 11:35:44,873 [WARN] ConditionMgr:1044 - genDependencies : Invalid condition id : UX DEVICE CLASS RTOS Condition cause : null
2025-11-03 11:35:44,879 [WARN] PackLoader:240 - Cannot read IP mode file for STMicroelectronics.X-CUBE-GNSS1.7.0.1
2025-11-03 11:35:44,884 [WARN] ConditionMgr:438 - getConditionDescription Invalid condition id : Cortex-A Device cause : null
2025-11-03 11:35:44,899 [WARN] ConditionMgr:1044 - genDependencies : Invalid condition id : Cortex-A Device cause : null
2025-11-03 11:35:44,900 [WARN] ConditionMgr:1044 - genDependencies : Invalid condition id : Cortex-A Device cause : null
2025-11-03 11:35:44,900 [WARN] ConditionMgr:1044 - genDependencies : Invalid condition id : Cortex-A Device cause : null
2025-11-03 11:35:44,908 [WARN] PackLoader:240 - Cannot read IP mode file for STMicroelectronics.X-CUBE-SUBG2.5.0.0
2025-11-03 11:35:44,928 [WARN] PackLoader:240 - Cannot read IP mode file for STMicroelectronics.X-CUBE-AZRTOS-H7RS.1.1.0
2025-11-03 11:35:44,943 [WARN] PackLoader:240 - Cannot read IP mode file for STMicroelectronics.X-CUBE-AZRTOS-G4.2.0.0
2025-11-03 11:35:44,949 [WARN] PackLoader:240 - Cannot read IP mode file for wolfSSL.I-CUBE-wolfSSH.1.4.20
2025-11-03 11:35:44,954 [WARN] PackLoader:240 - Cannot read IP mode file for STMicroelectronics.X-CUBE-NFC7.2.0.0
2025-11-03 11:35:44,960 [WARN] PackLoader:240 - Cannot read IP mode file for STMicroelectronics.X-CUBE-ALS.1.0.2
2025-11-03 11:35:44,967 [WARN] PackLoader:240 - Cannot read IP mode file for STMicroelectronics.X-CUBE-STSE01.1.0.0
2025-11-03 11:35:44,981 [WARN] PackLoader:240 - Cannot read IP mode file for STMicroelectronics.X-CUBE-TOF1.3.4.3
2025-11-03 11:35:44,991 [INFO] ThirdParty:978 - Integrity check success = true
2025-11-03 11:35:44,991 [INFO] IntegrityCheckThread:100 - exiting critical section [integrity check]
2025-11-03 11:35:44,991 [INFO] IntegrityCheckThread:103 - End integrity checks thread
2025-11-03 11:35:45,337 [INFO] WebApp:463 - Apply proxy settings
2025-11-03 11:35:45,337 [INFO] WebApp:548 - Chromium requires no authentication
2025-11-03 11:35:45,349 [INFO] WebApp:491 - Direct internet connection detected
2025-11-03 11:35:45,392 [INFO] WebApp:894 - Register for checkConnection events
2025-11-03 11:35:45,392 [INFO] WebApp:463 - Apply proxy settings
2025-11-03 11:35:45,393 [INFO] WebApp:548 - Chromium requires no authentication
2025-11-03 11:35:45,394 [INFO] WebApp:491 - Direct internet connection detected
2025-11-03 11:35:45,589 [INFO] WebApp:191 - Connection restablished
2025-11-03 11:35:45,621 [INFO] WebApp:225 - Starting web application
2025-11-03 11:35:45,621 [INFO] WebApp:593 - Web application path used C:\ST\STM32CubeIDE_1.18.1\STM32CubeIDE\plugins\com.st.stm32cube.common.mx_6.14.1.202504091515\db\plugins\mcufinder\reactClient1\index.html
2025-11-03 11:35:45,727 [INFO] UserAuth:484 - Internet connection configuration mode: 1
2025-11-03 11:43:55,018 [INFO] McuFinderGlobals:63 - Set McuFinder mode to 2 (CubeIDE integrated)
2025-11-03 11:43:55,025 [INFO] MainUpdater:2872 - connection check result : 10
2025-11-03 11:43:55,027 [INFO] MainUpdater:2872 - connection check result : 10
2025-11-03 11:43:55,096 [INFO] MicroXplorer:468 - Change Database Path : 
2025-11-03 11:43:55,097 [INFO] MicroXplorer:498 - Change Database Version : DB.6.0.141
2025-11-03 11:43:55,106 [WARN] ThirdParty:871 - waiting for thirdparty lock release [close project]
2025-11-03 11:43:55,106 [INFO] ThirdParty:873 - entering critical section [close project]
2025-11-03 11:43:55,111 [INFO] ThirdParty:883 - exiting critical section [close project]
2025-11-03 11:43:55,114 [INFO] PinOutPanel:1589 - setPackage(No Configuration,No Configuration)
2025-11-03 11:43:55,118 [INFO] UtilMem:75 - Begin LoadConfig() Used Memory: 771751312 Bytes (1066401792)
2025-11-03 11:43:55,121 [INFO] MicroXplorer:468 - Change Database Path : 
2025-11-03 11:43:55,121 [INFO] MicroXplorer:498 - Change Database Version : DB.6.0.141
2025-11-03 11:43:55,121 [INFO] OpenFileManager:354 - Change cursor
2025-11-03 11:43:55,166 [INFO] Mcu:2011 - Initializing MCU STM32L476R(C-E-G)Tx STM32L476RGTx STM32L476RGT3
2025-11-03 11:43:57,104 [INFO] Context:756 - Trying to add GPIOservice into a context  which must be forbidden
2025-11-03 11:43:57,900 [INFO] ImportTextPane:218 - (OptionalMessage_ERROR) Pin13 (VP_RIF_VS_RIF1) cannot be retrieved for this MCU
2025-11-03 11:43:58,017 [INFO] RtosManager:558 - Registered RTOS mode: class=CMSIS, group=RTOS, mode=CMSIS_V1, owner=FREERTOS
2025-11-03 11:43:58,017 [INFO] RtosManager:558 - Registered RTOS mode: class=CMSIS, group=RTOS2, mode=CMSIS_V2, owner=FREERTOS
2025-11-03 11:43:58,017 [INFO] RtosManager:558 - Registered RTOS mode: class=RTOS, group=Core, mode=CMSIS_V1, owner=FREERTOS
2025-11-03 11:43:58,018 [INFO] RtosManager:558 - Registered RTOS mode: class=RTOS, group=Core, mode=CMSIS_V2, owner=FREERTOS
2025-11-03 11:43:58,018 [WARN] ModelIntegratedComponent:184 - Missing modes for component STMicroelectronics:FreeRTOS:0.0.1:STMicroelectronics:RTOS:FreeRTOS:Core:::10.2.0:
2025-11-03 11:43:58,039 [WARN] ModelIntegratedComponent:63 - No mode defined for component null
2025-11-03 11:43:58,039 [WARN] ModelIntegratedComponent:63 - No mode defined for component null
2025-11-03 11:43:58,039 [WARN] ModelIntegratedComponent:63 - No mode defined for component null
2025-11-03 11:43:58,039 [WARN] ModelIntegratedComponent:63 - No mode defined for component null
2025-11-03 11:43:58,039 [WARN] ModelIntegratedComponent:63 - No mode defined for component null
2025-11-03 11:43:58,039 [WARN] ModelIntegratedComponent:63 - No mode defined for component null
2025-11-03 11:43:58,039 [WARN] ModelIntegratedComponent:63 - No mode defined for component null
2025-11-03 11:43:58,039 [WARN] ModelIntegratedComponent:63 - No mode defined for component null
2025-11-03 11:43:58,039 [WARN] ModelIntegratedComponent:63 - No mode defined for component null
2025-11-03 11:43:58,039 [WARN] ModelIntegratedComponent:63 - No mode defined for component null
2025-11-03 11:43:58,039 [WARN] ModelIntegratedComponent:63 - No mode defined for component null
2025-11-03 11:43:58,039 [WARN] ModelIntegratedComponent:63 - No mode defined for component null
2025-11-03 11:43:58,039 [WARN] ModelIntegratedComponent:63 - No mode defined for component null
2025-11-03 11:43:58,039 [WARN] ModelIntegratedComponent:63 - No mode defined for component null
2025-11-03 11:43:58,039 [WARN] ModelIntegratedComponent:63 - No mode defined for component null
2025-11-03 11:43:58,039 [WARN] ModelIntegratedComponent:63 - No mode defined for component null
2025-11-03 11:43:58,039 [WARN] ModelIntegratedComponent:63 - No mode defined for component null
2025-11-03 11:43:58,039 [WARN] ModelIntegratedComponent:63 - No mode defined for component null
2025-11-03 11:43:58,039 [WARN] ModelIntegratedComponent:63 - No mode defined for component null
2025-11-03 11:43:58,039 [WARN] ModelIntegratedComponent:63 - No mode defined for component null
2025-11-03 11:43:58,039 [WARN] ModelIntegratedComponent:63 - No mode defined for component null
2025-11-03 11:43:58,039 [WARN] ModelIntegratedComponent:63 - No mode defined for component null
2025-11-03 11:43:58,040 [WARN] ModelIntegratedComponent:63 - No mode defined for component null
2025-11-03 11:43:58,040 [WARN] ModelIntegratedComponent:63 - No mode defined for component null
2025-11-03 11:43:58,040 [WARN] ModelIntegratedComponent:63 - No mode defined for component null
2025-11-03 11:43:58,040 [WARN] ModelIntegratedComponent:63 - No mode defined for component null
2025-11-03 11:43:58,040 [WARN] ModelIntegratedComponent:63 - No mode defined for component null
2025-11-03 11:43:58,040 [WARN] ModelIntegratedComponent:63 - No mode defined for component null
2025-11-03 11:43:58,040 [WARN] ModelIntegratedComponent:63 - No mode defined for component null
2025-11-03 11:43:58,040 [WARN] ModelIntegratedComponent:63 - No mode defined for component null
2025-11-03 11:43:58,040 [WARN] ModelIntegratedComponent:63 - No mode defined for component null
2025-11-03 11:43:58,040 [WARN] ModelIntegratedComponent:63 - No mode defined for component null
2025-11-03 11:43:58,040 [WARN] ModelIntegratedComponent:63 - No mode defined for component null
2025-11-03 11:43:58,040 [WARN] ModelIntegratedComponent:63 - No mode defined for component null
2025-11-03 11:43:58,040 [WARN] ModelIntegratedComponent:63 - No mode defined for component null
2025-11-03 11:43:58,040 [WARN] ModelPack:524 - Component already loaded: STMicroelectronics:HAL Drivers:0.0.0:STMicroelectronics:Device:STMicro_Driver:XSPI:HAL::0.0.1:HAL_XSPI
2025-11-03 11:43:58,150 [INFO] ThirdPartyModel:298 - Start build external matchings
2025-11-03 11:43:58,402 [INFO] ThirdPartyModel:316 - End build external matchings
2025-11-03 11:43:58,420 [INFO] ImportTextPane:218 - (OptionalMessage_ERROR) IP (RCC) : Invalid parameter (FamilyName)
2025-11-03 11:43:58,423 [INFO] ImportTextPane:218 - (OptionalMessage_ERROR) IP (RCC) : Parameter (RNGFreq_Value) has invalid value (64000000)
2025-11-03 11:43:58,423 [INFO] ImportTextPane:218 - (OptionalMessage_ERROR) IP (RCC) : Parameter (SDMMCFreq_Value) has invalid value (64000000)
2025-11-03 11:43:58,423 [INFO] ImportTextPane:218 - (OptionalMessage_ERROR) IP (RCC) : Parameter (USBFreq_Value) has invalid value (64000000)
2025-11-03 11:43:59,151 [INFO] ApiDb:581 - Connected to CubeFinder SQLite database (C:\Users\siree\.stmcufinder\plugins\mcufinder\mcu\cube-finder-db.db)
2025-11-03 11:43:59,246 [INFO] ApiDb:668 - CubeFinder database Data Model version=2.1
2025-11-03 11:43:59,246 [INFO] ApiDb:669 - CubeFinder database Configuration version=3.0.39
2025-11-03 11:43:59,246 [INFO] ApiDb:670 - CubeFinder database generation date=2025-10-27 (1761571959)
2025-11-03 11:43:59,246 [INFO] ApiDb:671 - CubeFinder database FW Pack versions=[FP-ATR-ASTRA1_V2.0.0, FP-SNS-FLIGHT1_V5.1.0, FP-SNS-MOTENV1_V5.0.0, FP-SNS-MOTENVWB1_V1.4.0, FP-SNS-SMARTAG2_V1.2.0, FP-SNS-STBOX1_V2.1.0, STM32Cube_FW_C0_V1.4.0, STM32Cube_FW_F4_V1.28.3, STM32Cube_FW_F7_V1.17.4, STM32Cube_FW_G0_V1.6.2, STM32Cube_FW_G4_V1.6.1, STM32Cube_FW_H5_V1.5.0, STM32Cube_FW_H7RS_V1.2.0, STM32Cube_FW_H7_V1.12.1, STM32Cube_FW_L0_V1.12.2, STM32Cube_FW_L4_V1.18.1, STM32Cube_FW_L5_V1.5.1, STM32Cube_FW_N6_V1.2.0, STM32Cube_FW_U0_V1.3.0, STM32Cube_FW_U3_V1.2.1, STM32Cube_FW_U5_V1.8.0, STM32Cube_FW_WB0_V1.3.0, STM32Cube_FW_WBA_V1.7.0, STM32Cube_FW_WB_V1.23.0, STM32Cube_FW_WL3_V1.2.0, STM32Cube_FW_WL_V1.3.1, X-CUBE-ALGOBUILD_V1.4.0, X-CUBE-ALS_V1.0.2, X-CUBE-AZRTOS-F4_V1.1.0, X-CUBE-AZRTOS-F7_V1.1.0, X-CUBE-AZRTOS-G0_V1.1.0, X-CUBE-AZRTOS-G4_V2.0.0, X-CUBE-AZRTOS-H7RS_V1.1.0, X-CUBE-AZRTOS-H7_V3.4.0, X-CUBE-AZRTOS-L4_V2.0.0, X-CUBE-AZRTOS-L5_V2.0.0, X-CUBE-AZRTOS-WB_V2.0.0, X-CUBE-AZRTOS-WL_V2.0.0, X-CUBE-BLE1_V7.1.0, X-CUBE-BLE2_V3.3.0, X-CUBE-BLEMGR_V4.1.0, X-CUBE-EEPRMA1_V5.2.0, X-CUBE-FREERTOS_V1.3.1, X-CUBE-GNSS1_V6.0.0, X-CUBE-MEMS1_V11.3.0, X-CUBE-NFC4_V3.0.0, X-CUBE-NFC7_V2.0.0, X-CUBE-SFXS2LP1_V4.0.0, X-CUBE-ST67W61_V1.1.0, X-CUBE-SUBG2_V5.0.0, X-CUBE-TOF1_V3.4.3]
2025-11-03 11:43:59,439 [INFO] DbBoardsSqlite:226 - include board P-NUCLEO-WB55-NUCLEO as a kit item of type 'Nucleo-64'
2025-11-03 11:43:59,440 [INFO] DbBoardsSqlite:226 - include board P-NUCLEO-WB55-USBDONGLE as a kit item of type 'Nucleo USB Dongle'
2025-11-03 11:43:59,442 [INFO] DbBoardsSqlite:226 - include board STEVAL-IDP005V1 as a kit item of type 'Evaluation Board'
2025-11-03 11:43:59,443 [INFO] DbBoardsSqlite:226 - include board STEVAL-IDP005V2 as a kit item of type 'Evaluation Board'
2025-11-03 11:43:59,907 [INFO] ApiDb:240 - Found 895 in-development CPN: [B-G473E-ZEST1S, B-WB1M-WPAN1, B-WBA5M-WPAN, B-WL5M-SUBG1, NUCLEO-C031C6, NUCLEO-C051C8, NUCLEO-C071RB, NUCLEO-C092RC, NUCLEO-H503RB, NUCLEO-H533RE, NUCLEO-H563ZI, NUCLEO-H7S3L8, NUCLEO-N657X0-Q, NUCLEO-U031R8, NUCLEO-U083RC, NUCLEO-U385RG-Q, NUCLEO-U545RE-Q, NUCLEO-U5A5ZJ-Q, NUCLEO-WB05KZ, NUCLEO-WB07CC, NUCLEO-WB09KE, NUCLEO-WBA52CG, NUCLEO-WBA55CG, NUCLEO-WBA65RI, NUCLEO-WL33CC1, NUCLEO-WL33CC2, STEVAL-PROTEUS1, STEVAL-SMARTAG2, STEVAL-STWINBX1, STM320518-EVAL, STM32C0116-DK, STM32C011D6Y3TR, STM32C011D6Y6TR, STM32C011F4P3, STM32C011F4P6, STM32C011F4U3, STM32C011F4U6TR, STM32C011F6P3, STM32C011F6P6, STM32C011F6U3, STM32C011F6U6TR, STM32C011J4M3, STM32C011J4M6, STM32C011J6M3, STM32C011J6M6, STM32C0316-DK, STM32C031C4T3, STM32C031C4T6, STM32C031C4U3, STM32C031C4U6, STM32C031C6T3, STM32C031C6T6, STM32C031C6U3, STM32C031C6U6, STM32C031F4P3, STM32C031F4P6, STM32C031F6P3, STM32C031F6P6, STM32C031G4U3, STM32C031G4U6, STM32C031G6U3, STM32C031G6U6, STM32C031K4T3, STM32C031K4T6, STM32C031K4U3, STM32C031K4U6, STM32C031K6T3, STM32C031K6T6, STM32C031K6U3, STM32C031K6U6, STM32C051C6T6, STM32C051C6U6, STM32C051C8T6, STM32C051C8U6, STM32C051D8Y6TR, STM32C051F6P6, STM32C051F8P6, STM32C051G6U6, STM32C051G8U6, STM32C051K6T6, STM32C051K6U6, STM32C051K8T6, STM32C071C8T6, STM32C071C8T6N, STM32C071C8U6, STM32C071C8U6N, STM32C071CBT6, STM32C071CBT6N, STM32C071CBU6, STM32C071CBU6N, STM32C071F8P6, STM32C071F8P6N, STM32C071FBP6, STM32C071FBP6N, STM32C071FBY6TR, STM32C071G8U6, STM32C071G8U6N, STM32C071GBU6, STM32C071GBU6N, STM32C071K8T6, STM32C071K8T6N, STM32C071K8U6, STM32C071K8U6N, STM32C071KBT6, STM32C071KBT6N, STM32C071KBU6, STM32C071KBU6N, STM32C071R8T6, STM32C071R8T6N, STM32C071RBI6N, STM32C071RBT6, STM32C071RBT6N, STM32C091CBT6, STM32C091CBU6, STM32C091CCT6, STM32C091CCU6, STM32C091ECY6TR, STM32C091FBP6, STM32C091FCP6, STM32C091GBU6, STM32C091GCU6, STM32C091KBT6, STM32C091KBU6, STM32C091KCT6, STM32C091KCU6, STM32C091RBT6, STM32C091RCI6, STM32C091RCT6, STM32C092CBT6, STM32C092CBU6, STM32C092CCT6, STM32C092CCU6, STM32C092ECY6TR, STM32C092FBP6, STM32C092FCP6, STM32C092GBU6, STM32C092GCU6, STM32C092KBT6, STM32C092KBU6, STM32C092KCT6, STM32C092KCU6, STM32C092RBT6, STM32C092RCI6, STM32C092RCT6, STM32G071K8TXN, STM32G071K8UXN, STM32G081GBU6N, STM32G081KBT6N, STM32G081KBUXN, STM32G0B1CCT6N, STM32G0B1KCT6, STM32G0B1NEY6TR, STM32G0B1RCT6N, STM32G0C1CCT6, STM32G0C1CCT6N, STM32G0C1CCU6N, STM32G0C1CET6N, STM32G0C1CEU6N, STM32G0C1KCT6, STM32G0C1NEY6TR, STM32G0C1RCI6N, STM32G0C1RCT6N, STM32G0C1REI6N, STM32G0C1RET6N, STM32G0C1VCI6, STM32G0C1VEI6, STM32G411C6T3, STM32G411C6T6, STM32G411C6U3, STM32G411C6U6, STM32G411C8T3, STM32G411C8T6, STM32G411C8U3, STM32G411C8U6, STM32G411CBT3, STM32G411CBT6, STM32G411CBU3, STM32G411CBU6, STM32G411CCT3, STM32G411CCT6, STM32G411CCU3, STM32G411CCU6, STM32G411K6T3, STM32G411K6T6, STM32G411K6U3, STM32G411K6U6, STM32G411K8T3, STM32G411K8T6, STM32G411K8U3, STM32G411K8U6, STM32G411KBT3, STM32G411KBT6, STM32G411KBU3, STM32G411KBU6, STM32G411M6T3, STM32G411M6T6, STM32G411M8T3, STM32G411M8T6, STM32G411MBT3, STM32G411MBT6, STM32G411MCT3, STM32G411MCT6, STM32G411R6T3, STM32G411R6T6, STM32G411R8T3, STM32G411R8T6, STM32G411RBT3, STM32G411RBT6, STM32G411RCT3, STM32G411RCT6, STM32G414CBT3, STM32G414CBT6, STM32G414CBU3, STM32G414CBU6, STM32G414CCT3, STM32G414CCT6, STM32G414CCU3, STM32G414CCU6, STM32G414MBT3, STM32G414MBT6, STM32G414MCT3, STM32G414MCT6, STM32G414RBT3, STM32G414RBT6, STM32G414RCT3, STM32G414RCT6, STM32G414VBT3, STM32G414VBT6, STM32G414VCT3, STM32G414VCT6, STM32G431CBT3Z, STM32G431RBT3Z, STM32G471CCT6, STM32G471CCU6, STM32G471CET3, STM32G471CET6, STM32G471CEU3, STM32G471CEU6, STM32G471MCT6, STM32G471MET3, STM32G471MET6, STM32G471MEY6TR, STM32G471QCT6, STM32G471QET3, STM32G471RCT6, STM32G471RET3, STM32G471RET6, STM32G471VCH6, STM32G471VCI6, STM32G471VCT6, STM32G471VEH3, STM32G471VEH6, STM32G471VEI3, STM32G471VEI6, STM32G471VET3, STM32G471VET6, STM32G473QET3Z, STM32G473RET3Z, STM32G474CCT6, STM32G491RET3Z, STM32H503CBT6, STM32H503CBU6, STM32H503EBY6TR, STM32H503KBU6, STM32H503RBT6, STM32H523CCT6, STM32H523CCU6, STM32H523CET6, STM32H523CEU6, STM32H523HEY6TR, STM32H523RCT6, STM32H523RET6, STM32H523VCI6, STM32H523VCT6, STM32H523VEI6, STM32H523VET6, STM32H523ZCJ6, STM32H523ZCT6, STM32H523ZEJ6, STM32H523ZET6, STM32H533CET6, STM32H533CEU6, STM32H533HEY6TR, STM32H533RET6, STM32H533VEI6, STM32H533VET6, STM32H533ZEJ6, STM32H533ZET6, STM32H562AGI6, STM32H562AII6, STM32H562IGK6, STM32H562IGT6, STM32H562IIK6, STM32H562IIT6, STM32H562RGT6, STM32H562RGV6, STM32H562RIT6, STM32H562RIV6, STM32H562VGT6, STM32H562VIT6, STM32H562ZGT6, STM32H562ZIT6, STM32H563AGI6, STM32H563AII3Q, STM32H563AII6, STM32H563IGK6, STM32H563IGT6, STM32H563IIK3Q, STM32H563IIK6, STM32H563IIT3Q, STM32H563IIT6, STM32H563MIY3QTR, STM32H563RGT6, STM32H563RGV6, STM32H563RIT6, STM32H563RIV6, STM32H563VGT6, STM32H563VIT3Q, STM32H563VIT6, STM32H563ZGT6, STM32H563ZIT3Q, STM32H563ZIT6, STM32H573AII3Q, STM32H573AII6, STM32H573I-DK, STM32H573IIK3Q, STM32H573IIK6, STM32H573IIT3Q, STM32H573IIT6, STM32H573MIY3QTR, STM32H573RIT6, STM32H573RIV6, STM32H573VIT3Q, STM32H573VIT6, STM32H573ZIT3Q, STM32H573ZIT6, STM32H7R3A8I6, STM32H7R3I8K6, STM32H7R3I8T6, STM32H7R3L8H6, STM32H7R3L8H6H, STM32H7R3R8V6, STM32H7R3V8H6, STM32H7R3V8T6, STM32H7R3V8Y6TR, STM32H7R3Z8J6, STM32H7R3Z8T6, STM32H7R7A8I6, STM32H7R7I8K6, STM32H7R7I8T6, STM32H7R7L8H6, STM32H7R7L8H6H, STM32H7R7Z8J6, STM32H7S3A8I6, STM32H7S3I8K6, STM32H7S3I8T6, STM32H7S3L8H6, STM32H7S3L8H6H, STM32H7S3R8V6, STM32H7S3V8H6, STM32H7S3V8T6, STM32H7S3V8Y6TR, STM32H7S3Z8J6, STM32H7S3Z8T6, STM32H7S78-DK, STM32H7S7A8I6, STM32H7S7I8K6, STM32H7S7I8T6, STM32H7S7L8H6, STM32H7S7L8H6H, STM32H7S7Z8J6, STM32L4R5QGI6STR, STM32MP131AAE3, STM32MP131AAF3, STM32MP131AAG3, STM32MP131CAE3, STM32MP131CAF3, STM32MP131CAG3, STM32MP131DAE7, STM32MP131DAF7, STM32MP131DAG7, STM32MP131FAE7, STM32MP131FAF7, STM32MP131FAG7, STM32MP133AAE3, STM32MP133AAF3, STM32MP133AAG3, STM32MP133CAE3, STM32MP133CAF3, STM32MP133CAG3, STM32MP133DAE7, STM32MP133DAF7, STM32MP133DAG7, STM32MP133FAE7, STM32MP133FAF7, STM32MP133FAG7, STM32MP135AAE3, STM32MP135AAF3, STM32MP135AAG3, STM32MP135CAE3, STM32MP135CAF3, STM32MP135CAG3, STM32MP135DAE7, STM32MP135DAF7, STM32MP135DAG7, STM32MP135F-DK, STM32MP135FAE7, STM32MP135FAF7, STM32MP135FAF7T, STM32MP135FAF7U, STM32MP135FAG7, STM32MP231AAJ3, STM32MP231AAK3, STM32MP231AAL3, STM32MP231CAJ3, STM32MP231CAK3, STM32MP231CAL3, STM32MP231DAJ3, STM32MP231DAK3, STM32MP231DAL3, STM32MP231FAJ3, STM32MP231FAK3, STM32MP231FAL3, STM32MP233AAJ3, STM32MP233AAK3, STM32MP233AAL3, STM32MP233CAJ3, STM32MP233CAK3, STM32MP233CAL3, STM32MP233DAJ3, STM32MP233DAK3, STM32MP233DAL3, STM32MP233FAJ3, STM32MP233FAK3, STM32MP233FAL3, STM32MP235AAJ3, STM32MP235AAK3, STM32MP235AAL3, STM32MP235CAJ3, STM32MP235CAK3, STM32MP235CAL3, STM32MP235DAJ3, STM32MP235DAK3, STM32MP235DAL3, STM32MP235FAJ3, STM32MP235FAK3, STM32MP235FAL3, STM32MP251AAI3, STM32MP251AAJ3, STM32MP251AAK3, STM32MP251AAL3, STM32MP251CAI3, STM32MP251CAJ3, STM32MP251CAK3, STM32MP251CAL3, STM32MP251DAI3, STM32MP251DAJ3, STM32MP251DAK3, STM32MP251DAL3, STM32MP251FAI3, STM32MP251FAJ3, STM32MP251FAK3, STM32MP251FAL3, STM32MP253AAI3, STM32MP253AAJ3, STM32MP253AAK3, STM32MP253AAL3, STM32MP253CAI3, STM32MP253CAJ3, STM32MP253CAK3, STM32MP253CAL3, STM32MP253DAI3, STM32MP253DAJ3, STM32MP253DAK3, STM32MP253DAL3, STM32MP253FAI3, STM32MP253FAJ3, STM32MP253FAK3, STM32MP253FAL3, STM32MP255AAI3, STM32MP255AAJ3, STM32MP255AAK3, STM32MP255AAL3, STM32MP255CAI3, STM32MP255CAJ3, STM32MP255CAK3, STM32MP255CAL3, STM32MP255DAI3, STM32MP255DAJ3, STM32MP255DAK3, STM32MP255DAL3, STM32MP255FAI3, STM32MP255FAJ3, STM32MP255FAK3, STM32MP255FAL3, STM32MP257AAI3, STM32MP257AAJ3, STM32MP257AAK3, STM32MP257AAL3, STM32MP257CAI3, STM32MP257CAJ3, STM32MP257CAK3, STM32MP257CAL3, STM32MP257DAI3, STM32MP257DAJ3, STM32MP257DAK3, STM32MP257DAL3, STM32MP257F-DK, STM32MP257F-EV1, STM32MP257FAI3, STM32MP257FAJ3, STM32MP257FAK3, STM32MP257FAL3, STM32N645A0H3Q, STM32N645B0H3Q, STM32N645I0H3Q, STM32N645L0H3Q, STM32N645X0H3Q, STM32N645Z0H3Q, STM32N647A0H3Q, STM32N647B0H3Q, STM32N647I0H3Q, STM32N647L0H3Q, STM32N647X0H3Q, STM32N647Z0H3Q, STM32N655A0H3Q, STM32N655B0H3Q, STM32N655I0H3Q, STM32N655L0H3Q, STM32N655X0H3Q, STM32N655Z0H3Q, STM32N6570-DK, STM32N657A0H3Q, STM32N657B0H3Q, STM32N657I0H3Q, STM32N657L0H3Q, STM32N657X0H3Q, STM32N657Z0H3Q, STM32U031C6T6, STM32U031C6U6, STM32U031C8T6, STM32U031C8U6, STM32U031F4P6, STM32U031F6P6, STM32U031F8P6, STM32U031G6Y6TR, STM32U031G8Y6TR, STM32U031K4U6, STM32U031K6U6, STM32U031K8U6, STM32U031R6I6, STM32U031R6T6, STM32U031R8I6, STM32U031R8T6, STM32U073C8T6, STM32U073C8U6, STM32U073CBT6, STM32U073CBU6, STM32U073CCT6, STM32U073CCU6, STM32U073H8Y6TR, STM32U073HBY6TR, STM32U073HCY6TR, STM32U073K8U6, STM32U073KBU6, STM32U073KCU6, STM32U073M8I6, STM32U073M8T6, STM32U073MBI6, STM32U073MBT6, STM32U073MCI6, STM32U073MCT6, STM32U073R8I6, STM32U073R8T6, STM32U073RBI6, STM32U073RBT6, STM32U073RCI6, STM32U073RCT6, STM32U083C-DK, STM32U083CCT6, STM32U083CCU6, STM32U083HCY6TR, STM32U083KCU6, STM32U083MCI6, STM32U083MCT6, STM32U083RCI6, STM32U083RCT6, STM32U375CET6, STM32U375CET6Q, STM32U375CEU6, STM32U375CEU6Q, STM32U375CEY6QTR, STM32U375CGT6, STM32U375CGT6Q, STM32U375CGU6, STM32U375CGU6Q, STM32U375CGY6QTR, STM32U375KEU6, STM32U375KGU6, STM32U375REI6, STM32U375REI6Q, STM32U375RET6, STM32U375RET6Q, STM32U375REY6GTR, STM32U375REY6QTR, STM32U375RGI6, STM32U375RGI6Q, STM32U375RGT6, STM32U375RGT6Q, STM32U375RGY6GTR, STM32U375RGY6QTR, STM32U375VEI6, STM32U375VEI6Q, STM32U375VET6, STM32U375VET6Q, STM32U375VGI6, STM32U375VGI6Q, STM32U375VGT6, STM32U375VGT6Q, STM32U385CGT6, STM32U385CGT6Q, STM32U385CGU6, STM32U385CGU6Q, STM32U385CGY6QTR, STM32U385KGU6, STM32U385RGI6, STM32U385RGI6Q, STM32U385RGT6, STM32U385RGT6Q, STM32U385RGY6GTR, STM32U385RGY6QTR, STM32U385VGI6, STM32U385VGI6Q, STM32U385VGT6, STM32U385VGT6Q, STM32U535CBT6, STM32U535CBT6Q, STM32U535CBU6, STM32U535CBU6Q, STM32U535CCT6, STM32U535CCT6Q, STM32U535CCU6, STM32U535CCU6Q, STM32U535CET6, STM32U535CET6Q, STM32U535CEU6, STM32U535CEU6Q, STM32U535JEY6QTR, STM32U535NCY6QTR, STM32U535NEY6QTR, STM32U535RBI6, STM32U535RBI6Q, STM32U535RBT6, STM32U535RBT6Q, STM32U535RCI6, STM32U535RCI6Q, STM32U535RCT6, STM32U535RCT6Q, STM32U535REI6, STM32U535REI6Q, STM32U535RET6, STM32U535RET6Q, STM32U535VCI6, STM32U535VCI6Q, STM32U535VCT6, STM32U535VCT6Q, STM32U535VEI6, STM32U535VEI6Q, STM32U535VET6, STM32U535VET6Q, STM32U545CET6, STM32U545CET6Q, STM32U545CEU6, STM32U545CEU6Q, STM32U545JEY6QTR, STM32U545NEY6QTR, STM32U545REI6, STM32U545REI6Q, STM32U545RET6, STM32U545RET6Q, STM32U545VEI6, STM32U545VEI6Q, STM32U545VET6, STM32U545VET6Q, STM32U595AIH6, STM32U595AIH6Q, STM32U595AJH6, STM32U595AJH6Q, STM32U595QII6, STM32U595QII6Q, STM32U595QJI6, STM32U595QJI6Q, STM32U595RIT6, STM32U595RIT6Q, STM32U595RJT6, STM32U595RJT6Q, STM32U595VIT6, STM32U595VIT6Q, STM32U595VJT6, STM32U595VJT6Q, STM32U595ZIT6, STM32U595ZIT6Q, STM32U595ZIY6QTR, STM32U595ZJT6, STM32U595ZJT6Q, STM32U595ZJY6QTR, STM32U599BJY6QTR, STM32U599NIH6Q, STM32U599NJH6Q, STM32U599VIT6Q, STM32U599VJT6, STM32U599VJT6Q, STM32U599ZIT6Q, STM32U599ZIY6QTR, STM32U599ZJT6Q, STM32U599ZJY6QTR, STM32U5A5AJH6, STM32U5A5AJH6Q, STM32U5A5QII3Q , STM32U5A5QJI6, STM32U5A5QJI6Q, STM32U5A5RJT6, STM32U5A5RJT6Q, STM32U5A5VJT6, STM32U5A5VJT6Q, STM32U5A5ZJT6, STM32U5A5ZJT6Q, STM32U5A5ZJY6QTR, STM32U5A9BJY6QTR, STM32U5A9J-DK, STM32U5A9NJH6Q, STM32U5A9VJT6Q, STM32U5A9ZJT6Q, STM32U5A9ZJY6QTR, STM32U5F7VIT6, STM32U5F7VIT6Q, STM32U5F7VJT6, STM32U5F7VJT6Q, STM32U5F9BJY6QTR, STM32U5F9NJH6Q, STM32U5F9VIT6Q, STM32U5F9VJT6Q, STM32U5F9ZIJ6QTR, STM32U5F9ZIT6Q, STM32U5F9ZJJ6QTR, STM32U5F9ZJT6Q, STM32U5G7VJT6, STM32U5G7VJT6Q, STM32U5G9BJY6QTR, STM32U5G9J-DK1, STM32U5G9J-DK2, STM32U5G9NJH6Q, STM32U5G9VJT6Q, STM32U5G9ZJJ6QTR, STM32U5G9ZJT6Q, STM32WB05KZV6TR, STM32WB05KZV7TR, STM32WB05TZF6TR, STM32WB05TZF7TR, STM32WB06CCF6TR, STM32WB06CCF7TR, STM32WB06CCV6TR, STM32WB06CCV7TR, STM32WB06KCV6TR, STM32WB06KCV7TR, STM32WB07CCF6TR, STM32WB07CCF7TR, STM32WB07CCV6TR, STM32WB07CCV7TR, STM32WB07KCV6TR, STM32WB07KCV7TR, STM32WB09KEV6TR, STM32WB09KEV7TR, STM32WB09TEF6TR, STM32WB09TEF7TR, STM32WB1MMCH6, STM32WBA50KGU6, STM32WBA50KGU6TR, STM32WBA52CEU6, STM32WBA52CEU6TR, STM32WBA52CEU7, STM32WBA52CEU7TR, STM32WBA52CGU6, STM32WBA52CGU6TR, STM32WBA52CGU6U, STM32WBA52CGU7, STM32WBA52CGU7TR, STM32WBA52KEU6, STM32WBA52KEU6TR, STM32WBA52KGU6, STM32WBA52KGU6TR, STM32WBA54CEU6, STM32WBA54CEU6TR, STM32WBA54CEU7, STM32WBA54CEU7TR, STM32WBA54CGU6, STM32WBA54CGU6TR, STM32WBA54CGU7, STM32WBA54CGU7TR, STM32WBA54KEU6, STM32WBA54KEU6TR, STM32WBA54KEU7, STM32WBA54KEU7TR, STM32WBA54KGU6, STM32WBA54KGU6TR, STM32WBA54KGU7, STM32WBA54KGU7TR, STM32WBA55CEU6, STM32WBA55CEU6TR, STM32WBA55CEU7, STM32WBA55CEU7TR, STM32WBA55CGU6, STM32WBA55CGU6TR, STM32WBA55CGU6U, STM32WBA55CGU7, STM32WBA55CGU7TR, STM32WBA55G-DK1, STM32WBA55HEF6, STM32WBA55HEF7, STM32WBA55HGF6, STM32WBA55HGF7, STM32WBA55UEI6, STM32WBA55UEI6TR, STM32WBA55UEI7, STM32WBA55UEI7TR, STM32WBA55UGI6, STM32WBA55UGI6TR, STM32WBA55UGI7, STM32WBA55UGI7TR, STM32WBA5MJGH6TR, STM32WBA62CGU6, STM32WBA62CIU6, STM32WBA62MGF6, STM32WBA62MIF6, STM32WBA62PGI6, STM32WBA62PII6, STM32WBA63CGU6, STM32WBA63CGU7, STM32WBA63CIU6, STM32WBA63CIU7, STM32WBA64CGU6, STM32WBA64CGU7, STM32WBA64CIU6, STM32WBA64CIU7, STM32WBA65CGU6, STM32WBA65CGU7, STM32WBA65CIU6, STM32WBA65CIU7, STM32WBA65I-DK1, STM32WBA65MGF6, STM32WBA65MGF7, STM32WBA65MIF6, STM32WBA65MIF7, STM32WBA65PGI6, STM32WBA65PGI7, STM32WBA65PII6, STM32WBA65PII7, STM32WBA65RGV6, STM32WBA65RGV7, STM32WBA65RIV6, STM32WBA65RIV7, STM32WL30K8V6, STM32WL30KBV6, STM32WL31C8V6, STM32WL31CBV6, STM32WL31K8V6, STM32WL31KBV6, STM32WL33C8V6, STM32WL33C8V6TR, STM32WL33C8V7, STM32WL33C8V7TR, STM32WL33CBV6, STM32WL33CBV6TR, STM32WL33CBV7, STM32WL33CBV7TR, STM32WL33CCV6, STM32WL33CCV6TR, STM32WL33CCV7, STM32WL33CCV7A, STM32WL33CCV7ATR, STM32WL33CCV7TR, STM32WL33K8V6, STM32WL33K8V6TR, STM32WL33K8V7, STM32WL33K8V7TR, STM32WL33KBV6, STM32WL33KBV6TR, STM32WL33KBV7, STM32WL33KBV7TR, STM32WL33KCV6, STM32WL33KCV6TR, STM32WL33KCV7, STM32WL33KCV7TR, STM32WL5MOCH6, STM32WL5MOCH6TR]
2025-11-03 11:43:59,912 [INFO] ApiDb:668 - CubeFinder database Data Model version=2.1
2025-11-03 11:43:59,912 [INFO] ApiDb:669 - CubeFinder database Configuration version=3.0.39
2025-11-03 11:43:59,912 [INFO] ApiDb:670 - CubeFinder database generation date=2025-10-27 (1761571959)
2025-11-03 11:43:59,912 [INFO] ApiDb:671 - CubeFinder database FW Pack versions=[FP-ATR-ASTRA1_V2.0.0, FP-SNS-FLIGHT1_V5.1.0, FP-SNS-MOTENV1_V5.0.0, FP-SNS-MOTENVWB1_V1.4.0, FP-SNS-SMARTAG2_V1.2.0, FP-SNS-STBOX1_V2.1.0, STM32Cube_FW_C0_V1.4.0, STM32Cube_FW_F4_V1.28.3, STM32Cube_FW_F7_V1.17.4, STM32Cube_FW_G0_V1.6.2, STM32Cube_FW_G4_V1.6.1, STM32Cube_FW_H5_V1.5.0, STM32Cube_FW_H7RS_V1.2.0, STM32Cube_FW_H7_V1.12.1, STM32Cube_FW_L0_V1.12.2, STM32Cube_FW_L4_V1.18.1, STM32Cube_FW_L5_V1.5.1, STM32Cube_FW_N6_V1.2.0, STM32Cube_FW_U0_V1.3.0, STM32Cube_FW_U3_V1.2.1, STM32Cube_FW_U5_V1.8.0, STM32Cube_FW_WB0_V1.3.0, STM32Cube_FW_WBA_V1.7.0, STM32Cube_FW_WB_V1.23.0, STM32Cube_FW_WL3_V1.2.0, STM32Cube_FW_WL_V1.3.1, X-CUBE-ALGOBUILD_V1.4.0, X-CUBE-ALS_V1.0.2, X-CUBE-AZRTOS-F4_V1.1.0, X-CUBE-AZRTOS-F7_V1.1.0, X-CUBE-AZRTOS-G0_V1.1.0, X-CUBE-AZRTOS-G4_V2.0.0, X-CUBE-AZRTOS-H7RS_V1.1.0, X-CUBE-AZRTOS-H7_V3.4.0, X-CUBE-AZRTOS-L4_V2.0.0, X-CUBE-AZRTOS-L5_V2.0.0, X-CUBE-AZRTOS-WB_V2.0.0, X-CUBE-AZRTOS-WL_V2.0.0, X-CUBE-BLE1_V7.1.0, X-CUBE-BLE2_V3.3.0, X-CUBE-BLEMGR_V4.1.0, X-CUBE-EEPRMA1_V5.2.0, X-CUBE-FREERTOS_V1.3.1, X-CUBE-GNSS1_V6.0.0, X-CUBE-MEMS1_V11.3.0, X-CUBE-NFC4_V3.0.0, X-CUBE-NFC7_V2.0.0, X-CUBE-SFXS2LP1_V4.0.0, X-CUBE-ST67W61_V1.1.0, X-CUBE-SUBG2_V5.0.0, X-CUBE-TOF1_V3.4.3]
2025-11-03 11:44:01,955 [INFO] ApiDb:240 - Found 895 in-development CPN: [B-G473E-ZEST1S, B-WB1M-WPAN1, B-WBA5M-WPAN, B-WL5M-SUBG1, NUCLEO-C031C6, NUCLEO-C051C8, NUCLEO-C071RB, NUCLEO-C092RC, NUCLEO-H503RB, NUCLEO-H533RE, NUCLEO-H563ZI, NUCLEO-H7S3L8, NUCLEO-N657X0-Q, NUCLEO-U031R8, NUCLEO-U083RC, NUCLEO-U385RG-Q, NUCLEO-U545RE-Q, NUCLEO-U5A5ZJ-Q, NUCLEO-WB05KZ, NUCLEO-WB07CC, NUCLEO-WB09KE, NUCLEO-WBA52CG, NUCLEO-WBA55CG, NUCLEO-WBA65RI, NUCLEO-WL33CC1, NUCLEO-WL33CC2, STEVAL-PROTEUS1, STEVAL-SMARTAG2, STEVAL-STWINBX1, STM320518-EVAL, STM32C0116-DK, STM32C011D6Y3TR, STM32C011D6Y6TR, STM32C011F4P3, STM32C011F4P6, STM32C011F4U3, STM32C011F4U6TR, STM32C011F6P3, STM32C011F6P6, STM32C011F6U3, STM32C011F6U6TR, STM32C011J4M3, STM32C011J4M6, STM32C011J6M3, STM32C011J6M6, STM32C0316-DK, STM32C031C4T3, STM32C031C4T6, STM32C031C4U3, STM32C031C4U6, STM32C031C6T3, STM32C031C6T6, STM32C031C6U3, STM32C031C6U6, STM32C031F4P3, STM32C031F4P6, STM32C031F6P3, STM32C031F6P6, STM32C031G4U3, STM32C031G4U6, STM32C031G6U3, STM32C031G6U6, STM32C031K4T3, STM32C031K4T6, STM32C031K4U3, STM32C031K4U6, STM32C031K6T3, STM32C031K6T6, STM32C031K6U3, STM32C031K6U6, STM32C051C6T6, STM32C051C6U6, STM32C051C8T6, STM32C051C8U6, STM32C051D8Y6TR, STM32C051F6P6, STM32C051F8P6, STM32C051G6U6, STM32C051G8U6, STM32C051K6T6, STM32C051K6U6, STM32C051K8T6, STM32C071C8T6, STM32C071C8T6N, STM32C071C8U6, STM32C071C8U6N, STM32C071CBT6, STM32C071CBT6N, STM32C071CBU6, STM32C071CBU6N, STM32C071F8P6, STM32C071F8P6N, STM32C071FBP6, STM32C071FBP6N, STM32C071FBY6TR, STM32C071G8U6, STM32C071G8U6N, STM32C071GBU6, STM32C071GBU6N, STM32C071K8T6, STM32C071K8T6N, STM32C071K8U6, STM32C071K8U6N, STM32C071KBT6, STM32C071KBT6N, STM32C071KBU6, STM32C071KBU6N, STM32C071R8T6, STM32C071R8T6N, STM32C071RBI6N, STM32C071RBT6, STM32C071RBT6N, STM32C091CBT6, STM32C091CBU6, STM32C091CCT6, STM32C091CCU6, STM32C091ECY6TR, STM32C091FBP6, STM32C091FCP6, STM32C091GBU6, STM32C091GCU6, STM32C091KBT6, STM32C091KBU6, STM32C091KCT6, STM32C091KCU6, STM32C091RBT6, STM32C091RCI6, STM32C091RCT6, STM32C092CBT6, STM32C092CBU6, STM32C092CCT6, STM32C092CCU6, STM32C092ECY6TR, STM32C092FBP6, STM32C092FCP6, STM32C092GBU6, STM32C092GCU6, STM32C092KBT6, STM32C092KBU6, STM32C092KCT6, STM32C092KCU6, STM32C092RBT6, STM32C092RCI6, STM32C092RCT6, STM32G071K8TXN, STM32G071K8UXN, STM32G081GBU6N, STM32G081KBT6N, STM32G081KBUXN, STM32G0B1CCT6N, STM32G0B1KCT6, STM32G0B1NEY6TR, STM32G0B1RCT6N, STM32G0C1CCT6, STM32G0C1CCT6N, STM32G0C1CCU6N, STM32G0C1CET6N, STM32G0C1CEU6N, STM32G0C1KCT6, STM32G0C1NEY6TR, STM32G0C1RCI6N, STM32G0C1RCT6N, STM32G0C1REI6N, STM32G0C1RET6N, STM32G0C1VCI6, STM32G0C1VEI6, STM32G411C6T3, STM32G411C6T6, STM32G411C6U3, STM32G411C6U6, STM32G411C8T3, STM32G411C8T6, STM32G411C8U3, STM32G411C8U6, STM32G411CBT3, STM32G411CBT6, STM32G411CBU3, STM32G411CBU6, STM32G411CCT3, STM32G411CCT6, STM32G411CCU3, STM32G411CCU6, STM32G411K6T3, STM32G411K6T6, STM32G411K6U3, STM32G411K6U6, STM32G411K8T3, STM32G411K8T6, STM32G411K8U3, STM32G411K8U6, STM32G411KBT3, STM32G411KBT6, STM32G411KBU3, STM32G411KBU6, STM32G411M6T3, STM32G411M6T6, STM32G411M8T3, STM32G411M8T6, STM32G411MBT3, STM32G411MBT6, STM32G411MCT3, STM32G411MCT6, STM32G411R6T3, STM32G411R6T6, STM32G411R8T3, STM32G411R8T6, STM32G411RBT3, STM32G411RBT6, STM32G411RCT3, STM32G411RCT6, STM32G414CBT3, STM32G414CBT6, STM32G414CBU3, STM32G414CBU6, STM32G414CCT3, STM32G414CCT6, STM32G414CCU3, STM32G414CCU6, STM32G414MBT3, STM32G414MBT6, STM32G414MCT3, STM32G414MCT6, STM32G414RBT3, STM32G414RBT6, STM32G414RCT3, STM32G414RCT6, STM32G414VBT3, STM32G414VBT6, STM32G414VCT3, STM32G414VCT6, STM32G431CBT3Z, STM32G431RBT3Z, STM32G471CCT6, STM32G471CCU6, STM32G471CET3, STM32G471CET6, STM32G471CEU3, STM32G471CEU6, STM32G471MCT6, STM32G471MET3, STM32G471MET6, STM32G471MEY6TR, STM32G471QCT6, STM32G471QET3, STM32G471RCT6, STM32G471RET3, STM32G471RET6, STM32G471VCH6, STM32G471VCI6, STM32G471VCT6, STM32G471VEH3, STM32G471VEH6, STM32G471VEI3, STM32G471VEI6, STM32G471VET3, STM32G471VET6, STM32G473QET3Z, STM32G473RET3Z, STM32G474CCT6, STM32G491RET3Z, STM32H503CBT6, STM32H503CBU6, STM32H503EBY6TR, STM32H503KBU6, STM32H503RBT6, STM32H523CCT6, STM32H523CCU6, STM32H523CET6, STM32H523CEU6, STM32H523HEY6TR, STM32H523RCT6, STM32H523RET6, STM32H523VCI6, STM32H523VCT6, STM32H523VEI6, STM32H523VET6, STM32H523ZCJ6, STM32H523ZCT6, STM32H523ZEJ6, STM32H523ZET6, STM32H533CET6, STM32H533CEU6, STM32H533HEY6TR, STM32H533RET6, STM32H533VEI6, STM32H533VET6, STM32H533ZEJ6, STM32H533ZET6, STM32H562AGI6, STM32H562AII6, STM32H562IGK6, STM32H562IGT6, STM32H562IIK6, STM32H562IIT6, STM32H562RGT6, STM32H562RGV6, STM32H562RIT6, STM32H562RIV6, STM32H562VGT6, STM32H562VIT6, STM32H562ZGT6, STM32H562ZIT6, STM32H563AGI6, STM32H563AII3Q, STM32H563AII6, STM32H563IGK6, STM32H563IGT6, STM32H563IIK3Q, STM32H563IIK6, STM32H563IIT3Q, STM32H563IIT6, STM32H563MIY3QTR, STM32H563RGT6, STM32H563RGV6, STM32H563RIT6, STM32H563RIV6, STM32H563VGT6, STM32H563VIT3Q, STM32H563VIT6, STM32H563ZGT6, STM32H563ZIT3Q, STM32H563ZIT6, STM32H573AII3Q, STM32H573AII6, STM32H573I-DK, STM32H573IIK3Q, STM32H573IIK6, STM32H573IIT3Q, STM32H573IIT6, STM32H573MIY3QTR, STM32H573RIT6, STM32H573RIV6, STM32H573VIT3Q, STM32H573VIT6, STM32H573ZIT3Q, STM32H573ZIT6, STM32H7R3A8I6, STM32H7R3I8K6, STM32H7R3I8T6, STM32H7R3L8H6, STM32H7R3L8H6H, STM32H7R3R8V6, STM32H7R3V8H6, STM32H7R3V8T6, STM32H7R3V8Y6TR, STM32H7R3Z8J6, STM32H7R3Z8T6, STM32H7R7A8I6, STM32H7R7I8K6, STM32H7R7I8T6, STM32H7R7L8H6, STM32H7R7L8H6H, STM32H7R7Z8J6, STM32H7S3A8I6, STM32H7S3I8K6, STM32H7S3I8T6, STM32H7S3L8H6, STM32H7S3L8H6H, STM32H7S3R8V6, STM32H7S3V8H6, STM32H7S3V8T6, STM32H7S3V8Y6TR, STM32H7S3Z8J6, STM32H7S3Z8T6, STM32H7S78-DK, STM32H7S7A8I6, STM32H7S7I8K6, STM32H7S7I8T6, STM32H7S7L8H6, STM32H7S7L8H6H, STM32H7S7Z8J6, STM32L4R5QGI6STR, STM32MP131AAE3, STM32MP131AAF3, STM32MP131AAG3, STM32MP131CAE3, STM32MP131CAF3, STM32MP131CAG3, STM32MP131DAE7, STM32MP131DAF7, STM32MP131DAG7, STM32MP131FAE7, STM32MP131FAF7, STM32MP131FAG7, STM32MP133AAE3, STM32MP133AAF3, STM32MP133AAG3, STM32MP133CAE3, STM32MP133CAF3, STM32MP133CAG3, STM32MP133DAE7, STM32MP133DAF7, STM32MP133DAG7, STM32MP133FAE7, STM32MP133FAF7, STM32MP133FAG7, STM32MP135AAE3, STM32MP135AAF3, STM32MP135AAG3, STM32MP135CAE3, STM32MP135CAF3, STM32MP135CAG3, STM32MP135DAE7, STM32MP135DAF7, STM32MP135DAG7, STM32MP135F-DK, STM32MP135FAE7, STM32MP135FAF7, STM32MP135FAF7T, STM32MP135FAF7U, STM32MP135FAG7, STM32MP231AAJ3, STM32MP231AAK3, STM32MP231AAL3, STM32MP231CAJ3, STM32MP231CAK3, STM32MP231CAL3, STM32MP231DAJ3, STM32MP231DAK3, STM32MP231DAL3, STM32MP231FAJ3, STM32MP231FAK3, STM32MP231FAL3, STM32MP233AAJ3, STM32MP233AAK3, STM32MP233AAL3, STM32MP233CAJ3, STM32MP233CAK3, STM32MP233CAL3, STM32MP233DAJ3, STM32MP233DAK3, STM32MP233DAL3, STM32MP233FAJ3, STM32MP233FAK3, STM32MP233FAL3, STM32MP235AAJ3, STM32MP235AAK3, STM32MP235AAL3, STM32MP235CAJ3, STM32MP235CAK3, STM32MP235CAL3, STM32MP235DAJ3, STM32MP235DAK3, STM32MP235DAL3, STM32MP235FAJ3, STM32MP235FAK3, STM32MP235FAL3, STM32MP251AAI3, STM32MP251AAJ3, STM32MP251AAK3, STM32MP251AAL3, STM32MP251CAI3, STM32MP251CAJ3, STM32MP251CAK3, STM32MP251CAL3, STM32MP251DAI3, STM32MP251DAJ3, STM32MP251DAK3, STM32MP251DAL3, STM32MP251FAI3, STM32MP251FAJ3, STM32MP251FAK3, STM32MP251FAL3, STM32MP253AAI3, STM32MP253AAJ3, STM32MP253AAK3, STM32MP253AAL3, STM32MP253CAI3, STM32MP253CAJ3, STM32MP253CAK3, STM32MP253CAL3, STM32MP253DAI3, STM32MP253DAJ3, STM32MP253DAK3, STM32MP253DAL3, STM32MP253FAI3, STM32MP253FAJ3, STM32MP253FAK3, STM32MP253FAL3, STM32MP255AAI3, STM32MP255AAJ3, STM32MP255AAK3, STM32MP255AAL3, STM32MP255CAI3, STM32MP255CAJ3, STM32MP255CAK3, STM32MP255CAL3, STM32MP255DAI3, STM32MP255DAJ3, STM32MP255DAK3, STM32MP255DAL3, STM32MP255FAI3, STM32MP255FAJ3, STM32MP255FAK3, STM32MP255FAL3, STM32MP257AAI3, STM32MP257AAJ3, STM32MP257AAK3, STM32MP257AAL3, STM32MP257CAI3, STM32MP257CAJ3, STM32MP257CAK3, STM32MP257CAL3, STM32MP257DAI3, STM32MP257DAJ3, STM32MP257DAK3, STM32MP257DAL3, STM32MP257F-DK, STM32MP257F-EV1, STM32MP257FAI3, STM32MP257FAJ3, STM32MP257FAK3, STM32MP257FAL3, STM32N645A0H3Q, STM32N645B0H3Q, STM32N645I0H3Q, STM32N645L0H3Q, STM32N645X0H3Q, STM32N645Z0H3Q, STM32N647A0H3Q, STM32N647B0H3Q, STM32N647I0H3Q, STM32N647L0H3Q, STM32N647X0H3Q, STM32N647Z0H3Q, STM32N655A0H3Q, STM32N655B0H3Q, STM32N655I0H3Q, STM32N655L0H3Q, STM32N655X0H3Q, STM32N655Z0H3Q, STM32N6570-DK, STM32N657A0H3Q, STM32N657B0H3Q, STM32N657I0H3Q, STM32N657L0H3Q, STM32N657X0H3Q, STM32N657Z0H3Q, STM32U031C6T6, STM32U031C6U6, STM32U031C8T6, STM32U031C8U6, STM32U031F4P6, STM32U031F6P6, STM32U031F8P6, STM32U031G6Y6TR, STM32U031G8Y6TR, STM32U031K4U6, STM32U031K6U6, STM32U031K8U6, STM32U031R6I6, STM32U031R6T6, STM32U031R8I6, STM32U031R8T6, STM32U073C8T6, STM32U073C8U6, STM32U073CBT6, STM32U073CBU6, STM32U073CCT6, STM32U073CCU6, STM32U073H8Y6TR, STM32U073HBY6TR, STM32U073HCY6TR, STM32U073K8U6, STM32U073KBU6, STM32U073KCU6, STM32U073M8I6, STM32U073M8T6, STM32U073MBI6, STM32U073MBT6, STM32U073MCI6, STM32U073MCT6, STM32U073R8I6, STM32U073R8T6, STM32U073RBI6, STM32U073RBT6, STM32U073RCI6, STM32U073RCT6, STM32U083C-DK, STM32U083CCT6, STM32U083CCU6, STM32U083HCY6TR, STM32U083KCU6, STM32U083MCI6, STM32U083MCT6, STM32U083RCI6, STM32U083RCT6, STM32U375CET6, STM32U375CET6Q, STM32U375CEU6, STM32U375CEU6Q, STM32U375CEY6QTR, STM32U375CGT6, STM32U375CGT6Q, STM32U375CGU6, STM32U375CGU6Q, STM32U375CGY6QTR, STM32U375KEU6, STM32U375KGU6, STM32U375REI6, STM32U375REI6Q, STM32U375RET6, STM32U375RET6Q, STM32U375REY6GTR, STM32U375REY6QTR, STM32U375RGI6, STM32U375RGI6Q, STM32U375RGT6, STM32U375RGT6Q, STM32U375RGY6GTR, STM32U375RGY6QTR, STM32U375VEI6, STM32U375VEI6Q, STM32U375VET6, STM32U375VET6Q, STM32U375VGI6, STM32U375VGI6Q, STM32U375VGT6, STM32U375VGT6Q, STM32U385CGT6, STM32U385CGT6Q, STM32U385CGU6, STM32U385CGU6Q, STM32U385CGY6QTR, STM32U385KGU6, STM32U385RGI6, STM32U385RGI6Q, STM32U385RGT6, STM32U385RGT6Q, STM32U385RGY6GTR, STM32U385RGY6QTR, STM32U385VGI6, STM32U385VGI6Q, STM32U385VGT6, STM32U385VGT6Q, STM32U535CBT6, STM32U535CBT6Q, STM32U535CBU6, STM32U535CBU6Q, STM32U535CCT6, STM32U535CCT6Q, STM32U535CCU6, STM32U535CCU6Q, STM32U535CET6, STM32U535CET6Q, STM32U535CEU6, STM32U535CEU6Q, STM32U535JEY6QTR, STM32U535NCY6QTR, STM32U535NEY6QTR, STM32U535RBI6, STM32U535RBI6Q, STM32U535RBT6, STM32U535RBT6Q, STM32U535RCI6, STM32U535RCI6Q, STM32U535RCT6, STM32U535RCT6Q, STM32U535REI6, STM32U535REI6Q, STM32U535RET6, STM32U535RET6Q, STM32U535VCI6, STM32U535VCI6Q, STM32U535VCT6, STM32U535VCT6Q, STM32U535VEI6, STM32U535VEI6Q, STM32U535VET6, STM32U535VET6Q, STM32U545CET6, STM32U545CET6Q, STM32U545CEU6, STM32U545CEU6Q, STM32U545JEY6QTR, STM32U545NEY6QTR, STM32U545REI6, STM32U545REI6Q, STM32U545RET6, STM32U545RET6Q, STM32U545VEI6, STM32U545VEI6Q, STM32U545VET6, STM32U545VET6Q, STM32U595AIH6, STM32U595AIH6Q, STM32U595AJH6, STM32U595AJH6Q, STM32U595QII6, STM32U595QII6Q, STM32U595QJI6, STM32U595QJI6Q, STM32U595RIT6, STM32U595RIT6Q, STM32U595RJT6, STM32U595RJT6Q, STM32U595VIT6, STM32U595VIT6Q, STM32U595VJT6, STM32U595VJT6Q, STM32U595ZIT6, STM32U595ZIT6Q, STM32U595ZIY6QTR, STM32U595ZJT6, STM32U595ZJT6Q, STM32U595ZJY6QTR, STM32U599BJY6QTR, STM32U599NIH6Q, STM32U599NJH6Q, STM32U599VIT6Q, STM32U599VJT6, STM32U599VJT6Q, STM32U599ZIT6Q, STM32U599ZIY6QTR, STM32U599ZJT6Q, STM32U599ZJY6QTR, STM32U5A5AJH6, STM32U5A5AJH6Q, STM32U5A5QII3Q , STM32U5A5QJI6, STM32U5A5QJI6Q, STM32U5A5RJT6, STM32U5A5RJT6Q, STM32U5A5VJT6, STM32U5A5VJT6Q, STM32U5A5ZJT6, STM32U5A5ZJT6Q, STM32U5A5ZJY6QTR, STM32U5A9BJY6QTR, STM32U5A9J-DK, STM32U5A9NJH6Q, STM32U5A9VJT6Q, STM32U5A9ZJT6Q, STM32U5A9ZJY6QTR, STM32U5F7VIT6, STM32U5F7VIT6Q, STM32U5F7VJT6, STM32U5F7VJT6Q, STM32U5F9BJY6QTR, STM32U5F9NJH6Q, STM32U5F9VIT6Q, STM32U5F9VJT6Q, STM32U5F9ZIJ6QTR, STM32U5F9ZIT6Q, STM32U5F9ZJJ6QTR, STM32U5F9ZJT6Q, STM32U5G7VJT6, STM32U5G7VJT6Q, STM32U5G9BJY6QTR, STM32U5G9J-DK1, STM32U5G9J-DK2, STM32U5G9NJH6Q, STM32U5G9VJT6Q, STM32U5G9ZJJ6QTR, STM32U5G9ZJT6Q, STM32WB05KZV6TR, STM32WB05KZV7TR, STM32WB05TZF6TR, STM32WB05TZF7TR, STM32WB06CCF6TR, STM32WB06CCF7TR, STM32WB06CCV6TR, STM32WB06CCV7TR, STM32WB06KCV6TR, STM32WB06KCV7TR, STM32WB07CCF6TR, STM32WB07CCF7TR, STM32WB07CCV6TR, STM32WB07CCV7TR, STM32WB07KCV6TR, STM32WB07KCV7TR, STM32WB09KEV6TR, STM32WB09KEV7TR, STM32WB09TEF6TR, STM32WB09TEF7TR, STM32WB1MMCH6, STM32WBA50KGU6, STM32WBA50KGU6TR, STM32WBA52CEU6, STM32WBA52CEU6TR, STM32WBA52CEU7, STM32WBA52CEU7TR, STM32WBA52CGU6, STM32WBA52CGU6TR, STM32WBA52CGU6U, STM32WBA52CGU7, STM32WBA52CGU7TR, STM32WBA52KEU6, STM32WBA52KEU6TR, STM32WBA52KGU6, STM32WBA52KGU6TR, STM32WBA54CEU6, STM32WBA54CEU6TR, STM32WBA54CEU7, STM32WBA54CEU7TR, STM32WBA54CGU6, STM32WBA54CGU6TR, STM32WBA54CGU7, STM32WBA54CGU7TR, STM32WBA54KEU6, STM32WBA54KEU6TR, STM32WBA54KEU7, STM32WBA54KEU7TR, STM32WBA54KGU6, STM32WBA54KGU6TR, STM32WBA54KGU7, STM32WBA54KGU7TR, STM32WBA55CEU6, STM32WBA55CEU6TR, STM32WBA55CEU7, STM32WBA55CEU7TR, STM32WBA55CGU6, STM32WBA55CGU6TR, STM32WBA55CGU6U, STM32WBA55CGU7, STM32WBA55CGU7TR, STM32WBA55G-DK1, STM32WBA55HEF6, STM32WBA55HEF7, STM32WBA55HGF6, STM32WBA55HGF7, STM32WBA55UEI6, STM32WBA55UEI6TR, STM32WBA55UEI7, STM32WBA55UEI7TR, STM32WBA55UGI6, STM32WBA55UGI6TR, STM32WBA55UGI7, STM32WBA55UGI7TR, STM32WBA5MJGH6TR, STM32WBA62CGU6, STM32WBA62CIU6, STM32WBA62MGF6, STM32WBA62MIF6, STM32WBA62PGI6, STM32WBA62PII6, STM32WBA63CGU6, STM32WBA63CGU7, STM32WBA63CIU6, STM32WBA63CIU7, STM32WBA64CGU6, STM32WBA64CGU7, STM32WBA64CIU6, STM32WBA64CIU7, STM32WBA65CGU6, STM32WBA65CGU7, STM32WBA65CIU6, STM32WBA65CIU7, STM32WBA65I-DK1, STM32WBA65MGF6, STM32WBA65MGF7, STM32WBA65MIF6, STM32WBA65MIF7, STM32WBA65PGI6, STM32WBA65PGI7, STM32WBA65PII6, STM32WBA65PII7, STM32WBA65RGV6, STM32WBA65RGV7, STM32WBA65RIV6, STM32WBA65RIV7, STM32WL30K8V6, STM32WL30KBV6, STM32WL31C8V6, STM32WL31CBV6, STM32WL31K8V6, STM32WL31KBV6, STM32WL33C8V6, STM32WL33C8V6TR, STM32WL33C8V7, STM32WL33C8V7TR, STM32WL33CBV6, STM32WL33CBV6TR, STM32WL33CBV7, STM32WL33CBV7TR, STM32WL33CCV6, STM32WL33CCV6TR, STM32WL33CCV7, STM32WL33CCV7A, STM32WL33CCV7ATR, STM32WL33CCV7TR, STM32WL33K8V6, STM32WL33K8V6TR, STM32WL33K8V7, STM32WL33K8V7TR, STM32WL33KBV6, STM32WL33KBV6TR, STM32WL33KBV7, STM32WL33KBV7TR, STM32WL33KCV6, STM32WL33KCV6TR, STM32WL33KCV7, STM32WL33KCV7TR, STM32WL5MOCH6, STM32WL5MOCH6TR]
2025-11-03 11:44:01,959 [INFO] DbMcus:218 - Found 4747 MCUs, 4747 are supported
2025-11-03 11:44:01,961 [INFO] ApiDb:423 - Load user favorites file C:\Users\siree/.stm32cubeide/favorites.mcus.txt: 0 item(s)
2025-11-03 11:44:01,961 [INFO] ApiDb:427 - User favorites MCUs=[]
2025-11-03 11:44:01,961 [INFO] DbMcus:224 - Set 0 / 0 favorites MCUs
2025-11-03 11:44:02,662 [INFO] BoardInfo:889 - No configuration file found for board P-NUCLEO-WB55
2025-11-03 11:44:02,663 [INFO] DbBoards:161 - Kit is not supported: P-NUCLEO-WB55
2025-11-03 11:44:02,670 [INFO] BoardInfo:889 - No configuration file found for board STEVAL-BFA001V1B
2025-11-03 11:44:02,672 [INFO] DbBoards:161 - Kit is not supported: STEVAL-BFA001V1B
2025-11-03 11:44:02,673 [INFO] BoardInfo:889 - No configuration file found for board STEVAL-BFA001V2B
2025-11-03 11:44:02,674 [INFO] DbBoards:161 - Kit is not supported: STEVAL-BFA001V2B
2025-11-03 11:44:02,909 [INFO] DbBoards:168 - Found 211 boards, 208 are supported
2025-11-03 11:44:02,909 [INFO] DbBoards:169 - Found 211 boards, 43 of them is supported for  Bsp
2025-11-03 11:44:02,913 [INFO] ApiDb:423 - Load user favorites file C:\Users\siree/.stm32cubeide/favorites.boards.txt: 0 item(s)
2025-11-03 11:44:02,913 [INFO] ApiDb:427 - User favorites Boards=[]
2025-11-03 11:44:02,913 [INFO] DbBoards:198 - Set 0 / 0 favorites Boards
2025-11-03 11:44:02,983 [INFO] UtilMem:75 - End LoadConfig() Used Memory: 917910104 Bytes (1073741824)
2025-11-03 11:44:03,125 [WARN] ThirdParty:833 - waiting for thirdparty lock release [change project]
2025-11-03 11:44:03,125 [INFO] ThirdParty:835 - entering critical section [change project]
2025-11-03 11:44:03,125 [INFO] ThirdParty:1030 - CMSIS Pack Vendor :STMicroelectronics X-CUBE-PM33A1 1.0.0
2025-11-03 11:44:03,125 [INFO] ThirdParty:1030 - CMSIS Pack Vendor :STMicroelectronics USBPD 4.1
2025-11-03 11:44:03,125 [INFO] ThirdParty:1030 - CMSIS Pack Vendor :STMicroelectronics X-CUBE-NFC9 1.0.0
2025-11-03 11:44:03,125 [INFO] ThirdParty:1030 - CMSIS Pack Vendor :STMicroelectronics USB_HOST 2.0.0
2025-11-03 11:44:03,125 [INFO] ThirdParty:1030 - CMSIS Pack Vendor :STMicroelectronics FP-SNS-MOTENVWB1 1.4.0
2025-11-03 11:44:03,125 [INFO] ThirdParty:1030 - CMSIS Pack Vendor :STMicroelectronics X-CUBE-AZRTOS-F4 1.1.0
2025-11-03 11:44:03,125 [INFO] ThirdParty:1030 - CMSIS Pack Vendor :STMicroelectronics LIBJPEG 8.0.0
2025-11-03 11:44:03,125 [INFO] ThirdParty:1030 - CMSIS Pack Vendor :STMicroelectronics FP-ATR-ASTRA1 2.0.2
2025-11-03 11:44:03,125 [INFO] ThirdParty:1030 - CMSIS Pack Vendor :wolfSSL I-CUBE-wolfSSL 5.8.2
2025-11-03 11:44:03,125 [INFO] ThirdParty:1030 - CMSIS Pack Vendor :STMicroelectronics X-CUBE-BLE1 7.1.0
2025-11-03 11:44:03,125 [INFO] ThirdParty:1030 - CMSIS Pack Vendor :STMicroelectronics X-CUBE-SMBUS 2.1.0
2025-11-03 11:44:03,125 [INFO] ThirdParty:1030 - CMSIS Pack Vendor :wolfSSL I-CUBE-wolfMQTT 1.19.2
2025-11-03 11:44:03,125 [INFO] ThirdParty:1030 - CMSIS Pack Vendor :STMicroelectronics USB_DEVICE 3.0.0
2025-11-03 11:44:03,125 [INFO] ThirdParty:1030 - CMSIS Pack Vendor :STMicroelectronics X-CUBE-ISPU 2.1.0
2025-11-03 11:44:03,126 [INFO] ThirdParty:1030 - CMSIS Pack Vendor :STMicroelectronics X-CUBE-EEPRMA1 5.2.0
2025-11-03 11:44:03,126 [INFO] ThirdParty:1030 - CMSIS Pack Vendor :STMicroelectronics X-CUBE-BLEMGR 4.1.0
2025-11-03 11:44:03,126 [INFO] ThirdParty:1030 - CMSIS Pack Vendor :STMicroelectronics X-CUBE-AZRTOS-WB 2.0.0
2025-11-03 11:44:03,126 [INFO] ThirdParty:1030 - CMSIS Pack Vendor :STMicroelectronics X-CUBE-GNSS1 7.0.1
2025-11-03 11:44:03,126 [INFO] ThirdParty:1030 - CMSIS Pack Vendor :STMicroelectronics X-CUBE-NFC12 1.0.0
2025-11-03 11:44:03,126 [INFO] ThirdParty:1030 - CMSIS Pack Vendor :STMicroelectronics X-CUBE-AZRTOS-F7 1.1.0
2025-11-03 11:44:03,126 [INFO] ThirdParty:1030 - CMSIS Pack Vendor :STMicroelectronics X-CUBE-AZRTOS-L5 2.0.0
2025-11-03 11:44:03,126 [INFO] ThirdParty:1030 - CMSIS Pack Vendor :STMicroelectronics USB_DEVICE 2.0.0
2025-11-03 11:44:03,126 [INFO] ThirdParty:1030 - CMSIS Pack Vendor :STMicroelectronics X-CUBE-NFC6 3.1.0
2025-11-03 11:44:03,126 [INFO] ThirdParty:1030 - CMSIS Pack Vendor :Cesanta I-CUBE-Mongoose 7.19.0
2025-11-03 11:44:03,126 [INFO] ThirdParty:1030 - CMSIS Pack Vendor :quantropi X-CUBE-qispace-sdk-base 2.1.0
2025-11-03 11:44:03,126 [INFO] ThirdParty:1030 - CMSIS Pack Vendor :STMicroelectronics FreeRTOS 0.0.1
2025-11-03 11:44:03,126 [INFO] ThirdParty:1030 - CMSIS Pack Vendor :STMicroelectronics X-CUBE-AZRTOS-G0 1.1.0
2025-11-03 11:44:03,126 [INFO] ThirdParty:1030 - CMSIS Pack Vendor :STMicroelectronics X-CUBE-SAFEA1 1.2.2
2025-11-03 11:44:03,126 [INFO] ThirdParty:1030 - CMSIS Pack Vendor :STMicroelectronics X-CUBE-NFC4 3.0.0
2025-11-03 11:44:03,126 [INFO] ThirdParty:1030 - CMSIS Pack Vendor :STMicroelectronics X-CUBE-SUBG2 5.0.0
2025-11-03 11:44:03,126 [INFO] ThirdParty:1030 - CMSIS Pack Vendor :STMicroelectronics X-CUBE-AZRTOS-H7RS 1.1.0
2025-11-03 11:44:03,126 [INFO] ThirdParty:1030 - CMSIS Pack Vendor :STMicroelectronics STM32_WPAN 1.0.0
2025-11-03 11:44:03,126 [INFO] ThirdParty:1030 - CMSIS Pack Vendor :EmbeddedOffice I-CUBE-FS-RTOS 1.0.1
2025-11-03 11:44:03,126 [INFO] ThirdParty:1030 - CMSIS Pack Vendor :STMicroelectronics lwIP 2.0.3
2025-11-03 11:44:03,126 [INFO] ThirdParty:1030 - CMSIS Pack Vendor :STMicroelectronics USB_HOST 1.0.0
2025-11-03 11:44:03,126 [INFO] ThirdParty:1030 - CMSIS Pack Vendor :Infineon AIROC-Wi-Fi-Bluetooth-STM32 1.7.1
2025-11-03 11:44:03,126 [INFO] ThirdParty:1030 - CMSIS Pack Vendor :STMicroelectronics X-CUBE-AZRTOS-G4 2.0.0
2025-11-03 11:44:03,126 [INFO] ThirdParty:1030 - CMSIS Pack Vendor :STMicroelectronics X-CUBE-WB05N 2.0.0
2025-11-03 11:44:03,126 [INFO] ThirdParty:1030 - CMSIS Pack Vendor :STMicroelectronics PDM2PCM 3.1.0
2025-11-03 11:44:03,126 [INFO] ThirdParty:1030 - CMSIS Pack Vendor :STMicroelectronics PDM2PCM 3.3.0
2025-11-03 11:44:03,126 [INFO] ThirdParty:1030 - CMSIS Pack Vendor :wolfSSL I-CUBE-wolfTPM 3.8.0
2025-11-03 11:44:03,126 [INFO] ThirdParty:1030 - CMSIS Pack Vendor :STMicroelectronics X-CUBE-AZRTOS-H7 3.4.0
2025-11-03 11:44:03,126 [INFO] ThirdParty:1030 - CMSIS Pack Vendor :STMicroelectronics X-CUBE-DISPLAY 3.0.0
2025-11-03 11:44:03,126 [INFO] ThirdParty:1030 - CMSIS Pack Vendor :wolfSSL I-CUBE-wolfSSH 1.4.20
2025-11-03 11:44:03,126 [INFO] ThirdParty:1030 - CMSIS Pack Vendor :STMicroelectronics X-CUBE-NFC7 2.0.0
2025-11-03 11:44:03,126 [INFO] ThirdParty:1030 - CMSIS Pack Vendor :STMicroelectronics X-CUBE-TCPP 4.2.0
2025-11-03 11:44:03,126 [INFO] ThirdParty:1030 - CMSIS Pack Vendor :RealThread X-CUBE-RT-Thread_Nano 4.1.1
2025-11-03 11:44:03,126 [INFO] ThirdParty:1030 - CMSIS Pack Vendor :STMicroelectronics FP-ATR-SIGFOX1 3.2.0
2025-11-03 11:44:03,126 [INFO] ThirdParty:1030 - CMSIS Pack Vendor :STMicroelectronics X-CUBE-NFC10 1.0.0
2025-11-03 11:44:03,126 [INFO] ThirdParty:1030 - CMSIS Pack Vendor :STMicroelectronics X-CUBE-FREERTOS 1.3.1
2025-11-03 11:44:03,126 [INFO] ThirdParty:1030 - CMSIS Pack Vendor :STMicroelectronics HAL Drivers 0.0.0
2025-11-03 11:44:03,126 [INFO] ThirdParty:1030 - CMSIS Pack Vendor :STMicroelectronics MBEDTLS 2.16.2
2025-11-03 11:44:03,126 [INFO] ThirdParty:1030 - CMSIS Pack Vendor :STMicroelectronics X-CUBE-ST60 1.1.0
2025-11-03 11:44:03,126 [INFO] ThirdParty:1030 - CMSIS Pack Vendor :STMicroelectronics X-CUBE-ALS 1.0.2
2025-11-03 11:44:03,126 [INFO] ThirdParty:1030 - CMSIS Pack Vendor :emotas I-CUBE-CANOPEN 1.3.0
2025-11-03 11:44:03,126 [INFO] ThirdParty:1030 - CMSIS Pack Vendor :STMicroelectronics MBEDTLS 2.14.1
2025-11-03 11:44:03,126 [INFO] ThirdParty:1030 - CMSIS Pack Vendor :STMicroelectronics X-CUBE-GNSS1 7.1.0
2025-11-03 11:44:03,126 [INFO] ThirdParty:1030 - CMSIS Pack Vendor :ITTIA_DB I-CUBE-ITTIADB 8.9.0
2025-11-03 11:44:03,126 [INFO] ThirdParty:1030 - CMSIS Pack Vendor :STMicroelectronics X-CUBE-TOUCHGFX 4.26.0
2025-11-03 11:44:03,126 [INFO] ThirdParty:1030 - CMSIS Pack Vendor :STMicroelectronics X-CUBE-STSE01 1.0.0
2025-11-03 11:44:03,126 [INFO] ThirdParty:1030 - CMSIS Pack Vendor :STMicroelectronics X-CUBE-AI 10.2.0
2025-11-03 11:44:03,126 [INFO] ThirdParty:1030 - CMSIS Pack Vendor :STMicroelectronics FP-SNS-STAIOTCFT 1.0.0
2025-11-03 11:44:03,126 [INFO] ThirdParty:1030 - CMSIS Pack Vendor :STMicroelectronics ThreadX 1.0.0
2025-11-03 11:44:03,126 [INFO] ThirdParty:1030 - CMSIS Pack Vendor :STMicroelectronics FP-SNS-SMARTAG2 1.2.0
2025-11-03 11:44:03,127 [INFO] ThirdParty:1030 - CMSIS Pack Vendor :STMicroelectronics FP-SNS-FLIGHT1 5.1.0
2025-11-03 11:44:03,127 [INFO] ThirdParty:1030 - CMSIS Pack Vendor :STMicroelectronics X-CUBE-AZRTOS-WL 2.0.0
2025-11-03 11:44:03,127 [INFO] ThirdParty:1030 - CMSIS Pack Vendor :SEGGER I-CUBE-embOS 1.3.1
2025-11-03 11:44:03,127 [INFO] ThirdParty:1030 - CMSIS Pack Vendor :STMicroelectronics X-CUBE-ALGOBUILD 1.4.0
2025-11-03 11:44:03,127 [INFO] ThirdParty:1030 - CMSIS Pack Vendor :STMicroelectronics X-CUBE-DPower 1.3.0
2025-11-03 11:44:03,127 [INFO] ThirdParty:1030 - CMSIS Pack Vendor :STMicroelectronics X-CUBE-MEMS1 11.3.0
2025-11-03 11:44:03,127 [INFO] ThirdParty:1030 - CMSIS Pack Vendor :STMicroelectronics USB_DEVICE 1.0.0
2025-11-03 11:44:03,127 [INFO] ThirdParty:1030 - CMSIS Pack Vendor :STMicroelectronics X-CUBE-AZRTOS-L4 2.0.0
2025-11-03 11:44:03,127 [INFO] ThirdParty:1030 - CMSIS Pack Vendor :STMicroelectronics ThreadX 0.0.2
2025-11-03 11:44:03,128 [INFO] ThirdParty:1030 - CMSIS Pack Vendor :STMicroelectronics lwIP 2.1.2
2025-11-03 11:44:03,128 [INFO] ThirdParty:1030 - CMSIS Pack Vendor :STMicroelectronics X-CUBE-SFXS2LP1 4.0.0
2025-11-03 11:44:03,128 [INFO] ThirdParty:1030 - CMSIS Pack Vendor :STMicroelectronics X-CUBE-BLE2 3.3.0
2025-11-03 11:44:03,128 [INFO] ThirdParty:1030 - CMSIS Pack Vendor :STMicroelectronics X-CUBE-TOF1 3.4.3
2025-11-03 11:44:03,128 [INFO] ThirdParty:1030 - CMSIS Pack Vendor :STMicroelectronics PDM2PCM 3.2.0
2025-11-03 11:44:03,128 [INFO] ThirdParty:841 - exiting critical section [change project]
2025-11-03 11:44:03,665 [INFO] PinOutPanel:1589 - setPackage(No Configuration,No Configuration)
2025-11-03 11:44:03,668 [INFO] PinOutPanel:1589 - setPackage(STM32L476RGTx,LQFP64)
2025-11-03 11:44:04,481 [INFO] UtilMem:75 - Before build in PCC Used Memory: 782092104 Bytes (1073741824)
2025-11-03 11:44:05,465 [INFO] UtilMem:75 - After build in PCC Used Memory: 894783872 Bytes (1073741824)
2025-11-03 11:44:05,506 [INFO] IPUIPlugin:80 - create IPUIPlugin
2025-11-03 11:44:05,506 [INFO] IPUIPlugin:80 - create IPUIPlugin
2025-11-03 11:44:05,506 [INFO] IPUIPlugin:80 - create IPUIPlugin
2025-11-03 11:44:05,507 [INFO] IPUIPlugin:80 - create IPUIPlugin
2025-11-03 11:44:05,507 [INFO] IPUIPlugin:80 - create IPUIPlugin
2025-11-03 11:44:05,507 [INFO] IPUIPlugin:80 - create IPUIPlugin
2025-11-03 11:44:05,507 [INFO] IPUIPlugin:80 - create IPUIPlugin
2025-11-03 11:44:05,507 [INFO] IPUIPlugin:80 - create IPUIPlugin
2025-11-03 11:44:05,507 [INFO] IPUIPlugin:80 - create IPUIPlugin
2025-11-03 11:44:05,508 [INFO] IPUIPlugin:80 - create IPUIPlugin
2025-11-03 11:44:05,508 [INFO] IPUIPlugin:80 - create IPUIPlugin
2025-11-03 11:44:05,508 [INFO] IPUIPlugin:80 - create IPUIPlugin
2025-11-03 11:44:05,508 [INFO] IPUIPlugin:80 - create IPUIPlugin
2025-11-03 11:44:05,508 [INFO] IPUIPlugin:80 - create IPUIPlugin
2025-11-03 11:44:05,508 [INFO] IPUIPlugin:80 - create IPUIPlugin
2025-11-03 11:44:05,509 [INFO] IPUIPlugin:80 - create IPUIPlugin
2025-11-03 11:44:05,509 [INFO] IPUIPlugin:80 - create IPUIPlugin
2025-11-03 11:44:05,509 [INFO] IPUIPlugin:80 - create IPUIPlugin
2025-11-03 11:44:05,510 [INFO] IPUIPlugin:80 - create IPUIPlugin
2025-11-03 11:44:05,510 [INFO] IPUIPlugin:80 - create IPUIPlugin
2025-11-03 11:44:05,511 [INFO] IPUIPlugin:80 - create IPUIPlugin
2025-11-03 11:44:05,511 [INFO] IPUIPlugin:80 - create IPUIPlugin
2025-11-03 11:44:05,511 [INFO] IPUIPlugin:80 - create IPUIPlugin
2025-11-03 11:44:05,512 [INFO] IPUIPlugin:80 - create IPUIPlugin
2025-11-03 11:44:05,512 [INFO] IPUIPlugin:80 - create IPUIPlugin
2025-11-03 11:44:05,512 [INFO] IPUIPlugin:80 - create IPUIPlugin
2025-11-03 11:44:05,512 [INFO] IPUIPlugin:80 - create IPUIPlugin
2025-11-03 11:44:05,512 [INFO] IPUIPlugin:80 - create IPUIPlugin
2025-11-03 11:44:05,514 [INFO] IPUIPlugin:80 - create IPUIPlugin
2025-11-03 11:44:05,514 [INFO] IPUIPlugin:80 - create IPUIPlugin
2025-11-03 11:44:05,514 [INFO] IPUIPlugin:80 - create IPUIPlugin
2025-11-03 11:44:05,514 [INFO] IPUIPlugin:80 - create IPUIPlugin
2025-11-03 11:44:05,514 [INFO] IPUIPlugin:80 - create IPUIPlugin
2025-11-03 11:44:05,514 [INFO] IPUIPlugin:80 - create IPUIPlugin
2025-11-03 11:44:05,515 [INFO] IPUIPlugin:80 - create IPUIPlugin
2025-11-03 11:44:05,515 [INFO] IPUIPlugin:80 - create IPUIPlugin
2025-11-03 11:44:05,515 [INFO] IPUIPlugin:80 - create IPUIPlugin
2025-11-03 11:44:05,516 [INFO] IPUIPlugin:80 - create IPUIPlugin
2025-11-03 11:44:05,516 [INFO] IPUIPlugin:80 - create IPUIPlugin
2025-11-03 11:44:05,516 [INFO] IPUIPlugin:80 - create IPUIPlugin
2025-11-03 11:44:05,516 [INFO] IPUIPlugin:80 - create IPUIPlugin
2025-11-03 11:44:05,517 [INFO] IPUIPlugin:80 - create IPUIPlugin
2025-11-03 11:44:05,517 [INFO] IPUIPlugin:80 - create IPUIPlugin
2025-11-03 11:44:05,517 [INFO] IPUIPlugin:80 - create IPUIPlugin
2025-11-03 11:44:05,517 [INFO] IPUIPlugin:80 - create IPUIPlugin
2025-11-03 11:44:05,517 [INFO] IPUIPlugin:80 - create IPUIPlugin
2025-11-03 11:44:05,517 [INFO] IPUIPlugin:80 - create IPUIPlugin
2025-11-03 11:44:05,517 [INFO] IPUIPlugin:80 - create IPUIPlugin
2025-11-03 11:44:05,519 [INFO] IPUIPlugin:80 - create IPUIPlugin
2025-11-03 11:44:05,519 [INFO] IPUIPlugin:80 - create IPUIPlugin
2025-11-03 11:44:05,519 [INFO] IPUIPlugin:80 - create IPUIPlugin
2025-11-03 11:44:05,519 [INFO] IPUIPlugin:80 - create IPUIPlugin
2025-11-03 11:44:05,519 [INFO] IPUIPlugin:80 - create IPUIPlugin
2025-11-03 11:44:05,521 [INFO] IPUIPlugin:80 - create IPUIPlugin
2025-11-03 11:44:05,521 [INFO] IPUIPlugin:80 - create IPUIPlugin
2025-11-03 11:44:05,521 [INFO] IPUIPlugin:80 - create IPUIPlugin
2025-11-03 11:44:05,521 [INFO] IPUIPlugin:80 - create IPUIPlugin
2025-11-03 11:44:05,521 [INFO] IPUIPlugin:80 - create IPUIPlugin
2025-11-03 11:44:05,523 [INFO] IPUIPlugin:80 - create IPUIPlugin
2025-11-03 11:44:05,778 [INFO] CADModel:165 - CPN selected for project levelSTM32L476RGT3
2025-11-03 11:44:05,779 [INFO] CADModel:114 - Register for checkConnection events
2025-11-03 11:44:05,833 [INFO] OpenFileManager:385 - Restore cursor
2025-11-03 11:46:15,550 [ERROR] LogOutputStream:75 - [STDERR_REDIRECT] 
2025-11-03 14:49:18,073 [INFO] Activator:176 - 


2025-11-03 14:49:18,076 [INFO] Activator:177 - !SESSION log4j initialized
2025-11-03 14:49:23,726 [INFO] LogOutputStream:77 - [STDOUT_REDIRECT] 
2025-11-03 14:49:25,663 [INFO] ApplicationProperties:184 - Using Application install path: C:\ST\STM32CubeIDE_1.18.1\STM32CubeIDE\plugins\com.st.stm32cube.common.mx_6.14.1.202504091515
2025-11-03 14:49:25,685 [INFO] DbMcusXml:78 - Set database path to: C:\ST\STM32CubeIDE_1.18.1\STM32CubeIDE\plugins\com.st.stm32cube.common.mx_6.14.1.202504091515\\db\/mcu/
2025-11-03 14:49:25,685 [INFO] ApiDb:274 - Set plugin database path to: C:\ST\STM32CubeIDE_1.18.1\STM32CubeIDE\plugins\com.st.stm32cube.common.mx_6.14.1.202504091515\\db\/plugins/boardmanager/
2025-11-03 14:49:25,685 [WARN] ApiDb:259 - Overriding images path with different value:  => C:\ST\STM32CubeIDE_1.18.1\STM32CubeIDE\plugins\com.st.stm32cube.common.mx_6.14.1.202504091515\\db\/plugins/mcufinder/images/
2025-11-03 14:49:25,696 [INFO] ApiDb:250 - Set database path to: C:\Users\siree\.stmcufinder\plugins\mcufinder//mcu/
2025-11-03 14:49:25,696 [INFO] DbMcusAds:125 - Set database path to: C:\Users\siree\.stmcufinder\plugins\mcufinder//mcu/
2025-11-03 14:49:25,696 [INFO] CrossReferenceDbSqlite:203 - Set database path to: C:\Users\siree\.stmcufinder\plugins\mcufinder//mcu/cs/
2025-11-03 14:49:25,806 [INFO] RulesReader:64 - Compatibility file has been processed (302 Rules)
2025-11-03 14:49:25,901 [INFO] DbMcusXml:78 - Set database path to: C:\ST\STM32CubeIDE_1.18.1\STM32CubeIDE\plugins\com.st.stm32cube.common.mx_6.14.1.202504091515\\db\/mcu/
2025-11-03 14:49:25,901 [INFO] ApiDb:274 - Set plugin database path to: C:\ST\STM32CubeIDE_1.18.1\STM32CubeIDE\plugins\com.st.stm32cube.common.mx_6.14.1.202504091515\\db\/plugins/boardmanager/
2025-11-03 14:49:25,901 [INFO] ApiDb:261 - Set plugin images path to: C:\ST\STM32CubeIDE_1.18.1\STM32CubeIDE\plugins\com.st.stm32cube.common.mx_6.14.1.202504091515\\db\/plugins/mcufinder/images/
2025-11-03 14:49:25,901 [WARN] DbFile:41 - Overriding database path with different value: C:\Users\siree\.stmcufinder\plugins\mcufinder/ => C:\Users\siree\.stmcufinder\plugins\mcufinder
2025-11-03 14:49:25,901 [INFO] ApiDb:250 - Set database path to: C:\Users\siree\.stmcufinder\plugins\mcufinder//mcu/
2025-11-03 14:49:25,901 [WARN] DbFile:41 - Overriding database path with different value: C:\Users\siree\.stmcufinder\plugins\mcufinder/ => C:\Users\siree\.stmcufinder\plugins\mcufinder
2025-11-03 14:49:25,901 [INFO] DbMcusAds:125 - Set database path to: C:\Users\siree\.stmcufinder\plugins\mcufinder//mcu/
2025-11-03 14:49:25,901 [WARN] DbFile:41 - Overriding database path with different value: C:\Users\siree\.stmcufinder\plugins\mcufinder/ => C:\Users\siree\.stmcufinder\plugins\mcufinder
2025-11-03 14:49:25,901 [WARN] DbFile:41 - Overriding database path with different value: C:\Users\siree\.stmcufinder\plugins\mcufinder/ => C:\Users\siree\.stmcufinder\plugins\mcufinder
2025-11-03 14:49:25,901 [INFO] CrossReferenceDbSqlite:203 - Set database path to: C:\Users\siree\.stmcufinder\plugins\mcufinder//mcu/cs/
2025-11-03 14:49:25,996 [INFO] MainPanel:272 - HeapMemory: 268435456
2025-11-03 14:49:26,143 [INFO] DbMcusXml:78 - Set database path to: C:\ST\STM32CubeIDE_1.18.1\STM32CubeIDE\plugins\com.st.stm32cube.common.mx_6.14.1.202504091515\\db\/mcu/
2025-11-03 14:49:26,143 [INFO] ApiDb:274 - Set plugin database path to: C:\ST\STM32CubeIDE_1.18.1\STM32CubeIDE\plugins\com.st.stm32cube.common.mx_6.14.1.202504091515\\db\/plugins/boardmanager/
2025-11-03 14:49:26,143 [INFO] ApiDb:261 - Set plugin images path to: C:\ST\STM32CubeIDE_1.18.1\STM32CubeIDE\plugins\com.st.stm32cube.common.mx_6.14.1.202504091515\\db\/plugins/mcufinder/images/
2025-11-03 14:49:26,143 [WARN] DbFile:41 - Overriding database path with different value: C:\Users\siree\.stmcufinder\plugins\mcufinder/ => C:\Users\siree\.stmcufinder\plugins\mcufinder
2025-11-03 14:49:26,143 [INFO] ApiDb:250 - Set database path to: C:\Users\siree\.stmcufinder\plugins\mcufinder//mcu/
2025-11-03 14:49:26,143 [WARN] DbFile:41 - Overriding database path with different value: C:\Users\siree\.stmcufinder\plugins\mcufinder/ => C:\Users\siree\.stmcufinder\plugins\mcufinder
2025-11-03 14:49:26,143 [INFO] DbMcusAds:125 - Set database path to: C:\Users\siree\.stmcufinder\plugins\mcufinder//mcu/
2025-11-03 14:49:26,143 [WARN] DbFile:41 - Overriding database path with different value: C:\Users\siree\.stmcufinder\plugins\mcufinder/ => C:\Users\siree\.stmcufinder\plugins\mcufinder
2025-11-03 14:49:26,143 [WARN] DbFile:41 - Overriding database path with different value: C:\Users\siree\.stmcufinder\plugins\mcufinder/ => C:\Users\siree\.stmcufinder\plugins\mcufinder
2025-11-03 14:49:26,143 [INFO] CrossReferenceDbSqlite:203 - Set database path to: C:\Users\siree\.stmcufinder\plugins\mcufinder//mcu/cs/
2025-11-03 14:49:26,152 [INFO] ApplicationProperties:184 - Using Application install path: C:\ST\STM32CubeIDE_1.18.1\STM32CubeIDE\plugins\com.st.stm32cube.common.mx_6.14.1.202504091515
2025-11-03 14:49:26,152 [INFO] PluginManage:196 - Search for loadable plugins [exclusion list=, ]
2025-11-03 14:49:26,152 [INFO] PluginManage:310 - Check plugin analytics
2025-11-03 14:49:26,343 [INFO] AnalyticsPlugin:253 - Accepted Software Licenses: 
2025-11-03 14:49:26,343 [INFO] AnalyticsPlugin:255 - Accepted CMSIS Pack Licenses: 
2025-11-03 14:49:26,343 [INFO] AnalyticsPlugin:257 - Accepted Firmware Licenses: FW.L4.1.18.0,FW.F4.1.28.0,FW.C0.1.4.0,FW.F7.1.17.0,FW.G0.1.6.0,FW.G4.1.6.0,FW.H5.1.5.0,FW.H7.1.12.0,FW.L5.1.5.0,FW.MP1.1.7.0
2025-11-03 14:49:26,343 [INFO] PluginManage:359 - Loaded plugin analytics (category:tool,tabindex:-1)
2025-11-03 14:49:26,351 [INFO] PluginManage:310 - Check plugin cadmodel
2025-11-03 14:49:26,351 [INFO] CADModel:105 - Init CAD model plugin
2025-11-03 14:49:26,351 [INFO] PluginManage:359 - Loaded plugin cadmodel (category:power,tabindex:5)
2025-11-03 14:49:26,351 [INFO] PluginManage:310 - Check plugin clock
2025-11-03 14:49:26,359 [INFO] PluginManage:359 - Loaded plugin clock (category:base,tabindex:2)
2025-11-03 14:49:26,359 [INFO] PluginManage:310 - Check plugin ddr
2025-11-03 14:49:26,359 [INFO] PluginManage:359 - Loaded plugin ddr (category:tool,tabindex:6)
2025-11-03 14:49:26,359 [INFO] PluginManage:310 - Check plugin filemanager
2025-11-03 14:49:26,513 [INFO] PluginManage:359 - Loaded plugin filemanager (category:base,tabindex:10)
2025-11-03 14:49:26,513 [INFO] PluginManage:310 - Check plugin ipmanager
2025-11-03 14:49:26,525 [INFO] PluginManage:359 - Loaded plugin ipmanager (category:base,tabindex:5)
2025-11-03 14:49:26,525 [INFO] PluginManage:310 - Check plugin lpbam
2025-11-03 14:49:26,533 [INFO] PluginManage:359 - Loaded plugin lpbam (category:base,tabindex:0)
2025-11-03 14:49:26,533 [INFO] PluginManage:310 - Check plugin memorymap
2025-11-03 14:49:26,556 [INFO] PluginManage:359 - Loaded plugin memorymap (category:base,tabindex:4)
2025-11-03 14:49:26,560 [INFO] PluginManage:310 - Check plugin pinoutandconfiguration
2025-11-03 14:49:26,571 [INFO] PluginManage:359 - Loaded plugin pinoutandconfiguration (category:base,tabindex:1)
2025-11-03 14:49:26,571 [INFO] PluginManage:310 - Check plugin pinoutconfig
2025-11-03 14:49:26,674 [WARN] SupportedApi:132 - Cannot load RTOS API schema: s4s-elt-must-match.1: The content of 'definitions' must match (annotation?, (simpleType | complexType)?, (unique | key | keyref)*)). A problem was found starting at: attribute.
2025-11-03 14:49:26,815 [INFO] PluginManage:359 - Loaded plugin pinoutconfig (category:base,tabindex:0)
2025-11-03 14:49:26,826 [INFO] PluginManage:310 - Check plugin power
2025-11-03 14:49:26,831 [INFO] PluginManage:359 - Loaded plugin power (category:power,tabindex:4)
2025-11-03 14:49:26,831 [INFO] PluginManage:310 - Check plugin projectmanager
2025-11-03 14:49:26,854 [INFO] PluginManage:359 - Loaded plugin projectmanager (category:projectmanager,tabindex:4)
2025-11-03 14:49:26,854 [INFO] PluginManage:310 - Check plugin rif
2025-11-03 14:49:26,863 [INFO] PluginManage:359 - Loaded plugin rif (category:base,tabindex:3)
2025-11-03 14:49:26,863 [INFO] PluginManage:310 - Check plugin thirdparty
2025-11-03 14:49:27,017 [INFO] PluginManage:359 - Loaded plugin thirdparty (category:base,tabindex:-1)
2025-11-03 14:49:27,021 [INFO] PluginManage:310 - Check plugin tools
2025-11-03 14:49:27,017 [WARN] IntegrityCheckThread:84 - waiting for thirdparty lock release [integrity check]
2025-11-03 14:49:27,021 [INFO] IntegrityCheckThread:86 - entering critical section [integrity check]
2025-11-03 14:49:27,021 [INFO] ThirdPartyUpdaterWithRetryManager:70 - Updater plugin not ready yet. [1/15]
2025-11-03 14:49:27,021 [INFO] PluginManage:359 - Loaded plugin tools (category:base,tabindex:7)
2025-11-03 14:49:27,021 [INFO] PluginManage:310 - Check plugin tutovideos
2025-11-03 14:49:27,210 [INFO] PluginManage:359 - Loaded plugin tutovideos (category:base,tabindex:-1)
2025-11-03 14:49:27,210 [INFO] PluginManage:310 - Check plugin updater
2025-11-03 14:49:27,234 [INFO] PluginManage:359 - Loaded plugin updater (category:base,tabindex:12)
2025-11-03 14:49:27,234 [INFO] PluginManage:310 - Check plugin userauth
2025-11-03 14:49:27,234 [INFO] UserAuth:118 - Init User Auth plugin
2025-11-03 14:49:27,241 [INFO] PluginManage:359 - Loaded plugin userauth (category:base,tabindex:14)
2025-11-03 14:49:27,241 [INFO] PluginManage:283 - PluginManage : Loaded plugins [18]
2025-11-03 14:49:27,470 [INFO] PinOutPanel:1589 - setPackage(No Configuration,No Configuration)
2025-11-03 14:49:27,573 [INFO] CADModel:165 - CPN selected for project level
2025-11-03 14:49:27,573 [INFO] CADModel:114 - Register for checkConnection events
2025-11-03 14:49:27,589 [INFO] IPUIPlugin:80 - create IPUIPlugin
2025-11-03 14:49:27,592 [INFO] PluginManager:220 - loadIPPluginJar : add adc
2025-11-03 14:49:27,592 [INFO] IPUIPlugin:80 - create IPUIPlugin
2025-11-03 14:49:27,592 [INFO] PluginManager:220 - loadIPPluginJar : add aes
2025-11-03 14:49:27,597 [INFO] IPUIPlugin:80 - create IPUIPlugin
2025-11-03 14:49:27,597 [INFO] PluginManager:220 - loadIPPluginJar : add can
2025-11-03 14:49:27,597 [INFO] IPUIPlugin:80 - create IPUIPlugin
2025-11-03 14:49:27,597 [INFO] PluginManager:220 - loadIPPluginJar : add comp
2025-11-03 14:49:27,597 [INFO] IPUIPlugin:80 - create IPUIPlugin
2025-11-03 14:49:27,597 [INFO] PluginManager:220 - loadIPPluginJar : add cryp
2025-11-03 14:49:27,597 [INFO] IPUIPlugin:80 - create IPUIPlugin
2025-11-03 14:49:27,597 [INFO] PluginManager:220 - loadIPPluginJar : add ddr_ctrl_phy
2025-11-03 14:49:27,610 [INFO] IPUIPlugin:80 - create IPUIPlugin
2025-11-03 14:49:27,610 [INFO] PluginManager:220 - loadIPPluginJar : add dfsdm
2025-11-03 14:49:27,616 [INFO] IPUIPlugin:80 - create IPUIPlugin
2025-11-03 14:49:27,616 [INFO] PluginManager:220 - loadIPPluginJar : add dma
2025-11-03 14:49:27,620 [INFO] IPUIPlugin:80 - create IPUIPlugin
2025-11-03 14:49:27,620 [INFO] PluginManager:220 - loadIPPluginJar : add dma3
2025-11-03 14:49:27,622 [INFO] IPUIPlugin:80 - create IPUIPlugin
2025-11-03 14:49:27,622 [INFO] PluginManager:220 - loadIPPluginJar : add extmemmanager
2025-11-03 14:49:27,622 [INFO] IPUIPlugin:80 - create IPUIPlugin
2025-11-03 14:49:27,622 [INFO] PluginManager:220 - loadIPPluginJar : add fatfs
2025-11-03 14:49:27,631 [INFO] IPUIPlugin:80 - create IPUIPlugin
2025-11-03 14:49:27,631 [INFO] PluginManager:220 - loadIPPluginJar : add fmc
2025-11-03 14:49:27,639 [INFO] IPUIPlugin:80 - create IPUIPlugin
2025-11-03 14:49:27,639 [INFO] PluginManager:220 - loadIPPluginJar : add freertos
2025-11-03 14:49:27,641 [INFO] IPUIPlugin:80 - create IPUIPlugin
2025-11-03 14:49:27,641 [INFO] PluginManager:220 - loadIPPluginJar : add genericplugin
2025-11-03 14:49:27,643 [INFO] IPUIPlugin:80 - create IPUIPlugin
2025-11-03 14:49:27,643 [INFO] PluginManager:220 - loadIPPluginJar : add gfxmmu
2025-11-03 14:49:27,648 [INFO] IPUIPlugin:80 - create IPUIPlugin
2025-11-03 14:49:27,648 [INFO] PluginManager:220 - loadIPPluginJar : add gic
2025-11-03 14:49:27,648 [INFO] IPUIPlugin:80 - create IPUIPlugin
2025-11-03 14:49:27,648 [INFO] PluginManager:220 - loadIPPluginJar : add gpio
2025-11-03 14:49:27,657 [INFO] IPUIPlugin:80 - create IPUIPlugin
2025-11-03 14:49:27,657 [INFO] PluginManager:220 - loadIPPluginJar : add gtzc
2025-11-03 14:49:27,657 [INFO] IPUIPlugin:80 - create IPUIPlugin
2025-11-03 14:49:27,657 [INFO] PluginManager:220 - loadIPPluginJar : add hash
2025-11-03 14:49:27,661 [INFO] IPUIPlugin:80 - create IPUIPlugin
2025-11-03 14:49:27,661 [INFO] PluginManager:220 - loadIPPluginJar : add i2c
2025-11-03 14:49:27,661 [INFO] IPUIPlugin:80 - create IPUIPlugin
2025-11-03 14:49:27,661 [INFO] PluginManager:220 - loadIPPluginJar : add i2s
2025-11-03 14:49:27,671 [INFO] IPUIPlugin:80 - create IPUIPlugin
2025-11-03 14:49:27,671 [INFO] PluginManager:220 - loadIPPluginJar : add i3c
2025-11-03 14:49:27,671 [INFO] IPUIPlugin:80 - create IPUIPlugin
2025-11-03 14:49:27,671 [INFO] PluginManager:220 - loadIPPluginJar : add ipddr
2025-11-03 14:49:27,680 [INFO] IPUIPlugin:80 - create IPUIPlugin
2025-11-03 14:49:27,680 [INFO] PluginManager:220 - loadIPPluginJar : add linkedlist
2025-11-03 14:49:27,685 [INFO] IPUIPlugin:80 - create IPUIPlugin
2025-11-03 14:49:27,685 [INFO] PluginManager:220 - loadIPPluginJar : add lorawan
2025-11-03 14:49:27,685 [INFO] IPUIPlugin:80 - create IPUIPlugin
2025-11-03 14:49:27,685 [INFO] PluginManager:220 - loadIPPluginJar : add ltdc
2025-11-03 14:49:27,692 [INFO] IPUIPlugin:80 - create IPUIPlugin
2025-11-03 14:49:27,692 [INFO] PluginManager:220 - loadIPPluginJar : add mdma
2025-11-03 14:49:27,692 [INFO] IPUIPlugin:80 - create IPUIPlugin
2025-11-03 14:49:27,692 [INFO] PluginManager:220 - loadIPPluginJar : add nvic
2025-11-03 14:49:27,700 [INFO] IPUIPlugin:80 - create IPUIPlugin
2025-11-03 14:49:27,700 [INFO] PluginManager:220 - loadIPPluginJar : add opamp
2025-11-03 14:49:27,700 [INFO] IPUIPlugin:80 - create IPUIPlugin
2025-11-03 14:49:27,700 [INFO] PluginManager:220 - loadIPPluginJar : add openamp
2025-11-03 14:49:27,708 [INFO] IPUIPlugin:80 - create IPUIPlugin
2025-11-03 14:49:27,708 [INFO] PluginManager:220 - loadIPPluginJar : add pdm2pcm
2025-11-03 14:49:27,715 [INFO] IPUIPlugin:80 - create IPUIPlugin
2025-11-03 14:49:27,715 [INFO] PluginManager:220 - loadIPPluginJar : add plateformsettings
2025-11-03 14:49:27,715 [INFO] IPUIPlugin:80 - create IPUIPlugin
2025-11-03 14:49:27,715 [INFO] PluginManager:220 - loadIPPluginJar : add quadspi
2025-11-03 14:49:27,724 [INFO] IPUIPlugin:80 - create IPUIPlugin
2025-11-03 14:49:27,724 [INFO] PluginManager:220 - loadIPPluginJar : add radio
2025-11-03 14:49:27,724 [INFO] IPUIPlugin:80 - create IPUIPlugin
2025-11-03 14:49:27,724 [INFO] PluginManager:220 - loadIPPluginJar : add resmgrutility
2025-11-03 14:49:27,732 [INFO] IPUIPlugin:80 - create IPUIPlugin
2025-11-03 14:49:27,732 [INFO] PluginManager:220 - loadIPPluginJar : add sai
2025-11-03 14:49:27,738 [INFO] IPUIPlugin:80 - create IPUIPlugin
2025-11-03 14:49:27,738 [INFO] PluginManager:220 - loadIPPluginJar : add spi
2025-11-03 14:49:27,743 [INFO] IPUIPlugin:80 - create IPUIPlugin
2025-11-03 14:49:27,743 [INFO] PluginManager:220 - loadIPPluginJar : add stm32_wpan
2025-11-03 14:49:27,746 [INFO] IPUIPlugin:80 - create IPUIPlugin
2025-11-03 14:49:27,746 [INFO] PluginManager:220 - loadIPPluginJar : add tim
2025-11-03 14:49:27,748 [INFO] IPUIPlugin:80 - create IPUIPlugin
2025-11-03 14:49:27,748 [INFO] PluginManager:220 - loadIPPluginJar : add touchsensing
2025-11-03 14:49:27,752 [INFO] IPUIPlugin:80 - create IPUIPlugin
2025-11-03 14:49:27,752 [INFO] PluginManager:220 - loadIPPluginJar : add tracer_emb
2025-11-03 14:49:27,755 [INFO] IPUIPlugin:80 - create IPUIPlugin
2025-11-03 14:49:27,755 [INFO] PluginManager:220 - loadIPPluginJar : add ts
2025-11-03 14:49:27,755 [INFO] IPUIPlugin:80 - create IPUIPlugin
2025-11-03 14:49:27,755 [INFO] PluginManager:220 - loadIPPluginJar : add tsc
2025-11-03 14:49:27,755 [INFO] IPUIPlugin:80 - create IPUIPlugin
2025-11-03 14:49:27,755 [INFO] PluginManager:220 - loadIPPluginJar : add ucpd
2025-11-03 14:49:27,762 [INFO] IPUIPlugin:80 - create IPUIPlugin
2025-11-03 14:49:27,762 [INFO] PluginManager:220 - loadIPPluginJar : add usart
2025-11-03 14:49:27,762 [INFO] IPUIPlugin:80 - create IPUIPlugin
2025-11-03 14:49:27,762 [INFO] PluginManager:220 - loadIPPluginJar : add usbx
2025-11-03 14:49:27,904 [FATAL] Updater:351 - Updater called before beeing initialized
2025-11-03 14:49:27,932 [INFO] RulesReader:64 - Compatibility file has been processed (302 Rules)
2025-11-03 14:49:27,950 [INFO] RulesReader:64 - Compatibility file has been processed (302 Rules)
2025-11-03 14:49:27,966 [INFO] CADModel:165 - CPN selected for project level
2025-11-03 14:49:27,966 [INFO] CADModel:114 - Register for checkConnection events
2025-11-03 14:49:27,966 [FATAL] Updater:351 - Updater called before beeing initialized
2025-11-03 14:49:27,966 [ERROR] CADModel:125 - Updater not yet initialized, retry later 
2025-11-03 14:49:28,110 [FATAL] Updater:351 - Updater called before beeing initialized
2025-11-03 14:49:28,117 [INFO] CADModel:165 - CPN selected for project level
2025-11-03 14:49:28,117 [INFO] CADModel:114 - Register for checkConnection events
2025-11-03 14:49:28,117 [FATAL] Updater:351 - Updater called before beeing initialized
2025-11-03 14:49:28,117 [ERROR] CADModel:125 - Updater not yet initialized, retry later 
2025-11-03 14:49:28,117 [FATAL] Updater:351 - Updater called before beeing initialized
2025-11-03 14:49:28,228 [FATAL] Updater:351 - Updater called before beeing initialized
2025-11-03 14:49:28,232 [INFO] DbMcusAds:53 - JSON generation date=Thu Oct 02 15:06:05 IST 2025 (1759397765645)
2025-11-03 14:49:28,232 [FATAL] Updater:351 - Updater called before beeing initialized
2025-11-03 14:49:28,270 [WARN] DetailPanel:346 - Failed to get advertising image, set to default
2025-11-03 14:49:28,498 [FATAL] Updater:351 - Updater called before beeing initialized
2025-11-03 14:49:28,504 [FATAL] Updater:351 - Updater called before beeing initialized
2025-11-03 14:49:28,504 [FATAL] Updater:351 - Updater called before beeing initialized
2025-11-03 14:49:28,504 [WARN] DetailPanel:346 - Failed to get advertising image, set to default
2025-11-03 14:49:28,504 [FATAL] Updater:351 - Updater called before beeing initialized
2025-11-03 14:49:28,562 [ERROR] Updater:1198 - MainUpdater not yet initialized. External WinMGr cannot be set.
2025-11-03 14:49:28,562 [INFO] Updater:1134 - Updater Version found : 6.14.1
2025-11-03 14:49:28,574 [INFO] ApplicationProperties:184 - Using Application install path: C:\ST\STM32CubeIDE_1.18.1\STM32CubeIDE\plugins\com.st.stm32cube.common.mx_6.14.1.202504091515
2025-11-03 14:49:28,952 [INFO] MainUpdater:2872 - connection check result : 10
2025-11-03 14:49:28,954 [INFO] MainUpdater:289 - Updater Check For Update Now.
2025-11-03 14:49:28,954 [INFO] MicroXplorer:498 - Change Database Version : DB.6.0.141
2025-11-03 14:49:28,955 [INFO] McuFinderGlobals:63 - Set McuFinder mode to 2 (CubeIDE integrated)
2025-11-03 14:49:28,955 [INFO] UserAuth:484 - Internet connection configuration mode: 1
2025-11-03 14:49:29,000 [INFO] JxBrowserEngine:152 - Initiate JxBrowser Engine with user profile folder
2025-11-03 14:49:29,157 [INFO] CheckServerUpdateThread:120 - End of CheckServer Thread
2025-11-03 14:49:30,423 [INFO] WebApp:169 - Instantiating new browser for Auth
2025-11-03 14:49:30,434 [WARN] PackLoader:240 - Cannot read IP mode file for STMicroelectronics.FP-SNS-MOTENVWB1.1.4.0
2025-11-03 14:49:30,467 [WARN] PackLoader:240 - Cannot read IP mode file for STMicroelectronics.FP-ATR-ASTRA1.2.0.2
2025-11-03 14:49:30,486 [WARN] PackLoader:240 - Cannot read IP mode file for STMicroelectronics.X-CUBE-SMBUS.2.1.0
2025-11-03 14:49:30,517 [WARN] PackLoader:240 - Cannot read IP mode file for STMicroelectronics.X-CUBE-AZRTOS-F7.1.1.0
2025-11-03 14:49:30,517 [WARN] PackLoader:240 - Cannot read IP mode file for Cesanta.I-CUBE-Mongoose.7.19.0
2025-11-03 14:49:30,535 [ERROR] Engine:466 - C:\Users\siree\.stm32cubemx\thirdparties\pdsc\STMicroelectronics.FP-SNS-MOTENV1.5.1.0.pdsc: PDSC version is not supported
2025-11-03 14:49:30,540 [ERROR] Engine:466 - C:\Users\siree\.stm32cubemx\thirdparties\pdsc\WES.I-CUBE-Cesium.1.4.0.pdsc: PDSC version is not supported
2025-11-03 14:49:30,590 [WARN] PackLoader:240 - Cannot read IP mode file for Infineon.AIROC-Wi-Fi-Bluetooth-STM32.1.7.1
2025-11-03 14:49:30,626 [WARN] PackLoader:240 - Cannot read IP mode file for STMicroelectronics.X-CUBE-AZRTOS-H7.3.4.0
2025-11-03 14:49:30,642 [WARN] PackLoader:240 - Cannot read IP mode file for STMicroelectronics.X-CUBE-DISPLAY.3.0.0
2025-11-03 14:49:30,655 [WARN] PackLoader:240 - Cannot read IP mode file for STMicroelectronics.X-CUBE-NFC10.1.0.0
2025-11-03 14:49:30,655 [WARN] PackLoader:240 - Cannot read IP mode file for STMicroelectronics.X-CUBE-ST60.1.1.0
2025-11-03 14:49:30,664 [WARN] PackLoader:240 - Cannot read IP mode file for emotas.I-CUBE-CANOPEN.1.3.0
2025-11-03 14:49:30,677 [WARN] PackLoader:240 - Cannot read IP mode file for STMicroelectronics.X-CUBE-GNSS1.7.1.0
2025-11-03 14:49:30,677 [ERROR] Engine:466 - C:\Users\siree\.stm32cubemx\thirdparties\pdsc\STMicroelectronics.FP-SNS-STBOX1.2.1.0.pdsc: PDSC version is not supported
2025-11-03 14:49:30,688 [WARN] PackLoader:240 - Cannot read IP mode file for STMicroelectronics.FP-SNS-SMARTAG2.1.2.0
2025-11-03 14:49:30,694 [WARN] PackLoader:240 - Cannot read IP mode file for STMicroelectronics.FP-SNS-FLIGHT1.5.1.0
2025-11-03 14:49:30,707 [INFO] LogOutputStream:77 - [STDOUT_REDIRECT] 1 : Invalid condition id : UX_CORESTACK_Condition cause : null
2025-11-03 14:49:30,707 [INFO] LogOutputStream:77 - [STDOUT_REDIRECT] 1 : Invalid condition id : UX_CORESTACK_Condition cause : null
2025-11-03 14:49:30,707 [INFO] LogOutputStream:77 - [STDOUT_REDIRECT] 1 : Invalid condition id : UX_CORESTACK_Condition cause : null
2025-11-03 14:49:30,707 [INFO] LogOutputStream:77 - [STDOUT_REDIRECT] 1 : Invalid condition id : UX_CORESTACK_Condition cause : null
2025-11-03 14:49:30,707 [INFO] LogOutputStream:77 - [STDOUT_REDIRECT] 1 : Invalid condition id : UX_CORESTACK_Condition cause : null
2025-11-03 14:49:30,714 [WARN] PackLoader:240 - Cannot read IP mode file for STMicroelectronics.X-CUBE-AZRTOS-WL.2.0.0
2025-11-03 14:49:30,721 [WARN] PackLoader:240 - Cannot read IP mode file for STMicroelectronics.X-CUBE-BLE2.3.3.0
2025-11-03 14:49:30,728 [WARN] PackLoader:240 - Cannot read IP mode file for STMicroelectronics.X-CUBE-NFC9.1.0.0
2025-11-03 14:49:30,737 [WARN] PackLoader:240 - Cannot read IP mode file for wolfSSL.I-CUBE-wolfSSL.5.8.2
2025-11-03 14:49:30,739 [WARN] PackLoader:240 - Cannot read IP mode file for STMicroelectronics.X-CUBE-BLE1.7.1.0
2025-11-03 14:49:30,748 [WARN] PackLoader:240 - Cannot read IP mode file for wolfSSL.I-CUBE-wolfMQTT.1.19.2
2025-11-03 14:49:30,754 [WARN] PackLoader:240 - Cannot read IP mode file for STMicroelectronics.X-CUBE-EEPRMA1.5.2.0
2025-11-03 14:49:30,760 [ERROR] Engine:466 - C:\Users\siree\.stm32cubemx\thirdparties\pdsc\STMicroelectronics.X-CUBE-ST67W61.1.1.0.pdsc: PDSC version is not supported
2025-11-03 14:49:30,776 [WARN] PackLoader:240 - Cannot read IP mode file for STMicroelectronics.X-CUBE-AZRTOS-G0.1.1.0
2025-11-03 14:49:30,785 [WARN] PackLoader:240 - Cannot read IP mode file for STMicroelectronics.X-CUBE-SAFEA1.1.2.2
2025-11-03 14:49:30,794 [WARN] PackLoader:240 - Cannot read IP mode file for STMicroelectronics.X-CUBE-NFC4.3.0.0
2025-11-03 14:49:30,802 [WARN] PackLoader:240 - Cannot read IP mode file for EmbeddedOffice.I-CUBE-FS-RTOS.1.0.1
2025-11-03 14:49:30,809 [WARN] PackLoader:240 - Cannot read IP mode file for STMicroelectronics.X-CUBE-WB05N.2.0.0
2025-11-03 14:49:30,813 [WARN] PackLoader:240 - Cannot read IP mode file for wolfSSL.I-CUBE-wolfTPM.3.8.0
2025-11-03 14:49:30,830 [WARN] PackLoader:240 - Cannot read IP mode file for STMicroelectronics.X-CUBE-TCPP.4.2.0
2025-11-03 14:49:30,843 [WARN] PackLoader:240 - Cannot read IP mode file for RealThread.X-CUBE-RT-Thread_Nano.4.1.1
2025-11-03 14:49:30,844 [WARN] PackLoader:240 - Cannot read IP mode file for STMicroelectronics.FP-ATR-SIGFOX1.3.2.0
2025-11-03 14:49:30,856 [WARN] PackLoader:240 - Cannot read IP mode file for ITTIA_DB.I-CUBE-ITTIADB.8.9.0
2025-11-03 14:49:30,862 [WARN] PackLoader:240 - Cannot read IP mode file for STMicroelectronics.X-CUBE-AI.10.2.0
2025-11-03 14:49:30,894 [WARN] PackLoader:240 - Cannot read IP mode file for SEGGER.I-CUBE-embOS.1.3.1
2025-11-03 14:49:30,965 [WARN] PackLoader:240 - Cannot read IP mode file for STMicroelectronics.X-CUBE-ALGOBUILD.1.4.0
2025-11-03 14:49:31,002 [WARN] PackLoader:240 - Cannot read IP mode file for STMicroelectronics.X-CUBE-MEMS1.11.3.0
2025-11-03 14:49:31,103 [WARN] PackLoader:240 - Cannot read IP mode file for STMicroelectronics.X-CUBE-PM33A1.1.0.0
2025-11-03 14:49:31,115 [WARN] PackLoader:240 - Cannot read IP mode file for STMicroelectronics.X-CUBE-AZRTOS-F4.1.1.0
2025-11-03 14:49:31,124 [WARN] PackLoader:240 - Cannot read IP mode file for STMicroelectronics.X-CUBE-ISPU.2.1.0
2025-11-03 14:49:31,131 [ERROR] Engine:466 - C:\Users\siree\.stm32cubemx\thirdparties\pdsc\STMicroelectronics.X-CUBE-IPS.3.2.0.pdsc: PDSC version is not supported
2025-11-03 14:49:31,139 [WARN] PackLoader:240 - Cannot read IP mode file for STMicroelectronics.X-CUBE-NFC12.1.0.0
2025-11-03 14:49:31,149 [WARN] PackLoader:240 - Cannot read IP mode file for STMicroelectronics.X-CUBE-AZRTOS-L5.2.0.0
2025-11-03 14:49:31,167 [WARN] PackLoader:240 - Cannot read IP mode file for STMicroelectronics.X-CUBE-NFC6.3.1.0
2025-11-03 14:49:31,177 [WARN] PackLoader:240 - Cannot read IP mode file for STMicroelectronics.X-CUBE-FREERTOS.1.3.1
2025-11-03 14:49:31,185 [WARN] PackLoader:240 - Cannot read IP mode file for STMicroelectronics.X-CUBE-TOUCHGFX.4.26.0
2025-11-03 14:49:31,193 [WARN] PackLoader:240 - Cannot read IP mode file for STMicroelectronics.FP-SNS-STAIOTCFT.1.0.0
2025-11-03 14:49:31,199 [WARN] PackLoader:240 - Cannot read IP mode file for STMicroelectronics.X-CUBE-DPower.1.3.0
2025-11-03 14:49:31,215 [WARN] ConditionMgr:438 - getConditionDescription Invalid condition id : LAN8742 Phy interface Condition cause : null
2025-11-03 14:49:31,215 [WARN] PackLoader:240 - Cannot read IP mode file for STMicroelectronics.X-CUBE-AZRTOS-L4.2.0.0
2025-11-03 14:49:31,218 [WARN] ConditionMgr:1044 - genDependencies : Invalid condition id : LAN8742 Phy interface Condition cause : null
2025-11-03 14:49:31,218 [WARN] ConditionMgr:1044 - genDependencies : Invalid condition id : LAN8742 Phy interface Condition cause : null
2025-11-03 14:49:31,218 [WARN] ConditionMgr:1044 - genDependencies : Invalid condition id : LAN8742 Phy interface Condition cause : null
2025-11-03 14:49:31,227 [WARN] PackLoader:240 - Cannot read IP mode file for STMicroelectronics.X-CUBE-SFXS2LP1.4.0.0
2025-11-03 14:49:31,246 [WARN] PackLoader:240 - Cannot read IP mode file for STMicroelectronics.X-CUBE-BLEMGR.4.1.0
2025-11-03 14:49:31,256 [WARN] ConditionMgr:438 - getConditionDescription Invalid condition id : UX DEVICE CLASS RTOS Condition cause : null
2025-11-03 14:49:31,256 [WARN] ConditionMgr:438 - getConditionDescription Invalid condition id : UX DEVICE CLASS RTOS Condition cause : null
2025-11-03 14:49:31,264 [WARN] PackLoader:240 - Cannot read IP mode file for STMicroelectronics.X-CUBE-AZRTOS-WB.2.0.0
2025-11-03 14:49:31,265 [WARN] ConditionMgr:1044 - genDependencies : Invalid condition id : UX DEVICE CLASS RTOS Condition cause : null
2025-11-03 14:49:31,265 [WARN] ConditionMgr:1044 - genDependencies : Invalid condition id : UX DEVICE CLASS RTOS Condition cause : null
2025-11-03 14:49:31,266 [WARN] ConditionMgr:1044 - genDependencies : Invalid condition id : UX DEVICE CLASS RTOS Condition cause : null
2025-11-03 14:49:31,266 [WARN] ConditionMgr:1044 - genDependencies : Invalid condition id : UX DEVICE CLASS RTOS Condition cause : null
2025-11-03 14:49:31,266 [WARN] ConditionMgr:1044 - genDependencies : Invalid condition id : UX DEVICE CLASS RTOS Condition cause : null
2025-11-03 14:49:31,270 [WARN] PackLoader:240 - Cannot read IP mode file for STMicroelectronics.X-CUBE-GNSS1.7.0.1
2025-11-03 14:49:31,277 [WARN] ConditionMgr:438 - getConditionDescription Invalid condition id : Cortex-A Device cause : null
2025-11-03 14:49:31,292 [WARN] ConditionMgr:1044 - genDependencies : Invalid condition id : Cortex-A Device cause : null
2025-11-03 14:49:31,292 [WARN] ConditionMgr:1044 - genDependencies : Invalid condition id : Cortex-A Device cause : null
2025-11-03 14:49:31,292 [WARN] ConditionMgr:1044 - genDependencies : Invalid condition id : Cortex-A Device cause : null
2025-11-03 14:49:31,303 [WARN] PackLoader:240 - Cannot read IP mode file for STMicroelectronics.X-CUBE-SUBG2.5.0.0
2025-11-03 14:49:31,321 [WARN] PackLoader:240 - Cannot read IP mode file for STMicroelectronics.X-CUBE-AZRTOS-H7RS.1.1.0
2025-11-03 14:49:31,337 [WARN] PackLoader:240 - Cannot read IP mode file for STMicroelectronics.X-CUBE-AZRTOS-G4.2.0.0
2025-11-03 14:49:31,337 [WARN] PackLoader:240 - Cannot read IP mode file for wolfSSL.I-CUBE-wolfSSH.1.4.20
2025-11-03 14:49:31,346 [WARN] PackLoader:240 - Cannot read IP mode file for STMicroelectronics.X-CUBE-NFC7.2.0.0
2025-11-03 14:49:31,346 [WARN] PackLoader:240 - Cannot read IP mode file for STMicroelectronics.X-CUBE-ALS.1.0.2
2025-11-03 14:49:31,346 [WARN] PackLoader:240 - Cannot read IP mode file for STMicroelectronics.X-CUBE-STSE01.1.0.0
2025-11-03 14:49:31,361 [WARN] PackLoader:240 - Cannot read IP mode file for STMicroelectronics.X-CUBE-TOF1.3.4.3
2025-11-03 14:49:31,375 [INFO] ThirdParty:978 - Integrity check success = true
2025-11-03 14:49:31,377 [INFO] IntegrityCheckThread:100 - exiting critical section [integrity check]
2025-11-03 14:49:31,377 [INFO] IntegrityCheckThread:103 - End integrity checks thread
2025-11-03 14:49:31,879 [INFO] WebApp:463 - Apply proxy settings
2025-11-03 14:49:31,879 [INFO] WebApp:548 - Chromium requires no authentication
2025-11-03 14:49:31,887 [INFO] WebApp:491 - Direct internet connection detected
2025-11-03 14:49:31,921 [INFO] WebApp:894 - Register for checkConnection events
2025-11-03 14:49:31,921 [INFO] WebApp:463 - Apply proxy settings
2025-11-03 14:49:31,921 [INFO] WebApp:548 - Chromium requires no authentication
2025-11-03 14:49:31,921 [INFO] WebApp:491 - Direct internet connection detected
2025-11-03 14:49:32,119 [INFO] WebApp:191 - Connection restablished
2025-11-03 14:49:32,165 [INFO] WebApp:225 - Starting web application
2025-11-03 14:49:32,173 [INFO] WebApp:593 - Web application path used C:\ST\STM32CubeIDE_1.18.1\STM32CubeIDE\plugins\com.st.stm32cube.common.mx_6.14.1.202504091515\db\plugins\mcufinder\reactClient1\index.html
2025-11-03 14:49:32,272 [INFO] UserAuth:484 - Internet connection configuration mode: 1
2025-11-03 15:31:42,813 [INFO] WebApp:194 - Connection lost
2025-11-03 15:31:43,575 [INFO] WebApp:191 - Connection restablished
2025-11-03 15:58:26,406 [ERROR] LogOutputStream:75 - [STDERR_REDIRECT] 
2025-11-03 18:11:45,628 [INFO] Activator:176 - 


2025-11-03 18:11:45,630 [INFO] Activator:177 - !SESSION log4j initialized
2025-11-03 18:11:51,761 [INFO] LogOutputStream:77 - [STDOUT_REDIRECT] 
2025-11-03 18:11:52,079 [ERROR] ConfigurationRetriever:142 - IOException on connection: sw-center.st.com
2025-11-03 18:11:52,080 [ERROR] ConfigurationRetriever:142 - IOException on connection: sw-center.st.com
2025-11-03 18:11:52,080 [ERROR] ConfigurationRetriever:142 - IOException on connection: sw-center.st.com
2025-11-03 18:11:53,727 [INFO] ApplicationProperties:184 - Using Application install path: C:\ST\STM32CubeIDE_1.18.1\STM32CubeIDE\plugins\com.st.stm32cube.common.mx_6.14.1.202504091515
2025-11-03 18:11:53,751 [INFO] DbMcusXml:78 - Set database path to: C:\ST\STM32CubeIDE_1.18.1\STM32CubeIDE\plugins\com.st.stm32cube.common.mx_6.14.1.202504091515\\db\/mcu/
2025-11-03 18:11:53,751 [INFO] ApiDb:274 - Set plugin database path to: C:\ST\STM32CubeIDE_1.18.1\STM32CubeIDE\plugins\com.st.stm32cube.common.mx_6.14.1.202504091515\\db\/plugins/boardmanager/
2025-11-03 18:11:53,751 [WARN] ApiDb:259 - Overriding images path with different value:  => C:\ST\STM32CubeIDE_1.18.1\STM32CubeIDE\plugins\com.st.stm32cube.common.mx_6.14.1.202504091515\\db\/plugins/mcufinder/images/
2025-11-03 18:11:53,758 [INFO] ApiDb:250 - Set database path to: C:\Users\siree\.stmcufinder\plugins\mcufinder//mcu/
2025-11-03 18:11:53,758 [INFO] DbMcusAds:125 - Set database path to: C:\Users\siree\.stmcufinder\plugins\mcufinder//mcu/
2025-11-03 18:11:53,758 [INFO] CrossReferenceDbSqlite:203 - Set database path to: C:\Users\siree\.stmcufinder\plugins\mcufinder//mcu/cs/
2025-11-03 18:11:53,867 [INFO] RulesReader:64 - Compatibility file has been processed (302 Rules)
2025-11-03 18:11:53,990 [INFO] DbMcusXml:78 - Set database path to: C:\ST\STM32CubeIDE_1.18.1\STM32CubeIDE\plugins\com.st.stm32cube.common.mx_6.14.1.202504091515\\db\/mcu/
2025-11-03 18:11:53,990 [INFO] ApiDb:274 - Set plugin database path to: C:\ST\STM32CubeIDE_1.18.1\STM32CubeIDE\plugins\com.st.stm32cube.common.mx_6.14.1.202504091515\\db\/plugins/boardmanager/
2025-11-03 18:11:53,990 [INFO] ApiDb:261 - Set plugin images path to: C:\ST\STM32CubeIDE_1.18.1\STM32CubeIDE\plugins\com.st.stm32cube.common.mx_6.14.1.202504091515\\db\/plugins/mcufinder/images/
2025-11-03 18:11:53,990 [WARN] DbFile:41 - Overriding database path with different value: C:\Users\siree\.stmcufinder\plugins\mcufinder/ => C:\Users\siree\.stmcufinder\plugins\mcufinder
2025-11-03 18:11:53,990 [INFO] ApiDb:250 - Set database path to: C:\Users\siree\.stmcufinder\plugins\mcufinder//mcu/
2025-11-03 18:11:53,990 [WARN] DbFile:41 - Overriding database path with different value: C:\Users\siree\.stmcufinder\plugins\mcufinder/ => C:\Users\siree\.stmcufinder\plugins\mcufinder
2025-11-03 18:11:53,990 [INFO] DbMcusAds:125 - Set database path to: C:\Users\siree\.stmcufinder\plugins\mcufinder//mcu/
2025-11-03 18:11:53,990 [WARN] DbFile:41 - Overriding database path with different value: C:\Users\siree\.stmcufinder\plugins\mcufinder/ => C:\Users\siree\.stmcufinder\plugins\mcufinder
2025-11-03 18:11:53,991 [WARN] DbFile:41 - Overriding database path with different value: C:\Users\siree\.stmcufinder\plugins\mcufinder/ => C:\Users\siree\.stmcufinder\plugins\mcufinder
2025-11-03 18:11:53,991 [INFO] CrossReferenceDbSqlite:203 - Set database path to: C:\Users\siree\.stmcufinder\plugins\mcufinder//mcu/cs/
2025-11-03 18:11:54,108 [INFO] MainPanel:272 - HeapMemory: 268435456
2025-11-03 18:11:54,245 [INFO] DbMcusXml:78 - Set database path to: C:\ST\STM32CubeIDE_1.18.1\STM32CubeIDE\plugins\com.st.stm32cube.common.mx_6.14.1.202504091515\\db\/mcu/
2025-11-03 18:11:54,245 [INFO] ApiDb:274 - Set plugin database path to: C:\ST\STM32CubeIDE_1.18.1\STM32CubeIDE\plugins\com.st.stm32cube.common.mx_6.14.1.202504091515\\db\/plugins/boardmanager/
2025-11-03 18:11:54,245 [INFO] ApiDb:261 - Set plugin images path to: C:\ST\STM32CubeIDE_1.18.1\STM32CubeIDE\plugins\com.st.stm32cube.common.mx_6.14.1.202504091515\\db\/plugins/mcufinder/images/
2025-11-03 18:11:54,246 [WARN] DbFile:41 - Overriding database path with different value: C:\Users\siree\.stmcufinder\plugins\mcufinder/ => C:\Users\siree\.stmcufinder\plugins\mcufinder
2025-11-03 18:11:54,246 [INFO] ApiDb:250 - Set database path to: C:\Users\siree\.stmcufinder\plugins\mcufinder//mcu/
2025-11-03 18:11:54,246 [WARN] DbFile:41 - Overriding database path with different value: C:\Users\siree\.stmcufinder\plugins\mcufinder/ => C:\Users\siree\.stmcufinder\plugins\mcufinder
2025-11-03 18:11:54,246 [INFO] DbMcusAds:125 - Set database path to: C:\Users\siree\.stmcufinder\plugins\mcufinder//mcu/
2025-11-03 18:11:54,246 [WARN] DbFile:41 - Overriding database path with different value: C:\Users\siree\.stmcufinder\plugins\mcufinder/ => C:\Users\siree\.stmcufinder\plugins\mcufinder
2025-11-03 18:11:54,246 [WARN] DbFile:41 - Overriding database path with different value: C:\Users\siree\.stmcufinder\plugins\mcufinder/ => C:\Users\siree\.stmcufinder\plugins\mcufinder
2025-11-03 18:11:54,246 [INFO] CrossReferenceDbSqlite:203 - Set database path to: C:\Users\siree\.stmcufinder\plugins\mcufinder//mcu/cs/
2025-11-03 18:11:54,270 [INFO] ApplicationProperties:184 - Using Application install path: C:\ST\STM32CubeIDE_1.18.1\STM32CubeIDE\plugins\com.st.stm32cube.common.mx_6.14.1.202504091515
2025-11-03 18:11:54,274 [INFO] PluginManage:196 - Search for loadable plugins [exclusion list=, ]
2025-11-03 18:11:54,274 [INFO] PluginManage:310 - Check plugin analytics
2025-11-03 18:11:54,446 [INFO] AnalyticsPlugin:253 - Accepted Software Licenses: 
2025-11-03 18:11:54,446 [INFO] AnalyticsPlugin:255 - Accepted CMSIS Pack Licenses: 
2025-11-03 18:11:54,446 [INFO] AnalyticsPlugin:257 - Accepted Firmware Licenses: FW.L4.1.18.0,FW.F4.1.28.0,FW.C0.1.4.0,FW.F7.1.17.0,FW.G0.1.6.0,FW.G4.1.6.0,FW.H5.1.5.0,FW.H7.1.12.0,FW.L5.1.5.0,FW.MP1.1.7.0
2025-11-03 18:11:54,459 [INFO] PluginManage:359 - Loaded plugin analytics (category:tool,tabindex:-1)
2025-11-03 18:11:54,459 [INFO] PluginManage:310 - Check plugin cadmodel
2025-11-03 18:11:54,459 [ERROR] ConfigurationRetriever:142 - IOException on connection: sw-center.st.com
2025-11-03 18:11:54,462 [ERROR] ConfigurationRetriever:142 - IOException on connection: sw-center.st.com
2025-11-03 18:11:54,462 [ERROR] ConfigurationRetriever:142 - IOException on connection: sw-center.st.com
2025-11-03 18:11:54,466 [INFO] CADModel:105 - Init CAD model plugin
2025-11-03 18:11:54,466 [INFO] PluginManage:359 - Loaded plugin cadmodel (category:power,tabindex:5)
2025-11-03 18:11:54,466 [INFO] PluginManage:310 - Check plugin clock
2025-11-03 18:11:54,479 [INFO] PluginManage:359 - Loaded plugin clock (category:base,tabindex:2)
2025-11-03 18:11:54,479 [INFO] PluginManage:310 - Check plugin ddr
2025-11-03 18:11:54,484 [INFO] PluginManage:359 - Loaded plugin ddr (category:tool,tabindex:6)
2025-11-03 18:11:54,484 [INFO] PluginManage:310 - Check plugin filemanager
2025-11-03 18:11:54,758 [INFO] PluginManage:359 - Loaded plugin filemanager (category:base,tabindex:10)
2025-11-03 18:11:54,758 [INFO] PluginManage:310 - Check plugin ipmanager
2025-11-03 18:11:54,790 [INFO] PluginManage:359 - Loaded plugin ipmanager (category:base,tabindex:5)
2025-11-03 18:11:54,790 [INFO] PluginManage:310 - Check plugin lpbam
2025-11-03 18:11:54,806 [INFO] PluginManage:359 - Loaded plugin lpbam (category:base,tabindex:0)
2025-11-03 18:11:54,806 [INFO] PluginManage:310 - Check plugin memorymap
2025-11-03 18:11:54,852 [INFO] PluginManage:359 - Loaded plugin memorymap (category:base,tabindex:4)
2025-11-03 18:11:54,852 [INFO] PluginManage:310 - Check plugin pinoutandconfiguration
2025-11-03 18:11:54,869 [INFO] PluginManage:359 - Loaded plugin pinoutandconfiguration (category:base,tabindex:1)
2025-11-03 18:11:54,869 [INFO] PluginManage:310 - Check plugin pinoutconfig
2025-11-03 18:11:55,071 [WARN] SupportedApi:132 - Cannot load RTOS API schema: s4s-elt-must-match.1: The content of 'definitions' must match (annotation?, (simpleType | complexType)?, (unique | key | keyref)*)). A problem was found starting at: attribute.
2025-11-03 18:11:55,398 [INFO] PluginManage:359 - Loaded plugin pinoutconfig (category:base,tabindex:0)
2025-11-03 18:11:55,398 [INFO] PluginManage:310 - Check plugin power
2025-11-03 18:11:55,415 [INFO] PluginManage:359 - Loaded plugin power (category:power,tabindex:4)
2025-11-03 18:11:55,417 [INFO] PluginManage:310 - Check plugin projectmanager
2025-11-03 18:11:55,447 [INFO] PluginManage:359 - Loaded plugin projectmanager (category:projectmanager,tabindex:4)
2025-11-03 18:11:55,447 [INFO] PluginManage:310 - Check plugin rif
2025-11-03 18:11:55,467 [INFO] PluginManage:359 - Loaded plugin rif (category:base,tabindex:3)
2025-11-03 18:11:55,467 [INFO] PluginManage:310 - Check plugin thirdparty
2025-11-03 18:11:55,665 [INFO] PluginManage:359 - Loaded plugin thirdparty (category:base,tabindex:-1)
2025-11-03 18:11:55,665 [INFO] PluginManage:310 - Check plugin tools
2025-11-03 18:11:55,665 [WARN] IntegrityCheckThread:84 - waiting for thirdparty lock release [integrity check]
2025-11-03 18:11:55,665 [INFO] IntegrityCheckThread:86 - entering critical section [integrity check]
2025-11-03 18:11:55,665 [INFO] ThirdPartyUpdaterWithRetryManager:70 - Updater plugin not ready yet. [1/15]
2025-11-03 18:11:55,665 [INFO] PluginManage:359 - Loaded plugin tools (category:base,tabindex:7)
2025-11-03 18:11:55,665 [INFO] PluginManage:310 - Check plugin tutovideos
2025-11-03 18:11:56,028 [INFO] PluginManage:359 - Loaded plugin tutovideos (category:base,tabindex:-1)
2025-11-03 18:11:56,028 [INFO] PluginManage:310 - Check plugin updater
2025-11-03 18:11:56,053 [INFO] PluginManage:359 - Loaded plugin updater (category:base,tabindex:12)
2025-11-03 18:11:56,055 [INFO] PluginManage:310 - Check plugin userauth
2025-11-03 18:11:56,061 [INFO] UserAuth:118 - Init User Auth plugin
2025-11-03 18:11:56,061 [INFO] PluginManage:359 - Loaded plugin userauth (category:base,tabindex:14)
2025-11-03 18:11:56,061 [INFO] PluginManage:283 - PluginManage : Loaded plugins [18]
2025-11-03 18:11:56,447 [INFO] PinOutPanel:1589 - setPackage(No Configuration,No Configuration)
2025-11-03 18:11:56,665 [INFO] CADModel:165 - CPN selected for project level
2025-11-03 18:11:56,665 [INFO] CADModel:114 - Register for checkConnection events
2025-11-03 18:11:56,701 [INFO] IPUIPlugin:80 - create IPUIPlugin
2025-11-03 18:11:56,702 [INFO] PluginManager:220 - loadIPPluginJar : add adc
2025-11-03 18:11:56,705 [INFO] IPUIPlugin:80 - create IPUIPlugin
2025-11-03 18:11:56,706 [INFO] PluginManager:220 - loadIPPluginJar : add aes
2025-11-03 18:11:56,711 [INFO] IPUIPlugin:80 - create IPUIPlugin
2025-11-03 18:11:56,711 [INFO] PluginManager:220 - loadIPPluginJar : add can
2025-11-03 18:11:56,715 [INFO] IPUIPlugin:80 - create IPUIPlugin
2025-11-03 18:11:56,715 [INFO] PluginManager:220 - loadIPPluginJar : add comp
2025-11-03 18:11:56,719 [INFO] IPUIPlugin:80 - create IPUIPlugin
2025-11-03 18:11:56,719 [INFO] PluginManager:220 - loadIPPluginJar : add cryp
2025-11-03 18:11:56,724 [INFO] IPUIPlugin:80 - create IPUIPlugin
2025-11-03 18:11:56,724 [INFO] PluginManager:220 - loadIPPluginJar : add ddr_ctrl_phy
2025-11-03 18:11:56,726 [INFO] IPUIPlugin:80 - create IPUIPlugin
2025-11-03 18:11:56,727 [INFO] PluginManager:220 - loadIPPluginJar : add dfsdm
2025-11-03 18:11:56,734 [INFO] IPUIPlugin:80 - create IPUIPlugin
2025-11-03 18:11:56,734 [INFO] PluginManager:220 - loadIPPluginJar : add dma
2025-11-03 18:11:56,737 [INFO] IPUIPlugin:80 - create IPUIPlugin
2025-11-03 18:11:56,737 [INFO] PluginManager:220 - loadIPPluginJar : add dma3
2025-11-03 18:11:56,740 [INFO] IPUIPlugin:80 - create IPUIPlugin
2025-11-03 18:11:56,741 [INFO] PluginManager:220 - loadIPPluginJar : add extmemmanager
2025-11-03 18:11:56,743 [INFO] IPUIPlugin:80 - create IPUIPlugin
2025-11-03 18:11:56,743 [INFO] PluginManager:220 - loadIPPluginJar : add fatfs
2025-11-03 18:11:56,743 [INFO] IPUIPlugin:80 - create IPUIPlugin
2025-11-03 18:11:56,743 [INFO] PluginManager:220 - loadIPPluginJar : add fmc
2025-11-03 18:11:56,743 [INFO] IPUIPlugin:80 - create IPUIPlugin
2025-11-03 18:11:56,754 [INFO] PluginManager:220 - loadIPPluginJar : add freertos
2025-11-03 18:11:56,754 [INFO] IPUIPlugin:80 - create IPUIPlugin
2025-11-03 18:11:56,754 [INFO] PluginManager:220 - loadIPPluginJar : add genericplugin
2025-11-03 18:11:56,758 [INFO] IPUIPlugin:80 - create IPUIPlugin
2025-11-03 18:11:56,758 [INFO] PluginManager:220 - loadIPPluginJar : add gfxmmu
2025-11-03 18:11:56,758 [INFO] IPUIPlugin:80 - create IPUIPlugin
2025-11-03 18:11:56,758 [INFO] PluginManager:220 - loadIPPluginJar : add gic
2025-11-03 18:11:56,758 [INFO] IPUIPlugin:80 - create IPUIPlugin
2025-11-03 18:11:56,758 [INFO] PluginManager:220 - loadIPPluginJar : add gpio
2025-11-03 18:11:56,775 [INFO] IPUIPlugin:80 - create IPUIPlugin
2025-11-03 18:11:56,775 [INFO] PluginManager:220 - loadIPPluginJar : add gtzc
2025-11-03 18:11:56,786 [INFO] IPUIPlugin:80 - create IPUIPlugin
2025-11-03 18:11:56,786 [INFO] PluginManager:220 - loadIPPluginJar : add hash
2025-11-03 18:11:56,792 [INFO] IPUIPlugin:80 - create IPUIPlugin
2025-11-03 18:11:56,792 [INFO] PluginManager:220 - loadIPPluginJar : add i2c
2025-11-03 18:11:56,796 [INFO] IPUIPlugin:80 - create IPUIPlugin
2025-11-03 18:11:56,796 [INFO] PluginManager:220 - loadIPPluginJar : add i2s
2025-11-03 18:11:56,800 [INFO] IPUIPlugin:80 - create IPUIPlugin
2025-11-03 18:11:56,800 [INFO] PluginManager:220 - loadIPPluginJar : add i3c
2025-11-03 18:11:56,805 [INFO] IPUIPlugin:80 - create IPUIPlugin
2025-11-03 18:11:56,806 [INFO] PluginManager:220 - loadIPPluginJar : add ipddr
2025-11-03 18:11:56,813 [INFO] IPUIPlugin:80 - create IPUIPlugin
2025-11-03 18:11:56,813 [INFO] PluginManager:220 - loadIPPluginJar : add linkedlist
2025-11-03 18:11:56,816 [INFO] IPUIPlugin:80 - create IPUIPlugin
2025-11-03 18:11:56,817 [INFO] PluginManager:220 - loadIPPluginJar : add lorawan
2025-11-03 18:11:56,819 [INFO] IPUIPlugin:80 - create IPUIPlugin
2025-11-03 18:11:56,819 [INFO] PluginManager:220 - loadIPPluginJar : add ltdc
2025-11-03 18:11:56,820 [INFO] IPUIPlugin:80 - create IPUIPlugin
2025-11-03 18:11:56,820 [INFO] PluginManager:220 - loadIPPluginJar : add mdma
2025-11-03 18:11:56,820 [INFO] IPUIPlugin:80 - create IPUIPlugin
2025-11-03 18:11:56,820 [INFO] PluginManager:220 - loadIPPluginJar : add nvic
2025-11-03 18:11:56,834 [INFO] IPUIPlugin:80 - create IPUIPlugin
2025-11-03 18:11:56,834 [INFO] PluginManager:220 - loadIPPluginJar : add opamp
2025-11-03 18:11:56,836 [INFO] IPUIPlugin:80 - create IPUIPlugin
2025-11-03 18:11:56,836 [INFO] PluginManager:220 - loadIPPluginJar : add openamp
2025-11-03 18:11:56,836 [INFO] IPUIPlugin:80 - create IPUIPlugin
2025-11-03 18:11:56,836 [INFO] PluginManager:220 - loadIPPluginJar : add pdm2pcm
2025-11-03 18:11:56,853 [INFO] IPUIPlugin:80 - create IPUIPlugin
2025-11-03 18:11:56,854 [INFO] PluginManager:220 - loadIPPluginJar : add plateformsettings
2025-11-03 18:11:56,854 [INFO] IPUIPlugin:80 - create IPUIPlugin
2025-11-03 18:11:56,854 [INFO] PluginManager:220 - loadIPPluginJar : add quadspi
2025-11-03 18:11:56,854 [INFO] IPUIPlugin:80 - create IPUIPlugin
2025-11-03 18:11:56,854 [INFO] PluginManager:220 - loadIPPluginJar : add radio
2025-11-03 18:11:56,868 [INFO] IPUIPlugin:80 - create IPUIPlugin
2025-11-03 18:11:56,868 [INFO] PluginManager:220 - loadIPPluginJar : add resmgrutility
2025-11-03 18:11:56,871 [INFO] IPUIPlugin:80 - create IPUIPlugin
2025-11-03 18:11:56,871 [INFO] PluginManager:220 - loadIPPluginJar : add sai
2025-11-03 18:11:56,871 [INFO] IPUIPlugin:80 - create IPUIPlugin
2025-11-03 18:11:56,871 [INFO] PluginManager:220 - loadIPPluginJar : add spi
2025-11-03 18:11:56,871 [INFO] IPUIPlugin:80 - create IPUIPlugin
2025-11-03 18:11:56,871 [INFO] PluginManager:220 - loadIPPluginJar : add stm32_wpan
2025-11-03 18:11:56,886 [INFO] IPUIPlugin:80 - create IPUIPlugin
2025-11-03 18:11:56,886 [INFO] PluginManager:220 - loadIPPluginJar : add tim
2025-11-03 18:11:56,888 [INFO] IPUIPlugin:80 - create IPUIPlugin
2025-11-03 18:11:56,888 [INFO] PluginManager:220 - loadIPPluginJar : add touchsensing
2025-11-03 18:11:56,888 [INFO] IPUIPlugin:80 - create IPUIPlugin
2025-11-03 18:11:56,888 [INFO] PluginManager:220 - loadIPPluginJar : add tracer_emb
2025-11-03 18:11:56,897 [INFO] IPUIPlugin:80 - create IPUIPlugin
2025-11-03 18:11:56,897 [INFO] PluginManager:220 - loadIPPluginJar : add ts
2025-11-03 18:11:56,897 [INFO] IPUIPlugin:80 - create IPUIPlugin
2025-11-03 18:11:56,897 [INFO] PluginManager:220 - loadIPPluginJar : add tsc
2025-11-03 18:11:56,899 [INFO] IPUIPlugin:80 - create IPUIPlugin
2025-11-03 18:11:56,899 [INFO] PluginManager:220 - loadIPPluginJar : add ucpd
2025-11-03 18:11:56,899 [INFO] IPUIPlugin:80 - create IPUIPlugin
2025-11-03 18:11:56,899 [INFO] PluginManager:220 - loadIPPluginJar : add usart
2025-11-03 18:11:56,899 [INFO] IPUIPlugin:80 - create IPUIPlugin
2025-11-03 18:11:56,899 [INFO] PluginManager:220 - loadIPPluginJar : add usbx
2025-11-03 18:11:57,119 [FATAL] Updater:351 - Updater called before beeing initialized
2025-11-03 18:11:57,167 [INFO] RulesReader:64 - Compatibility file has been processed (302 Rules)
2025-11-03 18:11:57,186 [INFO] RulesReader:64 - Compatibility file has been processed (302 Rules)
2025-11-03 18:11:57,197 [INFO] CADModel:165 - CPN selected for project level
2025-11-03 18:11:57,197 [INFO] CADModel:114 - Register for checkConnection events
2025-11-03 18:11:57,197 [FATAL] Updater:351 - Updater called before beeing initialized
2025-11-03 18:11:57,197 [ERROR] CADModel:125 - Updater not yet initialized, retry later 
2025-11-03 18:11:57,416 [FATAL] Updater:351 - Updater called before beeing initialized
2025-11-03 18:11:57,416 [INFO] CADModel:165 - CPN selected for project level
2025-11-03 18:11:57,416 [INFO] CADModel:114 - Register for checkConnection events
2025-11-03 18:11:57,416 [FATAL] Updater:351 - Updater called before beeing initialized
2025-11-03 18:11:57,416 [ERROR] CADModel:125 - Updater not yet initialized, retry later 
2025-11-03 18:11:57,425 [FATAL] Updater:351 - Updater called before beeing initialized
2025-11-03 18:11:57,633 [FATAL] Updater:351 - Updater called before beeing initialized
2025-11-03 18:11:57,649 [INFO] DbMcusAds:53 - JSON generation date=Thu Oct 02 15:06:05 IST 2025 (1759397765645)
2025-11-03 18:11:57,649 [FATAL] Updater:351 - Updater called before beeing initialized
2025-11-03 18:11:57,724 [WARN] DetailPanel:346 - Failed to get advertising image, set to default
2025-11-03 18:11:58,416 [FATAL] Updater:351 - Updater called before beeing initialized
2025-11-03 18:11:58,416 [FATAL] Updater:351 - Updater called before beeing initialized
2025-11-03 18:11:58,416 [FATAL] Updater:351 - Updater called before beeing initialized
2025-11-03 18:11:58,416 [WARN] DetailPanel:346 - Failed to get advertising image, set to default
2025-11-03 18:11:58,428 [FATAL] Updater:351 - Updater called before beeing initialized
2025-11-03 18:11:58,494 [ERROR] Updater:1198 - MainUpdater not yet initialized. External WinMGr cannot be set.
2025-11-03 18:11:58,494 [INFO] Updater:1134 - Updater Version found : 6.14.1
2025-11-03 18:11:58,527 [INFO] ApplicationProperties:184 - Using Application install path: C:\ST\STM32CubeIDE_1.18.1\STM32CubeIDE\plugins\com.st.stm32cube.common.mx_6.14.1.202504091515
2025-11-03 18:11:58,679 [INFO] ThirdPartyUpdaterWithRetryManager:70 - Updater plugin not ready yet. [2/15]
2025-11-03 18:11:58,998 [INFO] MainUpdater:2872 - connection check result : 22
2025-11-03 18:11:58,999 [INFO] MainUpdater:289 - Updater Check For Update Now.
2025-11-03 18:11:58,999 [INFO] MicroXplorer:498 - Change Database Version : DB.6.0.141
2025-11-03 18:11:59,007 [INFO] McuFinderGlobals:63 - Set McuFinder mode to 2 (CubeIDE integrated)
2025-11-03 18:11:59,008 [INFO] UserAuth:484 - Internet connection configuration mode: 2
2025-11-03 18:11:59,031 [INFO] UserAuth:484 - Internet connection configuration mode: 2
2025-11-03 18:11:59,233 [INFO] CheckServerUpdateThread:120 - End of CheckServer Thread
2025-11-03 18:12:02,331 [WARN] PackLoader:240 - Cannot read IP mode file for STMicroelectronics.FP-SNS-MOTENVWB1.1.4.0
2025-11-03 18:12:02,346 [WARN] PackLoader:240 - Cannot read IP mode file for STMicroelectronics.FP-ATR-ASTRA1.2.0.2
2025-11-03 18:12:02,357 [WARN] PackLoader:240 - Cannot read IP mode file for STMicroelectronics.X-CUBE-SMBUS.2.1.0
2025-11-03 18:12:02,401 [WARN] PackLoader:240 - Cannot read IP mode file for STMicroelectronics.X-CUBE-AZRTOS-F7.1.1.0
2025-11-03 18:12:02,413 [WARN] PackLoader:240 - Cannot read IP mode file for Cesanta.I-CUBE-Mongoose.7.19.0
2025-11-03 18:12:02,417 [ERROR] Engine:466 - C:\Users\siree\.stm32cubemx\thirdparties\pdsc\STMicroelectronics.FP-SNS-MOTENV1.5.1.0.pdsc: PDSC version is not supported
2025-11-03 18:12:02,423 [ERROR] Engine:466 - C:\Users\siree\.stm32cubemx\thirdparties\pdsc\WES.I-CUBE-Cesium.1.4.0.pdsc: PDSC version is not supported
2025-11-03 18:12:02,451 [WARN] PackLoader:240 - Cannot read IP mode file for Infineon.AIROC-Wi-Fi-Bluetooth-STM32.1.7.1
2025-11-03 18:12:02,482 [WARN] PackLoader:240 - Cannot read IP mode file for STMicroelectronics.X-CUBE-AZRTOS-H7.3.4.0
2025-11-03 18:12:02,498 [WARN] PackLoader:240 - Cannot read IP mode file for STMicroelectronics.X-CUBE-DISPLAY.3.0.0
2025-11-03 18:12:02,513 [WARN] PackLoader:240 - Cannot read IP mode file for STMicroelectronics.X-CUBE-NFC10.1.0.0
2025-11-03 18:12:02,521 [WARN] PackLoader:240 - Cannot read IP mode file for STMicroelectronics.X-CUBE-ST60.1.1.0
2025-11-03 18:12:02,531 [WARN] PackLoader:240 - Cannot read IP mode file for emotas.I-CUBE-CANOPEN.1.3.0
2025-11-03 18:12:02,538 [WARN] PackLoader:240 - Cannot read IP mode file for STMicroelectronics.X-CUBE-GNSS1.7.1.0
2025-11-03 18:12:02,544 [ERROR] Engine:466 - C:\Users\siree\.stm32cubemx\thirdparties\pdsc\STMicroelectronics.FP-SNS-STBOX1.2.1.0.pdsc: PDSC version is not supported
2025-11-03 18:12:02,551 [WARN] PackLoader:240 - Cannot read IP mode file for STMicroelectronics.FP-SNS-SMARTAG2.1.2.0
2025-11-03 18:12:02,558 [WARN] PackLoader:240 - Cannot read IP mode file for STMicroelectronics.FP-SNS-FLIGHT1.5.1.0
2025-11-03 18:12:02,571 [INFO] LogOutputStream:77 - [STDOUT_REDIRECT] 1 : Invalid condition id : UX_CORESTACK_Condition cause : null
2025-11-03 18:12:02,572 [INFO] LogOutputStream:77 - [STDOUT_REDIRECT] 1 : Invalid condition id : UX_CORESTACK_Condition cause : null
2025-11-03 18:12:02,574 [INFO] LogOutputStream:77 - [STDOUT_REDIRECT] 1 : Invalid condition id : UX_CORESTACK_Condition cause : null
2025-11-03 18:12:02,575 [INFO] LogOutputStream:77 - [STDOUT_REDIRECT] 1 : Invalid condition id : UX_CORESTACK_Condition cause : null
2025-11-03 18:12:02,577 [INFO] LogOutputStream:77 - [STDOUT_REDIRECT] 1 : Invalid condition id : UX_CORESTACK_Condition cause : null
2025-11-03 18:12:02,580 [WARN] PackLoader:240 - Cannot read IP mode file for STMicroelectronics.X-CUBE-AZRTOS-WL.2.0.0
2025-11-03 18:12:02,589 [WARN] PackLoader:240 - Cannot read IP mode file for STMicroelectronics.X-CUBE-BLE2.3.3.0
2025-11-03 18:12:02,597 [WARN] PackLoader:240 - Cannot read IP mode file for STMicroelectronics.X-CUBE-NFC9.1.0.0
2025-11-03 18:12:02,606 [WARN] PackLoader:240 - Cannot read IP mode file for wolfSSL.I-CUBE-wolfSSL.5.8.2
2025-11-03 18:12:02,612 [WARN] PackLoader:240 - Cannot read IP mode file for STMicroelectronics.X-CUBE-BLE1.7.1.0
2025-11-03 18:12:02,620 [WARN] PackLoader:240 - Cannot read IP mode file for wolfSSL.I-CUBE-wolfMQTT.1.19.2
2025-11-03 18:12:02,628 [WARN] PackLoader:240 - Cannot read IP mode file for STMicroelectronics.X-CUBE-EEPRMA1.5.2.0
2025-11-03 18:12:02,634 [ERROR] Engine:466 - C:\Users\siree\.stm32cubemx\thirdparties\pdsc\STMicroelectronics.X-CUBE-ST67W61.1.1.0.pdsc: PDSC version is not supported
2025-11-03 18:12:02,654 [WARN] PackLoader:240 - Cannot read IP mode file for STMicroelectronics.X-CUBE-AZRTOS-G0.1.1.0
2025-11-03 18:12:02,666 [WARN] PackLoader:240 - Cannot read IP mode file for STMicroelectronics.X-CUBE-SAFEA1.1.2.2
2025-11-03 18:12:02,675 [WARN] PackLoader:240 - Cannot read IP mode file for STMicroelectronics.X-CUBE-NFC4.3.0.0
2025-11-03 18:12:02,688 [WARN] PackLoader:240 - Cannot read IP mode file for EmbeddedOffice.I-CUBE-FS-RTOS.1.0.1
2025-11-03 18:12:02,697 [WARN] PackLoader:240 - Cannot read IP mode file for STMicroelectronics.X-CUBE-WB05N.2.0.0
2025-11-03 18:12:02,710 [WARN] PackLoader:240 - Cannot read IP mode file for wolfSSL.I-CUBE-wolfTPM.3.8.0
2025-11-03 18:12:02,717 [WARN] PackLoader:240 - Cannot read IP mode file for STMicroelectronics.X-CUBE-TCPP.4.2.0
2025-11-03 18:12:02,725 [WARN] PackLoader:240 - Cannot read IP mode file for RealThread.X-CUBE-RT-Thread_Nano.4.1.1
2025-11-03 18:12:02,731 [WARN] PackLoader:240 - Cannot read IP mode file for STMicroelectronics.FP-ATR-SIGFOX1.3.2.0
2025-11-03 18:12:02,741 [WARN] PackLoader:240 - Cannot read IP mode file for ITTIA_DB.I-CUBE-ITTIADB.8.9.0
2025-11-03 18:12:02,747 [WARN] PackLoader:240 - Cannot read IP mode file for STMicroelectronics.X-CUBE-AI.10.2.0
2025-11-03 18:12:02,785 [WARN] PackLoader:240 - Cannot read IP mode file for SEGGER.I-CUBE-embOS.1.3.1
2025-11-03 18:12:02,833 [WARN] PackLoader:240 - Cannot read IP mode file for STMicroelectronics.X-CUBE-ALGOBUILD.1.4.0
2025-11-03 18:12:02,878 [WARN] PackLoader:240 - Cannot read IP mode file for STMicroelectronics.X-CUBE-MEMS1.11.3.0
2025-11-03 18:12:03,029 [WARN] PackLoader:240 - Cannot read IP mode file for STMicroelectronics.X-CUBE-PM33A1.1.0.0
2025-11-03 18:12:03,046 [WARN] PackLoader:240 - Cannot read IP mode file for STMicroelectronics.X-CUBE-AZRTOS-F4.1.1.0
2025-11-03 18:12:03,053 [WARN] PackLoader:240 - Cannot read IP mode file for STMicroelectronics.X-CUBE-ISPU.2.1.0
2025-11-03 18:12:03,060 [ERROR] Engine:466 - C:\Users\siree\.stm32cubemx\thirdparties\pdsc\STMicroelectronics.X-CUBE-IPS.3.2.0.pdsc: PDSC version is not supported
2025-11-03 18:12:03,066 [WARN] PackLoader:240 - Cannot read IP mode file for STMicroelectronics.X-CUBE-NFC12.1.0.0
2025-11-03 18:12:03,117 [WARN] PackLoader:240 - Cannot read IP mode file for STMicroelectronics.X-CUBE-AZRTOS-L5.2.0.0
2025-11-03 18:12:03,128 [WARN] PackLoader:240 - Cannot read IP mode file for STMicroelectronics.X-CUBE-NFC6.3.1.0
2025-11-03 18:12:03,148 [WARN] PackLoader:240 - Cannot read IP mode file for STMicroelectronics.X-CUBE-FREERTOS.1.3.1
2025-11-03 18:12:03,160 [WARN] PackLoader:240 - Cannot read IP mode file for STMicroelectronics.X-CUBE-TOUCHGFX.4.26.0
2025-11-03 18:12:03,168 [WARN] PackLoader:240 - Cannot read IP mode file for STMicroelectronics.FP-SNS-STAIOTCFT.1.0.0
2025-11-03 18:12:03,177 [WARN] PackLoader:240 - Cannot read IP mode file for STMicroelectronics.X-CUBE-DPower.1.3.0
2025-11-03 18:12:03,204 [WARN] ConditionMgr:438 - getConditionDescription Invalid condition id : LAN8742 Phy interface Condition cause : null
2025-11-03 18:12:03,204 [WARN] PackLoader:240 - Cannot read IP mode file for STMicroelectronics.X-CUBE-AZRTOS-L4.2.0.0
2025-11-03 18:12:03,206 [WARN] ConditionMgr:1044 - genDependencies : Invalid condition id : LAN8742 Phy interface Condition cause : null
2025-11-03 18:12:03,206 [WARN] ConditionMgr:1044 - genDependencies : Invalid condition id : LAN8742 Phy interface Condition cause : null
2025-11-03 18:12:03,207 [WARN] ConditionMgr:1044 - genDependencies : Invalid condition id : LAN8742 Phy interface Condition cause : null
2025-11-03 18:12:03,215 [WARN] PackLoader:240 - Cannot read IP mode file for STMicroelectronics.X-CUBE-SFXS2LP1.4.0.0
2025-11-03 18:12:03,229 [WARN] PackLoader:240 - Cannot read IP mode file for STMicroelectronics.X-CUBE-BLEMGR.4.1.0
2025-11-03 18:12:03,245 [WARN] ConditionMgr:438 - getConditionDescription Invalid condition id : UX DEVICE CLASS RTOS Condition cause : null
2025-11-03 18:12:03,246 [WARN] ConditionMgr:438 - getConditionDescription Invalid condition id : UX DEVICE CLASS RTOS Condition cause : null
2025-11-03 18:12:03,249 [WARN] PackLoader:240 - Cannot read IP mode file for STMicroelectronics.X-CUBE-AZRTOS-WB.2.0.0
2025-11-03 18:12:03,249 [WARN] ConditionMgr:1044 - genDependencies : Invalid condition id : UX DEVICE CLASS RTOS Condition cause : null
2025-11-03 18:12:03,250 [WARN] ConditionMgr:1044 - genDependencies : Invalid condition id : UX DEVICE CLASS RTOS Condition cause : null
2025-11-03 18:12:03,250 [WARN] ConditionMgr:1044 - genDependencies : Invalid condition id : UX DEVICE CLASS RTOS Condition cause : null
2025-11-03 18:12:03,250 [WARN] ConditionMgr:1044 - genDependencies : Invalid condition id : UX DEVICE CLASS RTOS Condition cause : null
2025-11-03 18:12:03,250 [WARN] ConditionMgr:1044 - genDependencies : Invalid condition id : UX DEVICE CLASS RTOS Condition cause : null
2025-11-03 18:12:03,257 [WARN] PackLoader:240 - Cannot read IP mode file for STMicroelectronics.X-CUBE-GNSS1.7.0.1
2025-11-03 18:12:03,264 [WARN] ConditionMgr:438 - getConditionDescription Invalid condition id : Cortex-A Device cause : null
2025-11-03 18:12:03,630 [WARN] ConditionMgr:1044 - genDependencies : Invalid condition id : Cortex-A Device cause : null
2025-11-03 18:12:03,631 [WARN] ConditionMgr:1044 - genDependencies : Invalid condition id : Cortex-A Device cause : null
2025-11-03 18:12:03,631 [WARN] ConditionMgr:1044 - genDependencies : Invalid condition id : Cortex-A Device cause : null
2025-11-03 18:12:03,642 [WARN] PackLoader:240 - Cannot read IP mode file for STMicroelectronics.X-CUBE-SUBG2.5.0.0
2025-11-03 18:12:03,666 [WARN] PackLoader:240 - Cannot read IP mode file for STMicroelectronics.X-CUBE-AZRTOS-H7RS.1.1.0
2025-11-03 18:12:03,683 [WARN] PackLoader:240 - Cannot read IP mode file for STMicroelectronics.X-CUBE-AZRTOS-G4.2.0.0
2025-11-03 18:12:03,691 [WARN] PackLoader:240 - Cannot read IP mode file for wolfSSL.I-CUBE-wolfSSH.1.4.20
2025-11-03 18:12:03,696 [WARN] PackLoader:240 - Cannot read IP mode file for STMicroelectronics.X-CUBE-NFC7.2.0.0
2025-11-03 18:12:03,702 [WARN] PackLoader:240 - Cannot read IP mode file for STMicroelectronics.X-CUBE-ALS.1.0.2
2025-11-03 18:12:03,711 [WARN] PackLoader:240 - Cannot read IP mode file for STMicroelectronics.X-CUBE-STSE01.1.0.0
2025-11-03 18:12:03,726 [WARN] PackLoader:240 - Cannot read IP mode file for STMicroelectronics.X-CUBE-TOF1.3.4.3
2025-11-03 18:12:03,736 [INFO] ThirdParty:978 - Integrity check success = true
2025-11-03 18:12:03,736 [INFO] IntegrityCheckThread:100 - exiting critical section [integrity check]
2025-11-03 18:12:03,736 [INFO] IntegrityCheckThread:103 - End integrity checks thread
2025-11-03 18:13:46,982 [ERROR] ConfigurationRetriever:142 - IOException on connection: sw-center.st.com
2025-11-03 18:13:46,983 [ERROR] ConfigurationRetriever:142 - IOException on connection: sw-center.st.com
2025-11-03 18:13:46,983 [ERROR] ConfigurationRetriever:142 - IOException on connection: sw-center.st.com
2025-11-03 18:14:51,523 [ERROR] ConfigurationRetriever:142 - IOException on connection: sw-center.st.com
2025-11-03 18:14:51,524 [ERROR] ConfigurationRetriever:142 - IOException on connection: sw-center.st.com
2025-11-03 18:14:51,524 [ERROR] ConfigurationRetriever:142 - IOException on connection: sw-center.st.com
2025-11-03 18:21:15,070 [INFO] McuFinderGlobals:63 - Set McuFinder mode to 2 (CubeIDE integrated)
2025-11-03 18:21:15,078 [INFO] MainUpdater:2872 - connection check result : 22
2025-11-03 18:21:15,079 [INFO] MainUpdater:2872 - connection check result : 22
2025-11-03 18:21:25,861 [INFO] MainUpdater:2872 - connection check result : 10
2025-11-03 18:21:25,912 [INFO] MicroXplorer:468 - Change Database Path : 
2025-11-03 18:21:25,913 [INFO] MicroXplorer:498 - Change Database Version : DB.6.0.141
2025-11-03 18:21:25,921 [WARN] ThirdParty:871 - waiting for thirdparty lock release [close project]
2025-11-03 18:21:25,921 [INFO] ThirdParty:873 - entering critical section [close project]
2025-11-03 18:21:25,925 [INFO] ThirdParty:883 - exiting critical section [close project]
2025-11-03 18:21:25,930 [INFO] PinOutPanel:1589 - setPackage(No Configuration,No Configuration)
2025-11-03 18:21:25,934 [INFO] UtilMem:75 - Begin LoadConfig() Used Memory: 177972256 Bytes (359661568)
2025-11-03 18:21:25,938 [INFO] MicroXplorer:468 - Change Database Path : 
2025-11-03 18:21:25,938 [INFO] MicroXplorer:498 - Change Database Version : DB.6.0.141
2025-11-03 18:21:25,938 [INFO] OpenFileManager:354 - Change cursor
2025-11-03 18:21:25,994 [INFO] Mcu:2011 - Initializing MCU STM32L476R(C-E-G)Tx STM32L476RGTx STM32L476RGT3
2025-11-03 18:21:27,940 [INFO] Context:756 - Trying to add GPIOservice into a context  which must be forbidden
2025-11-03 18:21:28,465 [INFO] ImportTextPane:218 - (OptionalMessage_ERROR) Pin12 (VP_RIF_VS_RIF1) cannot be retrieved for this MCU
2025-11-03 18:21:28,563 [INFO] RtosManager:558 - Registered RTOS mode: class=CMSIS, group=RTOS, mode=CMSIS_V1, owner=FREERTOS
2025-11-03 18:21:28,563 [INFO] RtosManager:558 - Registered RTOS mode: class=CMSIS, group=RTOS2, mode=CMSIS_V2, owner=FREERTOS
2025-11-03 18:21:28,563 [INFO] RtosManager:558 - Registered RTOS mode: class=RTOS, group=Core, mode=CMSIS_V1, owner=FREERTOS
2025-11-03 18:21:28,563 [INFO] RtosManager:558 - Registered RTOS mode: class=RTOS, group=Core, mode=CMSIS_V2, owner=FREERTOS
2025-11-03 18:21:28,563 [WARN] ModelIntegratedComponent:184 - Missing modes for component STMicroelectronics:FreeRTOS:0.0.1:STMicroelectronics:RTOS:FreeRTOS:Core:::10.2.0:
2025-11-03 18:21:28,583 [WARN] ModelIntegratedComponent:63 - No mode defined for component null
2025-11-03 18:21:28,583 [WARN] ModelIntegratedComponent:63 - No mode defined for component null
2025-11-03 18:21:28,583 [WARN] ModelIntegratedComponent:63 - No mode defined for component null
2025-11-03 18:21:28,583 [WARN] ModelIntegratedComponent:63 - No mode defined for component null
2025-11-03 18:21:28,583 [WARN] ModelIntegratedComponent:63 - No mode defined for component null
2025-11-03 18:21:28,583 [WARN] ModelIntegratedComponent:63 - No mode defined for component null
2025-11-03 18:21:28,583 [WARN] ModelIntegratedComponent:63 - No mode defined for component null
2025-11-03 18:21:28,583 [WARN] ModelIntegratedComponent:63 - No mode defined for component null
2025-11-03 18:21:28,583 [WARN] ModelIntegratedComponent:63 - No mode defined for component null
2025-11-03 18:21:28,583 [WARN] ModelIntegratedComponent:63 - No mode defined for component null
2025-11-03 18:21:28,583 [WARN] ModelIntegratedComponent:63 - No mode defined for component null
2025-11-03 18:21:28,583 [WARN] ModelIntegratedComponent:63 - No mode defined for component null
2025-11-03 18:21:28,583 [WARN] ModelIntegratedComponent:63 - No mode defined for component null
2025-11-03 18:21:28,583 [WARN] ModelIntegratedComponent:63 - No mode defined for component null
2025-11-03 18:21:28,583 [WARN] ModelIntegratedComponent:63 - No mode defined for component null
2025-11-03 18:21:28,583 [WARN] ModelIntegratedComponent:63 - No mode defined for component null
2025-11-03 18:21:28,583 [WARN] ModelIntegratedComponent:63 - No mode defined for component null
2025-11-03 18:21:28,583 [WARN] ModelIntegratedComponent:63 - No mode defined for component null
2025-11-03 18:21:28,583 [WARN] ModelIntegratedComponent:63 - No mode defined for component null
2025-11-03 18:21:28,583 [WARN] ModelIntegratedComponent:63 - No mode defined for component null
2025-11-03 18:21:28,583 [WARN] ModelIntegratedComponent:63 - No mode defined for component null
2025-11-03 18:21:28,583 [WARN] ModelIntegratedComponent:63 - No mode defined for component null
2025-11-03 18:21:28,583 [WARN] ModelIntegratedComponent:63 - No mode defined for component null
2025-11-03 18:21:28,583 [WARN] ModelIntegratedComponent:63 - No mode defined for component null
2025-11-03 18:21:28,584 [WARN] ModelIntegratedComponent:63 - No mode defined for component null
2025-11-03 18:21:28,584 [WARN] ModelIntegratedComponent:63 - No mode defined for component null
2025-11-03 18:21:28,584 [WARN] ModelIntegratedComponent:63 - No mode defined for component null
2025-11-03 18:21:28,584 [WARN] ModelIntegratedComponent:63 - No mode defined for component null
2025-11-03 18:21:28,584 [WARN] ModelIntegratedComponent:63 - No mode defined for component null
2025-11-03 18:21:28,584 [WARN] ModelIntegratedComponent:63 - No mode defined for component null
2025-11-03 18:21:28,584 [WARN] ModelIntegratedComponent:63 - No mode defined for component null
2025-11-03 18:21:28,584 [WARN] ModelIntegratedComponent:63 - No mode defined for component null
2025-11-03 18:21:28,584 [WARN] ModelIntegratedComponent:63 - No mode defined for component null
2025-11-03 18:21:28,584 [WARN] ModelIntegratedComponent:63 - No mode defined for component null
2025-11-03 18:21:28,584 [WARN] ModelIntegratedComponent:63 - No mode defined for component null
2025-11-03 18:21:28,584 [WARN] ModelPack:524 - Component already loaded: STMicroelectronics:HAL Drivers:0.0.0:STMicroelectronics:Device:STMicro_Driver:XSPI:HAL::0.0.1:HAL_XSPI
2025-11-03 18:21:28,659 [INFO] ThirdPartyModel:298 - Start build external matchings
2025-11-03 18:21:28,899 [INFO] ThirdPartyModel:316 - End build external matchings
2025-11-03 18:21:28,912 [INFO] ImportTextPane:218 - (OptionalMessage_ERROR) IP (RCC) : Invalid parameter (FamilyName)
2025-11-03 18:21:28,914 [INFO] ImportTextPane:218 - (OptionalMessage_ERROR) IP (RCC) : Parameter (RNGFreq_Value) has invalid value (64000000)
2025-11-03 18:21:28,914 [INFO] ImportTextPane:218 - (OptionalMessage_ERROR) IP (RCC) : Parameter (SDMMCFreq_Value) has invalid value (64000000)
2025-11-03 18:21:28,914 [INFO] ImportTextPane:218 - (OptionalMessage_ERROR) IP (RCC) : Parameter (USBFreq_Value) has invalid value (64000000)
2025-11-03 18:21:29,753 [INFO] ApiDb:581 - Connected to CubeFinder SQLite database (C:\Users\siree\.stmcufinder\plugins\mcufinder\mcu\cube-finder-db.db)
2025-11-03 18:21:29,845 [INFO] ApiDb:668 - CubeFinder database Data Model version=2.1
2025-11-03 18:21:29,845 [INFO] ApiDb:669 - CubeFinder database Configuration version=3.0.39
2025-11-03 18:21:29,845 [INFO] ApiDb:670 - CubeFinder database generation date=2025-10-27 (1761571959)
2025-11-03 18:21:29,845 [INFO] ApiDb:671 - CubeFinder database FW Pack versions=[FP-ATR-ASTRA1_V2.0.0, FP-SNS-FLIGHT1_V5.1.0, FP-SNS-MOTENV1_V5.0.0, FP-SNS-MOTENVWB1_V1.4.0, FP-SNS-SMARTAG2_V1.2.0, FP-SNS-STBOX1_V2.1.0, STM32Cube_FW_C0_V1.4.0, STM32Cube_FW_F4_V1.28.3, STM32Cube_FW_F7_V1.17.4, STM32Cube_FW_G0_V1.6.2, STM32Cube_FW_G4_V1.6.1, STM32Cube_FW_H5_V1.5.0, STM32Cube_FW_H7RS_V1.2.0, STM32Cube_FW_H7_V1.12.1, STM32Cube_FW_L0_V1.12.2, STM32Cube_FW_L4_V1.18.1, STM32Cube_FW_L5_V1.5.1, STM32Cube_FW_N6_V1.2.0, STM32Cube_FW_U0_V1.3.0, STM32Cube_FW_U3_V1.2.1, STM32Cube_FW_U5_V1.8.0, STM32Cube_FW_WB0_V1.3.0, STM32Cube_FW_WBA_V1.7.0, STM32Cube_FW_WB_V1.23.0, STM32Cube_FW_WL3_V1.2.0, STM32Cube_FW_WL_V1.3.1, X-CUBE-ALGOBUILD_V1.4.0, X-CUBE-ALS_V1.0.2, X-CUBE-AZRTOS-F4_V1.1.0, X-CUBE-AZRTOS-F7_V1.1.0, X-CUBE-AZRTOS-G0_V1.1.0, X-CUBE-AZRTOS-G4_V2.0.0, X-CUBE-AZRTOS-H7RS_V1.1.0, X-CUBE-AZRTOS-H7_V3.4.0, X-CUBE-AZRTOS-L4_V2.0.0, X-CUBE-AZRTOS-L5_V2.0.0, X-CUBE-AZRTOS-WB_V2.0.0, X-CUBE-AZRTOS-WL_V2.0.0, X-CUBE-BLE1_V7.1.0, X-CUBE-BLE2_V3.3.0, X-CUBE-BLEMGR_V4.1.0, X-CUBE-EEPRMA1_V5.2.0, X-CUBE-FREERTOS_V1.3.1, X-CUBE-GNSS1_V6.0.0, X-CUBE-MEMS1_V11.3.0, X-CUBE-NFC4_V3.0.0, X-CUBE-NFC7_V2.0.0, X-CUBE-SFXS2LP1_V4.0.0, X-CUBE-ST67W61_V1.1.0, X-CUBE-SUBG2_V5.0.0, X-CUBE-TOF1_V3.4.3]
2025-11-03 18:21:30,002 [INFO] DbBoardsSqlite:226 - include board P-NUCLEO-WB55-NUCLEO as a kit item of type 'Nucleo-64'
2025-11-03 18:21:30,003 [INFO] DbBoardsSqlite:226 - include board P-NUCLEO-WB55-USBDONGLE as a kit item of type 'Nucleo USB Dongle'
2025-11-03 18:21:30,005 [INFO] DbBoardsSqlite:226 - include board STEVAL-IDP005V1 as a kit item of type 'Evaluation Board'
2025-11-03 18:21:30,005 [INFO] DbBoardsSqlite:226 - include board STEVAL-IDP005V2 as a kit item of type 'Evaluation Board'
2025-11-03 18:21:30,728 [INFO] ApiDb:240 - Found 895 in-development CPN: [B-G473E-ZEST1S, B-WB1M-WPAN1, B-WBA5M-WPAN, B-WL5M-SUBG1, NUCLEO-C031C6, NUCLEO-C051C8, NUCLEO-C071RB, NUCLEO-C092RC, NUCLEO-H503RB, NUCLEO-H533RE, NUCLEO-H563ZI, NUCLEO-H7S3L8, NUCLEO-N657X0-Q, NUCLEO-U031R8, NUCLEO-U083RC, NUCLEO-U385RG-Q, NUCLEO-U545RE-Q, NUCLEO-U5A5ZJ-Q, NUCLEO-WB05KZ, NUCLEO-WB07CC, NUCLEO-WB09KE, NUCLEO-WBA52CG, NUCLEO-WBA55CG, NUCLEO-WBA65RI, NUCLEO-WL33CC1, NUCLEO-WL33CC2, STEVAL-PROTEUS1, STEVAL-SMARTAG2, STEVAL-STWINBX1, STM320518-EVAL, STM32C0116-DK, STM32C011D6Y3TR, STM32C011D6Y6TR, STM32C011F4P3, STM32C011F4P6, STM32C011F4U3, STM32C011F4U6TR, STM32C011F6P3, STM32C011F6P6, STM32C011F6U3, STM32C011F6U6TR, STM32C011J4M3, STM32C011J4M6, STM32C011J6M3, STM32C011J6M6, STM32C0316-DK, STM32C031C4T3, STM32C031C4T6, STM32C031C4U3, STM32C031C4U6, STM32C031C6T3, STM32C031C6T6, STM32C031C6U3, STM32C031C6U6, STM32C031F4P3, STM32C031F4P6, STM32C031F6P3, STM32C031F6P6, STM32C031G4U3, STM32C031G4U6, STM32C031G6U3, STM32C031G6U6, STM32C031K4T3, STM32C031K4T6, STM32C031K4U3, STM32C031K4U6, STM32C031K6T3, STM32C031K6T6, STM32C031K6U3, STM32C031K6U6, STM32C051C6T6, STM32C051C6U6, STM32C051C8T6, STM32C051C8U6, STM32C051D8Y6TR, STM32C051F6P6, STM32C051F8P6, STM32C051G6U6, STM32C051G8U6, STM32C051K6T6, STM32C051K6U6, STM32C051K8T6, STM32C071C8T6, STM32C071C8T6N, STM32C071C8U6, STM32C071C8U6N, STM32C071CBT6, STM32C071CBT6N, STM32C071CBU6, STM32C071CBU6N, STM32C071F8P6, STM32C071F8P6N, STM32C071FBP6, STM32C071FBP6N, STM32C071FBY6TR, STM32C071G8U6, STM32C071G8U6N, STM32C071GBU6, STM32C071GBU6N, STM32C071K8T6, STM32C071K8T6N, STM32C071K8U6, STM32C071K8U6N, STM32C071KBT6, STM32C071KBT6N, STM32C071KBU6, STM32C071KBU6N, STM32C071R8T6, STM32C071R8T6N, STM32C071RBI6N, STM32C071RBT6, STM32C071RBT6N, STM32C091CBT6, STM32C091CBU6, STM32C091CCT6, STM32C091CCU6, STM32C091ECY6TR, STM32C091FBP6, STM32C091FCP6, STM32C091GBU6, STM32C091GCU6, STM32C091KBT6, STM32C091KBU6, STM32C091KCT6, STM32C091KCU6, STM32C091RBT6, STM32C091RCI6, STM32C091RCT6, STM32C092CBT6, STM32C092CBU6, STM32C092CCT6, STM32C092CCU6, STM32C092ECY6TR, STM32C092FBP6, STM32C092FCP6, STM32C092GBU6, STM32C092GCU6, STM32C092KBT6, STM32C092KBU6, STM32C092KCT6, STM32C092KCU6, STM32C092RBT6, STM32C092RCI6, STM32C092RCT6, STM32G071K8TXN, STM32G071K8UXN, STM32G081GBU6N, STM32G081KBT6N, STM32G081KBUXN, STM32G0B1CCT6N, STM32G0B1KCT6, STM32G0B1NEY6TR, STM32G0B1RCT6N, STM32G0C1CCT6, STM32G0C1CCT6N, STM32G0C1CCU6N, STM32G0C1CET6N, STM32G0C1CEU6N, STM32G0C1KCT6, STM32G0C1NEY6TR, STM32G0C1RCI6N, STM32G0C1RCT6N, STM32G0C1REI6N, STM32G0C1RET6N, STM32G0C1VCI6, STM32G0C1VEI6, STM32G411C6T3, STM32G411C6T6, STM32G411C6U3, STM32G411C6U6, STM32G411C8T3, STM32G411C8T6, STM32G411C8U3, STM32G411C8U6, STM32G411CBT3, STM32G411CBT6, STM32G411CBU3, STM32G411CBU6, STM32G411CCT3, STM32G411CCT6, STM32G411CCU3, STM32G411CCU6, STM32G411K6T3, STM32G411K6T6, STM32G411K6U3, STM32G411K6U6, STM32G411K8T3, STM32G411K8T6, STM32G411K8U3, STM32G411K8U6, STM32G411KBT3, STM32G411KBT6, STM32G411KBU3, STM32G411KBU6, STM32G411M6T3, STM32G411M6T6, STM32G411M8T3, STM32G411M8T6, STM32G411MBT3, STM32G411MBT6, STM32G411MCT3, STM32G411MCT6, STM32G411R6T3, STM32G411R6T6, STM32G411R8T3, STM32G411R8T6, STM32G411RBT3, STM32G411RBT6, STM32G411RCT3, STM32G411RCT6, STM32G414CBT3, STM32G414CBT6, STM32G414CBU3, STM32G414CBU6, STM32G414CCT3, STM32G414CCT6, STM32G414CCU3, STM32G414CCU6, STM32G414MBT3, STM32G414MBT6, STM32G414MCT3, STM32G414MCT6, STM32G414RBT3, STM32G414RBT6, STM32G414RCT3, STM32G414RCT6, STM32G414VBT3, STM32G414VBT6, STM32G414VCT3, STM32G414VCT6, STM32G431CBT3Z, STM32G431RBT3Z, STM32G471CCT6, STM32G471CCU6, STM32G471CET3, STM32G471CET6, STM32G471CEU3, STM32G471CEU6, STM32G471MCT6, STM32G471MET3, STM32G471MET6, STM32G471MEY6TR, STM32G471QCT6, STM32G471QET3, STM32G471RCT6, STM32G471RET3, STM32G471RET6, STM32G471VCH6, STM32G471VCI6, STM32G471VCT6, STM32G471VEH3, STM32G471VEH6, STM32G471VEI3, STM32G471VEI6, STM32G471VET3, STM32G471VET6, STM32G473QET3Z, STM32G473RET3Z, STM32G474CCT6, STM32G491RET3Z, STM32H503CBT6, STM32H503CBU6, STM32H503EBY6TR, STM32H503KBU6, STM32H503RBT6, STM32H523CCT6, STM32H523CCU6, STM32H523CET6, STM32H523CEU6, STM32H523HEY6TR, STM32H523RCT6, STM32H523RET6, STM32H523VCI6, STM32H523VCT6, STM32H523VEI6, STM32H523VET6, STM32H523ZCJ6, STM32H523ZCT6, STM32H523ZEJ6, STM32H523ZET6, STM32H533CET6, STM32H533CEU6, STM32H533HEY6TR, STM32H533RET6, STM32H533VEI6, STM32H533VET6, STM32H533ZEJ6, STM32H533ZET6, STM32H562AGI6, STM32H562AII6, STM32H562IGK6, STM32H562IGT6, STM32H562IIK6, STM32H562IIT6, STM32H562RGT6, STM32H562RGV6, STM32H562RIT6, STM32H562RIV6, STM32H562VGT6, STM32H562VIT6, STM32H562ZGT6, STM32H562ZIT6, STM32H563AGI6, STM32H563AII3Q, STM32H563AII6, STM32H563IGK6, STM32H563IGT6, STM32H563IIK3Q, STM32H563IIK6, STM32H563IIT3Q, STM32H563IIT6, STM32H563MIY3QTR, STM32H563RGT6, STM32H563RGV6, STM32H563RIT6, STM32H563RIV6, STM32H563VGT6, STM32H563VIT3Q, STM32H563VIT6, STM32H563ZGT6, STM32H563ZIT3Q, STM32H563ZIT6, STM32H573AII3Q, STM32H573AII6, STM32H573I-DK, STM32H573IIK3Q, STM32H573IIK6, STM32H573IIT3Q, STM32H573IIT6, STM32H573MIY3QTR, STM32H573RIT6, STM32H573RIV6, STM32H573VIT3Q, STM32H573VIT6, STM32H573ZIT3Q, STM32H573ZIT6, STM32H7R3A8I6, STM32H7R3I8K6, STM32H7R3I8T6, STM32H7R3L8H6, STM32H7R3L8H6H, STM32H7R3R8V6, STM32H7R3V8H6, STM32H7R3V8T6, STM32H7R3V8Y6TR, STM32H7R3Z8J6, STM32H7R3Z8T6, STM32H7R7A8I6, STM32H7R7I8K6, STM32H7R7I8T6, STM32H7R7L8H6, STM32H7R7L8H6H, STM32H7R7Z8J6, STM32H7S3A8I6, STM32H7S3I8K6, STM32H7S3I8T6, STM32H7S3L8H6, STM32H7S3L8H6H, STM32H7S3R8V6, STM32H7S3V8H6, STM32H7S3V8T6, STM32H7S3V8Y6TR, STM32H7S3Z8J6, STM32H7S3Z8T6, STM32H7S78-DK, STM32H7S7A8I6, STM32H7S7I8K6, STM32H7S7I8T6, STM32H7S7L8H6, STM32H7S7L8H6H, STM32H7S7Z8J6, STM32L4R5QGI6STR, STM32MP131AAE3, STM32MP131AAF3, STM32MP131AAG3, STM32MP131CAE3, STM32MP131CAF3, STM32MP131CAG3, STM32MP131DAE7, STM32MP131DAF7, STM32MP131DAG7, STM32MP131FAE7, STM32MP131FAF7, STM32MP131FAG7, STM32MP133AAE3, STM32MP133AAF3, STM32MP133AAG3, STM32MP133CAE3, STM32MP133CAF3, STM32MP133CAG3, STM32MP133DAE7, STM32MP133DAF7, STM32MP133DAG7, STM32MP133FAE7, STM32MP133FAF7, STM32MP133FAG7, STM32MP135AAE3, STM32MP135AAF3, STM32MP135AAG3, STM32MP135CAE3, STM32MP135CAF3, STM32MP135CAG3, STM32MP135DAE7, STM32MP135DAF7, STM32MP135DAG7, STM32MP135F-DK, STM32MP135FAE7, STM32MP135FAF7, STM32MP135FAF7T, STM32MP135FAF7U, STM32MP135FAG7, STM32MP231AAJ3, STM32MP231AAK3, STM32MP231AAL3, STM32MP231CAJ3, STM32MP231CAK3, STM32MP231CAL3, STM32MP231DAJ3, STM32MP231DAK3, STM32MP231DAL3, STM32MP231FAJ3, STM32MP231FAK3, STM32MP231FAL3, STM32MP233AAJ3, STM32MP233AAK3, STM32MP233AAL3, STM32MP233CAJ3, STM32MP233CAK3, STM32MP233CAL3, STM32MP233DAJ3, STM32MP233DAK3, STM32MP233DAL3, STM32MP233FAJ3, STM32MP233FAK3, STM32MP233FAL3, STM32MP235AAJ3, STM32MP235AAK3, STM32MP235AAL3, STM32MP235CAJ3, STM32MP235CAK3, STM32MP235CAL3, STM32MP235DAJ3, STM32MP235DAK3, STM32MP235DAL3, STM32MP235FAJ3, STM32MP235FAK3, STM32MP235FAL3, STM32MP251AAI3, STM32MP251AAJ3, STM32MP251AAK3, STM32MP251AAL3, STM32MP251CAI3, STM32MP251CAJ3, STM32MP251CAK3, STM32MP251CAL3, STM32MP251DAI3, STM32MP251DAJ3, STM32MP251DAK3, STM32MP251DAL3, STM32MP251FAI3, STM32MP251FAJ3, STM32MP251FAK3, STM32MP251FAL3, STM32MP253AAI3, STM32MP253AAJ3, STM32MP253AAK3, STM32MP253AAL3, STM32MP253CAI3, STM32MP253CAJ3, STM32MP253CAK3, STM32MP253CAL3, STM32MP253DAI3, STM32MP253DAJ3, STM32MP253DAK3, STM32MP253DAL3, STM32MP253FAI3, STM32MP253FAJ3, STM32MP253FAK3, STM32MP253FAL3, STM32MP255AAI3, STM32MP255AAJ3, STM32MP255AAK3, STM32MP255AAL3, STM32MP255CAI3, STM32MP255CAJ3, STM32MP255CAK3, STM32MP255CAL3, STM32MP255DAI3, STM32MP255DAJ3, STM32MP255DAK3, STM32MP255DAL3, STM32MP255FAI3, STM32MP255FAJ3, STM32MP255FAK3, STM32MP255FAL3, STM32MP257AAI3, STM32MP257AAJ3, STM32MP257AAK3, STM32MP257AAL3, STM32MP257CAI3, STM32MP257CAJ3, STM32MP257CAK3, STM32MP257CAL3, STM32MP257DAI3, STM32MP257DAJ3, STM32MP257DAK3, STM32MP257DAL3, STM32MP257F-DK, STM32MP257F-EV1, STM32MP257FAI3, STM32MP257FAJ3, STM32MP257FAK3, STM32MP257FAL3, STM32N645A0H3Q, STM32N645B0H3Q, STM32N645I0H3Q, STM32N645L0H3Q, STM32N645X0H3Q, STM32N645Z0H3Q, STM32N647A0H3Q, STM32N647B0H3Q, STM32N647I0H3Q, STM32N647L0H3Q, STM32N647X0H3Q, STM32N647Z0H3Q, STM32N655A0H3Q, STM32N655B0H3Q, STM32N655I0H3Q, STM32N655L0H3Q, STM32N655X0H3Q, STM32N655Z0H3Q, STM32N6570-DK, STM32N657A0H3Q, STM32N657B0H3Q, STM32N657I0H3Q, STM32N657L0H3Q, STM32N657X0H3Q, STM32N657Z0H3Q, STM32U031C6T6, STM32U031C6U6, STM32U031C8T6, STM32U031C8U6, STM32U031F4P6, STM32U031F6P6, STM32U031F8P6, STM32U031G6Y6TR, STM32U031G8Y6TR, STM32U031K4U6, STM32U031K6U6, STM32U031K8U6, STM32U031R6I6, STM32U031R6T6, STM32U031R8I6, STM32U031R8T6, STM32U073C8T6, STM32U073C8U6, STM32U073CBT6, STM32U073CBU6, STM32U073CCT6, STM32U073CCU6, STM32U073H8Y6TR, STM32U073HBY6TR, STM32U073HCY6TR, STM32U073K8U6, STM32U073KBU6, STM32U073KCU6, STM32U073M8I6, STM32U073M8T6, STM32U073MBI6, STM32U073MBT6, STM32U073MCI6, STM32U073MCT6, STM32U073R8I6, STM32U073R8T6, STM32U073RBI6, STM32U073RBT6, STM32U073RCI6, STM32U073RCT6, STM32U083C-DK, STM32U083CCT6, STM32U083CCU6, STM32U083HCY6TR, STM32U083KCU6, STM32U083MCI6, STM32U083MCT6, STM32U083RCI6, STM32U083RCT6, STM32U375CET6, STM32U375CET6Q, STM32U375CEU6, STM32U375CEU6Q, STM32U375CEY6QTR, STM32U375CGT6, STM32U375CGT6Q, STM32U375CGU6, STM32U375CGU6Q, STM32U375CGY6QTR, STM32U375KEU6, STM32U375KGU6, STM32U375REI6, STM32U375REI6Q, STM32U375RET6, STM32U375RET6Q, STM32U375REY6GTR, STM32U375REY6QTR, STM32U375RGI6, STM32U375RGI6Q, STM32U375RGT6, STM32U375RGT6Q, STM32U375RGY6GTR, STM32U375RGY6QTR, STM32U375VEI6, STM32U375VEI6Q, STM32U375VET6, STM32U375VET6Q, STM32U375VGI6, STM32U375VGI6Q, STM32U375VGT6, STM32U375VGT6Q, STM32U385CGT6, STM32U385CGT6Q, STM32U385CGU6, STM32U385CGU6Q, STM32U385CGY6QTR, STM32U385KGU6, STM32U385RGI6, STM32U385RGI6Q, STM32U385RGT6, STM32U385RGT6Q, STM32U385RGY6GTR, STM32U385RGY6QTR, STM32U385VGI6, STM32U385VGI6Q, STM32U385VGT6, STM32U385VGT6Q, STM32U535CBT6, STM32U535CBT6Q, STM32U535CBU6, STM32U535CBU6Q, STM32U535CCT6, STM32U535CCT6Q, STM32U535CCU6, STM32U535CCU6Q, STM32U535CET6, STM32U535CET6Q, STM32U535CEU6, STM32U535CEU6Q, STM32U535JEY6QTR, STM32U535NCY6QTR, STM32U535NEY6QTR, STM32U535RBI6, STM32U535RBI6Q, STM32U535RBT6, STM32U535RBT6Q, STM32U535RCI6, STM32U535RCI6Q, STM32U535RCT6, STM32U535RCT6Q, STM32U535REI6, STM32U535REI6Q, STM32U535RET6, STM32U535RET6Q, STM32U535VCI6, STM32U535VCI6Q, STM32U535VCT6, STM32U535VCT6Q, STM32U535VEI6, STM32U535VEI6Q, STM32U535VET6, STM32U535VET6Q, STM32U545CET6, STM32U545CET6Q, STM32U545CEU6, STM32U545CEU6Q, STM32U545JEY6QTR, STM32U545NEY6QTR, STM32U545REI6, STM32U545REI6Q, STM32U545RET6, STM32U545RET6Q, STM32U545VEI6, STM32U545VEI6Q, STM32U545VET6, STM32U545VET6Q, STM32U595AIH6, STM32U595AIH6Q, STM32U595AJH6, STM32U595AJH6Q, STM32U595QII6, STM32U595QII6Q, STM32U595QJI6, STM32U595QJI6Q, STM32U595RIT6, STM32U595RIT6Q, STM32U595RJT6, STM32U595RJT6Q, STM32U595VIT6, STM32U595VIT6Q, STM32U595VJT6, STM32U595VJT6Q, STM32U595ZIT6, STM32U595ZIT6Q, STM32U595ZIY6QTR, STM32U595ZJT6, STM32U595ZJT6Q, STM32U595ZJY6QTR, STM32U599BJY6QTR, STM32U599NIH6Q, STM32U599NJH6Q, STM32U599VIT6Q, STM32U599VJT6, STM32U599VJT6Q, STM32U599ZIT6Q, STM32U599ZIY6QTR, STM32U599ZJT6Q, STM32U599ZJY6QTR, STM32U5A5AJH6, STM32U5A5AJH6Q, STM32U5A5QII3Q , STM32U5A5QJI6, STM32U5A5QJI6Q, STM32U5A5RJT6, STM32U5A5RJT6Q, STM32U5A5VJT6, STM32U5A5VJT6Q, STM32U5A5ZJT6, STM32U5A5ZJT6Q, STM32U5A5ZJY6QTR, STM32U5A9BJY6QTR, STM32U5A9J-DK, STM32U5A9NJH6Q, STM32U5A9VJT6Q, STM32U5A9ZJT6Q, STM32U5A9ZJY6QTR, STM32U5F7VIT6, STM32U5F7VIT6Q, STM32U5F7VJT6, STM32U5F7VJT6Q, STM32U5F9BJY6QTR, STM32U5F9NJH6Q, STM32U5F9VIT6Q, STM32U5F9VJT6Q, STM32U5F9ZIJ6QTR, STM32U5F9ZIT6Q, STM32U5F9ZJJ6QTR, STM32U5F9ZJT6Q, STM32U5G7VJT6, STM32U5G7VJT6Q, STM32U5G9BJY6QTR, STM32U5G9J-DK1, STM32U5G9J-DK2, STM32U5G9NJH6Q, STM32U5G9VJT6Q, STM32U5G9ZJJ6QTR, STM32U5G9ZJT6Q, STM32WB05KZV6TR, STM32WB05KZV7TR, STM32WB05TZF6TR, STM32WB05TZF7TR, STM32WB06CCF6TR, STM32WB06CCF7TR, STM32WB06CCV6TR, STM32WB06CCV7TR, STM32WB06KCV6TR, STM32WB06KCV7TR, STM32WB07CCF6TR, STM32WB07CCF7TR, STM32WB07CCV6TR, STM32WB07CCV7TR, STM32WB07KCV6TR, STM32WB07KCV7TR, STM32WB09KEV6TR, STM32WB09KEV7TR, STM32WB09TEF6TR, STM32WB09TEF7TR, STM32WB1MMCH6, STM32WBA50KGU6, STM32WBA50KGU6TR, STM32WBA52CEU6, STM32WBA52CEU6TR, STM32WBA52CEU7, STM32WBA52CEU7TR, STM32WBA52CGU6, STM32WBA52CGU6TR, STM32WBA52CGU6U, STM32WBA52CGU7, STM32WBA52CGU7TR, STM32WBA52KEU6, STM32WBA52KEU6TR, STM32WBA52KGU6, STM32WBA52KGU6TR, STM32WBA54CEU6, STM32WBA54CEU6TR, STM32WBA54CEU7, STM32WBA54CEU7TR, STM32WBA54CGU6, STM32WBA54CGU6TR, STM32WBA54CGU7, STM32WBA54CGU7TR, STM32WBA54KEU6, STM32WBA54KEU6TR, STM32WBA54KEU7, STM32WBA54KEU7TR, STM32WBA54KGU6, STM32WBA54KGU6TR, STM32WBA54KGU7, STM32WBA54KGU7TR, STM32WBA55CEU6, STM32WBA55CEU6TR, STM32WBA55CEU7, STM32WBA55CEU7TR, STM32WBA55CGU6, STM32WBA55CGU6TR, STM32WBA55CGU6U, STM32WBA55CGU7, STM32WBA55CGU7TR, STM32WBA55G-DK1, STM32WBA55HEF6, STM32WBA55HEF7, STM32WBA55HGF6, STM32WBA55HGF7, STM32WBA55UEI6, STM32WBA55UEI6TR, STM32WBA55UEI7, STM32WBA55UEI7TR, STM32WBA55UGI6, STM32WBA55UGI6TR, STM32WBA55UGI7, STM32WBA55UGI7TR, STM32WBA5MJGH6TR, STM32WBA62CGU6, STM32WBA62CIU6, STM32WBA62MGF6, STM32WBA62MIF6, STM32WBA62PGI6, STM32WBA62PII6, STM32WBA63CGU6, STM32WBA63CGU7, STM32WBA63CIU6, STM32WBA63CIU7, STM32WBA64CGU6, STM32WBA64CGU7, STM32WBA64CIU6, STM32WBA64CIU7, STM32WBA65CGU6, STM32WBA65CGU7, STM32WBA65CIU6, STM32WBA65CIU7, STM32WBA65I-DK1, STM32WBA65MGF6, STM32WBA65MGF7, STM32WBA65MIF6, STM32WBA65MIF7, STM32WBA65PGI6, STM32WBA65PGI7, STM32WBA65PII6, STM32WBA65PII7, STM32WBA65RGV6, STM32WBA65RGV7, STM32WBA65RIV6, STM32WBA65RIV7, STM32WL30K8V6, STM32WL30KBV6, STM32WL31C8V6, STM32WL31CBV6, STM32WL31K8V6, STM32WL31KBV6, STM32WL33C8V6, STM32WL33C8V6TR, STM32WL33C8V7, STM32WL33C8V7TR, STM32WL33CBV6, STM32WL33CBV6TR, STM32WL33CBV7, STM32WL33CBV7TR, STM32WL33CCV6, STM32WL33CCV6TR, STM32WL33CCV7, STM32WL33CCV7A, STM32WL33CCV7ATR, STM32WL33CCV7TR, STM32WL33K8V6, STM32WL33K8V6TR, STM32WL33K8V7, STM32WL33K8V7TR, STM32WL33KBV6, STM32WL33KBV6TR, STM32WL33KBV7, STM32WL33KBV7TR, STM32WL33KCV6, STM32WL33KCV6TR, STM32WL33KCV7, STM32WL33KCV7TR, STM32WL5MOCH6, STM32WL5MOCH6TR]
2025-11-03 18:21:30,733 [INFO] ApiDb:668 - CubeFinder database Data Model version=2.1
2025-11-03 18:21:30,733 [INFO] ApiDb:669 - CubeFinder database Configuration version=3.0.39
2025-11-03 18:21:30,733 [INFO] ApiDb:670 - CubeFinder database generation date=2025-10-27 (1761571959)
2025-11-03 18:21:30,733 [INFO] ApiDb:671 - CubeFinder database FW Pack versions=[FP-ATR-ASTRA1_V2.0.0, FP-SNS-FLIGHT1_V5.1.0, FP-SNS-MOTENV1_V5.0.0, FP-SNS-MOTENVWB1_V1.4.0, FP-SNS-SMARTAG2_V1.2.0, FP-SNS-STBOX1_V2.1.0, STM32Cube_FW_C0_V1.4.0, STM32Cube_FW_F4_V1.28.3, STM32Cube_FW_F7_V1.17.4, STM32Cube_FW_G0_V1.6.2, STM32Cube_FW_G4_V1.6.1, STM32Cube_FW_H5_V1.5.0, STM32Cube_FW_H7RS_V1.2.0, STM32Cube_FW_H7_V1.12.1, STM32Cube_FW_L0_V1.12.2, STM32Cube_FW_L4_V1.18.1, STM32Cube_FW_L5_V1.5.1, STM32Cube_FW_N6_V1.2.0, STM32Cube_FW_U0_V1.3.0, STM32Cube_FW_U3_V1.2.1, STM32Cube_FW_U5_V1.8.0, STM32Cube_FW_WB0_V1.3.0, STM32Cube_FW_WBA_V1.7.0, STM32Cube_FW_WB_V1.23.0, STM32Cube_FW_WL3_V1.2.0, STM32Cube_FW_WL_V1.3.1, X-CUBE-ALGOBUILD_V1.4.0, X-CUBE-ALS_V1.0.2, X-CUBE-AZRTOS-F4_V1.1.0, X-CUBE-AZRTOS-F7_V1.1.0, X-CUBE-AZRTOS-G0_V1.1.0, X-CUBE-AZRTOS-G4_V2.0.0, X-CUBE-AZRTOS-H7RS_V1.1.0, X-CUBE-AZRTOS-H7_V3.4.0, X-CUBE-AZRTOS-L4_V2.0.0, X-CUBE-AZRTOS-L5_V2.0.0, X-CUBE-AZRTOS-WB_V2.0.0, X-CUBE-AZRTOS-WL_V2.0.0, X-CUBE-BLE1_V7.1.0, X-CUBE-BLE2_V3.3.0, X-CUBE-BLEMGR_V4.1.0, X-CUBE-EEPRMA1_V5.2.0, X-CUBE-FREERTOS_V1.3.1, X-CUBE-GNSS1_V6.0.0, X-CUBE-MEMS1_V11.3.0, X-CUBE-NFC4_V3.0.0, X-CUBE-NFC7_V2.0.0, X-CUBE-SFXS2LP1_V4.0.0, X-CUBE-ST67W61_V1.1.0, X-CUBE-SUBG2_V5.0.0, X-CUBE-TOF1_V3.4.3]
2025-11-03 18:21:32,627 [INFO] ApiDb:240 - Found 895 in-development CPN: [B-G473E-ZEST1S, B-WB1M-WPAN1, B-WBA5M-WPAN, B-WL5M-SUBG1, NUCLEO-C031C6, NUCLEO-C051C8, NUCLEO-C071RB, NUCLEO-C092RC, NUCLEO-H503RB, NUCLEO-H533RE, NUCLEO-H563ZI, NUCLEO-H7S3L8, NUCLEO-N657X0-Q, NUCLEO-U031R8, NUCLEO-U083RC, NUCLEO-U385RG-Q, NUCLEO-U545RE-Q, NUCLEO-U5A5ZJ-Q, NUCLEO-WB05KZ, NUCLEO-WB07CC, NUCLEO-WB09KE, NUCLEO-WBA52CG, NUCLEO-WBA55CG, NUCLEO-WBA65RI, NUCLEO-WL33CC1, NUCLEO-WL33CC2, STEVAL-PROTEUS1, STEVAL-SMARTAG2, STEVAL-STWINBX1, STM320518-EVAL, STM32C0116-DK, STM32C011D6Y3TR, STM32C011D6Y6TR, STM32C011F4P3, STM32C011F4P6, STM32C011F4U3, STM32C011F4U6TR, STM32C011F6P3, STM32C011F6P6, STM32C011F6U3, STM32C011F6U6TR, STM32C011J4M3, STM32C011J4M6, STM32C011J6M3, STM32C011J6M6, STM32C0316-DK, STM32C031C4T3, STM32C031C4T6, STM32C031C4U3, STM32C031C4U6, STM32C031C6T3, STM32C031C6T6, STM32C031C6U3, STM32C031C6U6, STM32C031F4P3, STM32C031F4P6, STM32C031F6P3, STM32C031F6P6, STM32C031G4U3, STM32C031G4U6, STM32C031G6U3, STM32C031G6U6, STM32C031K4T3, STM32C031K4T6, STM32C031K4U3, STM32C031K4U6, STM32C031K6T3, STM32C031K6T6, STM32C031K6U3, STM32C031K6U6, STM32C051C6T6, STM32C051C6U6, STM32C051C8T6, STM32C051C8U6, STM32C051D8Y6TR, STM32C051F6P6, STM32C051F8P6, STM32C051G6U6, STM32C051G8U6, STM32C051K6T6, STM32C051K6U6, STM32C051K8T6, STM32C071C8T6, STM32C071C8T6N, STM32C071C8U6, STM32C071C8U6N, STM32C071CBT6, STM32C071CBT6N, STM32C071CBU6, STM32C071CBU6N, STM32C071F8P6, STM32C071F8P6N, STM32C071FBP6, STM32C071FBP6N, STM32C071FBY6TR, STM32C071G8U6, STM32C071G8U6N, STM32C071GBU6, STM32C071GBU6N, STM32C071K8T6, STM32C071K8T6N, STM32C071K8U6, STM32C071K8U6N, STM32C071KBT6, STM32C071KBT6N, STM32C071KBU6, STM32C071KBU6N, STM32C071R8T6, STM32C071R8T6N, STM32C071RBI6N, STM32C071RBT6, STM32C071RBT6N, STM32C091CBT6, STM32C091CBU6, STM32C091CCT6, STM32C091CCU6, STM32C091ECY6TR, STM32C091FBP6, STM32C091FCP6, STM32C091GBU6, STM32C091GCU6, STM32C091KBT6, STM32C091KBU6, STM32C091KCT6, STM32C091KCU6, STM32C091RBT6, STM32C091RCI6, STM32C091RCT6, STM32C092CBT6, STM32C092CBU6, STM32C092CCT6, STM32C092CCU6, STM32C092ECY6TR, STM32C092FBP6, STM32C092FCP6, STM32C092GBU6, STM32C092GCU6, STM32C092KBT6, STM32C092KBU6, STM32C092KCT6, STM32C092KCU6, STM32C092RBT6, STM32C092RCI6, STM32C092RCT6, STM32G071K8TXN, STM32G071K8UXN, STM32G081GBU6N, STM32G081KBT6N, STM32G081KBUXN, STM32G0B1CCT6N, STM32G0B1KCT6, STM32G0B1NEY6TR, STM32G0B1RCT6N, STM32G0C1CCT6, STM32G0C1CCT6N, STM32G0C1CCU6N, STM32G0C1CET6N, STM32G0C1CEU6N, STM32G0C1KCT6, STM32G0C1NEY6TR, STM32G0C1RCI6N, STM32G0C1RCT6N, STM32G0C1REI6N, STM32G0C1RET6N, STM32G0C1VCI6, STM32G0C1VEI6, STM32G411C6T3, STM32G411C6T6, STM32G411C6U3, STM32G411C6U6, STM32G411C8T3, STM32G411C8T6, STM32G411C8U3, STM32G411C8U6, STM32G411CBT3, STM32G411CBT6, STM32G411CBU3, STM32G411CBU6, STM32G411CCT3, STM32G411CCT6, STM32G411CCU3, STM32G411CCU6, STM32G411K6T3, STM32G411K6T6, STM32G411K6U3, STM32G411K6U6, STM32G411K8T3, STM32G411K8T6, STM32G411K8U3, STM32G411K8U6, STM32G411KBT3, STM32G411KBT6, STM32G411KBU3, STM32G411KBU6, STM32G411M6T3, STM32G411M6T6, STM32G411M8T3, STM32G411M8T6, STM32G411MBT3, STM32G411MBT6, STM32G411MCT3, STM32G411MCT6, STM32G411R6T3, STM32G411R6T6, STM32G411R8T3, STM32G411R8T6, STM32G411RBT3, STM32G411RBT6, STM32G411RCT3, STM32G411RCT6, STM32G414CBT3, STM32G414CBT6, STM32G414CBU3, STM32G414CBU6, STM32G414CCT3, STM32G414CCT6, STM32G414CCU3, STM32G414CCU6, STM32G414MBT3, STM32G414MBT6, STM32G414MCT3, STM32G414MCT6, STM32G414RBT3, STM32G414RBT6, STM32G414RCT3, STM32G414RCT6, STM32G414VBT3, STM32G414VBT6, STM32G414VCT3, STM32G414VCT6, STM32G431CBT3Z, STM32G431RBT3Z, STM32G471CCT6, STM32G471CCU6, STM32G471CET3, STM32G471CET6, STM32G471CEU3, STM32G471CEU6, STM32G471MCT6, STM32G471MET3, STM32G471MET6, STM32G471MEY6TR, STM32G471QCT6, STM32G471QET3, STM32G471RCT6, STM32G471RET3, STM32G471RET6, STM32G471VCH6, STM32G471VCI6, STM32G471VCT6, STM32G471VEH3, STM32G471VEH6, STM32G471VEI3, STM32G471VEI6, STM32G471VET3, STM32G471VET6, STM32G473QET3Z, STM32G473RET3Z, STM32G474CCT6, STM32G491RET3Z, STM32H503CBT6, STM32H503CBU6, STM32H503EBY6TR, STM32H503KBU6, STM32H503RBT6, STM32H523CCT6, STM32H523CCU6, STM32H523CET6, STM32H523CEU6, STM32H523HEY6TR, STM32H523RCT6, STM32H523RET6, STM32H523VCI6, STM32H523VCT6, STM32H523VEI6, STM32H523VET6, STM32H523ZCJ6, STM32H523ZCT6, STM32H523ZEJ6, STM32H523ZET6, STM32H533CET6, STM32H533CEU6, STM32H533HEY6TR, STM32H533RET6, STM32H533VEI6, STM32H533VET6, STM32H533ZEJ6, STM32H533ZET6, STM32H562AGI6, STM32H562AII6, STM32H562IGK6, STM32H562IGT6, STM32H562IIK6, STM32H562IIT6, STM32H562RGT6, STM32H562RGV6, STM32H562RIT6, STM32H562RIV6, STM32H562VGT6, STM32H562VIT6, STM32H562ZGT6, STM32H562ZIT6, STM32H563AGI6, STM32H563AII3Q, STM32H563AII6, STM32H563IGK6, STM32H563IGT6, STM32H563IIK3Q, STM32H563IIK6, STM32H563IIT3Q, STM32H563IIT6, STM32H563MIY3QTR, STM32H563RGT6, STM32H563RGV6, STM32H563RIT6, STM32H563RIV6, STM32H563VGT6, STM32H563VIT3Q, STM32H563VIT6, STM32H563ZGT6, STM32H563ZIT3Q, STM32H563ZIT6, STM32H573AII3Q, STM32H573AII6, STM32H573I-DK, STM32H573IIK3Q, STM32H573IIK6, STM32H573IIT3Q, STM32H573IIT6, STM32H573MIY3QTR, STM32H573RIT6, STM32H573RIV6, STM32H573VIT3Q, STM32H573VIT6, STM32H573ZIT3Q, STM32H573ZIT6, STM32H7R3A8I6, STM32H7R3I8K6, STM32H7R3I8T6, STM32H7R3L8H6, STM32H7R3L8H6H, STM32H7R3R8V6, STM32H7R3V8H6, STM32H7R3V8T6, STM32H7R3V8Y6TR, STM32H7R3Z8J6, STM32H7R3Z8T6, STM32H7R7A8I6, STM32H7R7I8K6, STM32H7R7I8T6, STM32H7R7L8H6, STM32H7R7L8H6H, STM32H7R7Z8J6, STM32H7S3A8I6, STM32H7S3I8K6, STM32H7S3I8T6, STM32H7S3L8H6, STM32H7S3L8H6H, STM32H7S3R8V6, STM32H7S3V8H6, STM32H7S3V8T6, STM32H7S3V8Y6TR, STM32H7S3Z8J6, STM32H7S3Z8T6, STM32H7S78-DK, STM32H7S7A8I6, STM32H7S7I8K6, STM32H7S7I8T6, STM32H7S7L8H6, STM32H7S7L8H6H, STM32H7S7Z8J6, STM32L4R5QGI6STR, STM32MP131AAE3, STM32MP131AAF3, STM32MP131AAG3, STM32MP131CAE3, STM32MP131CAF3, STM32MP131CAG3, STM32MP131DAE7, STM32MP131DAF7, STM32MP131DAG7, STM32MP131FAE7, STM32MP131FAF7, STM32MP131FAG7, STM32MP133AAE3, STM32MP133AAF3, STM32MP133AAG3, STM32MP133CAE3, STM32MP133CAF3, STM32MP133CAG3, STM32MP133DAE7, STM32MP133DAF7, STM32MP133DAG7, STM32MP133FAE7, STM32MP133FAF7, STM32MP133FAG7, STM32MP135AAE3, STM32MP135AAF3, STM32MP135AAG3, STM32MP135CAE3, STM32MP135CAF3, STM32MP135CAG3, STM32MP135DAE7, STM32MP135DAF7, STM32MP135DAG7, STM32MP135F-DK, STM32MP135FAE7, STM32MP135FAF7, STM32MP135FAF7T, STM32MP135FAF7U, STM32MP135FAG7, STM32MP231AAJ3, STM32MP231AAK3, STM32MP231AAL3, STM32MP231CAJ3, STM32MP231CAK3, STM32MP231CAL3, STM32MP231DAJ3, STM32MP231DAK3, STM32MP231DAL3, STM32MP231FAJ3, STM32MP231FAK3, STM32MP231FAL3, STM32MP233AAJ3, STM32MP233AAK3, STM32MP233AAL3, STM32MP233CAJ3, STM32MP233CAK3, STM32MP233CAL3, STM32MP233DAJ3, STM32MP233DAK3, STM32MP233DAL3, STM32MP233FAJ3, STM32MP233FAK3, STM32MP233FAL3, STM32MP235AAJ3, STM32MP235AAK3, STM32MP235AAL3, STM32MP235CAJ3, STM32MP235CAK3, STM32MP235CAL3, STM32MP235DAJ3, STM32MP235DAK3, STM32MP235DAL3, STM32MP235FAJ3, STM32MP235FAK3, STM32MP235FAL3, STM32MP251AAI3, STM32MP251AAJ3, STM32MP251AAK3, STM32MP251AAL3, STM32MP251CAI3, STM32MP251CAJ3, STM32MP251CAK3, STM32MP251CAL3, STM32MP251DAI3, STM32MP251DAJ3, STM32MP251DAK3, STM32MP251DAL3, STM32MP251FAI3, STM32MP251FAJ3, STM32MP251FAK3, STM32MP251FAL3, STM32MP253AAI3, STM32MP253AAJ3, STM32MP253AAK3, STM32MP253AAL3, STM32MP253CAI3, STM32MP253CAJ3, STM32MP253CAK3, STM32MP253CAL3, STM32MP253DAI3, STM32MP253DAJ3, STM32MP253DAK3, STM32MP253DAL3, STM32MP253FAI3, STM32MP253FAJ3, STM32MP253FAK3, STM32MP253FAL3, STM32MP255AAI3, STM32MP255AAJ3, STM32MP255AAK3, STM32MP255AAL3, STM32MP255CAI3, STM32MP255CAJ3, STM32MP255CAK3, STM32MP255CAL3, STM32MP255DAI3, STM32MP255DAJ3, STM32MP255DAK3, STM32MP255DAL3, STM32MP255FAI3, STM32MP255FAJ3, STM32MP255FAK3, STM32MP255FAL3, STM32MP257AAI3, STM32MP257AAJ3, STM32MP257AAK3, STM32MP257AAL3, STM32MP257CAI3, STM32MP257CAJ3, STM32MP257CAK3, STM32MP257CAL3, STM32MP257DAI3, STM32MP257DAJ3, STM32MP257DAK3, STM32MP257DAL3, STM32MP257F-DK, STM32MP257F-EV1, STM32MP257FAI3, STM32MP257FAJ3, STM32MP257FAK3, STM32MP257FAL3, STM32N645A0H3Q, STM32N645B0H3Q, STM32N645I0H3Q, STM32N645L0H3Q, STM32N645X0H3Q, STM32N645Z0H3Q, STM32N647A0H3Q, STM32N647B0H3Q, STM32N647I0H3Q, STM32N647L0H3Q, STM32N647X0H3Q, STM32N647Z0H3Q, STM32N655A0H3Q, STM32N655B0H3Q, STM32N655I0H3Q, STM32N655L0H3Q, STM32N655X0H3Q, STM32N655Z0H3Q, STM32N6570-DK, STM32N657A0H3Q, STM32N657B0H3Q, STM32N657I0H3Q, STM32N657L0H3Q, STM32N657X0H3Q, STM32N657Z0H3Q, STM32U031C6T6, STM32U031C6U6, STM32U031C8T6, STM32U031C8U6, STM32U031F4P6, STM32U031F6P6, STM32U031F8P6, STM32U031G6Y6TR, STM32U031G8Y6TR, STM32U031K4U6, STM32U031K6U6, STM32U031K8U6, STM32U031R6I6, STM32U031R6T6, STM32U031R8I6, STM32U031R8T6, STM32U073C8T6, STM32U073C8U6, STM32U073CBT6, STM32U073CBU6, STM32U073CCT6, STM32U073CCU6, STM32U073H8Y6TR, STM32U073HBY6TR, STM32U073HCY6TR, STM32U073K8U6, STM32U073KBU6, STM32U073KCU6, STM32U073M8I6, STM32U073M8T6, STM32U073MBI6, STM32U073MBT6, STM32U073MCI6, STM32U073MCT6, STM32U073R8I6, STM32U073R8T6, STM32U073RBI6, STM32U073RBT6, STM32U073RCI6, STM32U073RCT6, STM32U083C-DK, STM32U083CCT6, STM32U083CCU6, STM32U083HCY6TR, STM32U083KCU6, STM32U083MCI6, STM32U083MCT6, STM32U083RCI6, STM32U083RCT6, STM32U375CET6, STM32U375CET6Q, STM32U375CEU6, STM32U375CEU6Q, STM32U375CEY6QTR, STM32U375CGT6, STM32U375CGT6Q, STM32U375CGU6, STM32U375CGU6Q, STM32U375CGY6QTR, STM32U375KEU6, STM32U375KGU6, STM32U375REI6, STM32U375REI6Q, STM32U375RET6, STM32U375RET6Q, STM32U375REY6GTR, STM32U375REY6QTR, STM32U375RGI6, STM32U375RGI6Q, STM32U375RGT6, STM32U375RGT6Q, STM32U375RGY6GTR, STM32U375RGY6QTR, STM32U375VEI6, STM32U375VEI6Q, STM32U375VET6, STM32U375VET6Q, STM32U375VGI6, STM32U375VGI6Q, STM32U375VGT6, STM32U375VGT6Q, STM32U385CGT6, STM32U385CGT6Q, STM32U385CGU6, STM32U385CGU6Q, STM32U385CGY6QTR, STM32U385KGU6, STM32U385RGI6, STM32U385RGI6Q, STM32U385RGT6, STM32U385RGT6Q, STM32U385RGY6GTR, STM32U385RGY6QTR, STM32U385VGI6, STM32U385VGI6Q, STM32U385VGT6, STM32U385VGT6Q, STM32U535CBT6, STM32U535CBT6Q, STM32U535CBU6, STM32U535CBU6Q, STM32U535CCT6, STM32U535CCT6Q, STM32U535CCU6, STM32U535CCU6Q, STM32U535CET6, STM32U535CET6Q, STM32U535CEU6, STM32U535CEU6Q, STM32U535JEY6QTR, STM32U535NCY6QTR, STM32U535NEY6QTR, STM32U535RBI6, STM32U535RBI6Q, STM32U535RBT6, STM32U535RBT6Q, STM32U535RCI6, STM32U535RCI6Q, STM32U535RCT6, STM32U535RCT6Q, STM32U535REI6, STM32U535REI6Q, STM32U535RET6, STM32U535RET6Q, STM32U535VCI6, STM32U535VCI6Q, STM32U535VCT6, STM32U535VCT6Q, STM32U535VEI6, STM32U535VEI6Q, STM32U535VET6, STM32U535VET6Q, STM32U545CET6, STM32U545CET6Q, STM32U545CEU6, STM32U545CEU6Q, STM32U545JEY6QTR, STM32U545NEY6QTR, STM32U545REI6, STM32U545REI6Q, STM32U545RET6, STM32U545RET6Q, STM32U545VEI6, STM32U545VEI6Q, STM32U545VET6, STM32U545VET6Q, STM32U595AIH6, STM32U595AIH6Q, STM32U595AJH6, STM32U595AJH6Q, STM32U595QII6, STM32U595QII6Q, STM32U595QJI6, STM32U595QJI6Q, STM32U595RIT6, STM32U595RIT6Q, STM32U595RJT6, STM32U595RJT6Q, STM32U595VIT6, STM32U595VIT6Q, STM32U595VJT6, STM32U595VJT6Q, STM32U595ZIT6, STM32U595ZIT6Q, STM32U595ZIY6QTR, STM32U595ZJT6, STM32U595ZJT6Q, STM32U595ZJY6QTR, STM32U599BJY6QTR, STM32U599NIH6Q, STM32U599NJH6Q, STM32U599VIT6Q, STM32U599VJT6, STM32U599VJT6Q, STM32U599ZIT6Q, STM32U599ZIY6QTR, STM32U599ZJT6Q, STM32U599ZJY6QTR, STM32U5A5AJH6, STM32U5A5AJH6Q, STM32U5A5QII3Q , STM32U5A5QJI6, STM32U5A5QJI6Q, STM32U5A5RJT6, STM32U5A5RJT6Q, STM32U5A5VJT6, STM32U5A5VJT6Q, STM32U5A5ZJT6, STM32U5A5ZJT6Q, STM32U5A5ZJY6QTR, STM32U5A9BJY6QTR, STM32U5A9J-DK, STM32U5A9NJH6Q, STM32U5A9VJT6Q, STM32U5A9ZJT6Q, STM32U5A9ZJY6QTR, STM32U5F7VIT6, STM32U5F7VIT6Q, STM32U5F7VJT6, STM32U5F7VJT6Q, STM32U5F9BJY6QTR, STM32U5F9NJH6Q, STM32U5F9VIT6Q, STM32U5F9VJT6Q, STM32U5F9ZIJ6QTR, STM32U5F9ZIT6Q, STM32U5F9ZJJ6QTR, STM32U5F9ZJT6Q, STM32U5G7VJT6, STM32U5G7VJT6Q, STM32U5G9BJY6QTR, STM32U5G9J-DK1, STM32U5G9J-DK2, STM32U5G9NJH6Q, STM32U5G9VJT6Q, STM32U5G9ZJJ6QTR, STM32U5G9ZJT6Q, STM32WB05KZV6TR, STM32WB05KZV7TR, STM32WB05TZF6TR, STM32WB05TZF7TR, STM32WB06CCF6TR, STM32WB06CCF7TR, STM32WB06CCV6TR, STM32WB06CCV7TR, STM32WB06KCV6TR, STM32WB06KCV7TR, STM32WB07CCF6TR, STM32WB07CCF7TR, STM32WB07CCV6TR, STM32WB07CCV7TR, STM32WB07KCV6TR, STM32WB07KCV7TR, STM32WB09KEV6TR, STM32WB09KEV7TR, STM32WB09TEF6TR, STM32WB09TEF7TR, STM32WB1MMCH6, STM32WBA50KGU6, STM32WBA50KGU6TR, STM32WBA52CEU6, STM32WBA52CEU6TR, STM32WBA52CEU7, STM32WBA52CEU7TR, STM32WBA52CGU6, STM32WBA52CGU6TR, STM32WBA52CGU6U, STM32WBA52CGU7, STM32WBA52CGU7TR, STM32WBA52KEU6, STM32WBA52KEU6TR, STM32WBA52KGU6, STM32WBA52KGU6TR, STM32WBA54CEU6, STM32WBA54CEU6TR, STM32WBA54CEU7, STM32WBA54CEU7TR, STM32WBA54CGU6, STM32WBA54CGU6TR, STM32WBA54CGU7, STM32WBA54CGU7TR, STM32WBA54KEU6, STM32WBA54KEU6TR, STM32WBA54KEU7, STM32WBA54KEU7TR, STM32WBA54KGU6, STM32WBA54KGU6TR, STM32WBA54KGU7, STM32WBA54KGU7TR, STM32WBA55CEU6, STM32WBA55CEU6TR, STM32WBA55CEU7, STM32WBA55CEU7TR, STM32WBA55CGU6, STM32WBA55CGU6TR, STM32WBA55CGU6U, STM32WBA55CGU7, STM32WBA55CGU7TR, STM32WBA55G-DK1, STM32WBA55HEF6, STM32WBA55HEF7, STM32WBA55HGF6, STM32WBA55HGF7, STM32WBA55UEI6, STM32WBA55UEI6TR, STM32WBA55UEI7, STM32WBA55UEI7TR, STM32WBA55UGI6, STM32WBA55UGI6TR, STM32WBA55UGI7, STM32WBA55UGI7TR, STM32WBA5MJGH6TR, STM32WBA62CGU6, STM32WBA62CIU6, STM32WBA62MGF6, STM32WBA62MIF6, STM32WBA62PGI6, STM32WBA62PII6, STM32WBA63CGU6, STM32WBA63CGU7, STM32WBA63CIU6, STM32WBA63CIU7, STM32WBA64CGU6, STM32WBA64CGU7, STM32WBA64CIU6, STM32WBA64CIU7, STM32WBA65CGU6, STM32WBA65CGU7, STM32WBA65CIU6, STM32WBA65CIU7, STM32WBA65I-DK1, STM32WBA65MGF6, STM32WBA65MGF7, STM32WBA65MIF6, STM32WBA65MIF7, STM32WBA65PGI6, STM32WBA65PGI7, STM32WBA65PII6, STM32WBA65PII7, STM32WBA65RGV6, STM32WBA65RGV7, STM32WBA65RIV6, STM32WBA65RIV7, STM32WL30K8V6, STM32WL30KBV6, STM32WL31C8V6, STM32WL31CBV6, STM32WL31K8V6, STM32WL31KBV6, STM32WL33C8V6, STM32WL33C8V6TR, STM32WL33C8V7, STM32WL33C8V7TR, STM32WL33CBV6, STM32WL33CBV6TR, STM32WL33CBV7, STM32WL33CBV7TR, STM32WL33CCV6, STM32WL33CCV6TR, STM32WL33CCV7, STM32WL33CCV7A, STM32WL33CCV7ATR, STM32WL33CCV7TR, STM32WL33K8V6, STM32WL33K8V6TR, STM32WL33K8V7, STM32WL33K8V7TR, STM32WL33KBV6, STM32WL33KBV6TR, STM32WL33KBV7, STM32WL33KBV7TR, STM32WL33KCV6, STM32WL33KCV6TR, STM32WL33KCV7, STM32WL33KCV7TR, STM32WL5MOCH6, STM32WL5MOCH6TR]
2025-11-03 18:21:32,630 [INFO] DbMcus:218 - Found 4747 MCUs, 4747 are supported
2025-11-03 18:21:32,631 [INFO] ApiDb:423 - Load user favorites file C:\Users\siree/.stm32cubeide/favorites.mcus.txt: 0 item(s)
2025-11-03 18:21:32,631 [INFO] ApiDb:427 - User favorites MCUs=[]
2025-11-03 18:21:32,631 [INFO] DbMcus:224 - Set 0 / 0 favorites MCUs
2025-11-03 18:21:33,220 [INFO] BoardInfo:889 - No configuration file found for board P-NUCLEO-WB55
2025-11-03 18:21:33,221 [INFO] DbBoards:161 - Kit is not supported: P-NUCLEO-WB55
2025-11-03 18:21:33,228 [INFO] BoardInfo:889 - No configuration file found for board STEVAL-BFA001V1B
2025-11-03 18:21:33,230 [INFO] DbBoards:161 - Kit is not supported: STEVAL-BFA001V1B
2025-11-03 18:21:33,231 [INFO] BoardInfo:889 - No configuration file found for board STEVAL-BFA001V2B
2025-11-03 18:21:33,232 [INFO] DbBoards:161 - Kit is not supported: STEVAL-BFA001V2B
2025-11-03 18:21:33,450 [INFO] DbBoards:168 - Found 211 boards, 208 are supported
2025-11-03 18:21:33,450 [INFO] DbBoards:169 - Found 211 boards, 43 of them is supported for  Bsp
2025-11-03 18:21:33,452 [INFO] ApiDb:423 - Load user favorites file C:\Users\siree/.stm32cubeide/favorites.boards.txt: 0 item(s)
2025-11-03 18:21:33,452 [INFO] ApiDb:427 - User favorites Boards=[]
2025-11-03 18:21:33,453 [INFO] DbBoards:198 - Set 0 / 0 favorites Boards
2025-11-03 18:21:33,523 [INFO] UtilMem:75 - End LoadConfig() Used Memory: 324490016 Bytes (456130560)
2025-11-03 18:21:33,663 [WARN] ThirdParty:833 - waiting for thirdparty lock release [change project]
2025-11-03 18:21:33,664 [INFO] ThirdParty:835 - entering critical section [change project]
2025-11-03 18:21:33,664 [INFO] ThirdParty:1030 - CMSIS Pack Vendor :STMicroelectronics X-CUBE-PM33A1 1.0.0
2025-11-03 18:21:33,664 [INFO] ThirdParty:1030 - CMSIS Pack Vendor :STMicroelectronics USBPD 4.1
2025-11-03 18:21:33,664 [INFO] ThirdParty:1030 - CMSIS Pack Vendor :STMicroelectronics X-CUBE-NFC9 1.0.0
2025-11-03 18:21:33,664 [INFO] ThirdParty:1030 - CMSIS Pack Vendor :STMicroelectronics USB_HOST 2.0.0
2025-11-03 18:21:33,664 [INFO] ThirdParty:1030 - CMSIS Pack Vendor :STMicroelectronics FP-SNS-MOTENVWB1 1.4.0
2025-11-03 18:21:33,664 [INFO] ThirdParty:1030 - CMSIS Pack Vendor :STMicroelectronics X-CUBE-AZRTOS-F4 1.1.0
2025-11-03 18:21:33,664 [INFO] ThirdParty:1030 - CMSIS Pack Vendor :STMicroelectronics LIBJPEG 8.0.0
2025-11-03 18:21:33,664 [INFO] ThirdParty:1030 - CMSIS Pack Vendor :STMicroelectronics FP-ATR-ASTRA1 2.0.2
2025-11-03 18:21:33,664 [INFO] ThirdParty:1030 - CMSIS Pack Vendor :wolfSSL I-CUBE-wolfSSL 5.8.2
2025-11-03 18:21:33,664 [INFO] ThirdParty:1030 - CMSIS Pack Vendor :STMicroelectronics X-CUBE-BLE1 7.1.0
2025-11-03 18:21:33,664 [INFO] ThirdParty:1030 - CMSIS Pack Vendor :STMicroelectronics X-CUBE-SMBUS 2.1.0
2025-11-03 18:21:33,664 [INFO] ThirdParty:1030 - CMSIS Pack Vendor :wolfSSL I-CUBE-wolfMQTT 1.19.2
2025-11-03 18:21:33,664 [INFO] ThirdParty:1030 - CMSIS Pack Vendor :STMicroelectronics USB_DEVICE 3.0.0
2025-11-03 18:21:33,664 [INFO] ThirdParty:1030 - CMSIS Pack Vendor :STMicroelectronics X-CUBE-ISPU 2.1.0
2025-11-03 18:21:33,664 [INFO] ThirdParty:1030 - CMSIS Pack Vendor :STMicroelectronics X-CUBE-EEPRMA1 5.2.0
2025-11-03 18:21:33,664 [INFO] ThirdParty:1030 - CMSIS Pack Vendor :STMicroelectronics X-CUBE-BLEMGR 4.1.0
2025-11-03 18:21:33,665 [INFO] ThirdParty:1030 - CMSIS Pack Vendor :STMicroelectronics X-CUBE-AZRTOS-WB 2.0.0
2025-11-03 18:21:33,665 [INFO] ThirdParty:1030 - CMSIS Pack Vendor :STMicroelectronics X-CUBE-GNSS1 7.0.1
2025-11-03 18:21:33,665 [INFO] ThirdParty:1030 - CMSIS Pack Vendor :STMicroelectronics X-CUBE-NFC12 1.0.0
2025-11-03 18:21:33,665 [INFO] ThirdParty:1030 - CMSIS Pack Vendor :STMicroelectronics X-CUBE-AZRTOS-F7 1.1.0
2025-11-03 18:21:33,665 [INFO] ThirdParty:1030 - CMSIS Pack Vendor :STMicroelectronics X-CUBE-AZRTOS-L5 2.0.0
2025-11-03 18:21:33,665 [INFO] ThirdParty:1030 - CMSIS Pack Vendor :STMicroelectronics USB_DEVICE 2.0.0
2025-11-03 18:21:33,665 [INFO] ThirdParty:1030 - CMSIS Pack Vendor :STMicroelectronics X-CUBE-NFC6 3.1.0
2025-11-03 18:21:33,665 [INFO] ThirdParty:1030 - CMSIS Pack Vendor :Cesanta I-CUBE-Mongoose 7.19.0
2025-11-03 18:21:33,665 [INFO] ThirdParty:1030 - CMSIS Pack Vendor :quantropi X-CUBE-qispace-sdk-base 2.1.0
2025-11-03 18:21:33,665 [INFO] ThirdParty:1030 - CMSIS Pack Vendor :STMicroelectronics FreeRTOS 0.0.1
2025-11-03 18:21:33,665 [INFO] ThirdParty:1030 - CMSIS Pack Vendor :STMicroelectronics X-CUBE-AZRTOS-G0 1.1.0
2025-11-03 18:21:33,665 [INFO] ThirdParty:1030 - CMSIS Pack Vendor :STMicroelectronics X-CUBE-SAFEA1 1.2.2
2025-11-03 18:21:33,665 [INFO] ThirdParty:1030 - CMSIS Pack Vendor :STMicroelectronics X-CUBE-NFC4 3.0.0
2025-11-03 18:21:33,665 [INFO] ThirdParty:1030 - CMSIS Pack Vendor :STMicroelectronics X-CUBE-SUBG2 5.0.0
2025-11-03 18:21:33,665 [INFO] ThirdParty:1030 - CMSIS Pack Vendor :STMicroelectronics X-CUBE-AZRTOS-H7RS 1.1.0
2025-11-03 18:21:33,665 [INFO] ThirdParty:1030 - CMSIS Pack Vendor :STMicroelectronics STM32_WPAN 1.0.0
2025-11-03 18:21:33,665 [INFO] ThirdParty:1030 - CMSIS Pack Vendor :EmbeddedOffice I-CUBE-FS-RTOS 1.0.1
2025-11-03 18:21:33,665 [INFO] ThirdParty:1030 - CMSIS Pack Vendor :STMicroelectronics lwIP 2.0.3
2025-11-03 18:21:33,665 [INFO] ThirdParty:1030 - CMSIS Pack Vendor :STMicroelectronics USB_HOST 1.0.0
2025-11-03 18:21:33,665 [INFO] ThirdParty:1030 - CMSIS Pack Vendor :Infineon AIROC-Wi-Fi-Bluetooth-STM32 1.7.1
2025-11-03 18:21:33,665 [INFO] ThirdParty:1030 - CMSIS Pack Vendor :STMicroelectronics X-CUBE-AZRTOS-G4 2.0.0
2025-11-03 18:21:33,665 [INFO] ThirdParty:1030 - CMSIS Pack Vendor :STMicroelectronics X-CUBE-WB05N 2.0.0
2025-11-03 18:21:33,665 [INFO] ThirdParty:1030 - CMSIS Pack Vendor :STMicroelectronics PDM2PCM 3.1.0
2025-11-03 18:21:33,665 [INFO] ThirdParty:1030 - CMSIS Pack Vendor :STMicroelectronics PDM2PCM 3.3.0
2025-11-03 18:21:33,665 [INFO] ThirdParty:1030 - CMSIS Pack Vendor :wolfSSL I-CUBE-wolfTPM 3.8.0
2025-11-03 18:21:33,665 [INFO] ThirdParty:1030 - CMSIS Pack Vendor :STMicroelectronics X-CUBE-AZRTOS-H7 3.4.0
2025-11-03 18:21:33,665 [INFO] ThirdParty:1030 - CMSIS Pack Vendor :STMicroelectronics X-CUBE-DISPLAY 3.0.0
2025-11-03 18:21:33,665 [INFO] ThirdParty:1030 - CMSIS Pack Vendor :wolfSSL I-CUBE-wolfSSH 1.4.20
2025-11-03 18:21:33,665 [INFO] ThirdParty:1030 - CMSIS Pack Vendor :STMicroelectronics X-CUBE-NFC7 2.0.0
2025-11-03 18:21:33,665 [INFO] ThirdParty:1030 - CMSIS Pack Vendor :STMicroelectronics X-CUBE-TCPP 4.2.0
2025-11-03 18:21:33,665 [INFO] ThirdParty:1030 - CMSIS Pack Vendor :RealThread X-CUBE-RT-Thread_Nano 4.1.1
2025-11-03 18:21:33,665 [INFO] ThirdParty:1030 - CMSIS Pack Vendor :STMicroelectronics FP-ATR-SIGFOX1 3.2.0
2025-11-03 18:21:33,665 [INFO] ThirdParty:1030 - CMSIS Pack Vendor :STMicroelectronics X-CUBE-NFC10 1.0.0
2025-11-03 18:21:33,665 [INFO] ThirdParty:1030 - CMSIS Pack Vendor :STMicroelectronics X-CUBE-FREERTOS 1.3.1
2025-11-03 18:21:33,665 [INFO] ThirdParty:1030 - CMSIS Pack Vendor :STMicroelectronics HAL Drivers 0.0.0
2025-11-03 18:21:33,666 [INFO] ThirdParty:1030 - CMSIS Pack Vendor :STMicroelectronics MBEDTLS 2.16.2
2025-11-03 18:21:33,666 [INFO] ThirdParty:1030 - CMSIS Pack Vendor :STMicroelectronics X-CUBE-ST60 1.1.0
2025-11-03 18:21:33,666 [INFO] ThirdParty:1030 - CMSIS Pack Vendor :STMicroelectronics X-CUBE-ALS 1.0.2
2025-11-03 18:21:33,666 [INFO] ThirdParty:1030 - CMSIS Pack Vendor :emotas I-CUBE-CANOPEN 1.3.0
2025-11-03 18:21:33,666 [INFO] ThirdParty:1030 - CMSIS Pack Vendor :STMicroelectronics MBEDTLS 2.14.1
2025-11-03 18:21:33,666 [INFO] ThirdParty:1030 - CMSIS Pack Vendor :STMicroelectronics X-CUBE-GNSS1 7.1.0
2025-11-03 18:21:33,666 [INFO] ThirdParty:1030 - CMSIS Pack Vendor :ITTIA_DB I-CUBE-ITTIADB 8.9.0
2025-11-03 18:21:33,666 [INFO] ThirdParty:1030 - CMSIS Pack Vendor :STMicroelectronics X-CUBE-TOUCHGFX 4.26.0
2025-11-03 18:21:33,666 [INFO] ThirdParty:1030 - CMSIS Pack Vendor :STMicroelectronics X-CUBE-STSE01 1.0.0
2025-11-03 18:21:33,666 [INFO] ThirdParty:1030 - CMSIS Pack Vendor :STMicroelectronics X-CUBE-AI 10.2.0
2025-11-03 18:21:33,666 [INFO] ThirdParty:1030 - CMSIS Pack Vendor :STMicroelectronics FP-SNS-STAIOTCFT 1.0.0
2025-11-03 18:21:33,666 [INFO] ThirdParty:1030 - CMSIS Pack Vendor :STMicroelectronics ThreadX 1.0.0
2025-11-03 18:21:33,666 [INFO] ThirdParty:1030 - CMSIS Pack Vendor :STMicroelectronics FP-SNS-SMARTAG2 1.2.0
2025-11-03 18:21:33,666 [INFO] ThirdParty:1030 - CMSIS Pack Vendor :STMicroelectronics FP-SNS-FLIGHT1 5.1.0
2025-11-03 18:21:33,666 [INFO] ThirdParty:1030 - CMSIS Pack Vendor :STMicroelectronics X-CUBE-AZRTOS-WL 2.0.0
2025-11-03 18:21:33,666 [INFO] ThirdParty:1030 - CMSIS Pack Vendor :SEGGER I-CUBE-embOS 1.3.1
2025-11-03 18:21:33,666 [INFO] ThirdParty:1030 - CMSIS Pack Vendor :STMicroelectronics X-CUBE-ALGOBUILD 1.4.0
2025-11-03 18:21:33,666 [INFO] ThirdParty:1030 - CMSIS Pack Vendor :STMicroelectronics X-CUBE-DPower 1.3.0
2025-11-03 18:21:33,666 [INFO] ThirdParty:1030 - CMSIS Pack Vendor :STMicroelectronics X-CUBE-MEMS1 11.3.0
2025-11-03 18:21:33,666 [INFO] ThirdParty:1030 - CMSIS Pack Vendor :STMicroelectronics USB_DEVICE 1.0.0
2025-11-03 18:21:33,666 [INFO] ThirdParty:1030 - CMSIS Pack Vendor :STMicroelectronics X-CUBE-AZRTOS-L4 2.0.0
2025-11-03 18:21:33,666 [INFO] ThirdParty:1030 - CMSIS Pack Vendor :STMicroelectronics ThreadX 0.0.2
2025-11-03 18:21:33,666 [INFO] ThirdParty:1030 - CMSIS Pack Vendor :STMicroelectronics lwIP 2.1.2
2025-11-03 18:21:33,666 [INFO] ThirdParty:1030 - CMSIS Pack Vendor :STMicroelectronics X-CUBE-SFXS2LP1 4.0.0
2025-11-03 18:21:33,666 [INFO] ThirdParty:1030 - CMSIS Pack Vendor :STMicroelectronics X-CUBE-BLE2 3.3.0
2025-11-03 18:21:33,666 [INFO] ThirdParty:1030 - CMSIS Pack Vendor :STMicroelectronics X-CUBE-TOF1 3.4.3
2025-11-03 18:21:33,666 [INFO] ThirdParty:1030 - CMSIS Pack Vendor :STMicroelectronics PDM2PCM 3.2.0
2025-11-03 18:21:33,666 [INFO] ThirdParty:841 - exiting critical section [change project]
2025-11-03 18:21:34,169 [INFO] PinOutPanel:1589 - setPackage(No Configuration,No Configuration)
2025-11-03 18:21:34,172 [INFO] PinOutPanel:1589 - setPackage(STM32L476RGTx,LQFP64)
2025-11-03 18:21:34,938 [INFO] UtilMem:75 - Before build in PCC Used Memory: 400222912 Bytes (456130560)
2025-11-03 18:21:35,839 [INFO] UtilMem:75 - After build in PCC Used Memory: 304959232 Bytes (456130560)
2025-11-03 18:21:35,873 [INFO] IPUIPlugin:80 - create IPUIPlugin
2025-11-03 18:21:35,874 [INFO] IPUIPlugin:80 - create IPUIPlugin
2025-11-03 18:21:35,874 [INFO] IPUIPlugin:80 - create IPUIPlugin
2025-11-03 18:21:35,874 [INFO] IPUIPlugin:80 - create IPUIPlugin
2025-11-03 18:21:35,874 [INFO] IPUIPlugin:80 - create IPUIPlugin
2025-11-03 18:21:35,874 [INFO] IPUIPlugin:80 - create IPUIPlugin
2025-11-03 18:21:35,874 [INFO] IPUIPlugin:80 - create IPUIPlugin
2025-11-03 18:21:35,875 [INFO] IPUIPlugin:80 - create IPUIPlugin
2025-11-03 18:21:35,875 [INFO] IPUIPlugin:80 - create IPUIPlugin
2025-11-03 18:21:35,875 [INFO] IPUIPlugin:80 - create IPUIPlugin
2025-11-03 18:21:35,875 [INFO] IPUIPlugin:80 - create IPUIPlugin
2025-11-03 18:21:35,876 [INFO] IPUIPlugin:80 - create IPUIPlugin
2025-11-03 18:21:35,876 [INFO] IPUIPlugin:80 - create IPUIPlugin
2025-11-03 18:21:35,876 [INFO] IPUIPlugin:80 - create IPUIPlugin
2025-11-03 18:21:35,876 [INFO] IPUIPlugin:80 - create IPUIPlugin
2025-11-03 18:21:35,876 [INFO] IPUIPlugin:80 - create IPUIPlugin
2025-11-03 18:21:35,876 [INFO] IPUIPlugin:80 - create IPUIPlugin
2025-11-03 18:21:35,877 [INFO] IPUIPlugin:80 - create IPUIPlugin
2025-11-03 18:21:35,877 [INFO] IPUIPlugin:80 - create IPUIPlugin
2025-11-03 18:21:35,877 [INFO] IPUIPlugin:80 - create IPUIPlugin
2025-11-03 18:21:35,877 [INFO] IPUIPlugin:80 - create IPUIPlugin
2025-11-03 18:21:35,877 [INFO] IPUIPlugin:80 - create IPUIPlugin
2025-11-03 18:21:35,878 [INFO] IPUIPlugin:80 - create IPUIPlugin
2025-11-03 18:21:35,878 [INFO] IPUIPlugin:80 - create IPUIPlugin
2025-11-03 18:21:35,878 [INFO] IPUIPlugin:80 - create IPUIPlugin
2025-11-03 18:21:35,878 [INFO] IPUIPlugin:80 - create IPUIPlugin
2025-11-03 18:21:35,879 [INFO] IPUIPlugin:80 - create IPUIPlugin
2025-11-03 18:21:35,879 [INFO] IPUIPlugin:80 - create IPUIPlugin
2025-11-03 18:21:35,879 [INFO] IPUIPlugin:80 - create IPUIPlugin
2025-11-03 18:21:35,879 [INFO] IPUIPlugin:80 - create IPUIPlugin
2025-11-03 18:21:35,880 [INFO] IPUIPlugin:80 - create IPUIPlugin
2025-11-03 18:21:35,880 [INFO] IPUIPlugin:80 - create IPUIPlugin
2025-11-03 18:21:35,880 [INFO] IPUIPlugin:80 - create IPUIPlugin
2025-11-03 18:21:35,880 [INFO] IPUIPlugin:80 - create IPUIPlugin
2025-11-03 18:21:35,881 [INFO] IPUIPlugin:80 - create IPUIPlugin
2025-11-03 18:21:35,881 [INFO] IPUIPlugin:80 - create IPUIPlugin
2025-11-03 18:21:35,881 [INFO] IPUIPlugin:80 - create IPUIPlugin
2025-11-03 18:21:35,881 [INFO] IPUIPlugin:80 - create IPUIPlugin
2025-11-03 18:21:35,882 [INFO] IPUIPlugin:80 - create IPUIPlugin
2025-11-03 18:21:35,882 [INFO] IPUIPlugin:80 - create IPUIPlugin
2025-11-03 18:21:35,882 [INFO] IPUIPlugin:80 - create IPUIPlugin
2025-11-03 18:21:35,882 [INFO] IPUIPlugin:80 - create IPUIPlugin
2025-11-03 18:21:35,883 [INFO] IPUIPlugin:80 - create IPUIPlugin
2025-11-03 18:21:35,883 [INFO] IPUIPlugin:80 - create IPUIPlugin
2025-11-03 18:21:35,884 [INFO] IPUIPlugin:80 - create IPUIPlugin
2025-11-03 18:21:35,884 [INFO] IPUIPlugin:80 - create IPUIPlugin
2025-11-03 18:21:35,884 [INFO] IPUIPlugin:80 - create IPUIPlugin
2025-11-03 18:21:35,884 [INFO] IPUIPlugin:80 - create IPUIPlugin
2025-11-03 18:21:35,885 [INFO] IPUIPlugin:80 - create IPUIPlugin
2025-11-03 18:21:35,886 [INFO] IPUIPlugin:80 - create IPUIPlugin
2025-11-03 18:21:35,886 [INFO] IPUIPlugin:80 - create IPUIPlugin
2025-11-03 18:21:35,886 [INFO] IPUIPlugin:80 - create IPUIPlugin
2025-11-03 18:21:35,886 [INFO] IPUIPlugin:80 - create IPUIPlugin
2025-11-03 18:21:35,887 [INFO] IPUIPlugin:80 - create IPUIPlugin
2025-11-03 18:21:35,887 [INFO] IPUIPlugin:80 - create IPUIPlugin
2025-11-03 18:21:35,887 [INFO] IPUIPlugin:80 - create IPUIPlugin
2025-11-03 18:21:35,887 [INFO] IPUIPlugin:80 - create IPUIPlugin
2025-11-03 18:21:35,888 [INFO] IPUIPlugin:80 - create IPUIPlugin
2025-11-03 18:21:35,888 [INFO] IPUIPlugin:80 - create IPUIPlugin
2025-11-03 18:21:36,124 [INFO] CADModel:165 - CPN selected for project levelSTM32L476RGT3
2025-11-03 18:21:36,124 [INFO] CADModel:114 - Register for checkConnection events
2025-11-03 18:21:36,180 [INFO] OpenFileManager:385 - Restore cursor
2025-11-03 18:32:55,244 [INFO] UtilMem:75 - End SaveConfig() Used Memory: 515975192 Bytes (587202560)
2025-11-03 18:32:56,910 [INFO] UtilMem:75 - End SaveConfig() Used Memory: 206096624 Bytes (587202560)
2025-11-03 18:32:57,171 [INFO] UtilMem:75 - End SaveConfig() Used Memory: 240699632 Bytes (587202560)
2025-11-03 18:32:57,696 [INFO] BlockDiagram:2775 - set Specific Code input for plugin: SYS
2025-11-03 18:32:57,696 [INFO] BlockDiagram:2775 - set Specific Code input for plugin: RCC
2025-11-03 18:32:57,697 [INFO] BlockDiagram:2775 - set Specific Code input for plugin: NVIC
2025-11-03 18:32:57,697 [INFO] BlockDiagram:2775 - set Specific Code input for plugin: USART
2025-11-03 18:32:57,699 [INFO] BlockDiagram:2775 - set Specific Code input for plugin: GPIO
2025-11-03 18:32:57,708 [INFO] CodeGenerator:882 - code generatio: config db path: C:\ST\STM32CubeIDE_1.18.1\STM32CubeIDE\plugins\com.st.stm32cube.common.mx_6.14.1.202504091515\\db\
2025-11-03 18:32:57,894 [INFO] CodeEngine:263 - oldGeneratedFile, C:\stm32\09_HAL_SPI_interrup\MXTmpFiles\license.tmp_save
2025-11-03 18:32:58,341 [INFO] CodeEngine:287 - Generated code: C:\stm32\09_HAL_SPI_interrup\MXTmpFiles\license.tmp
2025-11-03 18:32:58,490 [INFO] CodeEngine:263 - oldGeneratedFile, C:\stm32\09_HAL_SPI_interrup\MXTmpFiles\gpio.tmp_save
2025-11-03 18:32:58,644 [INFO] CodeEngine:287 - Generated code: C:\stm32\09_HAL_SPI_interrup\MXTmpFiles\gpio.tmp
2025-11-03 18:32:58,797 [INFO] CodeEngine:263 - oldGeneratedFile, C:\stm32\09_HAL_SPI_interrup\Core\Src\stm32l4xx_it.c_save
2025-11-03 18:32:58,932 [INFO] CodeEngine:287 - Generated code: C:\stm32\09_HAL_SPI_interrup\Core\Src\stm32l4xx_it.c
2025-11-03 18:32:58,944 [INFO] CodeEngine:263 - oldGeneratedFile, C:\stm32\09_HAL_SPI_interrup\Core\Inc\stm32l4xx_it.h_save
2025-11-03 18:32:59,038 [INFO] CodeEngine:287 - Generated code: C:\stm32\09_HAL_SPI_interrup\Core\Inc\stm32l4xx_it.h
2025-11-03 18:32:59,044 [INFO] CodeEngine:263 - oldGeneratedFile, C:\stm32\09_HAL_SPI_interrup\Core\Src\stm32l4xx_hal_msp.c_save
2025-11-03 18:32:59,193 [INFO] CodeEngine:287 - Generated code: C:\stm32\09_HAL_SPI_interrup\Core\Src\stm32l4xx_hal_msp.c
2025-11-03 18:32:59,201 [INFO] CodeEngine:263 - oldGeneratedFile, C:\stm32\09_HAL_SPI_interrup\MXTmpFiles\system.tmp_save
2025-11-03 18:32:59,271 [INFO] CodeEngine:287 - Generated code: C:\stm32\09_HAL_SPI_interrup\MXTmpFiles\system.tmp
2025-11-03 18:32:59,290 [INFO] CodeEngine:319 - oldGeneratedFile, C:\stm32\09_HAL_SPI_interrup\Core\Inc\stm32l4xx_hal_conf.h_save
2025-11-03 18:32:59,370 [INFO] CodeEngine:343 - Generated code: C:\stm32\09_HAL_SPI_interrup\Core\Inc\stm32l4xx_hal_conf.h
2025-11-03 18:32:59,436 [INFO] ApiDbMcu:508 - Load IP Config File for USART2
2025-11-03 18:32:59,442 [INFO] ApiDbMcu:508 - Load IP Config File for RCC
2025-11-03 18:32:59,459 [INFO] CodeEngine:263 - oldGeneratedFile, C:\stm32\09_HAL_SPI_interrup\Core\Inc\main.h_save
2025-11-03 18:32:59,559 [INFO] CodeEngine:287 - Generated code: C:\stm32\09_HAL_SPI_interrup\Core\Inc\main.h
2025-11-03 18:32:59,573 [INFO] CodeEngine:263 - oldGeneratedFile, C:\stm32\09_HAL_SPI_interrup\Core\Src\main.c_save
2025-11-03 18:32:59,737 [INFO] CodeEngine:287 - Generated code: C:\stm32\09_HAL_SPI_interrup\Core\Src\main.c
2025-11-03 18:33:00,495 [INFO] ProjectBuilder:3324 - Time for Copy HAL[1] : 481mS.
2025-11-03 18:33:00,502 [INFO] ProjectBuilder:4912 - Project Generator version: 4.6.0.1-B1
2025-11-03 18:33:00,609 [INFO] ConfigFileManager:1590 - The Die is : DIE415
2025-11-03 18:33:00,620 [INFO] ApiDbMcu:508 - Load IP Config File for FATFS
2025-11-03 18:33:00,628 [INFO] ApiDbMcu:508 - Load IP Config File for FREERTOS
2025-11-03 18:33:00,642 [INFO] ApiDbMcu:508 - Load IP Config File for TOUCHSENSING
2025-11-03 18:33:00,649 [INFO] ApiDbMcu:508 - Load IP Config File for USB_DEVICE
2025-11-03 18:33:00,655 [INFO] ApiDbMcu:508 - Load IP Config File for USB_HOST
2025-11-03 18:33:01,082 [INFO] LogOutputStream:77 - [STDOUT_REDIRECT] 
2025-11-03 18:33:02,172 [INFO] ProjectBuilder:5191 - Time for Generating toolchain IDE Files: 1669mS.
2025-11-03 18:33:02,174 [INFO] ProjectBuilder:3181 - Time for Copy CMSIS : 1mS.
2025-11-03 18:33:02,178 [INFO] ProjectBuilder:3181 - Time for Copy CMSIS : 0mS.
2025-11-03 18:48:36,182 [INFO] UtilMem:75 - End SaveConfig() Used Memory: 591395784 Bytes (759169024)
2025-11-03 18:48:37,885 [INFO] UtilMem:75 - End SaveConfig() Used Memory: 623898944 Bytes (759169024)
2025-11-03 18:48:41,378 [INFO] UtilMem:75 - End SaveConfig() Used Memory: 677887688 Bytes (759169024)
2025-11-03 18:48:42,055 [INFO] BlockDiagram:2775 - set Specific Code input for plugin: SYS
2025-11-03 18:48:42,056 [INFO] BlockDiagram:2775 - set Specific Code input for plugin: RCC
2025-11-03 18:48:42,056 [INFO] BlockDiagram:2775 - set Specific Code input for plugin: NVIC
2025-11-03 18:48:42,056 [INFO] BlockDiagram:2775 - set Specific Code input for plugin: USART
2025-11-03 18:48:42,056 [INFO] BlockDiagram:2775 - set Specific Code input for plugin: GPIO
2025-11-03 18:48:42,060 [INFO] CodeGenerator:882 - code generatio: config db path: C:\ST\STM32CubeIDE_1.18.1\STM32CubeIDE\plugins\com.st.stm32cube.common.mx_6.14.1.202504091515\\db\
2025-11-03 18:48:42,149 [INFO] CodeEngine:263 - oldGeneratedFile, C:\stm32\09_HAL_SPI_interrup\MXTmpFiles\license.tmp_save
2025-11-03 18:48:42,344 [INFO] CodeEngine:287 - Generated code: C:\stm32\09_HAL_SPI_interrup\MXTmpFiles\license.tmp
2025-11-03 18:48:42,403 [INFO] CodeEngine:263 - oldGeneratedFile, C:\stm32\09_HAL_SPI_interrup\MXTmpFiles\gpio.tmp_save
2025-11-03 18:48:42,505 [INFO] CodeEngine:287 - Generated code: C:\stm32\09_HAL_SPI_interrup\MXTmpFiles\gpio.tmp
2025-11-03 18:48:42,731 [INFO] CodeEngine:263 - oldGeneratedFile, C:\stm32\09_HAL_SPI_interrup\Core\Src\stm32l4xx_it.c_save
2025-11-03 18:48:42,937 [INFO] CodeEngine:287 - Generated code: C:\stm32\09_HAL_SPI_interrup\Core\Src\stm32l4xx_it.c
2025-11-03 18:48:42,947 [INFO] CodeEngine:263 - oldGeneratedFile, C:\stm32\09_HAL_SPI_interrup\Core\Inc\stm32l4xx_it.h_save
2025-11-03 18:48:43,020 [INFO] CodeEngine:287 - Generated code: C:\stm32\09_HAL_SPI_interrup\Core\Inc\stm32l4xx_it.h
2025-11-03 18:48:43,045 [INFO] CodeEngine:263 - oldGeneratedFile, C:\stm32\09_HAL_SPI_interrup\Core\Src\stm32l4xx_hal_msp.c_save
2025-11-03 18:48:43,168 [INFO] CodeEngine:287 - Generated code: C:\stm32\09_HAL_SPI_interrup\Core\Src\stm32l4xx_hal_msp.c
2025-11-03 18:48:43,181 [INFO] CodeEngine:263 - oldGeneratedFile, C:\stm32\09_HAL_SPI_interrup\MXTmpFiles\system.tmp_save
2025-11-03 18:48:43,231 [INFO] CodeEngine:287 - Generated code: C:\stm32\09_HAL_SPI_interrup\MXTmpFiles\system.tmp
2025-11-03 18:48:43,254 [INFO] CodeEngine:319 - oldGeneratedFile, C:\stm32\09_HAL_SPI_interrup\Core\Inc\stm32l4xx_hal_conf.h_save
2025-11-03 18:48:43,324 [INFO] CodeEngine:343 - Generated code: C:\stm32\09_HAL_SPI_interrup\Core\Inc\stm32l4xx_hal_conf.h
2025-11-03 18:48:43,379 [INFO] CodeEngine:263 - oldGeneratedFile, C:\stm32\09_HAL_SPI_interrup\Core\Inc\main.h_save
2025-11-03 18:48:43,466 [INFO] CodeEngine:287 - Generated code: C:\stm32\09_HAL_SPI_interrup\Core\Inc\main.h
2025-11-03 18:48:43,484 [INFO] CodeEngine:263 - oldGeneratedFile, C:\stm32\09_HAL_SPI_interrup\Core\Src\main.c_save
2025-11-03 18:48:43,591 [INFO] CodeEngine:287 - Generated code: C:\stm32\09_HAL_SPI_interrup\Core\Src\main.c
2025-11-03 18:48:44,120 [INFO] ProjectBuilder:3324 - Time for Copy HAL[1] : 346mS.
2025-11-03 18:48:44,126 [INFO] ProjectBuilder:4912 - Project Generator version: 4.6.0.1-B1
2025-11-03 18:48:44,207 [INFO] ConfigFileManager:1590 - The Die is : DIE415
2025-11-03 18:48:45,331 [INFO] ProjectBuilder:5191 - Time for Generating toolchain IDE Files: 1205mS.
2025-11-03 18:48:45,334 [INFO] ProjectBuilder:3181 - Time for Copy CMSIS : 2mS.
2025-11-03 18:48:45,340 [INFO] ProjectBuilder:3181 - Time for Copy CMSIS : 0mS.
2025-11-03 19:18:18,780 [INFO] MainUpdater:2872 - connection check result : 10
2025-11-03 19:18:18,781 [INFO] MainUpdater:2872 - connection check result : 10
2025-11-03 19:18:18,876 [INFO] MicroXplorer:468 - Change Database Path : 
2025-11-03 19:18:18,876 [INFO] MicroXplorer:498 - Change Database Version : DB.6.0.141
2025-11-03 19:18:18,906 [ERROR] ProjectManagerView:395 - 
java.lang.NullPointerException: Cannot invoke "javax.swing.JTextField.getText()" because the return value of "java.util.List.get(int)" is null
	at com.st.microxplorer.plugins.projectmanager.gui.ProjectChoiceTab$9.caretUpdate(ProjectChoiceTab.java:2678) ~[filemanager.jar:?]
	at javax.swing.text.JTextComponent.fireCaretUpdate(JTextComponent.java:408) ~[?:?]
	at javax.swing.text.JTextComponent$MutableCaretEvent.fire(JTextComponent.java:4484) ~[?:?]
	at javax.swing.text.JTextComponent$MutableCaretEvent.stateChanged(JTextComponent.java:4506) ~[?:?]
	at javax.swing.text.DefaultCaret.fireStateChanged(DefaultCaret.java:857) ~[?:?]
	at javax.swing.text.DefaultCaret.changeCaretPosition(DefaultCaret.java:1343) ~[?:?]
	at javax.swing.text.DefaultCaret.handleSetDot(DefaultCaret.java:1242) ~[?:?]
	at javax.swing.text.DefaultCaret.setDot(DefaultCaret.java:1223) ~[?:?]
	at javax.swing.text.DefaultCaret$Handler.insertUpdate(DefaultCaret.java:1819) ~[?:?]
	at javax.swing.text.AbstractDocument.fireInsertUpdate(AbstractDocument.java:227) ~[?:?]
	at javax.swing.text.AbstractDocument.handleInsertString(AbstractDocument.java:781) ~[?:?]
	at javax.swing.text.AbstractDocument.insertString(AbstractDocument.java:740) ~[?:?]
	at javax.swing.text.PlainDocument.insertString(PlainDocument.java:131) ~[?:?]
	at javax.swing.text.AbstractDocument.replace(AbstractDocument.java:699) ~[?:?]
	at javax.swing.text.JTextComponent.setText(JTextComponent.java:1725) ~[?:?]
	at com.st.microxplorer.plugins.projectmanager.gui.ProjectChoiceTab.createHeapStackFields(ProjectChoiceTab.java:979) ~[filemanager.jar:?]
	at com.st.microxplorer.plugins.projectmanager.gui.ProjectChoiceTab.buildLinkSettingsPanel(ProjectChoiceTab.java:3766) ~[filemanager.jar:?]
	at com.st.microxplorer.plugins.projectmanager.gui.ProjectChoiceTab.defineWindowsFields(ProjectChoiceTab.java:1962) ~[filemanager.jar:?]
	at com.st.microxplorer.plugins.projectmanager.gui.ProjectChoiceTab.updateSettings(ProjectChoiceTab.java:555) ~[filemanager.jar:?]
	at com.st.microxplorer.plugins.projectmanager.gui.ProjectSettingsPanel.UpdateDialog(ProjectSettingsPanel.java:245) ~[filemanager.jar:?]
	at com.st.microxplorer.plugins.projectmanager.ProjectManagerView.propertyChange(ProjectManagerView.java:392) ~[filemanager.jar:?]
	at java.beans.PropertyChangeSupport.fire(PropertyChangeSupport.java:343) ~[?:?]
	at java.beans.PropertyChangeSupport.firePropertyChange(PropertyChangeSupport.java:335) ~[?:?]
	at java.beans.PropertyChangeSupport.firePropertyChange(PropertyChangeSupport.java:268) ~[?:?]
	at com.st.microxplorer.util.MXPropertyChangeSupport.firePropertyChange(MXPropertyChangeSupport.java:54) ~[STM32CubeMX.jar:?]
	at com.st.microxplorer.mxsystem.MxSystem.closeConfig(MxSystem.java:899) ~[STM32CubeMX.jar:?]
	at com.st.microxplorer.maingui.MainPanel.closeConfig(MainPanel.java:789) ~[STM32CubeMX.jar:?]
	at com.st.microxplorer.plugins.filemanager.engine.OpenFileManager.loadConfigurationFile(OpenFileManager.java:287) ~[filemanager.jar:?]
	at com.st.microxplorer.plugins.filemanager.engine.MainFileManager.userLoadConfig(MainFileManager.java:341) ~[filemanager.jar:?]
	at com.st.microxplorer.plugins.filemanager.engine.MainFileManager.userLoadConfig(MainFileManager.java:319) ~[filemanager.jar:?]
	at com.st.microxplorer.plugins.filemanager.FileManagerView.getSpecificTask(FileManagerView.java:246) ~[filemanager.jar:?]
	at com.st.stm32cube.common.mx.editor.CubeMxEditor.getMxTabbedPaneInstance(CubeMxEditor.java:1198) ~[com.st.stm32cube.common.mx_6.14.1.202504091515/:?]
	at com.st.stm32cube.common.mx.editor.CubeMxEditor$12$1.createSwingComponent(CubeMxEditor.java:1068) ~[com.st.stm32cube.common.mx_6.14.1.202504091515/:?]
	at com.st.stm32cube.common.mx.oss.core.awtswtbridge.EmbeddedSwingComposite.doComponentCreation(EmbeddedSwingComposite.java:492) ~[com.st.stm32cube.common.mx.oss_6.14.1.202504091515/:?]
	at com.st.stm32cube.common.mx.oss.core.awtswtbridge.EmbeddedSwingComposite$4.run(EmbeddedSwingComposite.java:291) ~[com.st.stm32cube.common.mx.oss_6.14.1.202504091515/:?]
	at com.st.stm32cube.common.mx.oss.core.awtswtbridge.AwtEnvironment$2.run(AwtEnvironment.java:166) ~[com.st.stm32cube.common.mx.oss_6.14.1.202504091515/:?]
	at java.awt.event.InvocationEvent.dispatch(InvocationEvent.java:318) ~[?:?]
	at java.awt.EventQueue.dispatchEventImpl(EventQueue.java:773) ~[?:?]
	at java.awt.EventQueue$4.run(EventQueue.java:720) ~[?:?]
	at java.awt.EventQueue$4.run(EventQueue.java:714) ~[?:?]
	at java.security.AccessController.doPrivileged(AccessController.java:400) ~[?:?]
	at java.security.ProtectionDomain$JavaSecurityAccessImpl.doIntersectionPrivilege(ProtectionDomain.java:87) ~[?:?]
	at java.awt.EventQueue.dispatchEvent(EventQueue.java:742) ~[?:?]
	at java.awt.EventDispatchThread.pumpOneEventForFilters(EventDispatchThread.java:203) ~[?:?]
	at java.awt.EventDispatchThread.pumpEventsForFilter(EventDispatchThread.java:124) ~[?:?]
	at java.awt.EventDispatchThread.pumpEventsForHierarchy(EventDispatchThread.java:113) ~[?:?]
	at java.awt.EventDispatchThread.pumpEvents(EventDispatchThread.java:109) ~[?:?]
	at java.awt.EventDispatchThread.pumpEvents(EventDispatchThread.java:101) ~[?:?]
	at java.awt.EventDispatchThread.run(EventDispatchThread.java:90) ~[?:?]
2025-11-03 19:18:18,929 [WARN] ThirdParty:871 - waiting for thirdparty lock release [close project]
2025-11-03 19:18:18,929 [INFO] ThirdParty:873 - entering critical section [close project]
2025-11-03 19:18:18,929 [INFO] ThirdParty:883 - exiting critical section [close project]
2025-11-03 19:18:18,931 [INFO] PinOutPanel:1589 - setPackage(No Configuration,No Configuration)
2025-11-03 19:18:18,938 [INFO] UtilMem:75 - Begin LoadConfig() Used Memory: 497386256 Bytes (766509056)
2025-11-03 19:18:18,939 [INFO] MicroXplorer:468 - Change Database Path : 
2025-11-03 19:18:18,939 [INFO] MicroXplorer:498 - Change Database Version : DB.6.0.141
2025-11-03 19:18:18,939 [INFO] OpenFileManager:354 - Change cursor
2025-11-03 19:18:18,972 [INFO] RulesReader:64 - Compatibility file has been processed (302 Rules)
2025-11-03 19:18:18,978 [INFO] Mcu:2011 - Initializing MCU STM32L476R(C-E-G)Tx STM32L476RGTx STM32L476RGT3
2025-11-03 19:18:20,646 [INFO] Context:756 - Trying to add GPIOservice into a context  which must be forbidden
2025-11-03 19:18:21,523 [INFO] ImportTextPane:218 - (OptionalMessage_ERROR) Pin15 (VP_RIF_VS_RIF1) cannot be retrieved for this MCU
2025-11-03 19:18:21,573 [INFO] RtosManager:558 - Registered RTOS mode: class=CMSIS, group=RTOS, mode=CMSIS_V1, owner=FREERTOS
2025-11-03 19:18:21,573 [INFO] RtosManager:558 - Registered RTOS mode: class=CMSIS, group=RTOS2, mode=CMSIS_V2, owner=FREERTOS
2025-11-03 19:18:21,573 [INFO] RtosManager:558 - Registered RTOS mode: class=RTOS, group=Core, mode=CMSIS_V1, owner=FREERTOS
2025-11-03 19:18:21,573 [INFO] RtosManager:558 - Registered RTOS mode: class=RTOS, group=Core, mode=CMSIS_V2, owner=FREERTOS
2025-11-03 19:18:21,573 [WARN] ModelIntegratedComponent:184 - Missing modes for component STMicroelectronics:FreeRTOS:0.0.1:STMicroelectronics:RTOS:FreeRTOS:Core:::10.2.0:
2025-11-03 19:18:21,593 [WARN] ModelIntegratedComponent:63 - No mode defined for component null
2025-11-03 19:18:21,593 [WARN] ModelIntegratedComponent:63 - No mode defined for component null
2025-11-03 19:18:21,593 [WARN] ModelIntegratedComponent:63 - No mode defined for component null
2025-11-03 19:18:21,594 [WARN] ModelIntegratedComponent:63 - No mode defined for component null
2025-11-03 19:18:21,594 [WARN] ModelIntegratedComponent:63 - No mode defined for component null
2025-11-03 19:18:21,594 [WARN] ModelIntegratedComponent:63 - No mode defined for component null
2025-11-03 19:18:21,594 [WARN] ModelIntegratedComponent:63 - No mode defined for component null
2025-11-03 19:18:21,594 [WARN] ModelIntegratedComponent:63 - No mode defined for component null
2025-11-03 19:18:21,594 [WARN] ModelIntegratedComponent:63 - No mode defined for component null
2025-11-03 19:18:21,594 [WARN] ModelIntegratedComponent:63 - No mode defined for component null
2025-11-03 19:18:21,594 [WARN] ModelIntegratedComponent:63 - No mode defined for component null
2025-11-03 19:18:21,594 [WARN] ModelIntegratedComponent:63 - No mode defined for component null
2025-11-03 19:18:21,594 [WARN] ModelIntegratedComponent:63 - No mode defined for component null
2025-11-03 19:18:21,594 [WARN] ModelIntegratedComponent:63 - No mode defined for component null
2025-11-03 19:18:21,594 [WARN] ModelIntegratedComponent:63 - No mode defined for component null
2025-11-03 19:18:21,594 [WARN] ModelIntegratedComponent:63 - No mode defined for component null
2025-11-03 19:18:21,595 [WARN] ModelIntegratedComponent:63 - No mode defined for component null
2025-11-03 19:18:21,595 [WARN] ModelIntegratedComponent:63 - No mode defined for component null
2025-11-03 19:18:21,595 [WARN] ModelIntegratedComponent:63 - No mode defined for component null
2025-11-03 19:18:21,595 [WARN] ModelIntegratedComponent:63 - No mode defined for component null
2025-11-03 19:18:21,595 [WARN] ModelIntegratedComponent:63 - No mode defined for component null
2025-11-03 19:18:21,595 [WARN] ModelIntegratedComponent:63 - No mode defined for component null
2025-11-03 19:18:21,595 [WARN] ModelIntegratedComponent:63 - No mode defined for component null
2025-11-03 19:18:21,595 [WARN] ModelIntegratedComponent:63 - No mode defined for component null
2025-11-03 19:18:21,595 [WARN] ModelIntegratedComponent:63 - No mode defined for component null
2025-11-03 19:18:21,595 [WARN] ModelIntegratedComponent:63 - No mode defined for component null
2025-11-03 19:18:21,595 [WARN] ModelIntegratedComponent:63 - No mode defined for component null
2025-11-03 19:18:21,595 [WARN] ModelIntegratedComponent:63 - No mode defined for component null
2025-11-03 19:18:21,595 [WARN] ModelIntegratedComponent:63 - No mode defined for component null
2025-11-03 19:18:21,595 [WARN] ModelIntegratedComponent:63 - No mode defined for component null
2025-11-03 19:18:21,595 [WARN] ModelIntegratedComponent:63 - No mode defined for component null
2025-11-03 19:18:21,595 [WARN] ModelIntegratedComponent:63 - No mode defined for component null
2025-11-03 19:18:21,595 [WARN] ModelIntegratedComponent:63 - No mode defined for component null
2025-11-03 19:18:21,595 [WARN] ModelIntegratedComponent:63 - No mode defined for component null
2025-11-03 19:18:21,595 [WARN] ModelIntegratedComponent:63 - No mode defined for component null
2025-11-03 19:18:21,595 [WARN] ModelPack:524 - Component already loaded: STMicroelectronics:HAL Drivers:0.0.0:STMicroelectronics:Device:STMicro_Driver:XSPI:HAL::0.0.1:HAL_XSPI
2025-11-03 19:18:21,669 [INFO] ThirdPartyModel:298 - Start build external matchings
2025-11-03 19:18:21,883 [INFO] ThirdPartyModel:316 - End build external matchings
2025-11-03 19:18:21,897 [INFO] ImportTextPane:218 - (OptionalMessage_ERROR) IP (RCC) : Invalid parameter (FamilyName)
2025-11-03 19:18:21,900 [INFO] ImportTextPane:218 - (OptionalMessage_ERROR) IP (RCC) : Parameter (RNGFreq_Value) has invalid value (64000000)
2025-11-03 19:18:21,900 [INFO] ImportTextPane:218 - (OptionalMessage_ERROR) IP (RCC) : Parameter (SDMMCFreq_Value) has invalid value (64000000)
2025-11-03 19:18:21,900 [INFO] ImportTextPane:218 - (OptionalMessage_ERROR) IP (RCC) : Parameter (USBFreq_Value) has invalid value (64000000)
2025-11-03 19:18:22,330 [INFO] UtilMem:75 - End LoadConfig() Used Memory: 596217424 Bytes (766509056)
2025-11-03 19:18:22,363 [WARN] ThirdParty:833 - waiting for thirdparty lock release [change project]
2025-11-03 19:18:22,363 [INFO] ThirdParty:835 - entering critical section [change project]
2025-11-03 19:18:22,363 [INFO] ThirdParty:1030 - CMSIS Pack Vendor :STMicroelectronics X-CUBE-PM33A1 1.0.0
2025-11-03 19:18:22,364 [INFO] ThirdParty:1030 - CMSIS Pack Vendor :STMicroelectronics USBPD 4.1
2025-11-03 19:18:22,364 [INFO] ThirdParty:1030 - CMSIS Pack Vendor :STMicroelectronics X-CUBE-NFC9 1.0.0
2025-11-03 19:18:22,364 [INFO] ThirdParty:1030 - CMSIS Pack Vendor :STMicroelectronics USB_HOST 2.0.0
2025-11-03 19:18:22,364 [INFO] ThirdParty:1030 - CMSIS Pack Vendor :STMicroelectronics FP-SNS-MOTENVWB1 1.4.0
2025-11-03 19:18:22,364 [INFO] ThirdParty:1030 - CMSIS Pack Vendor :STMicroelectronics X-CUBE-AZRTOS-F4 1.1.0
2025-11-03 19:18:22,365 [INFO] ThirdParty:1030 - CMSIS Pack Vendor :STMicroelectronics LIBJPEG 8.0.0
2025-11-03 19:18:22,365 [INFO] ThirdParty:1030 - CMSIS Pack Vendor :STMicroelectronics FP-ATR-ASTRA1 2.0.2
2025-11-03 19:18:22,365 [INFO] ThirdParty:1030 - CMSIS Pack Vendor :wolfSSL I-CUBE-wolfSSL 5.8.2
2025-11-03 19:18:22,365 [INFO] ThirdParty:1030 - CMSIS Pack Vendor :STMicroelectronics X-CUBE-BLE1 7.1.0
2025-11-03 19:18:22,365 [INFO] ThirdParty:1030 - CMSIS Pack Vendor :STMicroelectronics X-CUBE-SMBUS 2.1.0
2025-11-03 19:18:22,365 [INFO] ThirdParty:1030 - CMSIS Pack Vendor :wolfSSL I-CUBE-wolfMQTT 1.19.2
2025-11-03 19:18:22,365 [INFO] ThirdParty:1030 - CMSIS Pack Vendor :STMicroelectronics USB_DEVICE 3.0.0
2025-11-03 19:18:22,365 [INFO] ThirdParty:1030 - CMSIS Pack Vendor :STMicroelectronics X-CUBE-ISPU 2.1.0
2025-11-03 19:18:22,365 [INFO] ThirdParty:1030 - CMSIS Pack Vendor :STMicroelectronics X-CUBE-EEPRMA1 5.2.0
2025-11-03 19:18:22,365 [INFO] ThirdParty:1030 - CMSIS Pack Vendor :STMicroelectronics X-CUBE-BLEMGR 4.1.0
2025-11-03 19:18:22,365 [INFO] ThirdParty:1030 - CMSIS Pack Vendor :STMicroelectronics X-CUBE-AZRTOS-WB 2.0.0
2025-11-03 19:18:22,365 [INFO] ThirdParty:1030 - CMSIS Pack Vendor :STMicroelectronics X-CUBE-GNSS1 7.0.1
2025-11-03 19:18:22,365 [INFO] ThirdParty:1030 - CMSIS Pack Vendor :STMicroelectronics X-CUBE-NFC12 1.0.0
2025-11-03 19:18:22,366 [INFO] ThirdParty:1030 - CMSIS Pack Vendor :STMicroelectronics X-CUBE-AZRTOS-F7 1.1.0
2025-11-03 19:18:22,366 [INFO] ThirdParty:1030 - CMSIS Pack Vendor :STMicroelectronics X-CUBE-AZRTOS-L5 2.0.0
2025-11-03 19:18:22,366 [INFO] ThirdParty:1030 - CMSIS Pack Vendor :STMicroelectronics USB_DEVICE 2.0.0
2025-11-03 19:18:22,366 [INFO] ThirdParty:1030 - CMSIS Pack Vendor :STMicroelectronics X-CUBE-NFC6 3.1.0
2025-11-03 19:18:22,366 [INFO] ThirdParty:1030 - CMSIS Pack Vendor :Cesanta I-CUBE-Mongoose 7.19.0
2025-11-03 19:18:22,366 [INFO] ThirdParty:1030 - CMSIS Pack Vendor :quantropi X-CUBE-qispace-sdk-base 2.1.0
2025-11-03 19:18:22,366 [INFO] ThirdParty:1030 - CMSIS Pack Vendor :STMicroelectronics FreeRTOS 0.0.1
2025-11-03 19:18:22,366 [INFO] ThirdParty:1030 - CMSIS Pack Vendor :STMicroelectronics X-CUBE-AZRTOS-G0 1.1.0
2025-11-03 19:18:22,366 [INFO] ThirdParty:1030 - CMSIS Pack Vendor :STMicroelectronics X-CUBE-SAFEA1 1.2.2
2025-11-03 19:18:22,366 [INFO] ThirdParty:1030 - CMSIS Pack Vendor :STMicroelectronics X-CUBE-NFC4 3.0.0
2025-11-03 19:18:22,366 [INFO] ThirdParty:1030 - CMSIS Pack Vendor :STMicroelectronics X-CUBE-SUBG2 5.0.0
2025-11-03 19:18:22,366 [INFO] ThirdParty:1030 - CMSIS Pack Vendor :STMicroelectronics X-CUBE-AZRTOS-H7RS 1.1.0
2025-11-03 19:18:22,366 [INFO] ThirdParty:1030 - CMSIS Pack Vendor :STMicroelectronics STM32_WPAN 1.0.0
2025-11-03 19:18:22,366 [INFO] ThirdParty:1030 - CMSIS Pack Vendor :EmbeddedOffice I-CUBE-FS-RTOS 1.0.1
2025-11-03 19:18:22,366 [INFO] ThirdParty:1030 - CMSIS Pack Vendor :STMicroelectronics lwIP 2.0.3
2025-11-03 19:18:22,366 [INFO] ThirdParty:1030 - CMSIS Pack Vendor :STMicroelectronics USB_HOST 1.0.0
2025-11-03 19:18:22,367 [INFO] ThirdParty:1030 - CMSIS Pack Vendor :Infineon AIROC-Wi-Fi-Bluetooth-STM32 1.7.1
2025-11-03 19:18:22,367 [INFO] ThirdParty:1030 - CMSIS Pack Vendor :STMicroelectronics X-CUBE-AZRTOS-G4 2.0.0
2025-11-03 19:18:22,367 [INFO] ThirdParty:1030 - CMSIS Pack Vendor :STMicroelectronics X-CUBE-WB05N 2.0.0
2025-11-03 19:18:22,367 [INFO] ThirdParty:1030 - CMSIS Pack Vendor :STMicroelectronics PDM2PCM 3.1.0
2025-11-03 19:18:22,367 [INFO] ThirdParty:1030 - CMSIS Pack Vendor :STMicroelectronics PDM2PCM 3.3.0
2025-11-03 19:18:22,367 [INFO] ThirdParty:1030 - CMSIS Pack Vendor :wolfSSL I-CUBE-wolfTPM 3.8.0
2025-11-03 19:18:22,367 [INFO] ThirdParty:1030 - CMSIS Pack Vendor :STMicroelectronics X-CUBE-AZRTOS-H7 3.4.0
2025-11-03 19:18:22,367 [INFO] ThirdParty:1030 - CMSIS Pack Vendor :STMicroelectronics X-CUBE-DISPLAY 3.0.0
2025-11-03 19:18:22,367 [INFO] ThirdParty:1030 - CMSIS Pack Vendor :wolfSSL I-CUBE-wolfSSH 1.4.20
2025-11-03 19:18:22,367 [INFO] ThirdParty:1030 - CMSIS Pack Vendor :STMicroelectronics X-CUBE-NFC7 2.0.0
2025-11-03 19:18:22,367 [INFO] ThirdParty:1030 - CMSIS Pack Vendor :STMicroelectronics X-CUBE-TCPP 4.2.0
2025-11-03 19:18:22,367 [INFO] ThirdParty:1030 - CMSIS Pack Vendor :RealThread X-CUBE-RT-Thread_Nano 4.1.1
2025-11-03 19:18:22,367 [INFO] ThirdParty:1030 - CMSIS Pack Vendor :STMicroelectronics FP-ATR-SIGFOX1 3.2.0
2025-11-03 19:18:22,367 [INFO] ThirdParty:1030 - CMSIS Pack Vendor :STMicroelectronics X-CUBE-NFC10 1.0.0
2025-11-03 19:18:22,367 [INFO] ThirdParty:1030 - CMSIS Pack Vendor :STMicroelectronics X-CUBE-FREERTOS 1.3.1
2025-11-03 19:18:22,367 [INFO] ThirdParty:1030 - CMSIS Pack Vendor :STMicroelectronics HAL Drivers 0.0.0
2025-11-03 19:18:22,367 [INFO] ThirdParty:1030 - CMSIS Pack Vendor :STMicroelectronics MBEDTLS 2.16.2
2025-11-03 19:18:22,367 [INFO] ThirdParty:1030 - CMSIS Pack Vendor :STMicroelectronics X-CUBE-ST60 1.1.0
2025-11-03 19:18:22,367 [INFO] ThirdParty:1030 - CMSIS Pack Vendor :STMicroelectronics X-CUBE-ALS 1.0.2
2025-11-03 19:18:22,367 [INFO] ThirdParty:1030 - CMSIS Pack Vendor :emotas I-CUBE-CANOPEN 1.3.0
2025-11-03 19:18:22,368 [INFO] ThirdParty:1030 - CMSIS Pack Vendor :STMicroelectronics MBEDTLS 2.14.1
2025-11-03 19:18:22,368 [INFO] ThirdParty:1030 - CMSIS Pack Vendor :STMicroelectronics X-CUBE-GNSS1 7.1.0
2025-11-03 19:18:22,368 [INFO] ThirdParty:1030 - CMSIS Pack Vendor :ITTIA_DB I-CUBE-ITTIADB 8.9.0
2025-11-03 19:18:22,368 [INFO] ThirdParty:1030 - CMSIS Pack Vendor :STMicroelectronics X-CUBE-TOUCHGFX 4.26.0
2025-11-03 19:18:22,368 [INFO] ThirdParty:1030 - CMSIS Pack Vendor :STMicroelectronics X-CUBE-STSE01 1.0.0
2025-11-03 19:18:22,368 [INFO] ThirdParty:1030 - CMSIS Pack Vendor :STMicroelectronics X-CUBE-AI 10.2.0
2025-11-03 19:18:22,368 [INFO] ThirdParty:1030 - CMSIS Pack Vendor :STMicroelectronics FP-SNS-STAIOTCFT 1.0.0
2025-11-03 19:18:22,368 [INFO] ThirdParty:1030 - CMSIS Pack Vendor :STMicroelectronics ThreadX 1.0.0
2025-11-03 19:18:22,368 [INFO] ThirdParty:1030 - CMSIS Pack Vendor :STMicroelectronics FP-SNS-SMARTAG2 1.2.0
2025-11-03 19:18:22,368 [INFO] ThirdParty:1030 - CMSIS Pack Vendor :STMicroelectronics FP-SNS-FLIGHT1 5.1.0
2025-11-03 19:18:22,368 [INFO] ThirdParty:1030 - CMSIS Pack Vendor :STMicroelectronics X-CUBE-AZRTOS-WL 2.0.0
2025-11-03 19:18:22,368 [INFO] ThirdParty:1030 - CMSIS Pack Vendor :SEGGER I-CUBE-embOS 1.3.1
2025-11-03 19:18:22,368 [INFO] ThirdParty:1030 - CMSIS Pack Vendor :STMicroelectronics X-CUBE-ALGOBUILD 1.4.0
2025-11-03 19:18:22,369 [INFO] ThirdParty:1030 - CMSIS Pack Vendor :STMicroelectronics X-CUBE-DPower 1.3.0
2025-11-03 19:18:22,369 [INFO] ThirdParty:1030 - CMSIS Pack Vendor :STMicroelectronics X-CUBE-MEMS1 11.3.0
2025-11-03 19:18:22,369 [INFO] ThirdParty:1030 - CMSIS Pack Vendor :STMicroelectronics USB_DEVICE 1.0.0
2025-11-03 19:18:22,369 [INFO] ThirdParty:1030 - CMSIS Pack Vendor :STMicroelectronics X-CUBE-AZRTOS-L4 2.0.0
2025-11-03 19:18:22,369 [INFO] ThirdParty:1030 - CMSIS Pack Vendor :STMicroelectronics ThreadX 0.0.2
2025-11-03 19:18:22,369 [INFO] ThirdParty:1030 - CMSIS Pack Vendor :STMicroelectronics lwIP 2.1.2
2025-11-03 19:18:22,369 [INFO] ThirdParty:1030 - CMSIS Pack Vendor :STMicroelectronics X-CUBE-SFXS2LP1 4.0.0
2025-11-03 19:18:22,369 [INFO] ThirdParty:1030 - CMSIS Pack Vendor :STMicroelectronics X-CUBE-BLE2 3.3.0
2025-11-03 19:18:22,369 [INFO] ThirdParty:1030 - CMSIS Pack Vendor :STMicroelectronics X-CUBE-TOF1 3.4.3
2025-11-03 19:18:22,369 [INFO] ThirdParty:1030 - CMSIS Pack Vendor :STMicroelectronics PDM2PCM 3.2.0
2025-11-03 19:18:22,370 [INFO] ThirdParty:841 - exiting critical section [change project]
2025-11-03 19:18:22,743 [INFO] PinOutPanel:1589 - setPackage(No Configuration,No Configuration)
2025-11-03 19:18:22,744 [INFO] PinOutPanel:1589 - setPackage(STM32L476RGTx,LQFP64)
2025-11-03 19:18:23,347 [INFO] UtilMem:75 - Before build in PCC Used Memory: 593277664 Bytes (766509056)
2025-11-03 19:18:23,806 [INFO] UtilMem:75 - After build in PCC Used Memory: 677161696 Bytes (766509056)
2025-11-03 19:18:23,829 [INFO] IPUIPlugin:80 - create IPUIPlugin
2025-11-03 19:18:23,830 [INFO] IPUIPlugin:80 - create IPUIPlugin
2025-11-03 19:18:23,830 [INFO] IPUIPlugin:80 - create IPUIPlugin
2025-11-03 19:18:23,830 [INFO] IPUIPlugin:80 - create IPUIPlugin
2025-11-03 19:18:23,830 [INFO] IPUIPlugin:80 - create IPUIPlugin
2025-11-03 19:18:23,830 [INFO] IPUIPlugin:80 - create IPUIPlugin
2025-11-03 19:18:23,830 [INFO] IPUIPlugin:80 - create IPUIPlugin
2025-11-03 19:18:23,830 [INFO] IPUIPlugin:80 - create IPUIPlugin
2025-11-03 19:18:23,830 [INFO] IPUIPlugin:80 - create IPUIPlugin
2025-11-03 19:18:23,830 [INFO] IPUIPlugin:80 - create IPUIPlugin
2025-11-03 19:18:23,831 [INFO] IPUIPlugin:80 - create IPUIPlugin
2025-11-03 19:18:23,831 [INFO] IPUIPlugin:80 - create IPUIPlugin
2025-11-03 19:18:23,831 [INFO] IPUIPlugin:80 - create IPUIPlugin
2025-11-03 19:18:23,831 [INFO] IPUIPlugin:80 - create IPUIPlugin
2025-11-03 19:18:23,831 [INFO] IPUIPlugin:80 - create IPUIPlugin
2025-11-03 19:18:23,831 [INFO] IPUIPlugin:80 - create IPUIPlugin
2025-11-03 19:18:23,831 [INFO] IPUIPlugin:80 - create IPUIPlugin
2025-11-03 19:18:23,831 [INFO] IPUIPlugin:80 - create IPUIPlugin
2025-11-03 19:18:23,832 [INFO] IPUIPlugin:80 - create IPUIPlugin
2025-11-03 19:18:23,832 [INFO] IPUIPlugin:80 - create IPUIPlugin
2025-11-03 19:18:23,832 [INFO] IPUIPlugin:80 - create IPUIPlugin
2025-11-03 19:18:23,832 [INFO] IPUIPlugin:80 - create IPUIPlugin
2025-11-03 19:18:23,832 [INFO] IPUIPlugin:80 - create IPUIPlugin
2025-11-03 19:18:23,832 [INFO] IPUIPlugin:80 - create IPUIPlugin
2025-11-03 19:18:23,832 [INFO] IPUIPlugin:80 - create IPUIPlugin
2025-11-03 19:18:23,833 [INFO] IPUIPlugin:80 - create IPUIPlugin
2025-11-03 19:18:23,833 [INFO] IPUIPlugin:80 - create IPUIPlugin
2025-11-03 19:18:23,833 [INFO] IPUIPlugin:80 - create IPUIPlugin
2025-11-03 19:18:23,833 [INFO] IPUIPlugin:80 - create IPUIPlugin
2025-11-03 19:18:23,833 [INFO] IPUIPlugin:80 - create IPUIPlugin
2025-11-03 19:18:23,847 [INFO] IPUIPlugin:80 - create IPUIPlugin
2025-11-03 19:18:23,848 [INFO] IPUIPlugin:80 - create IPUIPlugin
2025-11-03 19:18:23,848 [INFO] IPUIPlugin:80 - create IPUIPlugin
2025-11-03 19:18:23,849 [INFO] IPUIPlugin:80 - create IPUIPlugin
2025-11-03 19:18:23,849 [INFO] IPUIPlugin:80 - create IPUIPlugin
2025-11-03 19:18:23,849 [INFO] IPUIPlugin:80 - create IPUIPlugin
2025-11-03 19:18:23,850 [INFO] IPUIPlugin:80 - create IPUIPlugin
2025-11-03 19:18:23,850 [INFO] IPUIPlugin:80 - create IPUIPlugin
2025-11-03 19:18:23,850 [INFO] IPUIPlugin:80 - create IPUIPlugin
2025-11-03 19:18:23,851 [INFO] IPUIPlugin:80 - create IPUIPlugin
2025-11-03 19:18:23,851 [INFO] IPUIPlugin:80 - create IPUIPlugin
2025-11-03 19:18:23,851 [INFO] IPUIPlugin:80 - create IPUIPlugin
2025-11-03 19:18:23,852 [INFO] IPUIPlugin:80 - create IPUIPlugin
2025-11-03 19:18:23,852 [INFO] IPUIPlugin:80 - create IPUIPlugin
2025-11-03 19:18:23,852 [INFO] IPUIPlugin:80 - create IPUIPlugin
2025-11-03 19:18:23,853 [INFO] IPUIPlugin:80 - create IPUIPlugin
2025-11-03 19:18:23,853 [INFO] IPUIPlugin:80 - create IPUIPlugin
2025-11-03 19:18:23,853 [INFO] IPUIPlugin:80 - create IPUIPlugin
2025-11-03 19:18:23,854 [INFO] IPUIPlugin:80 - create IPUIPlugin
2025-11-03 19:18:23,854 [INFO] IPUIPlugin:80 - create IPUIPlugin
2025-11-03 19:18:23,854 [INFO] IPUIPlugin:80 - create IPUIPlugin
2025-11-03 19:18:23,855 [INFO] IPUIPlugin:80 - create IPUIPlugin
2025-11-03 19:18:23,856 [INFO] IPUIPlugin:80 - create IPUIPlugin
2025-11-03 19:18:23,857 [INFO] IPUIPlugin:80 - create IPUIPlugin
2025-11-03 19:18:23,857 [INFO] IPUIPlugin:80 - create IPUIPlugin
2025-11-03 19:18:23,857 [INFO] IPUIPlugin:80 - create IPUIPlugin
2025-11-03 19:18:23,858 [INFO] IPUIPlugin:80 - create IPUIPlugin
2025-11-03 19:18:23,858 [INFO] IPUIPlugin:80 - create IPUIPlugin
2025-11-03 19:18:23,858 [INFO] IPUIPlugin:80 - create IPUIPlugin
2025-11-03 19:18:23,917 [INFO] CADModel:165 - CPN selected for project levelSTM32L476RGT3
2025-11-03 19:18:23,918 [INFO] CADModel:114 - Register for checkConnection events
2025-11-03 19:18:23,975 [INFO] OpenFileManager:385 - Restore cursor
2025-11-03 19:21:20,432 [INFO] UtilMem:75 - End SaveConfig() Used Memory: 591404856 Bytes (766509056)
2025-11-03 19:21:22,802 [INFO] UtilMem:75 - End SaveConfig() Used Memory: 629659840 Bytes (766509056)
2025-11-03 19:21:25,698 [INFO] UtilMem:75 - End SaveConfig() Used Memory: 684187840 Bytes (766509056)
2025-11-03 19:21:26,342 [INFO] BlockDiagram:2775 - set Specific Code input for plugin: SPI
2025-11-03 19:21:26,343 [INFO] BlockDiagram:2775 - set Specific Code input for plugin: SYS
2025-11-03 19:21:26,343 [INFO] BlockDiagram:2775 - set Specific Code input for plugin: RCC
2025-11-03 19:21:26,343 [INFO] BlockDiagram:2775 - set Specific Code input for plugin: NVIC
2025-11-03 19:21:26,343 [INFO] BlockDiagram:2775 - set Specific Code input for plugin: USART
2025-11-03 19:21:26,343 [INFO] BlockDiagram:2775 - set Specific Code input for plugin: GPIO
2025-11-03 19:21:26,345 [INFO] CodeGenerator:882 - code generatio: config db path: C:\ST\STM32CubeIDE_1.18.1\STM32CubeIDE\plugins\com.st.stm32cube.common.mx_6.14.1.202504091515\\db\
2025-11-03 19:21:26,456 [INFO] CodeEngine:263 - oldGeneratedFile, C:\stm32\05_HAL_SPI_TEST\MXTmpFiles\license.tmp_save
2025-11-03 19:21:26,644 [INFO] CodeEngine:287 - Generated code: C:\stm32\05_HAL_SPI_TEST\MXTmpFiles\license.tmp
2025-11-03 19:21:26,720 [INFO] CodeEngine:263 - oldGeneratedFile, C:\stm32\05_HAL_SPI_TEST\MXTmpFiles\gpio.tmp_save
2025-11-03 19:21:26,819 [INFO] CodeEngine:287 - Generated code: C:\stm32\05_HAL_SPI_TEST\MXTmpFiles\gpio.tmp
2025-11-03 19:21:27,067 [INFO] CodeEngine:263 - oldGeneratedFile, C:\stm32\05_HAL_SPI_TEST\Core\Src\stm32l4xx_it.c_save
2025-11-03 19:21:27,270 [INFO] CodeEngine:287 - Generated code: C:\stm32\05_HAL_SPI_TEST\Core\Src\stm32l4xx_it.c
2025-11-03 19:21:27,279 [INFO] CodeEngine:263 - oldGeneratedFile, C:\stm32\05_HAL_SPI_TEST\Core\Inc\stm32l4xx_it.h_save
2025-11-03 19:21:27,351 [INFO] CodeEngine:287 - Generated code: C:\stm32\05_HAL_SPI_TEST\Core\Inc\stm32l4xx_it.h
2025-11-03 19:21:27,377 [INFO] CodeEngine:263 - oldGeneratedFile, C:\stm32\05_HAL_SPI_TEST\Core\Src\stm32l4xx_hal_msp.c_save
2025-11-03 19:21:27,532 [INFO] CodeEngine:287 - Generated code: C:\stm32\05_HAL_SPI_TEST\Core\Src\stm32l4xx_hal_msp.c
2025-11-03 19:21:27,542 [INFO] CodeEngine:263 - oldGeneratedFile, C:\stm32\05_HAL_SPI_TEST\MXTmpFiles\system.tmp_save
2025-11-03 19:21:27,606 [INFO] CodeEngine:287 - Generated code: C:\stm32\05_HAL_SPI_TEST\MXTmpFiles\system.tmp
2025-11-03 19:21:27,625 [INFO] CodeEngine:319 - oldGeneratedFile, C:\stm32\05_HAL_SPI_TEST\Core\Inc\stm32l4xx_hal_conf.h_save
2025-11-03 19:21:27,702 [INFO] CodeEngine:343 - Generated code: C:\stm32\05_HAL_SPI_TEST\Core\Inc\stm32l4xx_hal_conf.h
2025-11-03 19:21:27,738 [INFO] ApiDbMcu:508 - Load IP Config File for SPI2
2025-11-03 19:21:27,756 [INFO] ApiDbMcu:508 - Load IP Config File for USART2
2025-11-03 19:21:27,762 [INFO] ApiDbMcu:508 - Load IP Config File for RCC
2025-11-03 19:21:27,777 [INFO] CodeEngine:263 - oldGeneratedFile, C:\stm32\05_HAL_SPI_TEST\Core\Inc\main.h_save
2025-11-03 19:21:27,878 [INFO] CodeEngine:287 - Generated code: C:\stm32\05_HAL_SPI_TEST\Core\Inc\main.h
2025-11-03 19:21:27,889 [INFO] CodeEngine:263 - oldGeneratedFile, C:\stm32\05_HAL_SPI_TEST\Core\Src\main.c_save
2025-11-03 19:21:28,010 [INFO] CodeEngine:287 - Generated code: C:\stm32\05_HAL_SPI_TEST\Core\Src\main.c
2025-11-03 19:21:28,525 [INFO] ProjectBuilder:3324 - Time for Copy HAL[1] : 341mS.
2025-11-03 19:21:28,528 [INFO] ProjectBuilder:4912 - Project Generator version: 4.6.0.1-B1
2025-11-03 19:21:28,610 [INFO] ConfigFileManager:1590 - The Die is : DIE415
2025-11-03 19:21:28,616 [INFO] ApiDbMcu:508 - Load IP Config File for FATFS
2025-11-03 19:21:28,620 [INFO] ApiDbMcu:508 - Load IP Config File for FREERTOS
2025-11-03 19:21:28,631 [INFO] ApiDbMcu:508 - Load IP Config File for TOUCHSENSING
2025-11-03 19:21:28,637 [INFO] ApiDbMcu:508 - Load IP Config File for USB_DEVICE
2025-11-03 19:21:28,641 [INFO] ApiDbMcu:508 - Load IP Config File for USB_HOST
2025-11-03 19:21:29,784 [INFO] ProjectBuilder:5191 - Time for Generating toolchain IDE Files: 1256mS.
2025-11-03 19:21:29,786 [INFO] ProjectBuilder:3181 - Time for Copy CMSIS : 1mS.
2025-11-03 19:21:29,790 [INFO] ProjectBuilder:3181 - Time for Copy CMSIS : 0mS.
2025-11-03 19:33:56,170 [INFO] MainUpdater:2872 - connection check result : 10
2025-11-03 19:33:56,171 [INFO] MainUpdater:2872 - connection check result : 10
2025-11-03 19:33:56,299 [INFO] MicroXplorer:468 - Change Database Path : 
2025-11-03 19:33:56,300 [INFO] MicroXplorer:498 - Change Database Version : DB.6.0.141
2025-11-03 19:33:56,324 [ERROR] ProjectManagerView:395 - 
java.lang.NullPointerException: Cannot invoke "javax.swing.JTextField.getText()" because the return value of "java.util.List.get(int)" is null
	at com.st.microxplorer.plugins.projectmanager.gui.ProjectChoiceTab$9.caretUpdate(ProjectChoiceTab.java:2678) ~[filemanager.jar:?]
	at javax.swing.text.JTextComponent.fireCaretUpdate(JTextComponent.java:408) ~[?:?]
	at javax.swing.text.JTextComponent$MutableCaretEvent.fire(JTextComponent.java:4484) ~[?:?]
	at javax.swing.text.JTextComponent$MutableCaretEvent.stateChanged(JTextComponent.java:4506) ~[?:?]
	at javax.swing.text.DefaultCaret.fireStateChanged(DefaultCaret.java:857) ~[?:?]
	at javax.swing.text.DefaultCaret.changeCaretPosition(DefaultCaret.java:1343) ~[?:?]
	at javax.swing.text.DefaultCaret.handleSetDot(DefaultCaret.java:1242) ~[?:?]
	at javax.swing.text.DefaultCaret.setDot(DefaultCaret.java:1223) ~[?:?]
	at javax.swing.text.DefaultCaret$Handler.insertUpdate(DefaultCaret.java:1819) ~[?:?]
	at javax.swing.text.AbstractDocument.fireInsertUpdate(AbstractDocument.java:227) ~[?:?]
	at javax.swing.text.AbstractDocument.handleInsertString(AbstractDocument.java:781) ~[?:?]
	at javax.swing.text.AbstractDocument.insertString(AbstractDocument.java:740) ~[?:?]
	at javax.swing.text.PlainDocument.insertString(PlainDocument.java:131) ~[?:?]
	at javax.swing.text.AbstractDocument.replace(AbstractDocument.java:699) ~[?:?]
	at javax.swing.text.JTextComponent.setText(JTextComponent.java:1725) ~[?:?]
	at com.st.microxplorer.plugins.projectmanager.gui.ProjectChoiceTab.createHeapStackFields(ProjectChoiceTab.java:979) ~[filemanager.jar:?]
	at com.st.microxplorer.plugins.projectmanager.gui.ProjectChoiceTab.buildLinkSettingsPanel(ProjectChoiceTab.java:3766) ~[filemanager.jar:?]
	at com.st.microxplorer.plugins.projectmanager.gui.ProjectChoiceTab.defineWindowsFields(ProjectChoiceTab.java:1962) ~[filemanager.jar:?]
	at com.st.microxplorer.plugins.projectmanager.gui.ProjectChoiceTab.updateSettings(ProjectChoiceTab.java:555) ~[filemanager.jar:?]
	at com.st.microxplorer.plugins.projectmanager.gui.ProjectSettingsPanel.UpdateDialog(ProjectSettingsPanel.java:245) ~[filemanager.jar:?]
	at com.st.microxplorer.plugins.projectmanager.ProjectManagerView.propertyChange(ProjectManagerView.java:392) ~[filemanager.jar:?]
	at java.beans.PropertyChangeSupport.fire(PropertyChangeSupport.java:343) ~[?:?]
	at java.beans.PropertyChangeSupport.firePropertyChange(PropertyChangeSupport.java:335) ~[?:?]
	at java.beans.PropertyChangeSupport.firePropertyChange(PropertyChangeSupport.java:268) ~[?:?]
	at com.st.microxplorer.util.MXPropertyChangeSupport.firePropertyChange(MXPropertyChangeSupport.java:54) ~[STM32CubeMX.jar:?]
	at com.st.microxplorer.mxsystem.MxSystem.closeConfig(MxSystem.java:899) ~[STM32CubeMX.jar:?]
	at com.st.microxplorer.maingui.MainPanel.closeConfig(MainPanel.java:789) ~[STM32CubeMX.jar:?]
	at com.st.microxplorer.plugins.filemanager.engine.OpenFileManager.loadConfigurationFile(OpenFileManager.java:287) ~[filemanager.jar:?]
	at com.st.microxplorer.plugins.filemanager.engine.MainFileManager.userLoadConfig(MainFileManager.java:341) ~[filemanager.jar:?]
	at com.st.microxplorer.plugins.filemanager.engine.MainFileManager.userLoadConfig(MainFileManager.java:319) ~[filemanager.jar:?]
	at com.st.microxplorer.plugins.filemanager.FileManagerView.getSpecificTask(FileManagerView.java:246) ~[filemanager.jar:?]
	at com.st.stm32cube.common.mx.editor.CubeMxEditor.getMxTabbedPaneInstance(CubeMxEditor.java:1198) ~[com.st.stm32cube.common.mx_6.14.1.202504091515/:?]
	at com.st.stm32cube.common.mx.editor.CubeMxEditor$12$1.createSwingComponent(CubeMxEditor.java:1068) ~[com.st.stm32cube.common.mx_6.14.1.202504091515/:?]
	at com.st.stm32cube.common.mx.oss.core.awtswtbridge.EmbeddedSwingComposite.doComponentCreation(EmbeddedSwingComposite.java:492) ~[com.st.stm32cube.common.mx.oss_6.14.1.202504091515/:?]
	at com.st.stm32cube.common.mx.oss.core.awtswtbridge.EmbeddedSwingComposite$4.run(EmbeddedSwingComposite.java:291) ~[com.st.stm32cube.common.mx.oss_6.14.1.202504091515/:?]
	at com.st.stm32cube.common.mx.oss.core.awtswtbridge.AwtEnvironment$2.run(AwtEnvironment.java:166) ~[com.st.stm32cube.common.mx.oss_6.14.1.202504091515/:?]
	at java.awt.event.InvocationEvent.dispatch(InvocationEvent.java:318) ~[?:?]
	at java.awt.EventQueue.dispatchEventImpl(EventQueue.java:773) ~[?:?]
	at java.awt.EventQueue$4.run(EventQueue.java:720) ~[?:?]
	at java.awt.EventQueue$4.run(EventQueue.java:714) ~[?:?]
	at java.security.AccessController.doPrivileged(AccessController.java:400) ~[?:?]
	at java.security.ProtectionDomain$JavaSecurityAccessImpl.doIntersectionPrivilege(ProtectionDomain.java:87) ~[?:?]
	at java.awt.EventQueue.dispatchEvent(EventQueue.java:742) ~[?:?]
	at java.awt.EventDispatchThread.pumpOneEventForFilters(EventDispatchThread.java:203) ~[?:?]
	at java.awt.EventDispatchThread.pumpEventsForFilter(EventDispatchThread.java:124) ~[?:?]
	at java.awt.EventDispatchThread.pumpEventsForHierarchy(EventDispatchThread.java:113) ~[?:?]
	at java.awt.EventDispatchThread.pumpEvents(EventDispatchThread.java:109) ~[?:?]
	at java.awt.EventDispatchThread.pumpEvents(EventDispatchThread.java:101) ~[?:?]
	at java.awt.EventDispatchThread.run(EventDispatchThread.java:90) ~[?:?]
2025-11-03 19:33:56,326 [WARN] ThirdParty:871 - waiting for thirdparty lock release [close project]
2025-11-03 19:33:56,326 [INFO] ThirdParty:873 - entering critical section [close project]
2025-11-03 19:33:56,326 [INFO] ThirdParty:883 - exiting critical section [close project]
2025-11-03 19:33:56,329 [INFO] PinOutPanel:1589 - setPackage(No Configuration,No Configuration)
2025-11-03 19:33:56,334 [INFO] UtilMem:75 - Begin LoadConfig() Used Memory: 494724632 Bytes (766509056)
2025-11-03 19:33:56,335 [INFO] MicroXplorer:468 - Change Database Path : 
2025-11-03 19:33:56,336 [INFO] MicroXplorer:498 - Change Database Version : DB.6.0.141
2025-11-03 19:33:56,336 [INFO] OpenFileManager:354 - Change cursor
2025-11-03 19:33:56,376 [INFO] RulesReader:64 - Compatibility file has been processed (302 Rules)
2025-11-03 19:33:56,390 [INFO] Mcu:2011 - Initializing MCU STM32L476R(C-E-G)Tx STM32L476RGTx STM32L476RGT3
2025-11-03 19:33:58,419 [INFO] Context:756 - Trying to add GPIOservice into a context  which must be forbidden
2025-11-03 19:33:58,999 [INFO] ImportTextPane:218 - (OptionalMessage_ERROR) Pin12 (VP_RIF_VS_RIF1) cannot be retrieved for this MCU
2025-11-03 19:33:59,050 [INFO] RtosManager:558 - Registered RTOS mode: class=CMSIS, group=RTOS, mode=CMSIS_V1, owner=FREERTOS
2025-11-03 19:33:59,050 [INFO] RtosManager:558 - Registered RTOS mode: class=CMSIS, group=RTOS2, mode=CMSIS_V2, owner=FREERTOS
2025-11-03 19:33:59,050 [INFO] RtosManager:558 - Registered RTOS mode: class=RTOS, group=Core, mode=CMSIS_V1, owner=FREERTOS
2025-11-03 19:33:59,050 [INFO] RtosManager:558 - Registered RTOS mode: class=RTOS, group=Core, mode=CMSIS_V2, owner=FREERTOS
2025-11-03 19:33:59,050 [WARN] ModelIntegratedComponent:184 - Missing modes for component STMicroelectronics:FreeRTOS:0.0.1:STMicroelectronics:RTOS:FreeRTOS:Core:::10.2.0:
2025-11-03 19:33:59,067 [WARN] ModelIntegratedComponent:63 - No mode defined for component null
2025-11-03 19:33:59,068 [WARN] ModelIntegratedComponent:63 - No mode defined for component null
2025-11-03 19:33:59,068 [WARN] ModelIntegratedComponent:63 - No mode defined for component null
2025-11-03 19:33:59,068 [WARN] ModelIntegratedComponent:63 - No mode defined for component null
2025-11-03 19:33:59,068 [WARN] ModelIntegratedComponent:63 - No mode defined for component null
2025-11-03 19:33:59,068 [WARN] ModelIntegratedComponent:63 - No mode defined for component null
2025-11-03 19:33:59,068 [WARN] ModelIntegratedComponent:63 - No mode defined for component null
2025-11-03 19:33:59,068 [WARN] ModelIntegratedComponent:63 - No mode defined for component null
2025-11-03 19:33:59,068 [WARN] ModelIntegratedComponent:63 - No mode defined for component null
2025-11-03 19:33:59,068 [WARN] ModelIntegratedComponent:63 - No mode defined for component null
2025-11-03 19:33:59,068 [WARN] ModelIntegratedComponent:63 - No mode defined for component null
2025-11-03 19:33:59,068 [WARN] ModelIntegratedComponent:63 - No mode defined for component null
2025-11-03 19:33:59,068 [WARN] ModelIntegratedComponent:63 - No mode defined for component null
2025-11-03 19:33:59,068 [WARN] ModelIntegratedComponent:63 - No mode defined for component null
2025-11-03 19:33:59,068 [WARN] ModelIntegratedComponent:63 - No mode defined for component null
2025-11-03 19:33:59,068 [WARN] ModelIntegratedComponent:63 - No mode defined for component null
2025-11-03 19:33:59,069 [WARN] ModelIntegratedComponent:63 - No mode defined for component null
2025-11-03 19:33:59,069 [WARN] ModelIntegratedComponent:63 - No mode defined for component null
2025-11-03 19:33:59,069 [WARN] ModelIntegratedComponent:63 - No mode defined for component null
2025-11-03 19:33:59,069 [WARN] ModelIntegratedComponent:63 - No mode defined for component null
2025-11-03 19:33:59,069 [WARN] ModelIntegratedComponent:63 - No mode defined for component null
2025-11-03 19:33:59,069 [WARN] ModelIntegratedComponent:63 - No mode defined for component null
2025-11-03 19:33:59,069 [WARN] ModelIntegratedComponent:63 - No mode defined for component null
2025-11-03 19:33:59,069 [WARN] ModelIntegratedComponent:63 - No mode defined for component null
2025-11-03 19:33:59,069 [WARN] ModelIntegratedComponent:63 - No mode defined for component null
2025-11-03 19:33:59,069 [WARN] ModelIntegratedComponent:63 - No mode defined for component null
2025-11-03 19:33:59,069 [WARN] ModelIntegratedComponent:63 - No mode defined for component null
2025-11-03 19:33:59,069 [WARN] ModelIntegratedComponent:63 - No mode defined for component null
2025-11-03 19:33:59,069 [WARN] ModelIntegratedComponent:63 - No mode defined for component null
2025-11-03 19:33:59,069 [WARN] ModelIntegratedComponent:63 - No mode defined for component null
2025-11-03 19:33:59,069 [WARN] ModelIntegratedComponent:63 - No mode defined for component null
2025-11-03 19:33:59,069 [WARN] ModelIntegratedComponent:63 - No mode defined for component null
2025-11-03 19:33:59,069 [WARN] ModelIntegratedComponent:63 - No mode defined for component null
2025-11-03 19:33:59,070 [WARN] ModelIntegratedComponent:63 - No mode defined for component null
2025-11-03 19:33:59,070 [WARN] ModelIntegratedComponent:63 - No mode defined for component null
2025-11-03 19:33:59,070 [WARN] ModelPack:524 - Component already loaded: STMicroelectronics:HAL Drivers:0.0.0:STMicroelectronics:Device:STMicro_Driver:XSPI:HAL::0.0.1:HAL_XSPI
2025-11-03 19:33:59,284 [INFO] ThirdPartyModel:298 - Start build external matchings
2025-11-03 19:33:59,534 [INFO] ThirdPartyModel:316 - End build external matchings
2025-11-03 19:33:59,546 [INFO] ImportTextPane:218 - (OptionalMessage_ERROR) IP (RCC) : Invalid parameter (FamilyName)
2025-11-03 19:33:59,548 [INFO] ImportTextPane:218 - (OptionalMessage_ERROR) IP (RCC) : Parameter (RNGFreq_Value) has invalid value (64000000)
2025-11-03 19:33:59,548 [INFO] ImportTextPane:218 - (OptionalMessage_ERROR) IP (RCC) : Parameter (SDMMCFreq_Value) has invalid value (64000000)
2025-11-03 19:33:59,548 [INFO] ImportTextPane:218 - (OptionalMessage_ERROR) IP (RCC) : Parameter (USBFreq_Value) has invalid value (64000000)
2025-11-03 19:33:59,944 [INFO] UtilMem:75 - End LoadConfig() Used Memory: 677058608 Bytes (766509056)
2025-11-03 19:33:59,985 [WARN] ThirdParty:833 - waiting for thirdparty lock release [change project]
2025-11-03 19:33:59,986 [INFO] ThirdParty:835 - entering critical section [change project]
2025-11-03 19:33:59,986 [INFO] ThirdParty:1030 - CMSIS Pack Vendor :STMicroelectronics X-CUBE-PM33A1 1.0.0
2025-11-03 19:33:59,986 [INFO] ThirdParty:1030 - CMSIS Pack Vendor :STMicroelectronics USBPD 4.1
2025-11-03 19:33:59,986 [INFO] ThirdParty:1030 - CMSIS Pack Vendor :STMicroelectronics X-CUBE-NFC9 1.0.0
2025-11-03 19:33:59,986 [INFO] ThirdParty:1030 - CMSIS Pack Vendor :STMicroelectronics USB_HOST 2.0.0
2025-11-03 19:33:59,986 [INFO] ThirdParty:1030 - CMSIS Pack Vendor :STMicroelectronics FP-SNS-MOTENVWB1 1.4.0
2025-11-03 19:33:59,986 [INFO] ThirdParty:1030 - CMSIS Pack Vendor :STMicroelectronics X-CUBE-AZRTOS-F4 1.1.0
2025-11-03 19:33:59,986 [INFO] ThirdParty:1030 - CMSIS Pack Vendor :STMicroelectronics LIBJPEG 8.0.0
2025-11-03 19:33:59,986 [INFO] ThirdParty:1030 - CMSIS Pack Vendor :STMicroelectronics FP-ATR-ASTRA1 2.0.2
2025-11-03 19:33:59,986 [INFO] ThirdParty:1030 - CMSIS Pack Vendor :wolfSSL I-CUBE-wolfSSL 5.8.2
2025-11-03 19:33:59,987 [INFO] ThirdParty:1030 - CMSIS Pack Vendor :STMicroelectronics X-CUBE-BLE1 7.1.0
2025-11-03 19:33:59,987 [INFO] ThirdParty:1030 - CMSIS Pack Vendor :STMicroelectronics X-CUBE-SMBUS 2.1.0
2025-11-03 19:33:59,987 [INFO] ThirdParty:1030 - CMSIS Pack Vendor :wolfSSL I-CUBE-wolfMQTT 1.19.2
2025-11-03 19:33:59,987 [INFO] ThirdParty:1030 - CMSIS Pack Vendor :STMicroelectronics USB_DEVICE 3.0.0
2025-11-03 19:33:59,987 [INFO] ThirdParty:1030 - CMSIS Pack Vendor :STMicroelectronics X-CUBE-ISPU 2.1.0
2025-11-03 19:33:59,987 [INFO] ThirdParty:1030 - CMSIS Pack Vendor :STMicroelectronics X-CUBE-EEPRMA1 5.2.0
2025-11-03 19:33:59,987 [INFO] ThirdParty:1030 - CMSIS Pack Vendor :STMicroelectronics X-CUBE-BLEMGR 4.1.0
2025-11-03 19:33:59,987 [INFO] ThirdParty:1030 - CMSIS Pack Vendor :STMicroelectronics X-CUBE-AZRTOS-WB 2.0.0
2025-11-03 19:33:59,987 [INFO] ThirdParty:1030 - CMSIS Pack Vendor :STMicroelectronics X-CUBE-GNSS1 7.0.1
2025-11-03 19:33:59,987 [INFO] ThirdParty:1030 - CMSIS Pack Vendor :STMicroelectronics X-CUBE-NFC12 1.0.0
2025-11-03 19:33:59,988 [INFO] ThirdParty:1030 - CMSIS Pack Vendor :STMicroelectronics X-CUBE-AZRTOS-F7 1.1.0
2025-11-03 19:33:59,988 [INFO] ThirdParty:1030 - CMSIS Pack Vendor :STMicroelectronics X-CUBE-AZRTOS-L5 2.0.0
2025-11-03 19:33:59,988 [INFO] ThirdParty:1030 - CMSIS Pack Vendor :STMicroelectronics USB_DEVICE 2.0.0
2025-11-03 19:33:59,988 [INFO] ThirdParty:1030 - CMSIS Pack Vendor :STMicroelectronics X-CUBE-NFC6 3.1.0
2025-11-03 19:33:59,988 [INFO] ThirdParty:1030 - CMSIS Pack Vendor :Cesanta I-CUBE-Mongoose 7.19.0
2025-11-03 19:33:59,988 [INFO] ThirdParty:1030 - CMSIS Pack Vendor :quantropi X-CUBE-qispace-sdk-base 2.1.0
2025-11-03 19:33:59,988 [INFO] ThirdParty:1030 - CMSIS Pack Vendor :STMicroelectronics FreeRTOS 0.0.1
2025-11-03 19:33:59,988 [INFO] ThirdParty:1030 - CMSIS Pack Vendor :STMicroelectronics X-CUBE-AZRTOS-G0 1.1.0
2025-11-03 19:33:59,988 [INFO] ThirdParty:1030 - CMSIS Pack Vendor :STMicroelectronics X-CUBE-SAFEA1 1.2.2
2025-11-03 19:33:59,988 [INFO] ThirdParty:1030 - CMSIS Pack Vendor :STMicroelectronics X-CUBE-NFC4 3.0.0
2025-11-03 19:33:59,988 [INFO] ThirdParty:1030 - CMSIS Pack Vendor :STMicroelectronics X-CUBE-SUBG2 5.0.0
2025-11-03 19:33:59,988 [INFO] ThirdParty:1030 - CMSIS Pack Vendor :STMicroelectronics X-CUBE-AZRTOS-H7RS 1.1.0
2025-11-03 19:33:59,988 [INFO] ThirdParty:1030 - CMSIS Pack Vendor :STMicroelectronics STM32_WPAN 1.0.0
2025-11-03 19:33:59,988 [INFO] ThirdParty:1030 - CMSIS Pack Vendor :EmbeddedOffice I-CUBE-FS-RTOS 1.0.1
2025-11-03 19:33:59,988 [INFO] ThirdParty:1030 - CMSIS Pack Vendor :STMicroelectronics lwIP 2.0.3
2025-11-03 19:33:59,988 [INFO] ThirdParty:1030 - CMSIS Pack Vendor :STMicroelectronics USB_HOST 1.0.0
2025-11-03 19:33:59,988 [INFO] ThirdParty:1030 - CMSIS Pack Vendor :Infineon AIROC-Wi-Fi-Bluetooth-STM32 1.7.1
2025-11-03 19:33:59,988 [INFO] ThirdParty:1030 - CMSIS Pack Vendor :STMicroelectronics X-CUBE-AZRTOS-G4 2.0.0
2025-11-03 19:33:59,989 [INFO] ThirdParty:1030 - CMSIS Pack Vendor :STMicroelectronics X-CUBE-WB05N 2.0.0
2025-11-03 19:33:59,989 [INFO] ThirdParty:1030 - CMSIS Pack Vendor :STMicroelectronics PDM2PCM 3.1.0
2025-11-03 19:33:59,989 [INFO] ThirdParty:1030 - CMSIS Pack Vendor :STMicroelectronics PDM2PCM 3.3.0
2025-11-03 19:33:59,989 [INFO] ThirdParty:1030 - CMSIS Pack Vendor :wolfSSL I-CUBE-wolfTPM 3.8.0
2025-11-03 19:33:59,989 [INFO] ThirdParty:1030 - CMSIS Pack Vendor :STMicroelectronics X-CUBE-AZRTOS-H7 3.4.0
2025-11-03 19:33:59,989 [INFO] ThirdParty:1030 - CMSIS Pack Vendor :STMicroelectronics X-CUBE-DISPLAY 3.0.0
2025-11-03 19:33:59,989 [INFO] ThirdParty:1030 - CMSIS Pack Vendor :wolfSSL I-CUBE-wolfSSH 1.4.20
2025-11-03 19:33:59,989 [INFO] ThirdParty:1030 - CMSIS Pack Vendor :STMicroelectronics X-CUBE-NFC7 2.0.0
2025-11-03 19:33:59,989 [INFO] ThirdParty:1030 - CMSIS Pack Vendor :STMicroelectronics X-CUBE-TCPP 4.2.0
2025-11-03 19:33:59,989 [INFO] ThirdParty:1030 - CMSIS Pack Vendor :RealThread X-CUBE-RT-Thread_Nano 4.1.1
2025-11-03 19:33:59,989 [INFO] ThirdParty:1030 - CMSIS Pack Vendor :STMicroelectronics FP-ATR-SIGFOX1 3.2.0
2025-11-03 19:33:59,989 [INFO] ThirdParty:1030 - CMSIS Pack Vendor :STMicroelectronics X-CUBE-NFC10 1.0.0
2025-11-03 19:33:59,989 [INFO] ThirdParty:1030 - CMSIS Pack Vendor :STMicroelectronics X-CUBE-FREERTOS 1.3.1
2025-11-03 19:33:59,989 [INFO] ThirdParty:1030 - CMSIS Pack Vendor :STMicroelectronics HAL Drivers 0.0.0
2025-11-03 19:33:59,989 [INFO] ThirdParty:1030 - CMSIS Pack Vendor :STMicroelectronics MBEDTLS 2.16.2
2025-11-03 19:33:59,989 [INFO] ThirdParty:1030 - CMSIS Pack Vendor :STMicroelectronics X-CUBE-ST60 1.1.0
2025-11-03 19:33:59,989 [INFO] ThirdParty:1030 - CMSIS Pack Vendor :STMicroelectronics X-CUBE-ALS 1.0.2
2025-11-03 19:33:59,989 [INFO] ThirdParty:1030 - CMSIS Pack Vendor :emotas I-CUBE-CANOPEN 1.3.0
2025-11-03 19:33:59,990 [INFO] ThirdParty:1030 - CMSIS Pack Vendor :STMicroelectronics MBEDTLS 2.14.1
2025-11-03 19:33:59,990 [INFO] ThirdParty:1030 - CMSIS Pack Vendor :STMicroelectronics X-CUBE-GNSS1 7.1.0
2025-11-03 19:33:59,990 [INFO] ThirdParty:1030 - CMSIS Pack Vendor :ITTIA_DB I-CUBE-ITTIADB 8.9.0
2025-11-03 19:33:59,990 [INFO] ThirdParty:1030 - CMSIS Pack Vendor :STMicroelectronics X-CUBE-TOUCHGFX 4.26.0
2025-11-03 19:33:59,990 [INFO] ThirdParty:1030 - CMSIS Pack Vendor :STMicroelectronics X-CUBE-STSE01 1.0.0
2025-11-03 19:33:59,990 [INFO] ThirdParty:1030 - CMSIS Pack Vendor :STMicroelectronics X-CUBE-AI 10.2.0
2025-11-03 19:33:59,990 [INFO] ThirdParty:1030 - CMSIS Pack Vendor :STMicroelectronics FP-SNS-STAIOTCFT 1.0.0
2025-11-03 19:33:59,990 [INFO] ThirdParty:1030 - CMSIS Pack Vendor :STMicroelectronics ThreadX 1.0.0
2025-11-03 19:33:59,990 [INFO] ThirdParty:1030 - CMSIS Pack Vendor :STMicroelectronics FP-SNS-SMARTAG2 1.2.0
2025-11-03 19:33:59,990 [INFO] ThirdParty:1030 - CMSIS Pack Vendor :STMicroelectronics FP-SNS-FLIGHT1 5.1.0
2025-11-03 19:33:59,990 [INFO] ThirdParty:1030 - CMSIS Pack Vendor :STMicroelectronics X-CUBE-AZRTOS-WL 2.0.0
2025-11-03 19:33:59,990 [INFO] ThirdParty:1030 - CMSIS Pack Vendor :SEGGER I-CUBE-embOS 1.3.1
2025-11-03 19:33:59,990 [INFO] ThirdParty:1030 - CMSIS Pack Vendor :STMicroelectronics X-CUBE-ALGOBUILD 1.4.0
2025-11-03 19:33:59,990 [INFO] ThirdParty:1030 - CMSIS Pack Vendor :STMicroelectronics X-CUBE-DPower 1.3.0
2025-11-03 19:33:59,990 [INFO] ThirdParty:1030 - CMSIS Pack Vendor :STMicroelectronics X-CUBE-MEMS1 11.3.0
2025-11-03 19:33:59,991 [INFO] ThirdParty:1030 - CMSIS Pack Vendor :STMicroelectronics USB_DEVICE 1.0.0
2025-11-03 19:33:59,991 [INFO] ThirdParty:1030 - CMSIS Pack Vendor :STMicroelectronics X-CUBE-AZRTOS-L4 2.0.0
2025-11-03 19:33:59,991 [INFO] ThirdParty:1030 - CMSIS Pack Vendor :STMicroelectronics ThreadX 0.0.2
2025-11-03 19:33:59,991 [INFO] ThirdParty:1030 - CMSIS Pack Vendor :STMicroelectronics lwIP 2.1.2
2025-11-03 19:33:59,991 [INFO] ThirdParty:1030 - CMSIS Pack Vendor :STMicroelectronics X-CUBE-SFXS2LP1 4.0.0
2025-11-03 19:33:59,991 [INFO] ThirdParty:1030 - CMSIS Pack Vendor :STMicroelectronics X-CUBE-BLE2 3.3.0
2025-11-03 19:33:59,991 [INFO] ThirdParty:1030 - CMSIS Pack Vendor :STMicroelectronics X-CUBE-TOF1 3.4.3
2025-11-03 19:33:59,991 [INFO] ThirdParty:1030 - CMSIS Pack Vendor :STMicroelectronics PDM2PCM 3.2.0
2025-11-03 19:33:59,991 [INFO] ThirdParty:841 - exiting critical section [change project]
2025-11-03 19:34:00,369 [INFO] PinOutPanel:1589 - setPackage(No Configuration,No Configuration)
2025-11-03 19:34:00,370 [INFO] PinOutPanel:1589 - setPackage(STM32L476RGTx,LQFP64)
2025-11-03 19:34:01,021 [INFO] UtilMem:75 - Before build in PCC Used Memory: 677548488 Bytes (766509056)
2025-11-03 19:34:01,410 [INFO] UtilMem:75 - After build in PCC Used Memory: 375036360 Bytes (766509056)
2025-11-03 19:34:01,429 [INFO] IPUIPlugin:80 - create IPUIPlugin
2025-11-03 19:34:01,430 [INFO] IPUIPlugin:80 - create IPUIPlugin
2025-11-03 19:34:01,430 [INFO] IPUIPlugin:80 - create IPUIPlugin
2025-11-03 19:34:01,430 [INFO] IPUIPlugin:80 - create IPUIPlugin
2025-11-03 19:34:01,430 [INFO] IPUIPlugin:80 - create IPUIPlugin
2025-11-03 19:34:01,430 [INFO] IPUIPlugin:80 - create IPUIPlugin
2025-11-03 19:34:01,431 [INFO] IPUIPlugin:80 - create IPUIPlugin
2025-11-03 19:34:01,431 [INFO] IPUIPlugin:80 - create IPUIPlugin
2025-11-03 19:34:01,431 [INFO] IPUIPlugin:80 - create IPUIPlugin
2025-11-03 19:34:01,431 [INFO] IPUIPlugin:80 - create IPUIPlugin
2025-11-03 19:34:01,431 [INFO] IPUIPlugin:80 - create IPUIPlugin
2025-11-03 19:34:01,431 [INFO] IPUIPlugin:80 - create IPUIPlugin
2025-11-03 19:34:01,432 [INFO] IPUIPlugin:80 - create IPUIPlugin
2025-11-03 19:34:01,432 [INFO] IPUIPlugin:80 - create IPUIPlugin
2025-11-03 19:34:01,432 [INFO] IPUIPlugin:80 - create IPUIPlugin
2025-11-03 19:34:01,432 [INFO] IPUIPlugin:80 - create IPUIPlugin
2025-11-03 19:34:01,432 [INFO] IPUIPlugin:80 - create IPUIPlugin
2025-11-03 19:34:01,433 [INFO] IPUIPlugin:80 - create IPUIPlugin
2025-11-03 19:34:01,433 [INFO] IPUIPlugin:80 - create IPUIPlugin
2025-11-03 19:34:01,433 [INFO] IPUIPlugin:80 - create IPUIPlugin
2025-11-03 19:34:01,433 [INFO] IPUIPlugin:80 - create IPUIPlugin
2025-11-03 19:34:01,433 [INFO] IPUIPlugin:80 - create IPUIPlugin
2025-11-03 19:34:01,434 [INFO] IPUIPlugin:80 - create IPUIPlugin
2025-11-03 19:34:01,434 [INFO] IPUIPlugin:80 - create IPUIPlugin
2025-11-03 19:34:01,434 [INFO] IPUIPlugin:80 - create IPUIPlugin
2025-11-03 19:34:01,434 [INFO] IPUIPlugin:80 - create IPUIPlugin
2025-11-03 19:34:01,434 [INFO] IPUIPlugin:80 - create IPUIPlugin
2025-11-03 19:34:01,434 [INFO] IPUIPlugin:80 - create IPUIPlugin
2025-11-03 19:34:01,434 [INFO] IPUIPlugin:80 - create IPUIPlugin
2025-11-03 19:34:01,435 [INFO] IPUIPlugin:80 - create IPUIPlugin
2025-11-03 19:34:01,435 [INFO] IPUIPlugin:80 - create IPUIPlugin
2025-11-03 19:34:01,435 [INFO] IPUIPlugin:80 - create IPUIPlugin
2025-11-03 19:34:01,435 [INFO] IPUIPlugin:80 - create IPUIPlugin
2025-11-03 19:34:01,435 [INFO] IPUIPlugin:80 - create IPUIPlugin
2025-11-03 19:34:01,435 [INFO] IPUIPlugin:80 - create IPUIPlugin
2025-11-03 19:34:01,435 [INFO] IPUIPlugin:80 - create IPUIPlugin
2025-11-03 19:34:01,436 [INFO] IPUIPlugin:80 - create IPUIPlugin
2025-11-03 19:34:01,436 [INFO] IPUIPlugin:80 - create IPUIPlugin
2025-11-03 19:34:01,436 [INFO] IPUIPlugin:80 - create IPUIPlugin
2025-11-03 19:34:01,436 [INFO] IPUIPlugin:80 - create IPUIPlugin
2025-11-03 19:34:01,436 [INFO] IPUIPlugin:80 - create IPUIPlugin
2025-11-03 19:34:01,436 [INFO] IPUIPlugin:80 - create IPUIPlugin
2025-11-03 19:34:01,437 [INFO] IPUIPlugin:80 - create IPUIPlugin
2025-11-03 19:34:01,437 [INFO] IPUIPlugin:80 - create IPUIPlugin
2025-11-03 19:34:01,437 [INFO] IPUIPlugin:80 - create IPUIPlugin
2025-11-03 19:34:01,437 [INFO] IPUIPlugin:80 - create IPUIPlugin
2025-11-03 19:34:01,437 [INFO] IPUIPlugin:80 - create IPUIPlugin
2025-11-03 19:34:01,438 [INFO] IPUIPlugin:80 - create IPUIPlugin
2025-11-03 19:34:01,438 [INFO] IPUIPlugin:80 - create IPUIPlugin
2025-11-03 19:34:01,438 [INFO] IPUIPlugin:80 - create IPUIPlugin
2025-11-03 19:34:01,440 [INFO] IPUIPlugin:80 - create IPUIPlugin
2025-11-03 19:34:01,440 [INFO] IPUIPlugin:80 - create IPUIPlugin
2025-11-03 19:34:01,440 [INFO] IPUIPlugin:80 - create IPUIPlugin
2025-11-03 19:34:01,440 [INFO] IPUIPlugin:80 - create IPUIPlugin
2025-11-03 19:34:01,440 [INFO] IPUIPlugin:80 - create IPUIPlugin
2025-11-03 19:34:01,441 [INFO] IPUIPlugin:80 - create IPUIPlugin
2025-11-03 19:34:01,441 [INFO] IPUIPlugin:80 - create IPUIPlugin
2025-11-03 19:34:01,441 [INFO] IPUIPlugin:80 - create IPUIPlugin
2025-11-03 19:34:01,442 [INFO] IPUIPlugin:80 - create IPUIPlugin
2025-11-03 19:34:01,506 [INFO] CADModel:165 - CPN selected for project levelSTM32L476RGT3
2025-11-03 19:34:01,508 [INFO] CADModel:114 - Register for checkConnection events
2025-11-03 19:34:01,569 [INFO] OpenFileManager:385 - Restore cursor
2025-11-03 19:36:44,857 [INFO] MainUpdater:2872 - connection check result : 10
2025-11-03 19:36:44,857 [INFO] MainUpdater:2872 - connection check result : 10
2025-11-03 19:36:44,983 [INFO] MicroXplorer:468 - Change Database Path : 
2025-11-03 19:36:44,983 [INFO] MicroXplorer:498 - Change Database Version : DB.6.0.141
2025-11-03 19:36:44,991 [ERROR] ProjectManagerView:395 - 
java.lang.NullPointerException: Cannot invoke "javax.swing.JTextField.getText()" because the return value of "java.util.List.get(int)" is null
	at com.st.microxplorer.plugins.projectmanager.gui.ProjectChoiceTab$9.caretUpdate(ProjectChoiceTab.java:2678) ~[filemanager.jar:?]
	at javax.swing.text.JTextComponent.fireCaretUpdate(JTextComponent.java:408) ~[?:?]
	at javax.swing.text.JTextComponent$MutableCaretEvent.fire(JTextComponent.java:4484) ~[?:?]
	at javax.swing.text.JTextComponent$MutableCaretEvent.stateChanged(JTextComponent.java:4506) ~[?:?]
	at javax.swing.text.DefaultCaret.fireStateChanged(DefaultCaret.java:857) ~[?:?]
	at javax.swing.text.DefaultCaret.changeCaretPosition(DefaultCaret.java:1343) ~[?:?]
	at javax.swing.text.DefaultCaret.handleSetDot(DefaultCaret.java:1242) ~[?:?]
	at javax.swing.text.DefaultCaret.setDot(DefaultCaret.java:1223) ~[?:?]
	at javax.swing.text.DefaultCaret$Handler.insertUpdate(DefaultCaret.java:1819) ~[?:?]
	at javax.swing.text.AbstractDocument.fireInsertUpdate(AbstractDocument.java:227) ~[?:?]
	at javax.swing.text.AbstractDocument.handleInsertString(AbstractDocument.java:781) ~[?:?]
	at javax.swing.text.AbstractDocument.insertString(AbstractDocument.java:740) ~[?:?]
	at javax.swing.text.PlainDocument.insertString(PlainDocument.java:131) ~[?:?]
	at javax.swing.text.AbstractDocument.replace(AbstractDocument.java:699) ~[?:?]
	at javax.swing.text.JTextComponent.setText(JTextComponent.java:1725) ~[?:?]
	at com.st.microxplorer.plugins.projectmanager.gui.ProjectChoiceTab.createHeapStackFields(ProjectChoiceTab.java:979) ~[filemanager.jar:?]
	at com.st.microxplorer.plugins.projectmanager.gui.ProjectChoiceTab.buildLinkSettingsPanel(ProjectChoiceTab.java:3766) ~[filemanager.jar:?]
	at com.st.microxplorer.plugins.projectmanager.gui.ProjectChoiceTab.defineWindowsFields(ProjectChoiceTab.java:1962) ~[filemanager.jar:?]
	at com.st.microxplorer.plugins.projectmanager.gui.ProjectChoiceTab.updateSettings(ProjectChoiceTab.java:555) ~[filemanager.jar:?]
	at com.st.microxplorer.plugins.projectmanager.gui.ProjectSettingsPanel.UpdateDialog(ProjectSettingsPanel.java:245) ~[filemanager.jar:?]
	at com.st.microxplorer.plugins.projectmanager.ProjectManagerView.propertyChange(ProjectManagerView.java:392) ~[filemanager.jar:?]
	at java.beans.PropertyChangeSupport.fire(PropertyChangeSupport.java:343) ~[?:?]
	at java.beans.PropertyChangeSupport.firePropertyChange(PropertyChangeSupport.java:335) ~[?:?]
	at java.beans.PropertyChangeSupport.firePropertyChange(PropertyChangeSupport.java:268) ~[?:?]
	at com.st.microxplorer.util.MXPropertyChangeSupport.firePropertyChange(MXPropertyChangeSupport.java:54) ~[STM32CubeMX.jar:?]
	at com.st.microxplorer.mxsystem.MxSystem.closeConfig(MxSystem.java:899) ~[STM32CubeMX.jar:?]
	at com.st.microxplorer.maingui.MainPanel.closeConfig(MainPanel.java:789) ~[STM32CubeMX.jar:?]
	at com.st.microxplorer.plugins.filemanager.engine.OpenFileManager.loadConfigurationFile(OpenFileManager.java:287) ~[filemanager.jar:?]
	at com.st.microxplorer.plugins.filemanager.engine.MainFileManager.userLoadConfig(MainFileManager.java:341) ~[filemanager.jar:?]
	at com.st.microxplorer.plugins.filemanager.engine.MainFileManager.userLoadConfig(MainFileManager.java:319) ~[filemanager.jar:?]
	at com.st.microxplorer.plugins.filemanager.FileManagerView.getSpecificTask(FileManagerView.java:246) ~[filemanager.jar:?]
	at com.st.stm32cube.common.mx.editor.CubeMxEditor.getMxTabbedPaneInstance(CubeMxEditor.java:1198) ~[com.st.stm32cube.common.mx_6.14.1.202504091515/:?]
	at com.st.stm32cube.common.mx.editor.CubeMxEditor$12$1.createSwingComponent(CubeMxEditor.java:1068) ~[com.st.stm32cube.common.mx_6.14.1.202504091515/:?]
	at com.st.stm32cube.common.mx.oss.core.awtswtbridge.EmbeddedSwingComposite.doComponentCreation(EmbeddedSwingComposite.java:492) ~[com.st.stm32cube.common.mx.oss_6.14.1.202504091515/:?]
	at com.st.stm32cube.common.mx.oss.core.awtswtbridge.EmbeddedSwingComposite$4.run(EmbeddedSwingComposite.java:291) ~[com.st.stm32cube.common.mx.oss_6.14.1.202504091515/:?]
	at com.st.stm32cube.common.mx.oss.core.awtswtbridge.AwtEnvironment$2.run(AwtEnvironment.java:166) ~[com.st.stm32cube.common.mx.oss_6.14.1.202504091515/:?]
	at java.awt.event.InvocationEvent.dispatch(InvocationEvent.java:318) ~[?:?]
	at java.awt.EventQueue.dispatchEventImpl(EventQueue.java:773) ~[?:?]
	at java.awt.EventQueue$4.run(EventQueue.java:720) ~[?:?]
	at java.awt.EventQueue$4.run(EventQueue.java:714) ~[?:?]
	at java.security.AccessController.doPrivileged(AccessController.java:400) ~[?:?]
	at java.security.ProtectionDomain$JavaSecurityAccessImpl.doIntersectionPrivilege(ProtectionDomain.java:87) ~[?:?]
	at java.awt.EventQueue.dispatchEvent(EventQueue.java:742) ~[?:?]
	at java.awt.EventDispatchThread.pumpOneEventForFilters(EventDispatchThread.java:203) ~[?:?]
	at java.awt.EventDispatchThread.pumpEventsForFilter(EventDispatchThread.java:124) ~[?:?]
	at java.awt.EventDispatchThread.pumpEventsForHierarchy(EventDispatchThread.java:113) ~[?:?]
	at java.awt.EventDispatchThread.pumpEvents(EventDispatchThread.java:109) ~[?:?]
	at java.awt.EventDispatchThread.pumpEvents(EventDispatchThread.java:101) ~[?:?]
	at java.awt.EventDispatchThread.run(EventDispatchThread.java:90) ~[?:?]
2025-11-03 19:36:44,992 [WARN] ThirdParty:871 - waiting for thirdparty lock release [close project]
2025-11-03 19:36:44,992 [INFO] ThirdParty:873 - entering critical section [close project]
2025-11-03 19:36:44,992 [INFO] ThirdParty:883 - exiting critical section [close project]
2025-11-03 19:36:44,994 [INFO] PinOutPanel:1589 - setPackage(No Configuration,No Configuration)
2025-11-03 19:36:44,999 [INFO] UtilMem:75 - Begin LoadConfig() Used Memory: 494541712 Bytes (766509056)
2025-11-03 19:36:45,000 [INFO] MicroXplorer:468 - Change Database Path : 
2025-11-03 19:36:45,000 [INFO] MicroXplorer:498 - Change Database Version : DB.6.0.141
2025-11-03 19:36:45,000 [INFO] OpenFileManager:354 - Change cursor
2025-11-03 19:36:45,006 [INFO] Mcu:2011 - Initializing MCU STM32L476R(C-E-G)Tx STM32L476RGTx STM32L476RGT3
2025-11-03 19:36:46,546 [INFO] Context:756 - Trying to add GPIOservice into a context  which must be forbidden
2025-11-03 19:36:46,879 [INFO] ImportTextPane:218 - (OptionalMessage_ERROR) Pin12 (VP_RIF_VS_RIF1) cannot be retrieved for this MCU
2025-11-03 19:36:46,918 [INFO] RtosManager:558 - Registered RTOS mode: class=CMSIS, group=RTOS, mode=CMSIS_V1, owner=FREERTOS
2025-11-03 19:36:46,918 [INFO] RtosManager:558 - Registered RTOS mode: class=CMSIS, group=RTOS2, mode=CMSIS_V2, owner=FREERTOS
2025-11-03 19:36:46,918 [INFO] RtosManager:558 - Registered RTOS mode: class=RTOS, group=Core, mode=CMSIS_V1, owner=FREERTOS
2025-11-03 19:36:46,918 [INFO] RtosManager:558 - Registered RTOS mode: class=RTOS, group=Core, mode=CMSIS_V2, owner=FREERTOS
2025-11-03 19:36:46,918 [WARN] ModelIntegratedComponent:184 - Missing modes for component STMicroelectronics:FreeRTOS:0.0.1:STMicroelectronics:RTOS:FreeRTOS:Core:::10.2.0:
2025-11-03 19:36:46,924 [WARN] ModelIntegratedComponent:63 - No mode defined for component null
2025-11-03 19:36:46,924 [WARN] ModelIntegratedComponent:63 - No mode defined for component null
2025-11-03 19:36:46,924 [WARN] ModelIntegratedComponent:63 - No mode defined for component null
2025-11-03 19:36:46,925 [WARN] ModelIntegratedComponent:63 - No mode defined for component null
2025-11-03 19:36:46,925 [WARN] ModelIntegratedComponent:63 - No mode defined for component null
2025-11-03 19:36:46,925 [WARN] ModelIntegratedComponent:63 - No mode defined for component null
2025-11-03 19:36:46,925 [WARN] ModelIntegratedComponent:63 - No mode defined for component null
2025-11-03 19:36:46,925 [WARN] ModelIntegratedComponent:63 - No mode defined for component null
2025-11-03 19:36:46,925 [WARN] ModelIntegratedComponent:63 - No mode defined for component null
2025-11-03 19:36:46,925 [WARN] ModelIntegratedComponent:63 - No mode defined for component null
2025-11-03 19:36:46,925 [WARN] ModelIntegratedComponent:63 - No mode defined for component null
2025-11-03 19:36:46,925 [WARN] ModelIntegratedComponent:63 - No mode defined for component null
2025-11-03 19:36:46,925 [WARN] ModelIntegratedComponent:63 - No mode defined for component null
2025-11-03 19:36:46,925 [WARN] ModelIntegratedComponent:63 - No mode defined for component null
2025-11-03 19:36:46,925 [WARN] ModelIntegratedComponent:63 - No mode defined for component null
2025-11-03 19:36:46,925 [WARN] ModelIntegratedComponent:63 - No mode defined for component null
2025-11-03 19:36:46,925 [WARN] ModelIntegratedComponent:63 - No mode defined for component null
2025-11-03 19:36:46,925 [WARN] ModelIntegratedComponent:63 - No mode defined for component null
2025-11-03 19:36:46,925 [WARN] ModelIntegratedComponent:63 - No mode defined for component null
2025-11-03 19:36:46,925 [WARN] ModelIntegratedComponent:63 - No mode defined for component null
2025-11-03 19:36:46,925 [WARN] ModelIntegratedComponent:63 - No mode defined for component null
2025-11-03 19:36:46,925 [WARN] ModelIntegratedComponent:63 - No mode defined for component null
2025-11-03 19:36:46,925 [WARN] ModelIntegratedComponent:63 - No mode defined for component null
2025-11-03 19:36:46,925 [WARN] ModelIntegratedComponent:63 - No mode defined for component null
2025-11-03 19:36:46,925 [WARN] ModelIntegratedComponent:63 - No mode defined for component null
2025-11-03 19:36:46,925 [WARN] ModelIntegratedComponent:63 - No mode defined for component null
2025-11-03 19:36:46,925 [WARN] ModelIntegratedComponent:63 - No mode defined for component null
2025-11-03 19:36:46,926 [WARN] ModelIntegratedComponent:63 - No mode defined for component null
2025-11-03 19:36:46,926 [WARN] ModelIntegratedComponent:63 - No mode defined for component null
2025-11-03 19:36:46,926 [WARN] ModelIntegratedComponent:63 - No mode defined for component null
2025-11-03 19:36:46,926 [WARN] ModelIntegratedComponent:63 - No mode defined for component null
2025-11-03 19:36:46,926 [WARN] ModelIntegratedComponent:63 - No mode defined for component null
2025-11-03 19:36:46,926 [WARN] ModelIntegratedComponent:63 - No mode defined for component null
2025-11-03 19:36:46,926 [WARN] ModelIntegratedComponent:63 - No mode defined for component null
2025-11-03 19:36:46,926 [WARN] ModelIntegratedComponent:63 - No mode defined for component null
2025-11-03 19:36:46,926 [WARN] ModelPack:524 - Component already loaded: STMicroelectronics:HAL Drivers:0.0.0:STMicroelectronics:Device:STMicro_Driver:XSPI:HAL::0.0.1:HAL_XSPI
2025-11-03 19:36:46,982 [INFO] ThirdPartyModel:298 - Start build external matchings
2025-11-03 19:36:47,209 [INFO] ThirdPartyModel:316 - End build external matchings
2025-11-03 19:36:47,217 [INFO] ImportTextPane:218 - (OptionalMessage_ERROR) IP (RCC) : Invalid parameter (FamilyName)
2025-11-03 19:36:47,218 [INFO] ImportTextPane:218 - (OptionalMessage_ERROR) IP (RCC) : Parameter (RNGFreq_Value) has invalid value (64000000)
2025-11-03 19:36:47,218 [INFO] ImportTextPane:218 - (OptionalMessage_ERROR) IP (RCC) : Parameter (SDMMCFreq_Value) has invalid value (64000000)
2025-11-03 19:36:47,218 [INFO] ImportTextPane:218 - (OptionalMessage_ERROR) IP (RCC) : Parameter (USBFreq_Value) has invalid value (64000000)
2025-11-03 19:36:47,611 [INFO] UtilMem:75 - End LoadConfig() Used Memory: 564350656 Bytes (900726784)
2025-11-03 19:36:47,672 [WARN] ThirdParty:833 - waiting for thirdparty lock release [change project]
2025-11-03 19:36:47,672 [INFO] ThirdParty:835 - entering critical section [change project]
2025-11-03 19:36:47,672 [INFO] ThirdParty:1030 - CMSIS Pack Vendor :STMicroelectronics X-CUBE-PM33A1 1.0.0
2025-11-03 19:36:47,672 [INFO] ThirdParty:1030 - CMSIS Pack Vendor :STMicroelectronics USBPD 4.1
2025-11-03 19:36:47,672 [INFO] ThirdParty:1030 - CMSIS Pack Vendor :STMicroelectronics X-CUBE-NFC9 1.0.0
2025-11-03 19:36:47,672 [INFO] ThirdParty:1030 - CMSIS Pack Vendor :STMicroelectronics USB_HOST 2.0.0
2025-11-03 19:36:47,672 [INFO] ThirdParty:1030 - CMSIS Pack Vendor :STMicroelectronics FP-SNS-MOTENVWB1 1.4.0
2025-11-03 19:36:47,672 [INFO] ThirdParty:1030 - CMSIS Pack Vendor :STMicroelectronics X-CUBE-AZRTOS-F4 1.1.0
2025-11-03 19:36:47,672 [INFO] ThirdParty:1030 - CMSIS Pack Vendor :STMicroelectronics LIBJPEG 8.0.0
2025-11-03 19:36:47,672 [INFO] ThirdParty:1030 - CMSIS Pack Vendor :STMicroelectronics FP-ATR-ASTRA1 2.0.2
2025-11-03 19:36:47,672 [INFO] ThirdParty:1030 - CMSIS Pack Vendor :wolfSSL I-CUBE-wolfSSL 5.8.2
2025-11-03 19:36:47,672 [INFO] ThirdParty:1030 - CMSIS Pack Vendor :STMicroelectronics X-CUBE-BLE1 7.1.0
2025-11-03 19:36:47,672 [INFO] ThirdParty:1030 - CMSIS Pack Vendor :STMicroelectronics X-CUBE-SMBUS 2.1.0
2025-11-03 19:36:47,672 [INFO] ThirdParty:1030 - CMSIS Pack Vendor :wolfSSL I-CUBE-wolfMQTT 1.19.2
2025-11-03 19:36:47,672 [INFO] ThirdParty:1030 - CMSIS Pack Vendor :STMicroelectronics USB_DEVICE 3.0.0
2025-11-03 19:36:47,672 [INFO] ThirdParty:1030 - CMSIS Pack Vendor :STMicroelectronics X-CUBE-ISPU 2.1.0
2025-11-03 19:36:47,672 [INFO] ThirdParty:1030 - CMSIS Pack Vendor :STMicroelectronics X-CUBE-EEPRMA1 5.2.0
2025-11-03 19:36:47,672 [INFO] ThirdParty:1030 - CMSIS Pack Vendor :STMicroelectronics X-CUBE-BLEMGR 4.1.0
2025-11-03 19:36:47,672 [INFO] ThirdParty:1030 - CMSIS Pack Vendor :STMicroelectronics X-CUBE-AZRTOS-WB 2.0.0
2025-11-03 19:36:47,672 [INFO] ThirdParty:1030 - CMSIS Pack Vendor :STMicroelectronics X-CUBE-GNSS1 7.0.1
2025-11-03 19:36:47,672 [INFO] ThirdParty:1030 - CMSIS Pack Vendor :STMicroelectronics X-CUBE-NFC12 1.0.0
2025-11-03 19:36:47,672 [INFO] ThirdParty:1030 - CMSIS Pack Vendor :STMicroelectronics X-CUBE-AZRTOS-F7 1.1.0
2025-11-03 19:36:47,672 [INFO] ThirdParty:1030 - CMSIS Pack Vendor :STMicroelectronics X-CUBE-AZRTOS-L5 2.0.0
2025-11-03 19:36:47,672 [INFO] ThirdParty:1030 - CMSIS Pack Vendor :STMicroelectronics USB_DEVICE 2.0.0
2025-11-03 19:36:47,672 [INFO] ThirdParty:1030 - CMSIS Pack Vendor :STMicroelectronics X-CUBE-NFC6 3.1.0
2025-11-03 19:36:47,672 [INFO] ThirdParty:1030 - CMSIS Pack Vendor :Cesanta I-CUBE-Mongoose 7.19.0
2025-11-03 19:36:47,673 [INFO] ThirdParty:1030 - CMSIS Pack Vendor :quantropi X-CUBE-qispace-sdk-base 2.1.0
2025-11-03 19:36:47,673 [INFO] ThirdParty:1030 - CMSIS Pack Vendor :STMicroelectronics FreeRTOS 0.0.1
2025-11-03 19:36:47,673 [INFO] ThirdParty:1030 - CMSIS Pack Vendor :STMicroelectronics X-CUBE-AZRTOS-G0 1.1.0
2025-11-03 19:36:47,673 [INFO] ThirdParty:1030 - CMSIS Pack Vendor :STMicroelectronics X-CUBE-SAFEA1 1.2.2
2025-11-03 19:36:47,673 [INFO] ThirdParty:1030 - CMSIS Pack Vendor :STMicroelectronics X-CUBE-NFC4 3.0.0
2025-11-03 19:36:47,673 [INFO] ThirdParty:1030 - CMSIS Pack Vendor :STMicroelectronics X-CUBE-SUBG2 5.0.0
2025-11-03 19:36:47,673 [INFO] ThirdParty:1030 - CMSIS Pack Vendor :STMicroelectronics X-CUBE-AZRTOS-H7RS 1.1.0
2025-11-03 19:36:47,673 [INFO] ThirdParty:1030 - CMSIS Pack Vendor :STMicroelectronics STM32_WPAN 1.0.0
2025-11-03 19:36:47,673 [INFO] ThirdParty:1030 - CMSIS Pack Vendor :EmbeddedOffice I-CUBE-FS-RTOS 1.0.1
2025-11-03 19:36:47,673 [INFO] ThirdParty:1030 - CMSIS Pack Vendor :STMicroelectronics lwIP 2.0.3
2025-11-03 19:36:47,673 [INFO] ThirdParty:1030 - CMSIS Pack Vendor :STMicroelectronics USB_HOST 1.0.0
2025-11-03 19:36:47,673 [INFO] ThirdParty:1030 - CMSIS Pack Vendor :Infineon AIROC-Wi-Fi-Bluetooth-STM32 1.7.1
2025-11-03 19:36:47,673 [INFO] ThirdParty:1030 - CMSIS Pack Vendor :STMicroelectronics X-CUBE-AZRTOS-G4 2.0.0
2025-11-03 19:36:47,673 [INFO] ThirdParty:1030 - CMSIS Pack Vendor :STMicroelectronics X-CUBE-WB05N 2.0.0
2025-11-03 19:36:47,673 [INFO] ThirdParty:1030 - CMSIS Pack Vendor :STMicroelectronics PDM2PCM 3.1.0
2025-11-03 19:36:47,673 [INFO] ThirdParty:1030 - CMSIS Pack Vendor :STMicroelectronics PDM2PCM 3.3.0
2025-11-03 19:36:47,673 [INFO] ThirdParty:1030 - CMSIS Pack Vendor :wolfSSL I-CUBE-wolfTPM 3.8.0
2025-11-03 19:36:47,673 [INFO] ThirdParty:1030 - CMSIS Pack Vendor :STMicroelectronics X-CUBE-AZRTOS-H7 3.4.0
2025-11-03 19:36:47,673 [INFO] ThirdParty:1030 - CMSIS Pack Vendor :STMicroelectronics X-CUBE-DISPLAY 3.0.0
2025-11-03 19:36:47,673 [INFO] ThirdParty:1030 - CMSIS Pack Vendor :wolfSSL I-CUBE-wolfSSH 1.4.20
2025-11-03 19:36:47,673 [INFO] ThirdParty:1030 - CMSIS Pack Vendor :STMicroelectronics X-CUBE-NFC7 2.0.0
2025-11-03 19:36:47,673 [INFO] ThirdParty:1030 - CMSIS Pack Vendor :STMicroelectronics X-CUBE-TCPP 4.2.0
2025-11-03 19:36:47,673 [INFO] ThirdParty:1030 - CMSIS Pack Vendor :RealThread X-CUBE-RT-Thread_Nano 4.1.1
2025-11-03 19:36:47,673 [INFO] ThirdParty:1030 - CMSIS Pack Vendor :STMicroelectronics FP-ATR-SIGFOX1 3.2.0
2025-11-03 19:36:47,673 [INFO] ThirdParty:1030 - CMSIS Pack Vendor :STMicroelectronics X-CUBE-NFC10 1.0.0
2025-11-03 19:36:47,673 [INFO] ThirdParty:1030 - CMSIS Pack Vendor :STMicroelectronics X-CUBE-FREERTOS 1.3.1
2025-11-03 19:36:47,675 [INFO] ThirdParty:1030 - CMSIS Pack Vendor :STMicroelectronics HAL Drivers 0.0.0
2025-11-03 19:36:47,675 [INFO] ThirdParty:1030 - CMSIS Pack Vendor :STMicroelectronics MBEDTLS 2.16.2
2025-11-03 19:36:47,675 [INFO] ThirdParty:1030 - CMSIS Pack Vendor :STMicroelectronics X-CUBE-ST60 1.1.0
2025-11-03 19:36:47,675 [INFO] ThirdParty:1030 - CMSIS Pack Vendor :STMicroelectronics X-CUBE-ALS 1.0.2
2025-11-03 19:36:47,675 [INFO] ThirdParty:1030 - CMSIS Pack Vendor :emotas I-CUBE-CANOPEN 1.3.0
2025-11-03 19:36:47,675 [INFO] ThirdParty:1030 - CMSIS Pack Vendor :STMicroelectronics MBEDTLS 2.14.1
2025-11-03 19:36:47,675 [INFO] ThirdParty:1030 - CMSIS Pack Vendor :STMicroelectronics X-CUBE-GNSS1 7.1.0
2025-11-03 19:36:47,675 [INFO] ThirdParty:1030 - CMSIS Pack Vendor :ITTIA_DB I-CUBE-ITTIADB 8.9.0
2025-11-03 19:36:47,675 [INFO] ThirdParty:1030 - CMSIS Pack Vendor :STMicroelectronics X-CUBE-TOUCHGFX 4.26.0
2025-11-03 19:36:47,675 [INFO] ThirdParty:1030 - CMSIS Pack Vendor :STMicroelectronics X-CUBE-STSE01 1.0.0
2025-11-03 19:36:47,675 [INFO] ThirdParty:1030 - CMSIS Pack Vendor :STMicroelectronics X-CUBE-AI 10.2.0
2025-11-03 19:36:47,675 [INFO] ThirdParty:1030 - CMSIS Pack Vendor :STMicroelectronics FP-SNS-STAIOTCFT 1.0.0
2025-11-03 19:36:47,675 [INFO] ThirdParty:1030 - CMSIS Pack Vendor :STMicroelectronics ThreadX 1.0.0
2025-11-03 19:36:47,675 [INFO] ThirdParty:1030 - CMSIS Pack Vendor :STMicroelectronics FP-SNS-SMARTAG2 1.2.0
2025-11-03 19:36:47,675 [INFO] ThirdParty:1030 - CMSIS Pack Vendor :STMicroelectronics FP-SNS-FLIGHT1 5.1.0
2025-11-03 19:36:47,675 [INFO] ThirdParty:1030 - CMSIS Pack Vendor :STMicroelectronics X-CUBE-AZRTOS-WL 2.0.0
2025-11-03 19:36:47,675 [INFO] ThirdParty:1030 - CMSIS Pack Vendor :SEGGER I-CUBE-embOS 1.3.1
2025-11-03 19:36:47,675 [INFO] ThirdParty:1030 - CMSIS Pack Vendor :STMicroelectronics X-CUBE-ALGOBUILD 1.4.0
2025-11-03 19:36:47,675 [INFO] ThirdParty:1030 - CMSIS Pack Vendor :STMicroelectronics X-CUBE-DPower 1.3.0
2025-11-03 19:36:47,675 [INFO] ThirdParty:1030 - CMSIS Pack Vendor :STMicroelectronics X-CUBE-MEMS1 11.3.0
2025-11-03 19:36:47,675 [INFO] ThirdParty:1030 - CMSIS Pack Vendor :STMicroelectronics USB_DEVICE 1.0.0
2025-11-03 19:36:47,675 [INFO] ThirdParty:1030 - CMSIS Pack Vendor :STMicroelectronics X-CUBE-AZRTOS-L4 2.0.0
2025-11-03 19:36:47,675 [INFO] ThirdParty:1030 - CMSIS Pack Vendor :STMicroelectronics ThreadX 0.0.2
2025-11-03 19:36:47,675 [INFO] ThirdParty:1030 - CMSIS Pack Vendor :STMicroelectronics lwIP 2.1.2
2025-11-03 19:36:47,675 [INFO] ThirdParty:1030 - CMSIS Pack Vendor :STMicroelectronics X-CUBE-SFXS2LP1 4.0.0
2025-11-03 19:36:47,675 [INFO] ThirdParty:1030 - CMSIS Pack Vendor :STMicroelectronics X-CUBE-BLE2 3.3.0
2025-11-03 19:36:47,675 [INFO] ThirdParty:1030 - CMSIS Pack Vendor :STMicroelectronics X-CUBE-TOF1 3.4.3
2025-11-03 19:36:47,675 [INFO] ThirdParty:1030 - CMSIS Pack Vendor :STMicroelectronics PDM2PCM 3.2.0
2025-11-03 19:36:47,675 [INFO] ThirdParty:841 - exiting critical section [change project]
2025-11-03 19:36:47,854 [INFO] PinOutPanel:1589 - setPackage(No Configuration,No Configuration)
2025-11-03 19:36:47,855 [INFO] PinOutPanel:1589 - setPackage(STM32L476RGTx,LQFP64)
2025-11-03 19:36:48,228 [INFO] UtilMem:75 - Before build in PCC Used Memory: 462668768 Bytes (900726784)
2025-11-03 19:36:48,424 [INFO] UtilMem:75 - After build in PCC Used Memory: 541838304 Bytes (900726784)
2025-11-03 19:36:48,444 [INFO] IPUIPlugin:80 - create IPUIPlugin
2025-11-03 19:36:48,444 [INFO] IPUIPlugin:80 - create IPUIPlugin
2025-11-03 19:36:48,444 [INFO] IPUIPlugin:80 - create IPUIPlugin
2025-11-03 19:36:48,444 [INFO] IPUIPlugin:80 - create IPUIPlugin
2025-11-03 19:36:48,444 [INFO] IPUIPlugin:80 - create IPUIPlugin
2025-11-03 19:36:48,444 [INFO] IPUIPlugin:80 - create IPUIPlugin
2025-11-03 19:36:48,444 [INFO] IPUIPlugin:80 - create IPUIPlugin
2025-11-03 19:36:48,444 [INFO] IPUIPlugin:80 - create IPUIPlugin
2025-11-03 19:36:48,445 [INFO] IPUIPlugin:80 - create IPUIPlugin
2025-11-03 19:36:48,445 [INFO] IPUIPlugin:80 - create IPUIPlugin
2025-11-03 19:36:48,445 [INFO] IPUIPlugin:80 - create IPUIPlugin
2025-11-03 19:36:48,445 [INFO] IPUIPlugin:80 - create IPUIPlugin
2025-11-03 19:36:48,445 [INFO] IPUIPlugin:80 - create IPUIPlugin
2025-11-03 19:36:48,445 [INFO] IPUIPlugin:80 - create IPUIPlugin
2025-11-03 19:36:48,445 [INFO] IPUIPlugin:80 - create IPUIPlugin
2025-11-03 19:36:48,445 [INFO] IPUIPlugin:80 - create IPUIPlugin
2025-11-03 19:36:48,445 [INFO] IPUIPlugin:80 - create IPUIPlugin
2025-11-03 19:36:48,445 [INFO] IPUIPlugin:80 - create IPUIPlugin
2025-11-03 19:36:48,445 [INFO] IPUIPlugin:80 - create IPUIPlugin
2025-11-03 19:36:48,445 [INFO] IPUIPlugin:80 - create IPUIPlugin
2025-11-03 19:36:48,445 [INFO] IPUIPlugin:80 - create IPUIPlugin
2025-11-03 19:36:48,445 [INFO] IPUIPlugin:80 - create IPUIPlugin
2025-11-03 19:36:48,446 [INFO] IPUIPlugin:80 - create IPUIPlugin
2025-11-03 19:36:48,446 [INFO] IPUIPlugin:80 - create IPUIPlugin
2025-11-03 19:36:48,446 [INFO] IPUIPlugin:80 - create IPUIPlugin
2025-11-03 19:36:48,446 [INFO] IPUIPlugin:80 - create IPUIPlugin
2025-11-03 19:36:48,446 [INFO] IPUIPlugin:80 - create IPUIPlugin
2025-11-03 19:36:48,446 [INFO] IPUIPlugin:80 - create IPUIPlugin
2025-11-03 19:36:48,446 [INFO] IPUIPlugin:80 - create IPUIPlugin
2025-11-03 19:36:48,446 [INFO] IPUIPlugin:80 - create IPUIPlugin
2025-11-03 19:36:48,446 [INFO] IPUIPlugin:80 - create IPUIPlugin
2025-11-03 19:36:48,447 [INFO] IPUIPlugin:80 - create IPUIPlugin
2025-11-03 19:36:48,447 [INFO] IPUIPlugin:80 - create IPUIPlugin
2025-11-03 19:36:48,447 [INFO] IPUIPlugin:80 - create IPUIPlugin
2025-11-03 19:36:48,447 [INFO] IPUIPlugin:80 - create IPUIPlugin
2025-11-03 19:36:48,447 [INFO] IPUIPlugin:80 - create IPUIPlugin
2025-11-03 19:36:48,447 [INFO] IPUIPlugin:80 - create IPUIPlugin
2025-11-03 19:36:48,447 [INFO] IPUIPlugin:80 - create IPUIPlugin
2025-11-03 19:36:48,447 [INFO] IPUIPlugin:80 - create IPUIPlugin
2025-11-03 19:36:48,448 [INFO] IPUIPlugin:80 - create IPUIPlugin
2025-11-03 19:36:48,448 [INFO] IPUIPlugin:80 - create IPUIPlugin
2025-11-03 19:36:48,448 [INFO] IPUIPlugin:80 - create IPUIPlugin
2025-11-03 19:36:48,448 [INFO] IPUIPlugin:80 - create IPUIPlugin
2025-11-03 19:36:48,448 [INFO] IPUIPlugin:80 - create IPUIPlugin
2025-11-03 19:36:48,448 [INFO] IPUIPlugin:80 - create IPUIPlugin
2025-11-03 19:36:48,448 [INFO] IPUIPlugin:80 - create IPUIPlugin
2025-11-03 19:36:48,449 [INFO] IPUIPlugin:80 - create IPUIPlugin
2025-11-03 19:36:48,449 [INFO] IPUIPlugin:80 - create IPUIPlugin
2025-11-03 19:36:48,449 [INFO] IPUIPlugin:80 - create IPUIPlugin
2025-11-03 19:36:48,449 [INFO] IPUIPlugin:80 - create IPUIPlugin
2025-11-03 19:36:48,449 [INFO] IPUIPlugin:80 - create IPUIPlugin
2025-11-03 19:36:48,450 [INFO] IPUIPlugin:80 - create IPUIPlugin
2025-11-03 19:36:48,450 [INFO] IPUIPlugin:80 - create IPUIPlugin
2025-11-03 19:36:48,450 [INFO] IPUIPlugin:80 - create IPUIPlugin
2025-11-03 19:36:48,450 [INFO] IPUIPlugin:80 - create IPUIPlugin
2025-11-03 19:36:48,450 [INFO] IPUIPlugin:80 - create IPUIPlugin
2025-11-03 19:36:48,451 [INFO] IPUIPlugin:80 - create IPUIPlugin
2025-11-03 19:36:48,451 [INFO] IPUIPlugin:80 - create IPUIPlugin
2025-11-03 19:36:48,451 [INFO] IPUIPlugin:80 - create IPUIPlugin
2025-11-03 19:36:48,499 [INFO] CADModel:165 - CPN selected for project levelSTM32L476RGT3
2025-11-03 19:36:48,499 [INFO] CADModel:114 - Register for checkConnection events
2025-11-03 19:36:48,586 [INFO] OpenFileManager:385 - Restore cursor
