2025-11-07 15:11:50,249 [ERROR] LogOutputStream:75 - [STDERR_REDIRECT] 
2025-11-07 15:12:09,541 [INFO] Activator:176 - 


2025-11-07 15:12:09,543 [INFO] Activator:177 - !SESSION log4j initialized
2025-11-07 15:12:15,799 [INFO] LogOutputStream:77 - [STDOUT_REDIRECT] 
2025-11-07 15:12:17,031 [INFO] ApplicationProperties:184 - Using Application install path: C:\ST\STM32CubeIDE_1.18.1\STM32CubeIDE\plugins\com.st.stm32cube.common.mx_6.14.1.202504091515
2025-11-07 15:12:17,050 [INFO] DbMcusXml:78 - Set database path to: C:\ST\STM32CubeIDE_1.18.1\STM32CubeIDE\plugins\com.st.stm32cube.common.mx_6.14.1.202504091515\\db\/mcu/
2025-11-07 15:12:17,051 [INFO] ApiDb:274 - Set plugin database path to: C:\ST\STM32CubeIDE_1.18.1\STM32CubeIDE\plugins\com.st.stm32cube.common.mx_6.14.1.202504091515\\db\/plugins/boardmanager/
2025-11-07 15:12:17,051 [WARN] ApiDb:259 - Overriding images path with different value:  => C:\ST\STM32CubeIDE_1.18.1\STM32CubeIDE\plugins\com.st.stm32cube.common.mx_6.14.1.202504091515\\db\/plugins/mcufinder/images/
2025-11-07 15:12:17,063 [INFO] ApiDb:250 - Set database path to: C:\Users\siree\.stmcufinder\plugins\mcufinder//mcu/
2025-11-07 15:12:17,064 [INFO] DbMcusAds:125 - Set database path to: C:\Users\siree\.stmcufinder\plugins\mcufinder//mcu/
2025-11-07 15:12:17,067 [INFO] CrossReferenceDbSqlite:203 - Set database path to: C:\Users\siree\.stmcufinder\plugins\mcufinder//mcu/cs/
2025-11-07 15:12:17,185 [INFO] RulesReader:64 - Compatibility file has been processed (302 Rules)
2025-11-07 15:12:17,310 [INFO] DbMcusXml:78 - Set database path to: C:\ST\STM32CubeIDE_1.18.1\STM32CubeIDE\plugins\com.st.stm32cube.common.mx_6.14.1.202504091515\\db\/mcu/
2025-11-07 15:12:17,310 [INFO] ApiDb:274 - Set plugin database path to: C:\ST\STM32CubeIDE_1.18.1\STM32CubeIDE\plugins\com.st.stm32cube.common.mx_6.14.1.202504091515\\db\/plugins/boardmanager/
2025-11-07 15:12:17,311 [INFO] ApiDb:261 - Set plugin images path to: C:\ST\STM32CubeIDE_1.18.1\STM32CubeIDE\plugins\com.st.stm32cube.common.mx_6.14.1.202504091515\\db\/plugins/mcufinder/images/
2025-11-07 15:12:17,311 [WARN] DbFile:41 - Overriding database path with different value: C:\Users\siree\.stmcufinder\plugins\mcufinder/ => C:\Users\siree\.stmcufinder\plugins\mcufinder
2025-11-07 15:12:17,311 [INFO] ApiDb:250 - Set database path to: C:\Users\siree\.stmcufinder\plugins\mcufinder//mcu/
2025-11-07 15:12:17,311 [WARN] DbFile:41 - Overriding database path with different value: C:\Users\siree\.stmcufinder\plugins\mcufinder/ => C:\Users\siree\.stmcufinder\plugins\mcufinder
2025-11-07 15:12:17,311 [INFO] DbMcusAds:125 - Set database path to: C:\Users\siree\.stmcufinder\plugins\mcufinder//mcu/
2025-11-07 15:12:17,311 [WARN] DbFile:41 - Overriding database path with different value: C:\Users\siree\.stmcufinder\plugins\mcufinder/ => C:\Users\siree\.stmcufinder\plugins\mcufinder
2025-11-07 15:12:17,311 [WARN] DbFile:41 - Overriding database path with different value: C:\Users\siree\.stmcufinder\plugins\mcufinder/ => C:\Users\siree\.stmcufinder\plugins\mcufinder
2025-11-07 15:12:17,311 [INFO] CrossReferenceDbSqlite:203 - Set database path to: C:\Users\siree\.stmcufinder\plugins\mcufinder//mcu/cs/
2025-11-07 15:12:17,432 [INFO] MainPanel:272 - HeapMemory: 268435456
2025-11-07 15:12:17,563 [INFO] DbMcusXml:78 - Set database path to: C:\ST\STM32CubeIDE_1.18.1\STM32CubeIDE\plugins\com.st.stm32cube.common.mx_6.14.1.202504091515\\db\/mcu/
2025-11-07 15:12:17,563 [INFO] ApiDb:274 - Set plugin database path to: C:\ST\STM32CubeIDE_1.18.1\STM32CubeIDE\plugins\com.st.stm32cube.common.mx_6.14.1.202504091515\\db\/plugins/boardmanager/
2025-11-07 15:12:17,563 [INFO] ApiDb:261 - Set plugin images path to: C:\ST\STM32CubeIDE_1.18.1\STM32CubeIDE\plugins\com.st.stm32cube.common.mx_6.14.1.202504091515\\db\/plugins/mcufinder/images/
2025-11-07 15:12:17,563 [WARN] DbFile:41 - Overriding database path with different value: C:\Users\siree\.stmcufinder\plugins\mcufinder/ => C:\Users\siree\.stmcufinder\plugins\mcufinder
2025-11-07 15:12:17,563 [INFO] ApiDb:250 - Set database path to: C:\Users\siree\.stmcufinder\plugins\mcufinder//mcu/
2025-11-07 15:12:17,564 [WARN] DbFile:41 - Overriding database path with different value: C:\Users\siree\.stmcufinder\plugins\mcufinder/ => C:\Users\siree\.stmcufinder\plugins\mcufinder
2025-11-07 15:12:17,564 [INFO] DbMcusAds:125 - Set database path to: C:\Users\siree\.stmcufinder\plugins\mcufinder//mcu/
2025-11-07 15:12:17,564 [WARN] DbFile:41 - Overriding database path with different value: C:\Users\siree\.stmcufinder\plugins\mcufinder/ => C:\Users\siree\.stmcufinder\plugins\mcufinder
2025-11-07 15:12:17,564 [WARN] DbFile:41 - Overriding database path with different value: C:\Users\siree\.stmcufinder\plugins\mcufinder/ => C:\Users\siree\.stmcufinder\plugins\mcufinder
2025-11-07 15:12:17,564 [INFO] CrossReferenceDbSqlite:203 - Set database path to: C:\Users\siree\.stmcufinder\plugins\mcufinder//mcu/cs/
2025-11-07 15:12:17,585 [INFO] ApplicationProperties:184 - Using Application install path: C:\ST\STM32CubeIDE_1.18.1\STM32CubeIDE\plugins\com.st.stm32cube.common.mx_6.14.1.202504091515
2025-11-07 15:12:17,587 [INFO] PluginManage:196 - Search for loadable plugins [exclusion list=, ]
2025-11-07 15:12:17,589 [INFO] PluginManage:310 - Check plugin analytics
2025-11-07 15:12:17,784 [INFO] AnalyticsPlugin:253 - Accepted Software Licenses: 
2025-11-07 15:12:17,784 [INFO] AnalyticsPlugin:255 - Accepted CMSIS Pack Licenses: 
2025-11-07 15:12:17,784 [INFO] AnalyticsPlugin:257 - Accepted Firmware Licenses: FW.L4.1.18.0,FW.F4.1.28.0,FW.C0.1.4.0,FW.F7.1.17.0,FW.G0.1.6.0,FW.G4.1.6.0,FW.H5.1.5.0,FW.H7.1.12.0,FW.L5.1.5.0,FW.MP1.1.7.0
2025-11-07 15:12:17,787 [INFO] PluginManage:359 - Loaded plugin analytics (category:tool,tabindex:-1)
2025-11-07 15:12:17,787 [INFO] PluginManage:310 - Check plugin cadmodel
2025-11-07 15:12:17,795 [INFO] CADModel:105 - Init CAD model plugin
2025-11-07 15:12:17,795 [INFO] PluginManage:359 - Loaded plugin cadmodel (category:power,tabindex:5)
2025-11-07 15:12:17,795 [INFO] PluginManage:310 - Check plugin clock
2025-11-07 15:12:17,806 [INFO] PluginManage:359 - Loaded plugin clock (category:base,tabindex:2)
2025-11-07 15:12:17,807 [INFO] PluginManage:310 - Check plugin ddr
2025-11-07 15:12:17,810 [INFO] PluginManage:359 - Loaded plugin ddr (category:tool,tabindex:6)
2025-11-07 15:12:17,811 [INFO] PluginManage:310 - Check plugin filemanager
2025-11-07 15:12:17,968 [INFO] PluginManage:359 - Loaded plugin filemanager (category:base,tabindex:10)
2025-11-07 15:12:17,968 [INFO] PluginManage:310 - Check plugin ipmanager
2025-11-07 15:12:17,978 [INFO] PluginManage:359 - Loaded plugin ipmanager (category:base,tabindex:5)
2025-11-07 15:12:17,979 [INFO] PluginManage:310 - Check plugin lpbam
2025-11-07 15:12:17,987 [INFO] PluginManage:359 - Loaded plugin lpbam (category:base,tabindex:0)
2025-11-07 15:12:17,987 [INFO] PluginManage:310 - Check plugin memorymap
2025-11-07 15:12:18,006 [INFO] PluginManage:359 - Loaded plugin memorymap (category:base,tabindex:4)
2025-11-07 15:12:18,007 [INFO] PluginManage:310 - Check plugin pinoutandconfiguration
2025-11-07 15:12:18,019 [INFO] PluginManage:359 - Loaded plugin pinoutandconfiguration (category:base,tabindex:1)
2025-11-07 15:12:18,019 [INFO] PluginManage:310 - Check plugin pinoutconfig
2025-11-07 15:12:18,136 [WARN] SupportedApi:132 - Cannot load RTOS API schema: s4s-elt-must-match.1: The content of 'definitions' must match (annotation?, (simpleType | complexType)?, (unique | key | keyref)*)). A problem was found starting at: attribute.
2025-11-07 15:12:18,289 [INFO] PluginManage:359 - Loaded plugin pinoutconfig (category:base,tabindex:0)
2025-11-07 15:12:18,290 [INFO] PluginManage:310 - Check plugin power
2025-11-07 15:12:18,305 [INFO] PluginManage:359 - Loaded plugin power (category:power,tabindex:4)
2025-11-07 15:12:18,305 [INFO] PluginManage:310 - Check plugin projectmanager
2025-11-07 15:12:18,320 [INFO] PluginManage:359 - Loaded plugin projectmanager (category:projectmanager,tabindex:4)
2025-11-07 15:12:18,320 [INFO] PluginManage:310 - Check plugin rif
2025-11-07 15:12:18,331 [INFO] PluginManage:359 - Loaded plugin rif (category:base,tabindex:3)
2025-11-07 15:12:18,331 [INFO] PluginManage:310 - Check plugin thirdparty
2025-11-07 15:12:18,525 [INFO] PluginManage:359 - Loaded plugin thirdparty (category:base,tabindex:-1)
2025-11-07 15:12:18,525 [WARN] IntegrityCheckThread:84 - waiting for thirdparty lock release [integrity check]
2025-11-07 15:12:18,525 [INFO] PluginManage:310 - Check plugin tools
2025-11-07 15:12:18,525 [INFO] IntegrityCheckThread:86 - entering critical section [integrity check]
2025-11-07 15:12:18,526 [INFO] ThirdPartyUpdaterWithRetryManager:70 - Updater plugin not ready yet. [1/15]
2025-11-07 15:12:18,528 [INFO] PluginManage:359 - Loaded plugin tools (category:base,tabindex:7)
2025-11-07 15:12:18,528 [INFO] PluginManage:310 - Check plugin tutovideos
2025-11-07 15:12:18,790 [INFO] PluginManage:359 - Loaded plugin tutovideos (category:base,tabindex:-1)
2025-11-07 15:12:18,790 [INFO] PluginManage:310 - Check plugin updater
2025-11-07 15:12:18,819 [INFO] PluginManage:359 - Loaded plugin updater (category:base,tabindex:12)
2025-11-07 15:12:18,819 [INFO] PluginManage:310 - Check plugin userauth
2025-11-07 15:12:18,826 [INFO] UserAuth:118 - Init User Auth plugin
2025-11-07 15:12:18,827 [INFO] PluginManage:359 - Loaded plugin userauth (category:base,tabindex:14)
2025-11-07 15:12:18,827 [INFO] PluginManage:283 - PluginManage : Loaded plugins [18]
2025-11-07 15:12:19,122 [INFO] PinOutPanel:1589 - setPackage(No Configuration,No Configuration)
2025-11-07 15:12:19,254 [INFO] CADModel:165 - CPN selected for project level
2025-11-07 15:12:19,254 [INFO] CADModel:114 - Register for checkConnection events
2025-11-07 15:12:19,276 [INFO] IPUIPlugin:80 - create IPUIPlugin
2025-11-07 15:12:19,277 [INFO] PluginManager:220 - loadIPPluginJar : add adc
2025-11-07 15:12:19,280 [INFO] IPUIPlugin:80 - create IPUIPlugin
2025-11-07 15:12:19,280 [INFO] PluginManager:220 - loadIPPluginJar : add aes
2025-11-07 15:12:19,282 [INFO] IPUIPlugin:80 - create IPUIPlugin
2025-11-07 15:12:19,283 [INFO] PluginManager:220 - loadIPPluginJar : add can
2025-11-07 15:12:19,285 [INFO] IPUIPlugin:80 - create IPUIPlugin
2025-11-07 15:12:19,285 [INFO] PluginManager:220 - loadIPPluginJar : add comp
2025-11-07 15:12:19,288 [INFO] IPUIPlugin:80 - create IPUIPlugin
2025-11-07 15:12:19,288 [INFO] PluginManager:220 - loadIPPluginJar : add cryp
2025-11-07 15:12:19,292 [INFO] IPUIPlugin:80 - create IPUIPlugin
2025-11-07 15:12:19,292 [INFO] PluginManager:220 - loadIPPluginJar : add ddr_ctrl_phy
2025-11-07 15:12:19,296 [INFO] IPUIPlugin:80 - create IPUIPlugin
2025-11-07 15:12:19,296 [INFO] PluginManager:220 - loadIPPluginJar : add dfsdm
2025-11-07 15:12:19,301 [INFO] IPUIPlugin:80 - create IPUIPlugin
2025-11-07 15:12:19,302 [INFO] PluginManager:220 - loadIPPluginJar : add dma
2025-11-07 15:12:19,305 [INFO] IPUIPlugin:80 - create IPUIPlugin
2025-11-07 15:12:19,305 [INFO] PluginManager:220 - loadIPPluginJar : add dma3
2025-11-07 15:12:19,308 [INFO] IPUIPlugin:80 - create IPUIPlugin
2025-11-07 15:12:19,308 [INFO] PluginManager:220 - loadIPPluginJar : add extmemmanager
2025-11-07 15:12:19,310 [INFO] IPUIPlugin:80 - create IPUIPlugin
2025-11-07 15:12:19,310 [INFO] PluginManager:220 - loadIPPluginJar : add fatfs
2025-11-07 15:12:19,314 [INFO] IPUIPlugin:80 - create IPUIPlugin
2025-11-07 15:12:19,314 [INFO] PluginManager:220 - loadIPPluginJar : add fmc
2025-11-07 15:12:19,321 [INFO] IPUIPlugin:80 - create IPUIPlugin
2025-11-07 15:12:19,322 [INFO] PluginManager:220 - loadIPPluginJar : add freertos
2025-11-07 15:12:19,324 [INFO] IPUIPlugin:80 - create IPUIPlugin
2025-11-07 15:12:19,324 [INFO] PluginManager:220 - loadIPPluginJar : add genericplugin
2025-11-07 15:12:19,327 [INFO] IPUIPlugin:80 - create IPUIPlugin
2025-11-07 15:12:19,327 [INFO] PluginManager:220 - loadIPPluginJar : add gfxmmu
2025-11-07 15:12:19,331 [INFO] IPUIPlugin:80 - create IPUIPlugin
2025-11-07 15:12:19,331 [INFO] PluginManager:220 - loadIPPluginJar : add gic
2025-11-07 15:12:19,336 [INFO] IPUIPlugin:80 - create IPUIPlugin
2025-11-07 15:12:19,336 [INFO] PluginManager:220 - loadIPPluginJar : add gpio
2025-11-07 15:12:19,339 [INFO] IPUIPlugin:80 - create IPUIPlugin
2025-11-07 15:12:19,339 [INFO] PluginManager:220 - loadIPPluginJar : add gtzc
2025-11-07 15:12:19,342 [INFO] IPUIPlugin:80 - create IPUIPlugin
2025-11-07 15:12:19,343 [INFO] PluginManager:220 - loadIPPluginJar : add hash
2025-11-07 15:12:19,346 [INFO] IPUIPlugin:80 - create IPUIPlugin
2025-11-07 15:12:19,346 [INFO] PluginManager:220 - loadIPPluginJar : add i2c
2025-11-07 15:12:19,349 [INFO] IPUIPlugin:80 - create IPUIPlugin
2025-11-07 15:12:19,349 [INFO] PluginManager:220 - loadIPPluginJar : add i2s
2025-11-07 15:12:19,353 [INFO] IPUIPlugin:80 - create IPUIPlugin
2025-11-07 15:12:19,353 [INFO] PluginManager:220 - loadIPPluginJar : add i3c
2025-11-07 15:12:19,360 [INFO] IPUIPlugin:80 - create IPUIPlugin
2025-11-07 15:12:19,360 [INFO] PluginManager:220 - loadIPPluginJar : add ipddr
2025-11-07 15:12:19,367 [INFO] IPUIPlugin:80 - create IPUIPlugin
2025-11-07 15:12:19,367 [INFO] PluginManager:220 - loadIPPluginJar : add linkedlist
2025-11-07 15:12:19,370 [INFO] IPUIPlugin:80 - create IPUIPlugin
2025-11-07 15:12:19,371 [INFO] PluginManager:220 - loadIPPluginJar : add lorawan
2025-11-07 15:12:19,373 [INFO] IPUIPlugin:80 - create IPUIPlugin
2025-11-07 15:12:19,373 [INFO] PluginManager:220 - loadIPPluginJar : add ltdc
2025-11-07 15:12:19,379 [INFO] IPUIPlugin:80 - create IPUIPlugin
2025-11-07 15:12:19,380 [INFO] PluginManager:220 - loadIPPluginJar : add mdma
2025-11-07 15:12:19,385 [INFO] IPUIPlugin:80 - create IPUIPlugin
2025-11-07 15:12:19,386 [INFO] PluginManager:220 - loadIPPluginJar : add nvic
2025-11-07 15:12:19,389 [INFO] IPUIPlugin:80 - create IPUIPlugin
2025-11-07 15:12:19,390 [INFO] PluginManager:220 - loadIPPluginJar : add opamp
2025-11-07 15:12:19,393 [INFO] IPUIPlugin:80 - create IPUIPlugin
2025-11-07 15:12:19,393 [INFO] PluginManager:220 - loadIPPluginJar : add openamp
2025-11-07 15:12:19,398 [INFO] IPUIPlugin:80 - create IPUIPlugin
2025-11-07 15:12:19,398 [INFO] PluginManager:220 - loadIPPluginJar : add pdm2pcm
2025-11-07 15:12:19,407 [INFO] IPUIPlugin:80 - create IPUIPlugin
2025-11-07 15:12:19,409 [INFO] PluginManager:220 - loadIPPluginJar : add plateformsettings
2025-11-07 15:12:19,411 [INFO] IPUIPlugin:80 - create IPUIPlugin
2025-11-07 15:12:19,411 [INFO] PluginManager:220 - loadIPPluginJar : add quadspi
2025-11-07 15:12:19,414 [INFO] IPUIPlugin:80 - create IPUIPlugin
2025-11-07 15:12:19,415 [INFO] PluginManager:220 - loadIPPluginJar : add radio
2025-11-07 15:12:19,421 [INFO] IPUIPlugin:80 - create IPUIPlugin
2025-11-07 15:12:19,421 [INFO] PluginManager:220 - loadIPPluginJar : add resmgrutility
2025-11-07 15:12:19,425 [INFO] IPUIPlugin:80 - create IPUIPlugin
2025-11-07 15:12:19,425 [INFO] PluginManager:220 - loadIPPluginJar : add sai
2025-11-07 15:12:19,428 [INFO] IPUIPlugin:80 - create IPUIPlugin
2025-11-07 15:12:19,428 [INFO] PluginManager:220 - loadIPPluginJar : add spi
2025-11-07 15:12:19,435 [INFO] IPUIPlugin:80 - create IPUIPlugin
2025-11-07 15:12:19,435 [INFO] PluginManager:220 - loadIPPluginJar : add stm32_wpan
2025-11-07 15:12:19,438 [INFO] IPUIPlugin:80 - create IPUIPlugin
2025-11-07 15:12:19,438 [INFO] PluginManager:220 - loadIPPluginJar : add tim
2025-11-07 15:12:19,442 [INFO] IPUIPlugin:80 - create IPUIPlugin
2025-11-07 15:12:19,442 [INFO] PluginManager:220 - loadIPPluginJar : add touchsensing
2025-11-07 15:12:19,444 [INFO] IPUIPlugin:80 - create IPUIPlugin
2025-11-07 15:12:19,444 [INFO] PluginManager:220 - loadIPPluginJar : add tracer_emb
2025-11-07 15:12:19,447 [INFO] IPUIPlugin:80 - create IPUIPlugin
2025-11-07 15:12:19,447 [INFO] PluginManager:220 - loadIPPluginJar : add ts
2025-11-07 15:12:19,448 [INFO] IPUIPlugin:80 - create IPUIPlugin
2025-11-07 15:12:19,448 [INFO] PluginManager:220 - loadIPPluginJar : add tsc
2025-11-07 15:12:19,451 [INFO] IPUIPlugin:80 - create IPUIPlugin
2025-11-07 15:12:19,451 [INFO] PluginManager:220 - loadIPPluginJar : add ucpd
2025-11-07 15:12:19,454 [INFO] IPUIPlugin:80 - create IPUIPlugin
2025-11-07 15:12:19,454 [INFO] PluginManager:220 - loadIPPluginJar : add usart
2025-11-07 15:12:19,458 [INFO] IPUIPlugin:80 - create IPUIPlugin
2025-11-07 15:12:19,458 [INFO] PluginManager:220 - loadIPPluginJar : add usbx
2025-11-07 15:12:19,596 [FATAL] Updater:351 - Updater called before beeing initialized
2025-11-07 15:12:19,634 [INFO] RulesReader:64 - Compatibility file has been processed (302 Rules)
2025-11-07 15:12:19,645 [INFO] RulesReader:64 - Compatibility file has been processed (302 Rules)
2025-11-07 15:12:19,655 [INFO] CADModel:165 - CPN selected for project level
2025-11-07 15:12:19,655 [INFO] CADModel:114 - Register for checkConnection events
2025-11-07 15:12:19,656 [FATAL] Updater:351 - Updater called before beeing initialized
2025-11-07 15:12:19,656 [ERROR] CADModel:125 - Updater not yet initialized, retry later 
2025-11-07 15:12:19,836 [FATAL] Updater:351 - Updater called before beeing initialized
2025-11-07 15:12:19,839 [INFO] CADModel:165 - CPN selected for project level
2025-11-07 15:12:19,839 [INFO] CADModel:114 - Register for checkConnection events
2025-11-07 15:12:19,839 [FATAL] Updater:351 - Updater called before beeing initialized
2025-11-07 15:12:19,839 [ERROR] CADModel:125 - Updater not yet initialized, retry later 
2025-11-07 15:12:19,844 [FATAL] Updater:351 - Updater called before beeing initialized
2025-11-07 15:12:19,968 [FATAL] Updater:351 - Updater called before beeing initialized
2025-11-07 15:12:19,972 [INFO] DbMcusAds:53 - JSON generation date=Thu Oct 02 15:06:05 IST 2025 (1759397765645)
2025-11-07 15:12:19,972 [FATAL] Updater:351 - Updater called before beeing initialized
2025-11-07 15:12:20,015 [WARN] DetailPanel:346 - Failed to get advertising image, set to default
2025-11-07 15:12:20,278 [FATAL] Updater:351 - Updater called before beeing initialized
2025-11-07 15:12:20,282 [FATAL] Updater:351 - Updater called before beeing initialized
2025-11-07 15:12:20,282 [FATAL] Updater:351 - Updater called before beeing initialized
2025-11-07 15:12:20,282 [WARN] DetailPanel:346 - Failed to get advertising image, set to default
2025-11-07 15:12:20,283 [FATAL] Updater:351 - Updater called before beeing initialized
2025-11-07 15:12:20,334 [ERROR] Updater:1198 - MainUpdater not yet initialized. External WinMGr cannot be set.
2025-11-07 15:12:20,336 [INFO] Updater:1134 - Updater Version found : 6.14.1
2025-11-07 15:12:20,361 [INFO] ApplicationProperties:184 - Using Application install path: C:\ST\STM32CubeIDE_1.18.1\STM32CubeIDE\plugins\com.st.stm32cube.common.mx_6.14.1.202504091515
2025-11-07 15:12:20,695 [INFO] MainUpdater:2872 - connection check result : 10
2025-11-07 15:12:20,696 [INFO] MainUpdater:289 - Updater Check For Update Now.
2025-11-07 15:12:20,696 [INFO] MicroXplorer:498 - Change Database Version : DB.6.0.141
2025-11-07 15:12:20,701 [INFO] McuFinderGlobals:63 - Set McuFinder mode to 2 (CubeIDE integrated)
2025-11-07 15:12:20,702 [INFO] UserAuth:484 - Internet connection configuration mode: 1
2025-11-07 15:12:20,746 [INFO] JxBrowserEngine:152 - Initiate JxBrowser Engine with user profile folder
2025-11-07 15:12:20,905 [INFO] CheckServerUpdateThread:120 - End of CheckServer Thread
2025-11-07 15:12:22,027 [WARN] PackLoader:240 - Cannot read IP mode file for STMicroelectronics.FP-SNS-MOTENVWB1.1.4.0
2025-11-07 15:12:22,041 [WARN] PackLoader:240 - Cannot read IP mode file for STMicroelectronics.FP-ATR-ASTRA1.2.0.2
2025-11-07 15:12:22,053 [WARN] PackLoader:240 - Cannot read IP mode file for STMicroelectronics.X-CUBE-SMBUS.2.1.0
2025-11-07 15:12:22,057 [INFO] WebApp:169 - Instantiating new browser for Auth
2025-11-07 15:12:22,111 [WARN] PackLoader:240 - Cannot read IP mode file for STMicroelectronics.X-CUBE-AZRTOS-F7.1.1.0
2025-11-07 15:12:22,129 [WARN] PackLoader:240 - Cannot read IP mode file for Cesanta.I-CUBE-Mongoose.7.19.0
2025-11-07 15:12:22,136 [ERROR] Engine:466 - C:\Users\siree\.stm32cubemx\thirdparties\pdsc\STMicroelectronics.FP-SNS-MOTENV1.5.1.0.pdsc: PDSC version is not supported
2025-11-07 15:12:22,145 [ERROR] Engine:466 - C:\Users\siree\.stm32cubemx\thirdparties\pdsc\WES.I-CUBE-Cesium.1.4.0.pdsc: PDSC version is not supported
2025-11-07 15:12:22,180 [WARN] PackLoader:240 - Cannot read IP mode file for Infineon.AIROC-Wi-Fi-Bluetooth-STM32.1.7.1
2025-11-07 15:12:22,217 [WARN] PackLoader:240 - Cannot read IP mode file for STMicroelectronics.X-CUBE-AZRTOS-H7.3.4.0
2025-11-07 15:12:22,232 [WARN] PackLoader:240 - Cannot read IP mode file for STMicroelectronics.X-CUBE-DISPLAY.3.0.0
2025-11-07 15:12:22,257 [WARN] PackLoader:240 - Cannot read IP mode file for STMicroelectronics.X-CUBE-NFC10.1.0.0
2025-11-07 15:12:22,271 [WARN] PackLoader:240 - Cannot read IP mode file for STMicroelectronics.X-CUBE-ST60.1.1.0
2025-11-07 15:12:22,292 [WARN] PackLoader:240 - Cannot read IP mode file for emotas.I-CUBE-CANOPEN.1.3.0
2025-11-07 15:12:22,303 [WARN] PackLoader:240 - Cannot read IP mode file for STMicroelectronics.X-CUBE-GNSS1.7.1.0
2025-11-07 15:12:22,318 [ERROR] Engine:466 - C:\Users\siree\.stm32cubemx\thirdparties\pdsc\STMicroelectronics.FP-SNS-STBOX1.2.1.0.pdsc: PDSC version is not supported
2025-11-07 15:12:22,329 [WARN] PackLoader:240 - Cannot read IP mode file for STMicroelectronics.FP-SNS-SMARTAG2.1.2.0
2025-11-07 15:12:22,362 [WARN] PackLoader:240 - Cannot read IP mode file for STMicroelectronics.FP-SNS-FLIGHT1.5.1.0
2025-11-07 15:12:22,381 [INFO] LogOutputStream:77 - [STDOUT_REDIRECT] 1 : Invalid condition id : UX_CORESTACK_Condition cause : null
2025-11-07 15:12:22,383 [INFO] LogOutputStream:77 - [STDOUT_REDIRECT] 1 : Invalid condition id : UX_CORESTACK_Condition cause : null
2025-11-07 15:12:22,387 [INFO] LogOutputStream:77 - [STDOUT_REDIRECT] 1 : Invalid condition id : UX_CORESTACK_Condition cause : null
2025-11-07 15:12:22,389 [INFO] LogOutputStream:77 - [STDOUT_REDIRECT] 1 : Invalid condition id : UX_CORESTACK_Condition cause : null
2025-11-07 15:12:22,390 [INFO] LogOutputStream:77 - [STDOUT_REDIRECT] 1 : Invalid condition id : UX_CORESTACK_Condition cause : null
2025-11-07 15:12:22,393 [WARN] PackLoader:240 - Cannot read IP mode file for STMicroelectronics.X-CUBE-AZRTOS-WL.2.0.0
2025-11-07 15:12:22,410 [WARN] PackLoader:240 - Cannot read IP mode file for STMicroelectronics.X-CUBE-BLE2.3.3.0
2025-11-07 15:12:22,421 [WARN] PackLoader:240 - Cannot read IP mode file for STMicroelectronics.X-CUBE-NFC9.1.0.0
2025-11-07 15:12:22,429 [WARN] PackLoader:240 - Cannot read IP mode file for wolfSSL.I-CUBE-wolfSSL.5.8.2
2025-11-07 15:12:22,437 [WARN] PackLoader:240 - Cannot read IP mode file for STMicroelectronics.X-CUBE-BLE1.7.1.0
2025-11-07 15:12:22,443 [WARN] PackLoader:240 - Cannot read IP mode file for wolfSSL.I-CUBE-wolfMQTT.1.19.2
2025-11-07 15:12:22,452 [WARN] PackLoader:240 - Cannot read IP mode file for STMicroelectronics.X-CUBE-EEPRMA1.5.2.0
2025-11-07 15:12:22,460 [ERROR] Engine:466 - C:\Users\siree\.stm32cubemx\thirdparties\pdsc\STMicroelectronics.X-CUBE-ST67W61.1.1.0.pdsc: PDSC version is not supported
2025-11-07 15:12:22,475 [WARN] PackLoader:240 - Cannot read IP mode file for STMicroelectronics.X-CUBE-AZRTOS-G0.1.1.0
2025-11-07 15:12:22,484 [WARN] PackLoader:240 - Cannot read IP mode file for STMicroelectronics.X-CUBE-SAFEA1.1.2.2
2025-11-07 15:12:22,492 [WARN] PackLoader:240 - Cannot read IP mode file for STMicroelectronics.X-CUBE-NFC4.3.0.0
2025-11-07 15:12:22,504 [WARN] PackLoader:240 - Cannot read IP mode file for EmbeddedOffice.I-CUBE-FS-RTOS.1.0.1
2025-11-07 15:12:22,511 [WARN] PackLoader:240 - Cannot read IP mode file for STMicroelectronics.X-CUBE-WB05N.2.0.0
2025-11-07 15:12:22,517 [WARN] PackLoader:240 - Cannot read IP mode file for wolfSSL.I-CUBE-wolfTPM.3.8.0
2025-11-07 15:12:22,523 [WARN] PackLoader:240 - Cannot read IP mode file for STMicroelectronics.X-CUBE-TCPP.4.2.0
2025-11-07 15:12:22,532 [WARN] PackLoader:240 - Cannot read IP mode file for RealThread.X-CUBE-RT-Thread_Nano.4.1.1
2025-11-07 15:12:22,537 [WARN] PackLoader:240 - Cannot read IP mode file for STMicroelectronics.FP-ATR-SIGFOX1.3.2.0
2025-11-07 15:12:22,545 [WARN] PackLoader:240 - Cannot read IP mode file for ITTIA_DB.I-CUBE-ITTIADB.8.9.0
2025-11-07 15:12:22,550 [WARN] PackLoader:240 - Cannot read IP mode file for STMicroelectronics.X-CUBE-AI.10.2.0
2025-11-07 15:12:22,570 [WARN] PackLoader:240 - Cannot read IP mode file for SEGGER.I-CUBE-embOS.1.3.1
2025-11-07 15:12:22,612 [WARN] PackLoader:240 - Cannot read IP mode file for STMicroelectronics.X-CUBE-ALGOBUILD.1.4.0
2025-11-07 15:12:22,649 [WARN] PackLoader:240 - Cannot read IP mode file for STMicroelectronics.X-CUBE-MEMS1.11.3.0
2025-11-07 15:12:22,755 [WARN] PackLoader:240 - Cannot read IP mode file for STMicroelectronics.X-CUBE-PM33A1.1.0.0
2025-11-07 15:12:22,778 [WARN] PackLoader:240 - Cannot read IP mode file for STMicroelectronics.X-CUBE-AZRTOS-F4.1.1.0
2025-11-07 15:12:22,786 [WARN] PackLoader:240 - Cannot read IP mode file for STMicroelectronics.X-CUBE-ISPU.2.1.0
2025-11-07 15:12:22,792 [ERROR] Engine:466 - C:\Users\siree\.stm32cubemx\thirdparties\pdsc\STMicroelectronics.X-CUBE-IPS.3.2.0.pdsc: PDSC version is not supported
2025-11-07 15:12:22,799 [WARN] PackLoader:240 - Cannot read IP mode file for STMicroelectronics.X-CUBE-NFC12.1.0.0
2025-11-07 15:12:22,820 [WARN] PackLoader:240 - Cannot read IP mode file for STMicroelectronics.X-CUBE-AZRTOS-L5.2.0.0
2025-11-07 15:12:22,830 [WARN] PackLoader:240 - Cannot read IP mode file for STMicroelectronics.X-CUBE-NFC6.3.1.0
2025-11-07 15:12:22,841 [WARN] PackLoader:240 - Cannot read IP mode file for STMicroelectronics.X-CUBE-FREERTOS.1.3.1
2025-11-07 15:12:22,848 [WARN] PackLoader:240 - Cannot read IP mode file for STMicroelectronics.X-CUBE-TOUCHGFX.4.26.0
2025-11-07 15:12:22,854 [WARN] PackLoader:240 - Cannot read IP mode file for STMicroelectronics.FP-SNS-STAIOTCFT.1.0.0
2025-11-07 15:12:22,863 [WARN] PackLoader:240 - Cannot read IP mode file for STMicroelectronics.X-CUBE-DPower.1.3.0
2025-11-07 15:12:22,880 [WARN] ConditionMgr:438 - getConditionDescription Invalid condition id : LAN8742 Phy interface Condition cause : null
2025-11-07 15:12:22,881 [WARN] PackLoader:240 - Cannot read IP mode file for STMicroelectronics.X-CUBE-AZRTOS-L4.2.0.0
2025-11-07 15:12:22,882 [WARN] ConditionMgr:1044 - genDependencies : Invalid condition id : LAN8742 Phy interface Condition cause : null
2025-11-07 15:12:22,882 [WARN] ConditionMgr:1044 - genDependencies : Invalid condition id : LAN8742 Phy interface Condition cause : null
2025-11-07 15:12:22,883 [WARN] ConditionMgr:1044 - genDependencies : Invalid condition id : LAN8742 Phy interface Condition cause : null
2025-11-07 15:12:22,890 [WARN] PackLoader:240 - Cannot read IP mode file for STMicroelectronics.X-CUBE-SFXS2LP1.4.0.0
2025-11-07 15:12:22,901 [WARN] PackLoader:240 - Cannot read IP mode file for STMicroelectronics.X-CUBE-BLEMGR.4.1.0
2025-11-07 15:12:22,918 [WARN] ConditionMgr:438 - getConditionDescription Invalid condition id : UX DEVICE CLASS RTOS Condition cause : null
2025-11-07 15:12:22,919 [WARN] ConditionMgr:438 - getConditionDescription Invalid condition id : UX DEVICE CLASS RTOS Condition cause : null
2025-11-07 15:12:22,920 [WARN] PackLoader:240 - Cannot read IP mode file for STMicroelectronics.X-CUBE-AZRTOS-WB.2.0.0
2025-11-07 15:12:22,922 [WARN] ConditionMgr:1044 - genDependencies : Invalid condition id : UX DEVICE CLASS RTOS Condition cause : null
2025-11-07 15:12:22,922 [WARN] ConditionMgr:1044 - genDependencies : Invalid condition id : UX DEVICE CLASS RTOS Condition cause : null
2025-11-07 15:12:22,922 [WARN] ConditionMgr:1044 - genDependencies : Invalid condition id : UX DEVICE CLASS RTOS Condition cause : null
2025-11-07 15:12:22,922 [WARN] ConditionMgr:1044 - genDependencies : Invalid condition id : UX DEVICE CLASS RTOS Condition cause : null
2025-11-07 15:12:22,922 [WARN] ConditionMgr:1044 - genDependencies : Invalid condition id : UX DEVICE CLASS RTOS Condition cause : null
2025-11-07 15:12:22,929 [WARN] PackLoader:240 - Cannot read IP mode file for STMicroelectronics.X-CUBE-GNSS1.7.0.1
2025-11-07 15:12:22,937 [WARN] ConditionMgr:438 - getConditionDescription Invalid condition id : Cortex-A Device cause : null
2025-11-07 15:12:22,951 [WARN] ConditionMgr:1044 - genDependencies : Invalid condition id : Cortex-A Device cause : null
2025-11-07 15:12:22,951 [WARN] ConditionMgr:1044 - genDependencies : Invalid condition id : Cortex-A Device cause : null
2025-11-07 15:12:22,951 [WARN] ConditionMgr:1044 - genDependencies : Invalid condition id : Cortex-A Device cause : null
2025-11-07 15:12:22,960 [WARN] PackLoader:240 - Cannot read IP mode file for STMicroelectronics.X-CUBE-SUBG2.5.0.0
2025-11-07 15:12:22,979 [WARN] PackLoader:240 - Cannot read IP mode file for STMicroelectronics.X-CUBE-AZRTOS-H7RS.1.1.0
2025-11-07 15:12:22,993 [WARN] PackLoader:240 - Cannot read IP mode file for STMicroelectronics.X-CUBE-AZRTOS-G4.2.0.0
2025-11-07 15:12:22,998 [WARN] PackLoader:240 - Cannot read IP mode file for wolfSSL.I-CUBE-wolfSSH.1.4.20
2025-11-07 15:12:23,003 [WARN] PackLoader:240 - Cannot read IP mode file for STMicroelectronics.X-CUBE-NFC7.2.0.0
2025-11-07 15:12:23,009 [WARN] PackLoader:240 - Cannot read IP mode file for STMicroelectronics.X-CUBE-ALS.1.0.2
2025-11-07 15:12:23,016 [WARN] PackLoader:240 - Cannot read IP mode file for STMicroelectronics.X-CUBE-STSE01.1.0.0
2025-11-07 15:12:23,030 [WARN] PackLoader:240 - Cannot read IP mode file for STMicroelectronics.X-CUBE-TOF1.3.4.3
2025-11-07 15:12:23,037 [INFO] ThirdParty:978 - Integrity check success = true
2025-11-07 15:12:23,037 [INFO] IntegrityCheckThread:100 - exiting critical section [integrity check]
2025-11-07 15:12:23,037 [INFO] IntegrityCheckThread:103 - End integrity checks thread
2025-11-07 15:12:23,333 [INFO] WebApp:463 - Apply proxy settings
2025-11-07 15:12:23,335 [INFO] WebApp:548 - Chromium requires no authentication
2025-11-07 15:12:23,344 [INFO] WebApp:491 - Direct internet connection detected
2025-11-07 15:12:23,377 [INFO] WebApp:894 - Register for checkConnection events
2025-11-07 15:12:23,377 [INFO] WebApp:463 - Apply proxy settings
2025-11-07 15:12:23,377 [INFO] WebApp:548 - Chromium requires no authentication
2025-11-07 15:12:23,378 [INFO] WebApp:491 - Direct internet connection detected
2025-11-07 15:12:23,583 [INFO] WebApp:191 - Connection restablished
2025-11-07 15:12:23,644 [INFO] WebApp:225 - Starting web application
2025-11-07 15:12:23,644 [INFO] WebApp:593 - Web application path used C:\ST\STM32CubeIDE_1.18.1\STM32CubeIDE\plugins\com.st.stm32cube.common.mx_6.14.1.202504091515\db\plugins\mcufinder\reactClient1\index.html
2025-11-07 15:12:23,752 [INFO] UserAuth:484 - Internet connection configuration mode: 1
2025-11-07 15:26:26,052 [INFO] McuFinderGlobals:63 - Set McuFinder mode to 2 (CubeIDE integrated)
2025-11-07 15:26:26,128 [INFO] MainUpdater:2872 - connection check result : 10
2025-11-07 15:26:28,074 [INFO] ApiDb:581 - Connected to CubeFinder SQLite database (C:\Users\siree\.stmcufinder\plugins\mcufinder\mcu\cube-finder-db.db)
2025-11-07 15:26:28,191 [INFO] ApiDb:668 - CubeFinder database Data Model version=2.1
2025-11-07 15:26:28,193 [INFO] ApiDb:669 - CubeFinder database Configuration version=3.0.39
2025-11-07 15:26:28,195 [INFO] ApiDb:670 - CubeFinder database generation date=2025-10-27 (1761571959)
2025-11-07 15:26:28,196 [INFO] ApiDb:671 - CubeFinder database FW Pack versions=[FP-ATR-ASTRA1_V2.0.0, FP-SNS-FLIGHT1_V5.1.0, FP-SNS-MOTENV1_V5.0.0, FP-SNS-MOTENVWB1_V1.4.0, FP-SNS-SMARTAG2_V1.2.0, FP-SNS-STBOX1_V2.1.0, STM32Cube_FW_C0_V1.4.0, STM32Cube_FW_F4_V1.28.3, STM32Cube_FW_F7_V1.17.4, STM32Cube_FW_G0_V1.6.2, STM32Cube_FW_G4_V1.6.1, STM32Cube_FW_H5_V1.5.0, STM32Cube_FW_H7RS_V1.2.0, STM32Cube_FW_H7_V1.12.1, STM32Cube_FW_L0_V1.12.2, STM32Cube_FW_L4_V1.18.1, STM32Cube_FW_L5_V1.5.1, STM32Cube_FW_N6_V1.2.0, STM32Cube_FW_U0_V1.3.0, STM32Cube_FW_U3_V1.2.1, STM32Cube_FW_U5_V1.8.0, STM32Cube_FW_WB0_V1.3.0, STM32Cube_FW_WBA_V1.7.0, STM32Cube_FW_WB_V1.23.0, STM32Cube_FW_WL3_V1.2.0, STM32Cube_FW_WL_V1.3.1, X-CUBE-ALGOBUILD_V1.4.0, X-CUBE-ALS_V1.0.2, X-CUBE-AZRTOS-F4_V1.1.0, X-CUBE-AZRTOS-F7_V1.1.0, X-CUBE-AZRTOS-G0_V1.1.0, X-CUBE-AZRTOS-G4_V2.0.0, X-CUBE-AZRTOS-H7RS_V1.1.0, X-CUBE-AZRTOS-H7_V3.4.0, X-CUBE-AZRTOS-L4_V2.0.0, X-CUBE-AZRTOS-L5_V2.0.0, X-CUBE-AZRTOS-WB_V2.0.0, X-CUBE-AZRTOS-WL_V2.0.0, X-CUBE-BLE1_V7.1.0, X-CUBE-BLE2_V3.3.0, X-CUBE-BLEMGR_V4.1.0, X-CUBE-EEPRMA1_V5.2.0, X-CUBE-FREERTOS_V1.3.1, X-CUBE-GNSS1_V6.0.0, X-CUBE-MEMS1_V11.3.0, X-CUBE-NFC4_V3.0.0, X-CUBE-NFC7_V2.0.0, X-CUBE-SFXS2LP1_V4.0.0, X-CUBE-ST67W61_V1.1.0, X-CUBE-SUBG2_V5.0.0, X-CUBE-TOF1_V3.4.3]
2025-11-07 15:26:28,452 [INFO] DbBoardsSqlite:226 - include board P-NUCLEO-WB55-NUCLEO as a kit item of type 'Nucleo-64'
2025-11-07 15:26:28,453 [INFO] DbBoardsSqlite:226 - include board P-NUCLEO-WB55-USBDONGLE as a kit item of type 'Nucleo USB Dongle'
2025-11-07 15:26:28,456 [INFO] DbBoardsSqlite:226 - include board STEVAL-IDP005V1 as a kit item of type 'Evaluation Board'
2025-11-07 15:26:28,456 [INFO] DbBoardsSqlite:226 - include board STEVAL-IDP005V2 as a kit item of type 'Evaluation Board'
2025-11-07 15:26:29,101 [INFO] ApiDb:240 - Found 895 in-development CPN: [B-G473E-ZEST1S, B-WB1M-WPAN1, B-WBA5M-WPAN, B-WL5M-SUBG1, NUCLEO-C031C6, NUCLEO-C051C8, NUCLEO-C071RB, NUCLEO-C092RC, NUCLEO-H503RB, NUCLEO-H533RE, NUCLEO-H563ZI, NUCLEO-H7S3L8, NUCLEO-N657X0-Q, NUCLEO-U031R8, NUCLEO-U083RC, NUCLEO-U385RG-Q, NUCLEO-U545RE-Q, NUCLEO-U5A5ZJ-Q, NUCLEO-WB05KZ, NUCLEO-WB07CC, NUCLEO-WB09KE, NUCLEO-WBA52CG, NUCLEO-WBA55CG, NUCLEO-WBA65RI, NUCLEO-WL33CC1, NUCLEO-WL33CC2, STEVAL-PROTEUS1, STEVAL-SMARTAG2, STEVAL-STWINBX1, STM320518-EVAL, STM32C0116-DK, STM32C011D6Y3TR, STM32C011D6Y6TR, STM32C011F4P3, STM32C011F4P6, STM32C011F4U3, STM32C011F4U6TR, STM32C011F6P3, STM32C011F6P6, STM32C011F6U3, STM32C011F6U6TR, STM32C011J4M3, STM32C011J4M6, STM32C011J6M3, STM32C011J6M6, STM32C0316-DK, STM32C031C4T3, STM32C031C4T6, STM32C031C4U3, STM32C031C4U6, STM32C031C6T3, STM32C031C6T6, STM32C031C6U3, STM32C031C6U6, STM32C031F4P3, STM32C031F4P6, STM32C031F6P3, STM32C031F6P6, STM32C031G4U3, STM32C031G4U6, STM32C031G6U3, STM32C031G6U6, STM32C031K4T3, STM32C031K4T6, STM32C031K4U3, STM32C031K4U6, STM32C031K6T3, STM32C031K6T6, STM32C031K6U3, STM32C031K6U6, STM32C051C6T6, STM32C051C6U6, STM32C051C8T6, STM32C051C8U6, STM32C051D8Y6TR, STM32C051F6P6, STM32C051F8P6, STM32C051G6U6, STM32C051G8U6, STM32C051K6T6, STM32C051K6U6, STM32C051K8T6, STM32C071C8T6, STM32C071C8T6N, STM32C071C8U6, STM32C071C8U6N, STM32C071CBT6, STM32C071CBT6N, STM32C071CBU6, STM32C071CBU6N, STM32C071F8P6, STM32C071F8P6N, STM32C071FBP6, STM32C071FBP6N, STM32C071FBY6TR, STM32C071G8U6, STM32C071G8U6N, STM32C071GBU6, STM32C071GBU6N, STM32C071K8T6, STM32C071K8T6N, STM32C071K8U6, STM32C071K8U6N, STM32C071KBT6, STM32C071KBT6N, STM32C071KBU6, STM32C071KBU6N, STM32C071R8T6, STM32C071R8T6N, STM32C071RBI6N, STM32C071RBT6, STM32C071RBT6N, STM32C091CBT6, STM32C091CBU6, STM32C091CCT6, STM32C091CCU6, STM32C091ECY6TR, STM32C091FBP6, STM32C091FCP6, STM32C091GBU6, STM32C091GCU6, STM32C091KBT6, STM32C091KBU6, STM32C091KCT6, STM32C091KCU6, STM32C091RBT6, STM32C091RCI6, STM32C091RCT6, STM32C092CBT6, STM32C092CBU6, STM32C092CCT6, STM32C092CCU6, STM32C092ECY6TR, STM32C092FBP6, STM32C092FCP6, STM32C092GBU6, STM32C092GCU6, STM32C092KBT6, STM32C092KBU6, STM32C092KCT6, STM32C092KCU6, STM32C092RBT6, STM32C092RCI6, STM32C092RCT6, STM32G071K8TXN, STM32G071K8UXN, STM32G081GBU6N, STM32G081KBT6N, STM32G081KBUXN, STM32G0B1CCT6N, STM32G0B1KCT6, STM32G0B1NEY6TR, STM32G0B1RCT6N, STM32G0C1CCT6, STM32G0C1CCT6N, STM32G0C1CCU6N, STM32G0C1CET6N, STM32G0C1CEU6N, STM32G0C1KCT6, STM32G0C1NEY6TR, STM32G0C1RCI6N, STM32G0C1RCT6N, STM32G0C1REI6N, STM32G0C1RET6N, STM32G0C1VCI6, STM32G0C1VEI6, STM32G411C6T3, STM32G411C6T6, STM32G411C6U3, STM32G411C6U6, STM32G411C8T3, STM32G411C8T6, STM32G411C8U3, STM32G411C8U6, STM32G411CBT3, STM32G411CBT6, STM32G411CBU3, STM32G411CBU6, STM32G411CCT3, STM32G411CCT6, STM32G411CCU3, STM32G411CCU6, STM32G411K6T3, STM32G411K6T6, STM32G411K6U3, STM32G411K6U6, STM32G411K8T3, STM32G411K8T6, STM32G411K8U3, STM32G411K8U6, STM32G411KBT3, STM32G411KBT6, STM32G411KBU3, STM32G411KBU6, STM32G411M6T3, STM32G411M6T6, STM32G411M8T3, STM32G411M8T6, STM32G411MBT3, STM32G411MBT6, STM32G411MCT3, STM32G411MCT6, STM32G411R6T3, STM32G411R6T6, STM32G411R8T3, STM32G411R8T6, STM32G411RBT3, STM32G411RBT6, STM32G411RCT3, STM32G411RCT6, STM32G414CBT3, STM32G414CBT6, STM32G414CBU3, STM32G414CBU6, STM32G414CCT3, STM32G414CCT6, STM32G414CCU3, STM32G414CCU6, STM32G414MBT3, STM32G414MBT6, STM32G414MCT3, STM32G414MCT6, STM32G414RBT3, STM32G414RBT6, STM32G414RCT3, STM32G414RCT6, STM32G414VBT3, STM32G414VBT6, STM32G414VCT3, STM32G414VCT6, STM32G431CBT3Z, STM32G431RBT3Z, STM32G471CCT6, STM32G471CCU6, STM32G471CET3, STM32G471CET6, STM32G471CEU3, STM32G471CEU6, STM32G471MCT6, STM32G471MET3, STM32G471MET6, STM32G471MEY6TR, STM32G471QCT6, STM32G471QET3, STM32G471RCT6, STM32G471RET3, STM32G471RET6, STM32G471VCH6, STM32G471VCI6, STM32G471VCT6, STM32G471VEH3, STM32G471VEH6, STM32G471VEI3, STM32G471VEI6, STM32G471VET3, STM32G471VET6, STM32G473QET3Z, STM32G473RET3Z, STM32G474CCT6, STM32G491RET3Z, STM32H503CBT6, STM32H503CBU6, STM32H503EBY6TR, STM32H503KBU6, STM32H503RBT6, STM32H523CCT6, STM32H523CCU6, STM32H523CET6, STM32H523CEU6, STM32H523HEY6TR, STM32H523RCT6, STM32H523RET6, STM32H523VCI6, STM32H523VCT6, STM32H523VEI6, STM32H523VET6, STM32H523ZCJ6, STM32H523ZCT6, STM32H523ZEJ6, STM32H523ZET6, STM32H533CET6, STM32H533CEU6, STM32H533HEY6TR, STM32H533RET6, STM32H533VEI6, STM32H533VET6, STM32H533ZEJ6, STM32H533ZET6, STM32H562AGI6, STM32H562AII6, STM32H562IGK6, STM32H562IGT6, STM32H562IIK6, STM32H562IIT6, STM32H562RGT6, STM32H562RGV6, STM32H562RIT6, STM32H562RIV6, STM32H562VGT6, STM32H562VIT6, STM32H562ZGT6, STM32H562ZIT6, STM32H563AGI6, STM32H563AII3Q, STM32H563AII6, STM32H563IGK6, STM32H563IGT6, STM32H563IIK3Q, STM32H563IIK6, STM32H563IIT3Q, STM32H563IIT6, STM32H563MIY3QTR, STM32H563RGT6, STM32H563RGV6, STM32H563RIT6, STM32H563RIV6, STM32H563VGT6, STM32H563VIT3Q, STM32H563VIT6, STM32H563ZGT6, STM32H563ZIT3Q, STM32H563ZIT6, STM32H573AII3Q, STM32H573AII6, STM32H573I-DK, STM32H573IIK3Q, STM32H573IIK6, STM32H573IIT3Q, STM32H573IIT6, STM32H573MIY3QTR, STM32H573RIT6, STM32H573RIV6, STM32H573VIT3Q, STM32H573VIT6, STM32H573ZIT3Q, STM32H573ZIT6, STM32H7R3A8I6, STM32H7R3I8K6, STM32H7R3I8T6, STM32H7R3L8H6, STM32H7R3L8H6H, STM32H7R3R8V6, STM32H7R3V8H6, STM32H7R3V8T6, STM32H7R3V8Y6TR, STM32H7R3Z8J6, STM32H7R3Z8T6, STM32H7R7A8I6, STM32H7R7I8K6, STM32H7R7I8T6, STM32H7R7L8H6, STM32H7R7L8H6H, STM32H7R7Z8J6, STM32H7S3A8I6, STM32H7S3I8K6, STM32H7S3I8T6, STM32H7S3L8H6, STM32H7S3L8H6H, STM32H7S3R8V6, STM32H7S3V8H6, STM32H7S3V8T6, STM32H7S3V8Y6TR, STM32H7S3Z8J6, STM32H7S3Z8T6, STM32H7S78-DK, STM32H7S7A8I6, STM32H7S7I8K6, STM32H7S7I8T6, STM32H7S7L8H6, STM32H7S7L8H6H, STM32H7S7Z8J6, STM32L4R5QGI6STR, STM32MP131AAE3, STM32MP131AAF3, STM32MP131AAG3, STM32MP131CAE3, STM32MP131CAF3, STM32MP131CAG3, STM32MP131DAE7, STM32MP131DAF7, STM32MP131DAG7, STM32MP131FAE7, STM32MP131FAF7, STM32MP131FAG7, STM32MP133AAE3, STM32MP133AAF3, STM32MP133AAG3, STM32MP133CAE3, STM32MP133CAF3, STM32MP133CAG3, STM32MP133DAE7, STM32MP133DAF7, STM32MP133DAG7, STM32MP133FAE7, STM32MP133FAF7, STM32MP133FAG7, STM32MP135AAE3, STM32MP135AAF3, STM32MP135AAG3, STM32MP135CAE3, STM32MP135CAF3, STM32MP135CAG3, STM32MP135DAE7, STM32MP135DAF7, STM32MP135DAG7, STM32MP135F-DK, STM32MP135FAE7, STM32MP135FAF7, STM32MP135FAF7T, STM32MP135FAF7U, STM32MP135FAG7, STM32MP231AAJ3, STM32MP231AAK3, STM32MP231AAL3, STM32MP231CAJ3, STM32MP231CAK3, STM32MP231CAL3, STM32MP231DAJ3, STM32MP231DAK3, STM32MP231DAL3, STM32MP231FAJ3, STM32MP231FAK3, STM32MP231FAL3, STM32MP233AAJ3, STM32MP233AAK3, STM32MP233AAL3, STM32MP233CAJ3, STM32MP233CAK3, STM32MP233CAL3, STM32MP233DAJ3, STM32MP233DAK3, STM32MP233DAL3, STM32MP233FAJ3, STM32MP233FAK3, STM32MP233FAL3, STM32MP235AAJ3, STM32MP235AAK3, STM32MP235AAL3, STM32MP235CAJ3, STM32MP235CAK3, STM32MP235CAL3, STM32MP235DAJ3, STM32MP235DAK3, STM32MP235DAL3, STM32MP235FAJ3, STM32MP235FAK3, STM32MP235FAL3, STM32MP251AAI3, STM32MP251AAJ3, STM32MP251AAK3, STM32MP251AAL3, STM32MP251CAI3, STM32MP251CAJ3, STM32MP251CAK3, STM32MP251CAL3, STM32MP251DAI3, STM32MP251DAJ3, STM32MP251DAK3, STM32MP251DAL3, STM32MP251FAI3, STM32MP251FAJ3, STM32MP251FAK3, STM32MP251FAL3, STM32MP253AAI3, STM32MP253AAJ3, STM32MP253AAK3, STM32MP253AAL3, STM32MP253CAI3, STM32MP253CAJ3, STM32MP253CAK3, STM32MP253CAL3, STM32MP253DAI3, STM32MP253DAJ3, STM32MP253DAK3, STM32MP253DAL3, STM32MP253FAI3, STM32MP253FAJ3, STM32MP253FAK3, STM32MP253FAL3, STM32MP255AAI3, STM32MP255AAJ3, STM32MP255AAK3, STM32MP255AAL3, STM32MP255CAI3, STM32MP255CAJ3, STM32MP255CAK3, STM32MP255CAL3, STM32MP255DAI3, STM32MP255DAJ3, STM32MP255DAK3, STM32MP255DAL3, STM32MP255FAI3, STM32MP255FAJ3, STM32MP255FAK3, STM32MP255FAL3, STM32MP257AAI3, STM32MP257AAJ3, STM32MP257AAK3, STM32MP257AAL3, STM32MP257CAI3, STM32MP257CAJ3, STM32MP257CAK3, STM32MP257CAL3, STM32MP257DAI3, STM32MP257DAJ3, STM32MP257DAK3, STM32MP257DAL3, STM32MP257F-DK, STM32MP257F-EV1, STM32MP257FAI3, STM32MP257FAJ3, STM32MP257FAK3, STM32MP257FAL3, STM32N645A0H3Q, STM32N645B0H3Q, STM32N645I0H3Q, STM32N645L0H3Q, STM32N645X0H3Q, STM32N645Z0H3Q, STM32N647A0H3Q, STM32N647B0H3Q, STM32N647I0H3Q, STM32N647L0H3Q, STM32N647X0H3Q, STM32N647Z0H3Q, STM32N655A0H3Q, STM32N655B0H3Q, STM32N655I0H3Q, STM32N655L0H3Q, STM32N655X0H3Q, STM32N655Z0H3Q, STM32N6570-DK, STM32N657A0H3Q, STM32N657B0H3Q, STM32N657I0H3Q, STM32N657L0H3Q, STM32N657X0H3Q, STM32N657Z0H3Q, STM32U031C6T6, STM32U031C6U6, STM32U031C8T6, STM32U031C8U6, STM32U031F4P6, STM32U031F6P6, STM32U031F8P6, STM32U031G6Y6TR, STM32U031G8Y6TR, STM32U031K4U6, STM32U031K6U6, STM32U031K8U6, STM32U031R6I6, STM32U031R6T6, STM32U031R8I6, STM32U031R8T6, STM32U073C8T6, STM32U073C8U6, STM32U073CBT6, STM32U073CBU6, STM32U073CCT6, STM32U073CCU6, STM32U073H8Y6TR, STM32U073HBY6TR, STM32U073HCY6TR, STM32U073K8U6, STM32U073KBU6, STM32U073KCU6, STM32U073M8I6, STM32U073M8T6, STM32U073MBI6, STM32U073MBT6, STM32U073MCI6, STM32U073MCT6, STM32U073R8I6, STM32U073R8T6, STM32U073RBI6, STM32U073RBT6, STM32U073RCI6, STM32U073RCT6, STM32U083C-DK, STM32U083CCT6, STM32U083CCU6, STM32U083HCY6TR, STM32U083KCU6, STM32U083MCI6, STM32U083MCT6, STM32U083RCI6, STM32U083RCT6, STM32U375CET6, STM32U375CET6Q, STM32U375CEU6, STM32U375CEU6Q, STM32U375CEY6QTR, STM32U375CGT6, STM32U375CGT6Q, STM32U375CGU6, STM32U375CGU6Q, STM32U375CGY6QTR, STM32U375KEU6, STM32U375KGU6, STM32U375REI6, STM32U375REI6Q, STM32U375RET6, STM32U375RET6Q, STM32U375REY6GTR, STM32U375REY6QTR, STM32U375RGI6, STM32U375RGI6Q, STM32U375RGT6, STM32U375RGT6Q, STM32U375RGY6GTR, STM32U375RGY6QTR, STM32U375VEI6, STM32U375VEI6Q, STM32U375VET6, STM32U375VET6Q, STM32U375VGI6, STM32U375VGI6Q, STM32U375VGT6, STM32U375VGT6Q, STM32U385CGT6, STM32U385CGT6Q, STM32U385CGU6, STM32U385CGU6Q, STM32U385CGY6QTR, STM32U385KGU6, STM32U385RGI6, STM32U385RGI6Q, STM32U385RGT6, STM32U385RGT6Q, STM32U385RGY6GTR, STM32U385RGY6QTR, STM32U385VGI6, STM32U385VGI6Q, STM32U385VGT6, STM32U385VGT6Q, STM32U535CBT6, STM32U535CBT6Q, STM32U535CBU6, STM32U535CBU6Q, STM32U535CCT6, STM32U535CCT6Q, STM32U535CCU6, STM32U535CCU6Q, STM32U535CET6, STM32U535CET6Q, STM32U535CEU6, STM32U535CEU6Q, STM32U535JEY6QTR, STM32U535NCY6QTR, STM32U535NEY6QTR, STM32U535RBI6, STM32U535RBI6Q, STM32U535RBT6, STM32U535RBT6Q, STM32U535RCI6, STM32U535RCI6Q, STM32U535RCT6, STM32U535RCT6Q, STM32U535REI6, STM32U535REI6Q, STM32U535RET6, STM32U535RET6Q, STM32U535VCI6, STM32U535VCI6Q, STM32U535VCT6, STM32U535VCT6Q, STM32U535VEI6, STM32U535VEI6Q, STM32U535VET6, STM32U535VET6Q, STM32U545CET6, STM32U545CET6Q, STM32U545CEU6, STM32U545CEU6Q, STM32U545JEY6QTR, STM32U545NEY6QTR, STM32U545REI6, STM32U545REI6Q, STM32U545RET6, STM32U545RET6Q, STM32U545VEI6, STM32U545VEI6Q, STM32U545VET6, STM32U545VET6Q, STM32U595AIH6, STM32U595AIH6Q, STM32U595AJH6, STM32U595AJH6Q, STM32U595QII6, STM32U595QII6Q, STM32U595QJI6, STM32U595QJI6Q, STM32U595RIT6, STM32U595RIT6Q, STM32U595RJT6, STM32U595RJT6Q, STM32U595VIT6, STM32U595VIT6Q, STM32U595VJT6, STM32U595VJT6Q, STM32U595ZIT6, STM32U595ZIT6Q, STM32U595ZIY6QTR, STM32U595ZJT6, STM32U595ZJT6Q, STM32U595ZJY6QTR, STM32U599BJY6QTR, STM32U599NIH6Q, STM32U599NJH6Q, STM32U599VIT6Q, STM32U599VJT6, STM32U599VJT6Q, STM32U599ZIT6Q, STM32U599ZIY6QTR, STM32U599ZJT6Q, STM32U599ZJY6QTR, STM32U5A5AJH6, STM32U5A5AJH6Q, STM32U5A5QII3Q , STM32U5A5QJI6, STM32U5A5QJI6Q, STM32U5A5RJT6, STM32U5A5RJT6Q, STM32U5A5VJT6, STM32U5A5VJT6Q, STM32U5A5ZJT6, STM32U5A5ZJT6Q, STM32U5A5ZJY6QTR, STM32U5A9BJY6QTR, STM32U5A9J-DK, STM32U5A9NJH6Q, STM32U5A9VJT6Q, STM32U5A9ZJT6Q, STM32U5A9ZJY6QTR, STM32U5F7VIT6, STM32U5F7VIT6Q, STM32U5F7VJT6, STM32U5F7VJT6Q, STM32U5F9BJY6QTR, STM32U5F9NJH6Q, STM32U5F9VIT6Q, STM32U5F9VJT6Q, STM32U5F9ZIJ6QTR, STM32U5F9ZIT6Q, STM32U5F9ZJJ6QTR, STM32U5F9ZJT6Q, STM32U5G7VJT6, STM32U5G7VJT6Q, STM32U5G9BJY6QTR, STM32U5G9J-DK1, STM32U5G9J-DK2, STM32U5G9NJH6Q, STM32U5G9VJT6Q, STM32U5G9ZJJ6QTR, STM32U5G9ZJT6Q, STM32WB05KZV6TR, STM32WB05KZV7TR, STM32WB05TZF6TR, STM32WB05TZF7TR, STM32WB06CCF6TR, STM32WB06CCF7TR, STM32WB06CCV6TR, STM32WB06CCV7TR, STM32WB06KCV6TR, STM32WB06KCV7TR, STM32WB07CCF6TR, STM32WB07CCF7TR, STM32WB07CCV6TR, STM32WB07CCV7TR, STM32WB07KCV6TR, STM32WB07KCV7TR, STM32WB09KEV6TR, STM32WB09KEV7TR, STM32WB09TEF6TR, STM32WB09TEF7TR, STM32WB1MMCH6, STM32WBA50KGU6, STM32WBA50KGU6TR, STM32WBA52CEU6, STM32WBA52CEU6TR, STM32WBA52CEU7, STM32WBA52CEU7TR, STM32WBA52CGU6, STM32WBA52CGU6TR, STM32WBA52CGU6U, STM32WBA52CGU7, STM32WBA52CGU7TR, STM32WBA52KEU6, STM32WBA52KEU6TR, STM32WBA52KGU6, STM32WBA52KGU6TR, STM32WBA54CEU6, STM32WBA54CEU6TR, STM32WBA54CEU7, STM32WBA54CEU7TR, STM32WBA54CGU6, STM32WBA54CGU6TR, STM32WBA54CGU7, STM32WBA54CGU7TR, STM32WBA54KEU6, STM32WBA54KEU6TR, STM32WBA54KEU7, STM32WBA54KEU7TR, STM32WBA54KGU6, STM32WBA54KGU6TR, STM32WBA54KGU7, STM32WBA54KGU7TR, STM32WBA55CEU6, STM32WBA55CEU6TR, STM32WBA55CEU7, STM32WBA55CEU7TR, STM32WBA55CGU6, STM32WBA55CGU6TR, STM32WBA55CGU6U, STM32WBA55CGU7, STM32WBA55CGU7TR, STM32WBA55G-DK1, STM32WBA55HEF6, STM32WBA55HEF7, STM32WBA55HGF6, STM32WBA55HGF7, STM32WBA55UEI6, STM32WBA55UEI6TR, STM32WBA55UEI7, STM32WBA55UEI7TR, STM32WBA55UGI6, STM32WBA55UGI6TR, STM32WBA55UGI7, STM32WBA55UGI7TR, STM32WBA5MJGH6TR, STM32WBA62CGU6, STM32WBA62CIU6, STM32WBA62MGF6, STM32WBA62MIF6, STM32WBA62PGI6, STM32WBA62PII6, STM32WBA63CGU6, STM32WBA63CGU7, STM32WBA63CIU6, STM32WBA63CIU7, STM32WBA64CGU6, STM32WBA64CGU7, STM32WBA64CIU6, STM32WBA64CIU7, STM32WBA65CGU6, STM32WBA65CGU7, STM32WBA65CIU6, STM32WBA65CIU7, STM32WBA65I-DK1, STM32WBA65MGF6, STM32WBA65MGF7, STM32WBA65MIF6, STM32WBA65MIF7, STM32WBA65PGI6, STM32WBA65PGI7, STM32WBA65PII6, STM32WBA65PII7, STM32WBA65RGV6, STM32WBA65RGV7, STM32WBA65RIV6, STM32WBA65RIV7, STM32WL30K8V6, STM32WL30KBV6, STM32WL31C8V6, STM32WL31CBV6, STM32WL31K8V6, STM32WL31KBV6, STM32WL33C8V6, STM32WL33C8V6TR, STM32WL33C8V7, STM32WL33C8V7TR, STM32WL33CBV6, STM32WL33CBV6TR, STM32WL33CBV7, STM32WL33CBV7TR, STM32WL33CCV6, STM32WL33CCV6TR, STM32WL33CCV7, STM32WL33CCV7A, STM32WL33CCV7ATR, STM32WL33CCV7TR, STM32WL33K8V6, STM32WL33K8V6TR, STM32WL33K8V7, STM32WL33K8V7TR, STM32WL33KBV6, STM32WL33KBV6TR, STM32WL33KBV7, STM32WL33KBV7TR, STM32WL33KCV6, STM32WL33KCV6TR, STM32WL33KCV7, STM32WL33KCV7TR, STM32WL5MOCH6, STM32WL5MOCH6TR]
2025-11-07 15:26:29,127 [INFO] ApiDb:668 - CubeFinder database Data Model version=2.1
2025-11-07 15:26:29,127 [INFO] ApiDb:669 - CubeFinder database Configuration version=3.0.39
2025-11-07 15:26:29,128 [INFO] ApiDb:670 - CubeFinder database generation date=2025-10-27 (1761571959)
2025-11-07 15:26:29,128 [INFO] ApiDb:671 - CubeFinder database FW Pack versions=[FP-ATR-ASTRA1_V2.0.0, FP-SNS-FLIGHT1_V5.1.0, FP-SNS-MOTENV1_V5.0.0, FP-SNS-MOTENVWB1_V1.4.0, FP-SNS-SMARTAG2_V1.2.0, FP-SNS-STBOX1_V2.1.0, STM32Cube_FW_C0_V1.4.0, STM32Cube_FW_F4_V1.28.3, STM32Cube_FW_F7_V1.17.4, STM32Cube_FW_G0_V1.6.2, STM32Cube_FW_G4_V1.6.1, STM32Cube_FW_H5_V1.5.0, STM32Cube_FW_H7RS_V1.2.0, STM32Cube_FW_H7_V1.12.1, STM32Cube_FW_L0_V1.12.2, STM32Cube_FW_L4_V1.18.1, STM32Cube_FW_L5_V1.5.1, STM32Cube_FW_N6_V1.2.0, STM32Cube_FW_U0_V1.3.0, STM32Cube_FW_U3_V1.2.1, STM32Cube_FW_U5_V1.8.0, STM32Cube_FW_WB0_V1.3.0, STM32Cube_FW_WBA_V1.7.0, STM32Cube_FW_WB_V1.23.0, STM32Cube_FW_WL3_V1.2.0, STM32Cube_FW_WL_V1.3.1, X-CUBE-ALGOBUILD_V1.4.0, X-CUBE-ALS_V1.0.2, X-CUBE-AZRTOS-F4_V1.1.0, X-CUBE-AZRTOS-F7_V1.1.0, X-CUBE-AZRTOS-G0_V1.1.0, X-CUBE-AZRTOS-G4_V2.0.0, X-CUBE-AZRTOS-H7RS_V1.1.0, X-CUBE-AZRTOS-H7_V3.4.0, X-CUBE-AZRTOS-L4_V2.0.0, X-CUBE-AZRTOS-L5_V2.0.0, X-CUBE-AZRTOS-WB_V2.0.0, X-CUBE-AZRTOS-WL_V2.0.0, X-CUBE-BLE1_V7.1.0, X-CUBE-BLE2_V3.3.0, X-CUBE-BLEMGR_V4.1.0, X-CUBE-EEPRMA1_V5.2.0, X-CUBE-FREERTOS_V1.3.1, X-CUBE-GNSS1_V6.0.0, X-CUBE-MEMS1_V11.3.0, X-CUBE-NFC4_V3.0.0, X-CUBE-NFC7_V2.0.0, X-CUBE-SFXS2LP1_V4.0.0, X-CUBE-ST67W61_V1.1.0, X-CUBE-SUBG2_V5.0.0, X-CUBE-TOF1_V3.4.3]
2025-11-07 15:26:31,494 [INFO] ApiDb:240 - Found 895 in-development CPN: [B-G473E-ZEST1S, B-WB1M-WPAN1, B-WBA5M-WPAN, B-WL5M-SUBG1, NUCLEO-C031C6, NUCLEO-C051C8, NUCLEO-C071RB, NUCLEO-C092RC, NUCLEO-H503RB, NUCLEO-H533RE, NUCLEO-H563ZI, NUCLEO-H7S3L8, NUCLEO-N657X0-Q, NUCLEO-U031R8, NUCLEO-U083RC, NUCLEO-U385RG-Q, NUCLEO-U545RE-Q, NUCLEO-U5A5ZJ-Q, NUCLEO-WB05KZ, NUCLEO-WB07CC, NUCLEO-WB09KE, NUCLEO-WBA52CG, NUCLEO-WBA55CG, NUCLEO-WBA65RI, NUCLEO-WL33CC1, NUCLEO-WL33CC2, STEVAL-PROTEUS1, STEVAL-SMARTAG2, STEVAL-STWINBX1, STM320518-EVAL, STM32C0116-DK, STM32C011D6Y3TR, STM32C011D6Y6TR, STM32C011F4P3, STM32C011F4P6, STM32C011F4U3, STM32C011F4U6TR, STM32C011F6P3, STM32C011F6P6, STM32C011F6U3, STM32C011F6U6TR, STM32C011J4M3, STM32C011J4M6, STM32C011J6M3, STM32C011J6M6, STM32C0316-DK, STM32C031C4T3, STM32C031C4T6, STM32C031C4U3, STM32C031C4U6, STM32C031C6T3, STM32C031C6T6, STM32C031C6U3, STM32C031C6U6, STM32C031F4P3, STM32C031F4P6, STM32C031F6P3, STM32C031F6P6, STM32C031G4U3, STM32C031G4U6, STM32C031G6U3, STM32C031G6U6, STM32C031K4T3, STM32C031K4T6, STM32C031K4U3, STM32C031K4U6, STM32C031K6T3, STM32C031K6T6, STM32C031K6U3, STM32C031K6U6, STM32C051C6T6, STM32C051C6U6, STM32C051C8T6, STM32C051C8U6, STM32C051D8Y6TR, STM32C051F6P6, STM32C051F8P6, STM32C051G6U6, STM32C051G8U6, STM32C051K6T6, STM32C051K6U6, STM32C051K8T6, STM32C071C8T6, STM32C071C8T6N, STM32C071C8U6, STM32C071C8U6N, STM32C071CBT6, STM32C071CBT6N, STM32C071CBU6, STM32C071CBU6N, STM32C071F8P6, STM32C071F8P6N, STM32C071FBP6, STM32C071FBP6N, STM32C071FBY6TR, STM32C071G8U6, STM32C071G8U6N, STM32C071GBU6, STM32C071GBU6N, STM32C071K8T6, STM32C071K8T6N, STM32C071K8U6, STM32C071K8U6N, STM32C071KBT6, STM32C071KBT6N, STM32C071KBU6, STM32C071KBU6N, STM32C071R8T6, STM32C071R8T6N, STM32C071RBI6N, STM32C071RBT6, STM32C071RBT6N, STM32C091CBT6, STM32C091CBU6, STM32C091CCT6, STM32C091CCU6, STM32C091ECY6TR, STM32C091FBP6, STM32C091FCP6, STM32C091GBU6, STM32C091GCU6, STM32C091KBT6, STM32C091KBU6, STM32C091KCT6, STM32C091KCU6, STM32C091RBT6, STM32C091RCI6, STM32C091RCT6, STM32C092CBT6, STM32C092CBU6, STM32C092CCT6, STM32C092CCU6, STM32C092ECY6TR, STM32C092FBP6, STM32C092FCP6, STM32C092GBU6, STM32C092GCU6, STM32C092KBT6, STM32C092KBU6, STM32C092KCT6, STM32C092KCU6, STM32C092RBT6, STM32C092RCI6, STM32C092RCT6, STM32G071K8TXN, STM32G071K8UXN, STM32G081GBU6N, STM32G081KBT6N, STM32G081KBUXN, STM32G0B1CCT6N, STM32G0B1KCT6, STM32G0B1NEY6TR, STM32G0B1RCT6N, STM32G0C1CCT6, STM32G0C1CCT6N, STM32G0C1CCU6N, STM32G0C1CET6N, STM32G0C1CEU6N, STM32G0C1KCT6, STM32G0C1NEY6TR, STM32G0C1RCI6N, STM32G0C1RCT6N, STM32G0C1REI6N, STM32G0C1RET6N, STM32G0C1VCI6, STM32G0C1VEI6, STM32G411C6T3, STM32G411C6T6, STM32G411C6U3, STM32G411C6U6, STM32G411C8T3, STM32G411C8T6, STM32G411C8U3, STM32G411C8U6, STM32G411CBT3, STM32G411CBT6, STM32G411CBU3, STM32G411CBU6, STM32G411CCT3, STM32G411CCT6, STM32G411CCU3, STM32G411CCU6, STM32G411K6T3, STM32G411K6T6, STM32G411K6U3, STM32G411K6U6, STM32G411K8T3, STM32G411K8T6, STM32G411K8U3, STM32G411K8U6, STM32G411KBT3, STM32G411KBT6, STM32G411KBU3, STM32G411KBU6, STM32G411M6T3, STM32G411M6T6, STM32G411M8T3, STM32G411M8T6, STM32G411MBT3, STM32G411MBT6, STM32G411MCT3, STM32G411MCT6, STM32G411R6T3, STM32G411R6T6, STM32G411R8T3, STM32G411R8T6, STM32G411RBT3, STM32G411RBT6, STM32G411RCT3, STM32G411RCT6, STM32G414CBT3, STM32G414CBT6, STM32G414CBU3, STM32G414CBU6, STM32G414CCT3, STM32G414CCT6, STM32G414CCU3, STM32G414CCU6, STM32G414MBT3, STM32G414MBT6, STM32G414MCT3, STM32G414MCT6, STM32G414RBT3, STM32G414RBT6, STM32G414RCT3, STM32G414RCT6, STM32G414VBT3, STM32G414VBT6, STM32G414VCT3, STM32G414VCT6, STM32G431CBT3Z, STM32G431RBT3Z, STM32G471CCT6, STM32G471CCU6, STM32G471CET3, STM32G471CET6, STM32G471CEU3, STM32G471CEU6, STM32G471MCT6, STM32G471MET3, STM32G471MET6, STM32G471MEY6TR, STM32G471QCT6, STM32G471QET3, STM32G471RCT6, STM32G471RET3, STM32G471RET6, STM32G471VCH6, STM32G471VCI6, STM32G471VCT6, STM32G471VEH3, STM32G471VEH6, STM32G471VEI3, STM32G471VEI6, STM32G471VET3, STM32G471VET6, STM32G473QET3Z, STM32G473RET3Z, STM32G474CCT6, STM32G491RET3Z, STM32H503CBT6, STM32H503CBU6, STM32H503EBY6TR, STM32H503KBU6, STM32H503RBT6, STM32H523CCT6, STM32H523CCU6, STM32H523CET6, STM32H523CEU6, STM32H523HEY6TR, STM32H523RCT6, STM32H523RET6, STM32H523VCI6, STM32H523VCT6, STM32H523VEI6, STM32H523VET6, STM32H523ZCJ6, STM32H523ZCT6, STM32H523ZEJ6, STM32H523ZET6, STM32H533CET6, STM32H533CEU6, STM32H533HEY6TR, STM32H533RET6, STM32H533VEI6, STM32H533VET6, STM32H533ZEJ6, STM32H533ZET6, STM32H562AGI6, STM32H562AII6, STM32H562IGK6, STM32H562IGT6, STM32H562IIK6, STM32H562IIT6, STM32H562RGT6, STM32H562RGV6, STM32H562RIT6, STM32H562RIV6, STM32H562VGT6, STM32H562VIT6, STM32H562ZGT6, STM32H562ZIT6, STM32H563AGI6, STM32H563AII3Q, STM32H563AII6, STM32H563IGK6, STM32H563IGT6, STM32H563IIK3Q, STM32H563IIK6, STM32H563IIT3Q, STM32H563IIT6, STM32H563MIY3QTR, STM32H563RGT6, STM32H563RGV6, STM32H563RIT6, STM32H563RIV6, STM32H563VGT6, STM32H563VIT3Q, STM32H563VIT6, STM32H563ZGT6, STM32H563ZIT3Q, STM32H563ZIT6, STM32H573AII3Q, STM32H573AII6, STM32H573I-DK, STM32H573IIK3Q, STM32H573IIK6, STM32H573IIT3Q, STM32H573IIT6, STM32H573MIY3QTR, STM32H573RIT6, STM32H573RIV6, STM32H573VIT3Q, STM32H573VIT6, STM32H573ZIT3Q, STM32H573ZIT6, STM32H7R3A8I6, STM32H7R3I8K6, STM32H7R3I8T6, STM32H7R3L8H6, STM32H7R3L8H6H, STM32H7R3R8V6, STM32H7R3V8H6, STM32H7R3V8T6, STM32H7R3V8Y6TR, STM32H7R3Z8J6, STM32H7R3Z8T6, STM32H7R7A8I6, STM32H7R7I8K6, STM32H7R7I8T6, STM32H7R7L8H6, STM32H7R7L8H6H, STM32H7R7Z8J6, STM32H7S3A8I6, STM32H7S3I8K6, STM32H7S3I8T6, STM32H7S3L8H6, STM32H7S3L8H6H, STM32H7S3R8V6, STM32H7S3V8H6, STM32H7S3V8T6, STM32H7S3V8Y6TR, STM32H7S3Z8J6, STM32H7S3Z8T6, STM32H7S78-DK, STM32H7S7A8I6, STM32H7S7I8K6, STM32H7S7I8T6, STM32H7S7L8H6, STM32H7S7L8H6H, STM32H7S7Z8J6, STM32L4R5QGI6STR, STM32MP131AAE3, STM32MP131AAF3, STM32MP131AAG3, STM32MP131CAE3, STM32MP131CAF3, STM32MP131CAG3, STM32MP131DAE7, STM32MP131DAF7, STM32MP131DAG7, STM32MP131FAE7, STM32MP131FAF7, STM32MP131FAG7, STM32MP133AAE3, STM32MP133AAF3, STM32MP133AAG3, STM32MP133CAE3, STM32MP133CAF3, STM32MP133CAG3, STM32MP133DAE7, STM32MP133DAF7, STM32MP133DAG7, STM32MP133FAE7, STM32MP133FAF7, STM32MP133FAG7, STM32MP135AAE3, STM32MP135AAF3, STM32MP135AAG3, STM32MP135CAE3, STM32MP135CAF3, STM32MP135CAG3, STM32MP135DAE7, STM32MP135DAF7, STM32MP135DAG7, STM32MP135F-DK, STM32MP135FAE7, STM32MP135FAF7, STM32MP135FAF7T, STM32MP135FAF7U, STM32MP135FAG7, STM32MP231AAJ3, STM32MP231AAK3, STM32MP231AAL3, STM32MP231CAJ3, STM32MP231CAK3, STM32MP231CAL3, STM32MP231DAJ3, STM32MP231DAK3, STM32MP231DAL3, STM32MP231FAJ3, STM32MP231FAK3, STM32MP231FAL3, STM32MP233AAJ3, STM32MP233AAK3, STM32MP233AAL3, STM32MP233CAJ3, STM32MP233CAK3, STM32MP233CAL3, STM32MP233DAJ3, STM32MP233DAK3, STM32MP233DAL3, STM32MP233FAJ3, STM32MP233FAK3, STM32MP233FAL3, STM32MP235AAJ3, STM32MP235AAK3, STM32MP235AAL3, STM32MP235CAJ3, STM32MP235CAK3, STM32MP235CAL3, STM32MP235DAJ3, STM32MP235DAK3, STM32MP235DAL3, STM32MP235FAJ3, STM32MP235FAK3, STM32MP235FAL3, STM32MP251AAI3, STM32MP251AAJ3, STM32MP251AAK3, STM32MP251AAL3, STM32MP251CAI3, STM32MP251CAJ3, STM32MP251CAK3, STM32MP251CAL3, STM32MP251DAI3, STM32MP251DAJ3, STM32MP251DAK3, STM32MP251DAL3, STM32MP251FAI3, STM32MP251FAJ3, STM32MP251FAK3, STM32MP251FAL3, STM32MP253AAI3, STM32MP253AAJ3, STM32MP253AAK3, STM32MP253AAL3, STM32MP253CAI3, STM32MP253CAJ3, STM32MP253CAK3, STM32MP253CAL3, STM32MP253DAI3, STM32MP253DAJ3, STM32MP253DAK3, STM32MP253DAL3, STM32MP253FAI3, STM32MP253FAJ3, STM32MP253FAK3, STM32MP253FAL3, STM32MP255AAI3, STM32MP255AAJ3, STM32MP255AAK3, STM32MP255AAL3, STM32MP255CAI3, STM32MP255CAJ3, STM32MP255CAK3, STM32MP255CAL3, STM32MP255DAI3, STM32MP255DAJ3, STM32MP255DAK3, STM32MP255DAL3, STM32MP255FAI3, STM32MP255FAJ3, STM32MP255FAK3, STM32MP255FAL3, STM32MP257AAI3, STM32MP257AAJ3, STM32MP257AAK3, STM32MP257AAL3, STM32MP257CAI3, STM32MP257CAJ3, STM32MP257CAK3, STM32MP257CAL3, STM32MP257DAI3, STM32MP257DAJ3, STM32MP257DAK3, STM32MP257DAL3, STM32MP257F-DK, STM32MP257F-EV1, STM32MP257FAI3, STM32MP257FAJ3, STM32MP257FAK3, STM32MP257FAL3, STM32N645A0H3Q, STM32N645B0H3Q, STM32N645I0H3Q, STM32N645L0H3Q, STM32N645X0H3Q, STM32N645Z0H3Q, STM32N647A0H3Q, STM32N647B0H3Q, STM32N647I0H3Q, STM32N647L0H3Q, STM32N647X0H3Q, STM32N647Z0H3Q, STM32N655A0H3Q, STM32N655B0H3Q, STM32N655I0H3Q, STM32N655L0H3Q, STM32N655X0H3Q, STM32N655Z0H3Q, STM32N6570-DK, STM32N657A0H3Q, STM32N657B0H3Q, STM32N657I0H3Q, STM32N657L0H3Q, STM32N657X0H3Q, STM32N657Z0H3Q, STM32U031C6T6, STM32U031C6U6, STM32U031C8T6, STM32U031C8U6, STM32U031F4P6, STM32U031F6P6, STM32U031F8P6, STM32U031G6Y6TR, STM32U031G8Y6TR, STM32U031K4U6, STM32U031K6U6, STM32U031K8U6, STM32U031R6I6, STM32U031R6T6, STM32U031R8I6, STM32U031R8T6, STM32U073C8T6, STM32U073C8U6, STM32U073CBT6, STM32U073CBU6, STM32U073CCT6, STM32U073CCU6, STM32U073H8Y6TR, STM32U073HBY6TR, STM32U073HCY6TR, STM32U073K8U6, STM32U073KBU6, STM32U073KCU6, STM32U073M8I6, STM32U073M8T6, STM32U073MBI6, STM32U073MBT6, STM32U073MCI6, STM32U073MCT6, STM32U073R8I6, STM32U073R8T6, STM32U073RBI6, STM32U073RBT6, STM32U073RCI6, STM32U073RCT6, STM32U083C-DK, STM32U083CCT6, STM32U083CCU6, STM32U083HCY6TR, STM32U083KCU6, STM32U083MCI6, STM32U083MCT6, STM32U083RCI6, STM32U083RCT6, STM32U375CET6, STM32U375CET6Q, STM32U375CEU6, STM32U375CEU6Q, STM32U375CEY6QTR, STM32U375CGT6, STM32U375CGT6Q, STM32U375CGU6, STM32U375CGU6Q, STM32U375CGY6QTR, STM32U375KEU6, STM32U375KGU6, STM32U375REI6, STM32U375REI6Q, STM32U375RET6, STM32U375RET6Q, STM32U375REY6GTR, STM32U375REY6QTR, STM32U375RGI6, STM32U375RGI6Q, STM32U375RGT6, STM32U375RGT6Q, STM32U375RGY6GTR, STM32U375RGY6QTR, STM32U375VEI6, STM32U375VEI6Q, STM32U375VET6, STM32U375VET6Q, STM32U375VGI6, STM32U375VGI6Q, STM32U375VGT6, STM32U375VGT6Q, STM32U385CGT6, STM32U385CGT6Q, STM32U385CGU6, STM32U385CGU6Q, STM32U385CGY6QTR, STM32U385KGU6, STM32U385RGI6, STM32U385RGI6Q, STM32U385RGT6, STM32U385RGT6Q, STM32U385RGY6GTR, STM32U385RGY6QTR, STM32U385VGI6, STM32U385VGI6Q, STM32U385VGT6, STM32U385VGT6Q, STM32U535CBT6, STM32U535CBT6Q, STM32U535CBU6, STM32U535CBU6Q, STM32U535CCT6, STM32U535CCT6Q, STM32U535CCU6, STM32U535CCU6Q, STM32U535CET6, STM32U535CET6Q, STM32U535CEU6, STM32U535CEU6Q, STM32U535JEY6QTR, STM32U535NCY6QTR, STM32U535NEY6QTR, STM32U535RBI6, STM32U535RBI6Q, STM32U535RBT6, STM32U535RBT6Q, STM32U535RCI6, STM32U535RCI6Q, STM32U535RCT6, STM32U535RCT6Q, STM32U535REI6, STM32U535REI6Q, STM32U535RET6, STM32U535RET6Q, STM32U535VCI6, STM32U535VCI6Q, STM32U535VCT6, STM32U535VCT6Q, STM32U535VEI6, STM32U535VEI6Q, STM32U535VET6, STM32U535VET6Q, STM32U545CET6, STM32U545CET6Q, STM32U545CEU6, STM32U545CEU6Q, STM32U545JEY6QTR, STM32U545NEY6QTR, STM32U545REI6, STM32U545REI6Q, STM32U545RET6, STM32U545RET6Q, STM32U545VEI6, STM32U545VEI6Q, STM32U545VET6, STM32U545VET6Q, STM32U595AIH6, STM32U595AIH6Q, STM32U595AJH6, STM32U595AJH6Q, STM32U595QII6, STM32U595QII6Q, STM32U595QJI6, STM32U595QJI6Q, STM32U595RIT6, STM32U595RIT6Q, STM32U595RJT6, STM32U595RJT6Q, STM32U595VIT6, STM32U595VIT6Q, STM32U595VJT6, STM32U595VJT6Q, STM32U595ZIT6, STM32U595ZIT6Q, STM32U595ZIY6QTR, STM32U595ZJT6, STM32U595ZJT6Q, STM32U595ZJY6QTR, STM32U599BJY6QTR, STM32U599NIH6Q, STM32U599NJH6Q, STM32U599VIT6Q, STM32U599VJT6, STM32U599VJT6Q, STM32U599ZIT6Q, STM32U599ZIY6QTR, STM32U599ZJT6Q, STM32U599ZJY6QTR, STM32U5A5AJH6, STM32U5A5AJH6Q, STM32U5A5QII3Q , STM32U5A5QJI6, STM32U5A5QJI6Q, STM32U5A5RJT6, STM32U5A5RJT6Q, STM32U5A5VJT6, STM32U5A5VJT6Q, STM32U5A5ZJT6, STM32U5A5ZJT6Q, STM32U5A5ZJY6QTR, STM32U5A9BJY6QTR, STM32U5A9J-DK, STM32U5A9NJH6Q, STM32U5A9VJT6Q, STM32U5A9ZJT6Q, STM32U5A9ZJY6QTR, STM32U5F7VIT6, STM32U5F7VIT6Q, STM32U5F7VJT6, STM32U5F7VJT6Q, STM32U5F9BJY6QTR, STM32U5F9NJH6Q, STM32U5F9VIT6Q, STM32U5F9VJT6Q, STM32U5F9ZIJ6QTR, STM32U5F9ZIT6Q, STM32U5F9ZJJ6QTR, STM32U5F9ZJT6Q, STM32U5G7VJT6, STM32U5G7VJT6Q, STM32U5G9BJY6QTR, STM32U5G9J-DK1, STM32U5G9J-DK2, STM32U5G9NJH6Q, STM32U5G9VJT6Q, STM32U5G9ZJJ6QTR, STM32U5G9ZJT6Q, STM32WB05KZV6TR, STM32WB05KZV7TR, STM32WB05TZF6TR, STM32WB05TZF7TR, STM32WB06CCF6TR, STM32WB06CCF7TR, STM32WB06CCV6TR, STM32WB06CCV7TR, STM32WB06KCV6TR, STM32WB06KCV7TR, STM32WB07CCF6TR, STM32WB07CCF7TR, STM32WB07CCV6TR, STM32WB07CCV7TR, STM32WB07KCV6TR, STM32WB07KCV7TR, STM32WB09KEV6TR, STM32WB09KEV7TR, STM32WB09TEF6TR, STM32WB09TEF7TR, STM32WB1MMCH6, STM32WBA50KGU6, STM32WBA50KGU6TR, STM32WBA52CEU6, STM32WBA52CEU6TR, STM32WBA52CEU7, STM32WBA52CEU7TR, STM32WBA52CGU6, STM32WBA52CGU6TR, STM32WBA52CGU6U, STM32WBA52CGU7, STM32WBA52CGU7TR, STM32WBA52KEU6, STM32WBA52KEU6TR, STM32WBA52KGU6, STM32WBA52KGU6TR, STM32WBA54CEU6, STM32WBA54CEU6TR, STM32WBA54CEU7, STM32WBA54CEU7TR, STM32WBA54CGU6, STM32WBA54CGU6TR, STM32WBA54CGU7, STM32WBA54CGU7TR, STM32WBA54KEU6, STM32WBA54KEU6TR, STM32WBA54KEU7, STM32WBA54KEU7TR, STM32WBA54KGU6, STM32WBA54KGU6TR, STM32WBA54KGU7, STM32WBA54KGU7TR, STM32WBA55CEU6, STM32WBA55CEU6TR, STM32WBA55CEU7, STM32WBA55CEU7TR, STM32WBA55CGU6, STM32WBA55CGU6TR, STM32WBA55CGU6U, STM32WBA55CGU7, STM32WBA55CGU7TR, STM32WBA55G-DK1, STM32WBA55HEF6, STM32WBA55HEF7, STM32WBA55HGF6, STM32WBA55HGF7, STM32WBA55UEI6, STM32WBA55UEI6TR, STM32WBA55UEI7, STM32WBA55UEI7TR, STM32WBA55UGI6, STM32WBA55UGI6TR, STM32WBA55UGI7, STM32WBA55UGI7TR, STM32WBA5MJGH6TR, STM32WBA62CGU6, STM32WBA62CIU6, STM32WBA62MGF6, STM32WBA62MIF6, STM32WBA62PGI6, STM32WBA62PII6, STM32WBA63CGU6, STM32WBA63CGU7, STM32WBA63CIU6, STM32WBA63CIU7, STM32WBA64CGU6, STM32WBA64CGU7, STM32WBA64CIU6, STM32WBA64CIU7, STM32WBA65CGU6, STM32WBA65CGU7, STM32WBA65CIU6, STM32WBA65CIU7, STM32WBA65I-DK1, STM32WBA65MGF6, STM32WBA65MGF7, STM32WBA65MIF6, STM32WBA65MIF7, STM32WBA65PGI6, STM32WBA65PGI7, STM32WBA65PII6, STM32WBA65PII7, STM32WBA65RGV6, STM32WBA65RGV7, STM32WBA65RIV6, STM32WBA65RIV7, STM32WL30K8V6, STM32WL30KBV6, STM32WL31C8V6, STM32WL31CBV6, STM32WL31K8V6, STM32WL31KBV6, STM32WL33C8V6, STM32WL33C8V6TR, STM32WL33C8V7, STM32WL33C8V7TR, STM32WL33CBV6, STM32WL33CBV6TR, STM32WL33CBV7, STM32WL33CBV7TR, STM32WL33CCV6, STM32WL33CCV6TR, STM32WL33CCV7, STM32WL33CCV7A, STM32WL33CCV7ATR, STM32WL33CCV7TR, STM32WL33K8V6, STM32WL33K8V6TR, STM32WL33K8V7, STM32WL33K8V7TR, STM32WL33KBV6, STM32WL33KBV6TR, STM32WL33KBV7, STM32WL33KBV7TR, STM32WL33KCV6, STM32WL33KCV6TR, STM32WL33KCV7, STM32WL33KCV7TR, STM32WL5MOCH6, STM32WL5MOCH6TR]
2025-11-07 15:26:31,503 [INFO] DbMcus:218 - Found 4747 MCUs, 4747 are supported
2025-11-07 15:26:31,508 [INFO] ApiDb:423 - Load user favorites file C:\Users\siree/.stm32cubeide/favorites.mcus.txt: 0 item(s)
2025-11-07 15:26:31,508 [INFO] ApiDb:427 - User favorites MCUs=[]
2025-11-07 15:26:31,513 [INFO] DbMcus:224 - Set 0 / 0 favorites MCUs
2025-11-07 15:26:33,154 [INFO] BoardInfo:889 - No configuration file found for board P-NUCLEO-WB55
2025-11-07 15:26:33,158 [INFO] DbBoards:161 - Kit is not supported: P-NUCLEO-WB55
2025-11-07 15:26:33,186 [INFO] BoardInfo:889 - No configuration file found for board STEVAL-BFA001V1B
2025-11-07 15:26:33,189 [INFO] DbBoards:161 - Kit is not supported: STEVAL-BFA001V1B
2025-11-07 15:26:33,194 [INFO] BoardInfo:889 - No configuration file found for board STEVAL-BFA001V2B
2025-11-07 15:26:33,196 [INFO] DbBoards:161 - Kit is not supported: STEVAL-BFA001V2B
2025-11-07 15:26:33,993 [INFO] DbBoards:168 - Found 211 boards, 208 are supported
2025-11-07 15:26:33,993 [INFO] DbBoards:169 - Found 211 boards, 43 of them is supported for  Bsp
2025-11-07 15:26:33,996 [INFO] ApiDb:423 - Load user favorites file C:\Users\siree/.stm32cubeide/favorites.boards.txt: 0 item(s)
2025-11-07 15:26:33,996 [INFO] ApiDb:427 - User favorites Boards=[]
2025-11-07 15:26:33,996 [INFO] DbBoards:198 - Set 0 / 0 favorites Boards
2025-11-07 15:26:33,998 [INFO] McuFinderGlobals:76 - Set McuFinderConnectedMode to true
2025-11-07 15:26:34,043 [INFO] MultiScanPanel:200 - Auto-refresh data requested => check proxy status ongoing
2025-11-07 15:26:34,061 [INFO] FinderPluginLoader:95 - Searching for filters in installed packs
2025-11-07 15:26:36,248 [INFO] LoadUrlFilesThread:185 - End of LoadServerUrlFiles without Thread
2025-11-07 15:26:36,331 [INFO] DetailPanel:341 - Set advertising image to C:/Users/siree/STM32Cube/Repository/\en.mcu-finder-stm32n6dk.jpg
2025-11-07 15:26:41,292 [INFO] MultiScanPanel:200 - Auto-refresh data requested => check proxy status ongoing
2025-11-07 15:26:41,450 [INFO] LoadUrlFilesThread:185 - End of LoadServerUrlFiles without Thread
2025-11-07 15:26:41,450 [INFO] DetailPanel:341 - Set advertising image to C:/Users/siree/STM32Cube/Repository/\en.mcu-finder-stm32n6dk.jpg
2025-11-07 15:26:41,465 [INFO] DbBoards:642 - Loading board mini-images...
2025-11-07 15:26:44,070 [INFO] DbBoards:665 - Loaded 211 board mini-images
2025-11-07 15:27:23,748 [INFO] McuFinderGlobals:76 - Set McuFinderConnectedMode to true
2025-11-07 15:27:23,752 [INFO] ApiDb:448 - Save user favorites file C:\Users\siree/.stm32cubeide/favorites.mcus.txt: 0 item(s)
2025-11-07 15:27:23,753 [INFO] ApiDb:452 - User favorites MCUs=[]
2025-11-07 15:27:23,756 [INFO] ApiDb:448 - Save user favorites file C:\Users\siree/.stm32cubeide/favorites.boards.txt: 0 item(s)
2025-11-07 15:27:23,756 [INFO] ApiDb:452 - User favorites Boards=[]
2025-11-07 15:28:01,628 [INFO] MainUpdater:2872 - connection check result : 10
2025-11-07 15:28:01,761 [INFO] McuFinderGlobals:76 - Set McuFinderConnectedMode to true
2025-11-07 15:28:01,762 [INFO] MultiScanPanel:200 - Auto-refresh data requested => check proxy status ongoing
2025-11-07 15:28:01,763 [INFO] FinderPluginLoader:95 - Searching for filters in installed packs
2025-11-07 15:28:02,778 [INFO] LoadUrlFilesThread:185 - End of LoadServerUrlFiles without Thread
2025-11-07 15:28:02,778 [INFO] DetailPanel:341 - Set advertising image to C:/Users/siree/STM32Cube/Repository/\en.mcu-finder-stm32n6dk.jpg
2025-11-07 15:28:08,470 [INFO] MultiScanPanel:200 - Auto-refresh data requested => check proxy status ongoing
2025-11-07 15:28:08,549 [INFO] LoadUrlFilesThread:185 - End of LoadServerUrlFiles without Thread
2025-11-07 15:28:08,549 [INFO] DetailPanel:341 - Set advertising image to C:/Users/siree/STM32Cube/Repository/\en.mcu-finder-stm32n6dk.jpg
2025-11-07 15:28:44,768 [INFO] MainUpdater:2872 - connection check result : 10
2025-11-07 15:28:44,768 [INFO] MainUpdater:2872 - connection check result : 10
2025-11-07 15:28:44,802 [INFO] MicroXplorer:468 - Change Database Path : 
2025-11-07 15:28:44,802 [INFO] MicroXplorer:498 - Change Database Version : DB.6.0.141
2025-11-07 15:28:44,811 [WARN] ThirdParty:871 - waiting for thirdparty lock release [close project]
2025-11-07 15:28:44,812 [INFO] ThirdParty:873 - entering critical section [close project]
2025-11-07 15:28:44,814 [INFO] ThirdParty:883 - exiting critical section [close project]
2025-11-07 15:28:44,818 [INFO] PinOutPanel:1589 - setPackage(No Configuration,No Configuration)
2025-11-07 15:28:44,824 [INFO] UtilMem:75 - Begin LoadConfig() Used Memory: 888923432 Bytes (1073741824)
2025-11-07 15:28:44,831 [INFO] OpenFileManager:354 - Change cursor
2025-11-07 15:28:44,898 [INFO] ProjectFactory:442 - No CPN specified for board NUCLEO-L476RG => set CPN to STM32L476RGT3
2025-11-07 15:28:44,898 [INFO] Mcu:2011 - Initializing MCU STM32L476R(C-E-G)Tx STM32L476RGTx STM32L476RGT3
2025-11-07 15:28:46,921 [INFO] Context:756 - Trying to add GPIOservice into a context  which must be forbidden
2025-11-07 15:28:47,416 [INFO] Rule:225 - rule 117617 - U5Cobra4M][GTZC] default value MPCBB3 and MPCBB5 - Not Secured memory - MPCBB1 is applicable
2025-11-07 15:28:47,416 [INFO] Rule:225 - rule 117617 - U5Cobra4M][GTZC] default value MPCBB3 and MPCBB5 - Not Secured memory - MPCBB1 is applicable
2025-11-07 15:28:47,416 [INFO] Rule:225 - rule 117617 - U5Cobra4M][GTZC] default value MPCBB3 and MPCBB5 - Not Secured memory - MPCBB2 is applicable
2025-11-07 15:28:47,416 [INFO] Rule:225 - rule 117617 - U5Cobra4M][GTZC] default value MPCBB3 and MPCBB5 - Not Secured memory - MPCBB2 is applicable
2025-11-07 15:28:47,417 [INFO] Rule:225 - rule 117617 - U5Cobra4M][GTZC] default value MPCBB3 and MPCBB5 - Not Secured memory - MPCBB3 is applicable
2025-11-07 15:28:47,417 [INFO] Rule:225 - rule 117617 - U5Cobra4M][GTZC] default value MPCBB3 and MPCBB5 - Not Secured memory - MPCBB3 is applicable
2025-11-07 15:28:47,417 [INFO] Rule:225 - rule 117617 - U5Cobra4M][GTZC] default value MPCBB3 and MPCBB5 - Not Secured memory - MPCBB4 is applicable
2025-11-07 15:28:47,417 [INFO] Rule:225 - rule 117617 - U5Cobra4M][GTZC] default value MPCBB3 and MPCBB5 - Not Secured memory - MPCBB4 is applicable
2025-11-07 15:28:47,417 [INFO] Rule:225 - rule 117617 - U5Cobra4M][GTZC] default value MPCBB3 and MPCBB5 - Secured memory - MPCBB1 is applicable
2025-11-07 15:28:47,418 [INFO] Rule:225 - rule 117617 - U5Cobra4M][GTZC] default value MPCBB3 and MPCBB5 - Secured memory - MPCBB2 is applicable
2025-11-07 15:28:47,418 [INFO] Rule:225 - rule 117617 - U5Cobra4M][GTZC] default value MPCBB3 and MPCBB5 - Secured memory - MPCBB3 is applicable
2025-11-07 15:28:47,418 [INFO] Rule:225 - rule 117617 - U5Cobra4M][GTZC] default value MPCBB3 and MPCBB5 - Secured memory - MPCBB4 is applicable
2025-11-07 15:28:47,418 [INFO] Rule:225 - rule 117617 - U5Cobra4M][GTZC] default value MPCBB3 and MPCBB5 - Privileged memory - MPCBB1 is applicable
2025-11-07 15:28:47,418 [INFO] Rule:225 - rule 117617 - U5Cobra4M][GTZC] default value MPCBB3 and MPCBB5 - Privileged memory - MPCBB2 is applicable
2025-11-07 15:28:47,418 [INFO] Rule:225 - rule 117617 - U5Cobra4M][GTZC] default value MPCBB3 and MPCBB5 - Privileged memory - MPCBB3 is applicable
2025-11-07 15:28:47,418 [INFO] Rule:225 - rule 117617 - U5Cobra4M][GTZC] default value MPCBB3 and MPCBB5 - Privileged memory - MPCBB4 is applicable
2025-11-07 15:28:47,418 [INFO] Rule:225 - rule 117617 - U5Cobra4M][GTZC] default value MPCBB3 and MPCBB5 - Not Privileged memory - MPCBB1 is applicable
2025-11-07 15:28:47,418 [INFO] Rule:225 - rule 117617 - U5Cobra4M][GTZC] default value MPCBB3 and MPCBB5 - Not Privileged memory - MPCBB2 is applicable
2025-11-07 15:28:47,418 [INFO] Rule:225 - rule 117617 - U5Cobra4M][GTZC] default value MPCBB3 and MPCBB5 - Not Privileged memory - MPCBB3 is applicable
2025-11-07 15:28:47,418 [INFO] Rule:225 - rule 117617 - U5Cobra4M][GTZC] default value MPCBB3 and MPCBB5 - Not Privileged memory - MPCBB4 is applicable
2025-11-07 15:28:47,418 [INFO] Rule:225 - rule 117617 - U5Cobra4M][GTZC] default value MPCBB3 and MPCBB5 - Privileged memory - MPCBB1 is applicable
2025-11-07 15:28:47,419 [INFO] Rule:225 - rule 117617 - U5Cobra4M][GTZC] default value MPCBB3 and MPCBB5 - Privileged memory - MPCBB2 is applicable
2025-11-07 15:28:47,419 [INFO] Rule:225 - rule 117617 - U5Cobra4M][GTZC] default value MPCBB3 and MPCBB5 - Privileged memory - MPCBB3 is applicable
2025-11-07 15:28:47,419 [INFO] Rule:225 - rule 117617 - U5Cobra4M][GTZC] default value MPCBB3 and MPCBB5 - Privileged memory - MPCBB4 is applicable
2025-11-07 15:28:47,419 [INFO] Rule:225 - rule 117617 - U5Cobra4M][GTZC] default value MPCBB3 and MPCBB5 - Privileged memory - MPCBB1 is applicable
2025-11-07 15:28:47,419 [INFO] Rule:225 - rule 117617 - U5Cobra4M][GTZC] default value MPCBB3 and MPCBB5 - Privileged memory - MPCBB2 is applicable
2025-11-07 15:28:47,419 [INFO] Rule:225 - rule 117617 - U5Cobra4M][GTZC] default value MPCBB3 and MPCBB5 - Privileged memory - MPCBB3 is applicable
2025-11-07 15:28:47,419 [INFO] Rule:225 - rule 117617 - U5Cobra4M][GTZC] default value MPCBB3 and MPCBB5 - Privileged memory - MPCBB4 is applicable
2025-11-07 15:28:47,419 [INFO] Rule:225 - rule 117617 - U5Cobra4M][GTZC] default value MPCBB3 and MPCBB5 - Not Privileged memory - MPCBB1 is applicable
2025-11-07 15:28:47,419 [INFO] Rule:225 - rule 117617 - U5Cobra4M][GTZC] default value MPCBB3 and MPCBB5 - Not Privileged memory - MPCBB2 is applicable
2025-11-07 15:28:47,419 [INFO] Rule:225 - rule 117617 - U5Cobra4M][GTZC] default value MPCBB3 and MPCBB5 - Not Privileged memory - MPCBB3 is applicable
2025-11-07 15:28:47,419 [INFO] Rule:225 - rule 117617 - U5Cobra4M][GTZC] default value MPCBB3 and MPCBB5 - Not Privileged memory - MPCBB4 is applicable
2025-11-07 15:28:47,419 [INFO] Rule:225 - rule 117617 - U5Cobra4M][GTZC] default value MPCBB3 and MPCBB5 - Privileged memory - MPCBB1 is applicable
2025-11-07 15:28:47,419 [INFO] Rule:225 - rule 117617 - U5Cobra4M][GTZC] default value MPCBB3 and MPCBB5 - Privileged memory - MPCBB2 is applicable
2025-11-07 15:28:47,419 [INFO] Rule:225 - rule 117617 - U5Cobra4M][GTZC] default value MPCBB3 and MPCBB5 - Privileged memory - MPCBB3 is applicable
2025-11-07 15:28:47,420 [INFO] Rule:225 - rule 117617 - U5Cobra4M][GTZC] default value MPCBB3 and MPCBB5 - Privileged memory - MPCBB4 is applicable
2025-11-07 15:28:47,420 [INFO] Rule:225 - rule Rename SubGHz_Phy SUBGHZ_APPLICATION SUBGHZ_PINGPONG to SUBGHZ_ADV_APPLICATION is applicable
2025-11-07 15:28:47,420 [INFO] Rule:225 - rule Rename Enabled to IBEACON is applicable
2025-11-07 15:28:47,420 [INFO] Rule:225 - rule GTZC_S instance for project manager is applicable
2025-11-07 15:28:47,420 [INFO] Rule:225 - rule GTZC_S instance for context M33S is applicable
2025-11-07 15:28:47,420 [INFO] Rule:225 - rule GTZC_S instance value for IP GTZC is applicable
2025-11-07 15:28:47,420 [INFO] Rule:225 - rule GTZC_S instance for mcu.IP is applicable
2025-11-07 15:28:47,420 [INFO] Rule:225 - rule GTZC_S instance for VP is applicable
2025-11-07 15:28:47,420 [INFO] Rule:225 - rule GTZC_S instance for signal is applicable
2025-11-07 15:28:47,420 [INFO] Rule:225 - rule GTZC_S instance for mcu.Pin is applicable
2025-11-07 15:28:47,420 [INFO] Rule:225 - rule GTZC_S instance for VP is applicable
2025-11-07 15:28:47,420 [INFO] Rule:225 - rule GTZC_S instance for signal is applicable
2025-11-07 15:28:47,420 [INFO] Rule:225 - rule GTZC_S instance for mcu is applicable
2025-11-07 15:28:47,420 [INFO] Rule:225 - rule GTZC_S instance for mcu.Pin is applicable
2025-11-07 15:28:47,420 [INFO] Rule:225 - rule GTZC_S instance value for IP GTZC is applicable
2025-11-07 15:28:47,420 [INFO] Rule:225 - rule GTZC_S instance for project manager is applicable
2025-11-07 15:28:47,421 [INFO] Rule:225 - rule GTZC_S instance for context M33S is applicable
2025-11-07 15:28:47,421 [INFO] Rule:225 - rule GTZC_S instance for VP is applicable
2025-11-07 15:28:47,421 [INFO] Rule:225 - rule GTZC_S instance for signal is applicable
2025-11-07 15:28:47,421 [INFO] Rule:225 - rule SPDIFRX instance for mcu is applicable
2025-11-07 15:28:47,421 [INFO] Rule:225 - rule Rename Tracer Mode is applicable
2025-11-07 15:28:47,421 [INFO] Rule:225 - rule SPDIFRX instance value for IP SPDIFRX is applicable
2025-11-07 15:28:47,421 [INFO] Rule:225 - rule SPDIFRX instance for signal is applicable
2025-11-07 15:28:47,421 [INFO] Rule:225 - rule SPDIFRX instance for project manager is applicable
2025-11-07 15:28:47,421 [INFO] Rule:225 - rule SPDIFRX instance for project manager is applicable
2025-11-07 15:28:47,421 [INFO] Rule:225 - rule ADC Scan  fix with FW F7 is applicable
2025-11-07 15:28:47,421 [INFO] Rule:225 - rule ADC Scan  fix with FW F7 is applicable
2025-11-07 15:28:47,421 [INFO] Rule:225 - rule WakeUp0 Mode is applicable
2025-11-07 15:28:47,421 [INFO] Rule:225 - rule WakeUp0 SIGNAL is applicable
2025-11-07 15:28:47,421 [INFO] Rule:225 - rule WakeUp1 Mode is applicable
2025-11-07 15:28:47,422 [INFO] Rule:225 - rule WakeUp1 SIGNAL is applicable
2025-11-07 15:28:47,422 [INFO] Rule:225 - rule WakeUp2 Mode is applicable
2025-11-07 15:28:47,422 [INFO] Rule:225 - rule WakeUp2 SIGNAL is applicable
2025-11-07 15:28:47,422 [INFO] Rule:225 - rule WakeUp4 Mode is applicable
2025-11-07 15:28:47,422 [INFO] Rule:225 - rule WakeUp4 SIGNAL is applicable
2025-11-07 15:28:47,422 [INFO] Rule:225 - rule WakeUp5 Mode is applicable
2025-11-07 15:28:47,422 [INFO] Rule:225 - rule WakeUp5 SIGNAL is applicable
2025-11-07 15:28:47,422 [INFO] Rule:225 - rule Add RTC Activate Clock Source is applicable
2025-11-07 15:28:47,422 [INFO] Rule:225 - rule Add RTC Activate Calendar 1 is applicable
2025-11-07 15:28:47,422 [INFO] Rule:225 - rule Add RTC Activate Calendar 2 is applicable
2025-11-07 15:28:47,422 [INFO] Rule:225 - rule Add RTC Activate Calendar 3 is applicable
2025-11-07 15:28:47,422 [INFO] Rule:225 - rule UART/USART TX Mode is applicable
2025-11-07 15:28:47,422 [INFO] Rule:225 - rule UART/USART RX Mode is applicable
2025-11-07 15:28:47,422 [INFO] Rule:225 - rule UART/USART RX TX Mode is applicable
2025-11-07 15:28:47,422 [INFO] Rule:225 - rule UART/USART PARITY NONE is applicable
2025-11-07 15:28:47,422 [INFO] Rule:225 - rule UART/USART PARITY EVEN is applicable
2025-11-07 15:28:47,422 [INFO] Rule:225 - rule UART/USART PARITY ODD is applicable
2025-11-07 15:28:47,422 [INFO] Rule:225 - rule USART StopBits 1 is applicable
2025-11-07 15:28:47,422 [INFO] Rule:225 - rule USART StopBits 2 is applicable
2025-11-07 15:28:47,422 [INFO] Rule:225 - rule USART StopBits 1.5 is applicable
2025-11-07 15:28:47,422 [INFO] Rule:225 - rule USART StopBits 0.5 is applicable
2025-11-07 15:28:47,423 [INFO] Rule:225 - rule UART/USART WORD LENGTH 7 is applicable
2025-11-07 15:28:47,423 [INFO] Rule:225 - rule UART/USART WORD LENGTH 8 is applicable
2025-11-07 15:28:47,423 [INFO] Rule:225 - rule UART/USART WORD LENGTH 9 is applicable
2025-11-07 15:28:47,423 [INFO] Rule:225 - rule Rename FMC NAND NCE signal is applicable
2025-11-07 15:28:47,423 [INFO] Rule:225 - rule Rename FMC NAND INT signal is applicable
2025-11-07 15:28:47,423 [INFO] Rule:225 - rule Change Default Value for LSE Drive Capability for WB family is applicable
2025-11-07 15:28:47,423 [INFO] Rule:225 - rule Change Default Value for ADC Clock Prescaler G0 family is applicable
2025-11-07 15:28:47,423 [INFO] Rule:225 - rule Change Default Value for ADC ExternalTrigConv L4 family is applicable
2025-11-07 15:28:47,423 [INFO] Rule:225 - rule Change Default Value for ADC ExternalTrigInjecConv L4 family is applicable
2025-11-07 15:28:47,423 [INFO] Rule:225 - rule Change Default Value for ADC ExternalTrigConv F3 family is applicable
2025-11-07 15:28:47,423 [INFO] Rule:225 - rule Change Default Value for ADC ExternalTrigInjecConv F3 family is applicable
2025-11-07 15:28:47,423 [INFO] Rule:225 - rule Change Default Value for ADC ExternalTrigConv Goldfish serie is applicable
2025-11-07 15:28:47,423 [INFO] Rule:225 - rule Change Default Value for ADC ExternalTrigInjecConv Goldfish serie is applicable
2025-11-07 15:28:47,423 [INFO] Rule:225 - rule Change Default Value for ADC ExternalTrigConv L0 family is applicable
2025-11-07 15:28:47,423 [INFO] Rule:225 - rule Change Default Value for ADC ExternalTrigConv F0 family is applicable
2025-11-07 15:28:47,423 [INFO] Rule:225 - rule Change Default Value for ADC ExternalTrigConvn L1 family is applicable
2025-11-07 15:28:47,423 [INFO] Rule:225 - rule Change Default Value for ADC ExternalTrigInjecConv L1 family is applicable
2025-11-07 15:28:47,423 [INFO] Rule:225 - rule Change Default Value for ADC ExternalTrigConv F1 family is applicable
2025-11-07 15:28:47,423 [INFO] Rule:225 - rule Change Default Value for ADC ExternalTrigInjecConv F1 family is applicable
2025-11-07 15:28:47,423 [INFO] Rule:225 - rule Change Default Value for ADC ExternalTrigConv F7 family is applicable
2025-11-07 15:28:47,423 [INFO] Rule:225 - rule Change Default Value for ADC ExternalTrigInjecConv F7 family is applicable
2025-11-07 15:28:47,423 [INFO] Rule:225 - rule Change Default Value for ADC ExternalTrigConv F4 and F2 family is applicable
2025-11-07 15:28:47,423 [INFO] Rule:225 - rule Change Default Value for ADC ExternalTrigInjecConv F4 and F2 family is applicable
2025-11-07 15:28:47,423 [INFO] Rule:225 - rule ADC SamplingTime fix with FW L0  is applicable
2025-11-07 15:28:47,424 [INFO] Rule:225 - rule ADC SamplingTime fix with FW L0  is applicable
2025-11-07 15:28:47,424 [INFO] Rule:225 - rule ADC SamplingTime fix with FW L0 is applicable
2025-11-07 15:28:47,424 [INFO] Rule:225 - rule ADC SamplingTime fix with FW L0 is applicable
2025-11-07 15:28:47,424 [INFO] Rule:225 - rule ADC SamplingTime fix with FW L0  is applicable
2025-11-07 15:28:47,424 [INFO] Rule:225 - rule ADC SamplingTime fix with FW L0 is applicable
2025-11-07 15:28:47,424 [INFO] Rule:225 - rule Rename USB_OE Signal is applicable
2025-11-07 15:28:47,424 [INFO] Rule:225 - rule Rename Activate_OE Mode is applicable
2025-11-07 15:28:47,424 [INFO] Rule:225 - rule Rename DIE462/DIE415 pin PC14/OSC32_IN -> PC14-OSC32_IN (PC14) is applicable
2025-11-07 15:28:47,424 [INFO] Rule:225 - rule Rename DIE462/DIE415 pin PC15/OSC32_OUT -> PC15-OSC32_OUT (PC15) is applicable
2025-11-07 15:28:47,424 [INFO] Rule:225 - rule Rename DIE462/DIE415 pin PH0/OSC_IN -> PH0-OSC_IN (PH0) is applicable
2025-11-07 15:28:47,424 [INFO] Rule:225 - rule Rename DIE462/DIE415 pin PH1/OSC_OUT -> PH1-OSC_OUT (PH1) is applicable
2025-11-07 15:28:47,424 [INFO] Rule:225 - rule Rename DIE462 pin PA13 -> PA13 (JTMS/SWDIO) is applicable
2025-11-07 15:28:47,424 [INFO] Rule:225 - rule Rename DIE415 pin PA13 -> PA13 (JTMS/SWDIO) is applicable
2025-11-07 15:28:47,424 [INFO] Rule:225 - rule Rename DIE462 pin PA14 -> PA14 (JTCK/SWCLK) is applicable
2025-11-07 15:28:47,424 [INFO] Rule:225 - rule Rename DIE415 pin PA14 -> PA14 (JTCK/SWCLK) is applicable
2025-11-07 15:28:47,424 [INFO] Rule:225 - rule Rename DIE462/DIE415 pin PA15 -> PA15 (JTDI) is applicable
2025-11-07 15:28:47,424 [INFO] Rule:225 - rule Rename DIE462 pin PB3 -> PB3 (JTD0/TRACESWO) is applicable
2025-11-07 15:28:47,424 [INFO] Rule:225 - rule Rename DIE415 pin PB3 -> PB3 (JTD0-TRACESWO) is applicable
2025-11-07 15:28:47,424 [INFO] Rule:225 - rule Rename DIE462/DIE415 pin PB4 -> PB4 (NJTRST) is applicable
2025-11-07 15:28:47,424 [INFO] Rule:225 - rule Rename DIE462 pin PH3/BOOT0 -> PH3-BOOT0 (BOOT0) is applicable
2025-11-07 15:28:47,424 [INFO] Rule:225 - rule Rename CRYP DataEncryptionTypesList to Algorithm is applicable
2025-11-07 15:28:47,424 [INFO] Rule:225 - rule Rename AES DataEncryptionTypesList to Algorithm is applicable
2025-11-07 15:28:47,424 [INFO] Rule:225 - rule Rename TDESECB to CRYP_TDES_ECB is applicable
2025-11-07 15:28:47,425 [INFO] Rule:225 - rule Rename TDESCBC to CRYP_TDES_CBC is applicable
2025-11-07 15:28:47,425 [INFO] Rule:225 - rule Rename DESECB to CRYP_DES_ECB is applicable
2025-11-07 15:28:47,425 [INFO] Rule:225 - rule Rename DESCBC to CRYP_DES_CBC is applicable
2025-11-07 15:28:47,425 [INFO] Rule:225 - rule Rename AESECB to CRYP_AES_ECB is applicable
2025-11-07 15:28:47,425 [INFO] Rule:225 - rule Rename AESCBC to CRYP_AES_CBC is applicable
2025-11-07 15:28:47,425 [INFO] Rule:225 - rule Rename AESCTR to CRYP_AES_CTR is applicable
2025-11-07 15:28:47,425 [INFO] Rule:225 - rule Rename AESGCM to CRYP_AES_GCM is applicable
2025-11-07 15:28:47,425 [INFO] Rule:225 - rule Rename AESCCM to CRYP_AES_CCM is applicable
2025-11-07 15:28:47,425 [INFO] Rule:225 - rule Rename CAN TimeSeg1 to BS1 is applicable
2025-11-07 15:28:47,425 [INFO] Rule:225 - rule Rename CAN TimeSeg2 to BS2 is applicable
2025-11-07 15:28:47,425 [INFO] Rule:225 - rule Rename CAN SyncJumpWidth to SJW is applicable
2025-11-07 15:28:47,425 [INFO] Rule:225 - rule TimeTriggeredMode to TTCM is applicable
2025-11-07 15:28:47,425 [INFO] Rule:225 - rule Rename CAN AutoBusOff to ABOM is applicable
2025-11-07 15:28:47,425 [INFO] Rule:225 - rule Rename CAN AutoWakeUp to AWUM is applicable
2025-11-07 15:28:47,425 [INFO] Rule:225 - rule Rename CAN AutoRetransmission to NART is applicable
2025-11-07 15:28:47,426 [INFO] Rule:225 - rule Rename CAN ReceiveFifoLocked to RFLM is applicable
2025-11-07 15:28:47,426 [INFO] Rule:225 - rule Rename CAN TransmitFifoPriority to TXFP is applicable
2025-11-07 15:28:47,426 [INFO] Rule:225 - rule Rename HRTIMER HRTIM_OUTPUTFAULTLEVEL_HIGH in HRTIMER HRTIM_OUTPUTFAULTLEVEL_HIGHZ is applicable
2025-11-07 15:28:47,426 [INFO] Rule:225 - rule Rename TIMER TIM_CLEARINPUTSOURCE_OCREFCLR in  TIMER TIM_CLEARINPUTSOURCE_NONE for F7 family is applicable
2025-11-07 15:28:47,426 [INFO] Rule:225 - rule FDCAN_R1 - Rename FDCAN mode Master into Classic is applicable
2025-11-07 15:28:47,426 [INFO] Rule:225 - rule FDCAN_R2 - Rename FDCAN mode Slave into Classic is applicable
2025-11-07 15:28:47,426 [INFO] Rule:225 - rule FDCAN1_R3 - if PA10.Mode=FullDuplex, add Pin PA12 is applicable
2025-11-07 15:28:47,426 [INFO] Rule:225 - rule FDCAN1_R3 - if PA9.Mode=FullDuplex, add Pin PA11 is applicable
2025-11-07 15:28:47,426 [INFO] Rule:225 - rule FDCAN1_R3 - Alternatepin_1 - if PE1.Mode=FullDuplex, add Pin PB9 is applicable
2025-11-07 15:28:47,426 [INFO] Rule:225 - rule FDCAN1_R3 - Alternatepin_1 - if PE0.Mode=FullDuplex, add Pin PB8 is applicable
2025-11-07 15:28:47,426 [INFO] Rule:225 - rule FDCAN1_R3 - Alternatepin_2 - if PD5.Mode=FullDuplex, add Pin PD1 is applicable
2025-11-07 15:28:47,426 [INFO] Rule:225 - rule FDCAN1_R3 - Alternatepin_2 - if PD4.Mode=FullDuplex, add Pin PD0 is applicable
2025-11-07 15:28:47,426 [INFO] Rule:225 - rule FDCAN1_R4 - Rename Mode FullDuplex into Enable FDCAN_TXFD for pin PA10 is applicable
2025-11-07 15:28:47,426 [INFO] Rule:225 - rule FDCAN1_R4 - Rename Mode FullDuplex into Enable FDCAN_TXFD for pin PA9 is applicable
2025-11-07 15:28:47,426 [INFO] Rule:225 - rule FDCAN1_R4 - Alternatepin_1 - Rename Mode FullDuplex into Enable FDCAN_TXFD for pin PE1 is applicable
2025-11-07 15:28:47,426 [INFO] Rule:225 - rule FDCAN1_R4 - Alternatepin_1 - Rename Mode FullDuplex into Enable FDCAN_TXFD for pin PE0 is applicable
2025-11-07 15:28:47,426 [INFO] Rule:225 - rule FDCAN1_R4 - Alternatepin_2 - Rename Mode FullDuplex into Enable FDCAN_TXFD for pin PD5 is applicable
2025-11-07 15:28:47,426 [INFO] Rule:225 - rule FDCAN1_R4 - Alternatepin_2 - Rename Mode FullDuplex into Enable FDCAN_TXFD for pin PD4 is applicable
2025-11-07 15:28:47,426 [INFO] Rule:225 - rule FDCAN2_R3 - if PD10.Mode=FullDuplex, add Pin PB13 is applicable
2025-11-07 15:28:47,426 [INFO] Rule:225 - rule FDCAN2_R3 - if PD9.Mode=FullDuplex, add Pin PB12 is applicable
2025-11-07 15:28:47,427 [INFO] Rule:225 - rule FDCAN2_R3 - Alternatepin_1 - if PB7.Mode=FullDuplex, add Pin PB6 is applicable
2025-11-07 15:28:47,427 [INFO] Rule:225 - rule FDCAN2_R3 - Alternatepin_1 - if PD9.Mode=FullDuplex, add Pin PB12 is applicable
2025-11-07 15:28:47,427 [INFO] Rule:225 - rule FDCAN2_R4 - Rename Mode FullDuplex into Enable FDCAN_TXFD for pin PD10 is applicable
2025-11-07 15:28:47,427 [INFO] Rule:225 - rule FDCAN2_R4 - Rename Mode FullDuplex into Enable FDCAN_TXFD for pin PD9 is applicable
2025-11-07 15:28:47,427 [INFO] Rule:225 - rule FDCAN2_R4 - Alternatepin_1 - Rename Mode FullDuplex into Enable FDCAN_TXFD for pin PB7 is applicable
2025-11-07 15:28:47,427 [INFO] Rule:225 - rule FDCAN2_R4 - Alternatepin_1 - Rename Mode FullDuplex into Enable FDCAN_TXFD for pin PD6 is applicable
2025-11-07 15:28:47,427 [INFO] Rule:225 - rule USART TxPinLevelInvertParam Mode is applicable
2025-11-07 15:28:47,427 [INFO] Rule:225 - rule USART RxPinLevelInvertParam Mode is applicable
2025-11-07 15:28:47,427 [INFO] Rule:225 - rule USART DataInvertParam Mode is applicable
2025-11-07 15:28:47,427 [INFO] Rule:225 - rule USART SwapParam Mode is applicable
2025-11-07 15:28:47,427 [INFO] Rule:225 - rule USART OverrunDisableParam Mode is applicable
2025-11-07 15:28:47,427 [INFO] Rule:225 - rule USART DMADisableonRxErrorParam Mode is applicable
2025-11-07 15:28:47,427 [INFO] Rule:225 - rule USART MSBFirstParam Mode is applicable
2025-11-07 15:28:47,427 [INFO] Rule:225 - rule Update MwName for USB_DEVICE is applicable
2025-11-07 15:28:47,427 [INFO] Rule:225 - rule Change PWR_Regulator_Voltage_Scale Default Value for RCC  H7 family is applicable
2025-11-07 15:28:47,427 [INFO] Rule:225 - rule UART/USART IPParameter rename Prescaler parameter to ClockPrescaler is applicable
2025-11-07 15:28:47,427 [INFO] Rule:225 - rule UART/USART Prescaler rename Prescaler parameter to ClockPrescaler is applicable
2025-11-07 15:28:47,427 [INFO] Rule:225 - rule TIM1CLockSelection is applicable
2025-11-07 15:28:47,427 [INFO] Rule:225 - rule TIM15CLockSelection is applicable
2025-11-07 15:28:47,427 [INFO] Rule:225 - rule align RCC SDMMC3CLockSelection default value on MP1 is applicable
2025-11-07 15:28:47,427 [INFO] Rule:225 - rule align RCC SDMMC12CLockSelection default value on MP1 is applicable
2025-11-07 15:28:47,427 [INFO] Rule:225 - rule align RCC QSPICLockSelection default value on MP1 is applicable
2025-11-07 15:28:47,427 [INFO] Rule:225 - rule align RCC QSPICLockSelection default value on MP1 is applicable
2025-11-07 15:28:47,427 [INFO] Rule:225 - rule align RCC SPI6CLockSelection default value on MP1 is applicable
2025-11-07 15:28:47,427 [INFO] Rule:225 - rule align RCC LPTIM23CLockSelection default value on MP1 is applicable
2025-11-07 15:28:47,427 [INFO] Rule:225 - rule align RCC LPTIM1CLockSelection default value on MP1 is applicable
2025-11-07 15:28:47,427 [INFO] Rule:225 - rule align RCC USART1CLockSelection default value on MP1 is applicable
2025-11-07 15:28:47,428 [INFO] Rule:225 - rule align RCC USART24CLockSelection default value on MP1 is applicable
2025-11-07 15:28:47,428 [INFO] Rule:225 - rule align RCC USART6CLockSelection default value on MP1 is applicable
2025-11-07 15:28:47,428 [INFO] Rule:225 - rule align RCC UART78CLockSelection default value on MP1 is applicable
2025-11-07 15:28:47,428 [INFO] Rule:225 - rule align RCC USART35CLockSelection default value on MP1 is applicable
2025-11-07 15:28:47,428 [INFO] Rule:225 - rule align RCC SPI45CLockSelection default value on MP1 is applicable
2025-11-07 15:28:47,428 [INFO] Rule:225 - rule align RCC I2C46CLockSelection BCLK value on MP1 is applicable
2025-11-07 15:28:47,428 [INFO] Rule:225 - rule align RCC SPI45CLockSelection default value on MP1 is applicable
2025-11-07 15:28:47,428 [INFO] Rule:225 - rule align RCC I2C12CLockSelection default value on MP1 is applicable
2025-11-07 15:28:47,428 [INFO] Rule:225 - rule align RCC I2C35CLockSelection default value on MP1 is applicable
2025-11-07 15:28:47,428 [INFO] Rule:225 - rule align RCC LPTIM45CLockSelection default value on MP1 is applicable
2025-11-07 15:28:47,428 [INFO] Rule:225 - rule Rename DCMI PIXCK signal is applicable
2025-11-07 15:28:47,428 [INFO] Rule:225 - rule Change Default Value for I2C46CLockSelection MP1 family is applicable
2025-11-07 15:28:47,428 [INFO] Rule:225 - rule Change Default Value for UART for G4, G0 and WB families is applicable
2025-11-07 15:28:47,428 [INFO] Rule:225 - rule Change Default Value for USART for G4, G0 and WB families is applicable
2025-11-07 15:28:47,428 [INFO] Rule:225 - rule Change Default Value for USART for G4 family is applicable
2025-11-07 15:28:47,428 [INFO] Rule:225 - rule Change USART1CLockSelection refparam name for MP1 is applicable
2025-11-07 15:28:47,428 [INFO] Rule:225 - rule Change USART2CLockSelection refparam name for MP1 is applicable
2025-11-07 15:28:47,428 [INFO] Rule:225 - rule Change USART3CLockSelection refparam name for MP1 is applicable
2025-11-07 15:28:47,428 [INFO] Rule:225 - rule Change UART4CLockSelection refparam name for MP1 is applicable
2025-11-07 15:28:47,428 [INFO] Rule:225 - rule Change UART5CLockSelection refparam name for MP1 is applicable
2025-11-07 15:28:47,428 [INFO] Rule:225 - rule Change LPUART1CLockSelection refparam name for MP1 is applicable
2025-11-07 15:28:47,428 [INFO] Rule:225 - rule Change LPTIM1CLockSelection refparam name for MP1 is applicable
2025-11-07 15:28:47,428 [INFO] Rule:225 - rule Change LPTIM2CLockSelection refparam name for MP1 is applicable
2025-11-07 15:28:47,429 [INFO] Rule:225 - rule Change RCC_MCO1Source refparam name for MP1 is applicable
2025-11-07 15:28:47,429 [INFO] Rule:225 - rule Change LSCOSource1 refparam name for MP1 is applicable
2025-11-07 15:28:47,429 [INFO] Rule:225 - rule Change SMPSCLockSelection refparam name for MP1 is applicable
2025-11-07 15:28:47,429 [INFO] Rule:225 - rule Change LPTIM3CLockSelection refparam name for MP1 is applicable
2025-11-07 15:28:47,429 [INFO] Rule:225 - rule Change MPCBB* Default Template Mode to Parameters is applicable
2025-11-07 15:28:47,429 [INFO] Rule:225 - rule Change MPCWM* or MPCBB* Secure Mode to Parameters is applicable
2025-11-07 15:28:47,429 [INFO] Rule:225 - rule Change MPCWM* or MPCBB* No Secure Mode to Parameters is applicable
2025-11-07 15:28:47,429 [INFO] Rule:225 - rule Change TZSC IP Secure Mode to Parameters is applicable
2025-11-07 15:28:47,429 [INFO] Rule:225 - rule Change TZSC IP No Secure Mode to Parameters is applicable
2025-11-07 15:28:47,429 [INFO] Rule:225 - rule Change TZSC IP Privilege Mode to Parameters is applicable
2025-11-07 15:28:47,429 [INFO] Rule:225 - rule Change TZSC IP No Privilege Mode to Parameters is applicable
2025-11-07 15:28:47,429 [INFO] Rule:225 - rule Change TZIC IT Secure Mode to Parameters is applicable
2025-11-07 15:28:47,429 [INFO] Rule:225 - rule Change TZIC IT No Secure Mode to Parameters is applicable
2025-11-07 15:28:47,429 [INFO] Rule:225 - rule Add MPCBB1_NonSecureArea_Start_Address value with referenced to MPCBB1_NonSecureArea_Start value is applicable
2025-11-07 15:28:47,429 [INFO] Rule:225 - rule Add MPCBB2_NonSecureArea_Start_Address value with referenced to MPCBB2_NonSecureArea_Start value is applicable
2025-11-07 15:28:47,429 [INFO] Rule:225 - rule Add MPCWM1_NonSecureArea*_Start_Address value with referenced to MPCWM1_NonSecureArea*_Start value is applicable
2025-11-07 15:28:47,429 [INFO] Rule:225 - rule Add MPCWM2_NonSecureArea*_Start_Address value with referenced to MPCWM2_NonSecureArea*_Start value is applicable
2025-11-07 15:28:47,429 [INFO] Rule:225 - rule Add MPCWM3_NonSecureArea_Start_Address value with referenced to MPCWM3_NonSecureArea_Start value is applicable
2025-11-07 15:28:47,429 [INFO] Rule:225 - rule Change Default Value for PLL1UserDefinedConfig is applicable
2025-11-07 15:28:47,429 [INFO] Rule:225 - rule Change GPIO_PuPd Default Value for USART in async mode is applicable
2025-11-07 15:28:47,429 [INFO] Rule:225 - rule Change SMPSDivider Default Value is applicable
2025-11-07 15:28:47,429 [INFO] Rule:225 - rule OPAMP is applicable
2025-11-07 15:28:47,429 [INFO] Rule:225 - rule LPUART IPParameter rename Prescaler parameter to ClockPrescaler for STM32H7 is applicable
2025-11-07 15:28:47,429 [INFO] Rule:225 - rule LPUART IPParameter rename Prescaler parameter to ClockPrescaler for STM32H7 is applicable
2025-11-07 15:28:47,429 [INFO] Rule:225 - rule LPUART IPParameter rename Prescaler parameter to ClockPrescaler for STM32WB is applicable
2025-11-07 15:28:47,429 [INFO] Rule:225 - rule LPUART IPParameter rename Prescaler parameter to ClockPrescaler for STM32WB is applicable
2025-11-07 15:28:47,429 [INFO] Rule:225 - rule LPUART IPParameter rename Prescaler parameter to ClockPrescaler for STM32G4 is applicable
2025-11-07 15:28:47,430 [INFO] Rule:225 - rule LPUART IPParameter rename Prescaler parameter to ClockPrescaler for STM32G4 is applicable
2025-11-07 15:28:47,430 [INFO] Rule:225 - rule LPUART IPParameter rename Prescaler parameter to ClockPrescaler for STM32L5 is applicable
2025-11-07 15:28:47,430 [INFO] Rule:225 - rule LPUART IPParameter rename Prescaler parameter to ClockPrescaler for STM32L5 is applicable
2025-11-07 15:28:47,430 [INFO] Rule:225 - rule LPUART IPParameter rename Prescaler parameter to ClockPrescaler for STM32G4 is applicable
2025-11-07 15:28:47,430 [INFO] Rule:225 - rule LPUART IPParameter rename Prescaler parameter to ClockPrescaler for STM32G4 is applicable
2025-11-07 15:28:47,430 [INFO] Rule:225 - rule USB device lib V2.5.3 for L0 rename USBD_SUPPORT_USER_STRING parameter to USBD_SUPPORT_USER_STRING_DESC4 is applicable
2025-11-07 15:28:47,430 [INFO] Rule:225 - rule I2SCLockSelection clock entry align is applicable
2025-11-07 15:28:47,430 [INFO] Rule:225 - rule Assign TIMx context if used as SYS timebase is applicable
2025-11-07 15:28:47,430 [INFO] Rule:225 - rule Change GPIO_Pu Default Value for I2C is applicable
2025-11-07 15:28:47,430 [INFO] Rule:225 - rule Change GPIO_Pu Default Value for SMBus is applicable
2025-11-07 15:28:47,430 [INFO] Rule:225 - rule change FDCAN default value is applicable
2025-11-07 15:28:47,430 [INFO] Rule:225 - rule Change mode sai is applicable
2025-11-07 15:28:47,430 [INFO] Rule:225 - rule **Change sai mode is applicable
2025-11-07 15:28:47,430 [INFO] Rule:225 - rule Rename STM32WPAN CFG_BLE_IRK to CFG_BLE_IR is applicable
2025-11-07 15:28:47,430 [INFO] Rule:225 - rule Rename STM32WPAN CFG_BLE_ERK to CFG_BLE_ER is applicable
2025-11-07 15:28:47,430 [INFO] Rule:225 - rule Rename STM32WPAN CFG_BLE_IRK_HEX to CFG_BLE_IR_HEX is applicable
2025-11-07 15:28:47,430 [INFO] Rule:225 - rule Rename STM32WPAN CFG_BLE_ERK_HEX to CFG_BLE_ER_HEX is applicable
2025-11-07 15:28:47,430 [INFO] Rule:225 - rule Adapt Old IOC before rework replace old CORTEX_M33/CORTEX_M55 attributes by the new one. is applicable
2025-11-07 15:28:47,430 [INFO] Rule:225 - rule Rename parametre of RCC RCC_APBDBG_DIV2 to RCC_TIMPRES_DIV2 is applicable
2025-11-07 15:28:47,430 [INFO] Rule:225 - rule Rename DIE493 pin PA10 [PA12] -> PA10 is applicable
2025-11-07 15:28:47,430 [INFO] Rule:225 - rule Rename DIE493 pin PA9 [PA11] -> PA9 is applicable
2025-11-07 15:28:47,430 [INFO] Rule:225 - rule Adapt Old IOC CSI. is applicable
2025-11-07 15:28:47,444 [INFO] DbConfProperties:307 - Apply Compatibility (49/267 Rules)
2025-11-07 15:28:47,460 [INFO] ImportTextPane:218 - (OptionalMessage_ERROR) Unable to find key (Mcu.ThirdPartyNb) in loaded IOC file
2025-11-07 15:28:47,463 [INFO] ImportTextPane:218 - (OptionalMessage_ERROR) Pin12 (VP_RIF_VS_RIF1) cannot be retrieved for this MCU
2025-11-07 15:28:47,570 [INFO] RtosManager:558 - Registered RTOS mode: class=CMSIS, group=RTOS, mode=CMSIS_V1, owner=FREERTOS
2025-11-07 15:28:47,571 [INFO] RtosManager:558 - Registered RTOS mode: class=CMSIS, group=RTOS2, mode=CMSIS_V2, owner=FREERTOS
2025-11-07 15:28:47,571 [INFO] RtosManager:558 - Registered RTOS mode: class=RTOS, group=Core, mode=CMSIS_V1, owner=FREERTOS
2025-11-07 15:28:47,571 [INFO] RtosManager:558 - Registered RTOS mode: class=RTOS, group=Core, mode=CMSIS_V2, owner=FREERTOS
2025-11-07 15:28:47,571 [WARN] ModelIntegratedComponent:184 - Missing modes for component STMicroelectronics:FreeRTOS:0.0.1:STMicroelectronics:RTOS:FreeRTOS:Core:::10.2.0:
2025-11-07 15:28:47,590 [WARN] ModelIntegratedComponent:63 - No mode defined for component null
2025-11-07 15:28:47,590 [WARN] ModelIntegratedComponent:63 - No mode defined for component null
2025-11-07 15:28:47,590 [WARN] ModelIntegratedComponent:63 - No mode defined for component null
2025-11-07 15:28:47,590 [WARN] ModelIntegratedComponent:63 - No mode defined for component null
2025-11-07 15:28:47,590 [WARN] ModelIntegratedComponent:63 - No mode defined for component null
2025-11-07 15:28:47,590 [WARN] ModelIntegratedComponent:63 - No mode defined for component null
2025-11-07 15:28:47,590 [WARN] ModelIntegratedComponent:63 - No mode defined for component null
2025-11-07 15:28:47,590 [WARN] ModelIntegratedComponent:63 - No mode defined for component null
2025-11-07 15:28:47,590 [WARN] ModelIntegratedComponent:63 - No mode defined for component null
2025-11-07 15:28:47,590 [WARN] ModelIntegratedComponent:63 - No mode defined for component null
2025-11-07 15:28:47,590 [WARN] ModelIntegratedComponent:63 - No mode defined for component null
2025-11-07 15:28:47,590 [WARN] ModelIntegratedComponent:63 - No mode defined for component null
2025-11-07 15:28:47,590 [WARN] ModelIntegratedComponent:63 - No mode defined for component null
2025-11-07 15:28:47,590 [WARN] ModelIntegratedComponent:63 - No mode defined for component null
2025-11-07 15:28:47,590 [WARN] ModelIntegratedComponent:63 - No mode defined for component null
2025-11-07 15:28:47,590 [WARN] ModelIntegratedComponent:63 - No mode defined for component null
2025-11-07 15:28:47,590 [WARN] ModelIntegratedComponent:63 - No mode defined for component null
2025-11-07 15:28:47,590 [WARN] ModelIntegratedComponent:63 - No mode defined for component null
2025-11-07 15:28:47,590 [WARN] ModelIntegratedComponent:63 - No mode defined for component null
2025-11-07 15:28:47,590 [WARN] ModelIntegratedComponent:63 - No mode defined for component null
2025-11-07 15:28:47,591 [WARN] ModelIntegratedComponent:63 - No mode defined for component null
2025-11-07 15:28:47,591 [WARN] ModelIntegratedComponent:63 - No mode defined for component null
2025-11-07 15:28:47,591 [WARN] ModelIntegratedComponent:63 - No mode defined for component null
2025-11-07 15:28:47,591 [WARN] ModelIntegratedComponent:63 - No mode defined for component null
2025-11-07 15:28:47,591 [WARN] ModelIntegratedComponent:63 - No mode defined for component null
2025-11-07 15:28:47,591 [WARN] ModelIntegratedComponent:63 - No mode defined for component null
2025-11-07 15:28:47,591 [WARN] ModelIntegratedComponent:63 - No mode defined for component null
2025-11-07 15:28:47,591 [WARN] ModelIntegratedComponent:63 - No mode defined for component null
2025-11-07 15:28:47,591 [WARN] ModelIntegratedComponent:63 - No mode defined for component null
2025-11-07 15:28:47,591 [WARN] ModelIntegratedComponent:63 - No mode defined for component null
2025-11-07 15:28:47,591 [WARN] ModelIntegratedComponent:63 - No mode defined for component null
2025-11-07 15:28:47,591 [WARN] ModelIntegratedComponent:63 - No mode defined for component null
2025-11-07 15:28:47,591 [WARN] ModelIntegratedComponent:63 - No mode defined for component null
2025-11-07 15:28:47,591 [WARN] ModelIntegratedComponent:63 - No mode defined for component null
2025-11-07 15:28:47,591 [WARN] ModelIntegratedComponent:63 - No mode defined for component null
2025-11-07 15:28:47,591 [WARN] ModelPack:524 - Component already loaded: STMicroelectronics:HAL Drivers:0.0.0:STMicroelectronics:Device:STMicro_Driver:XSPI:HAL::0.0.1:HAL_XSPI
2025-11-07 15:28:47,696 [INFO] ThirdPartyModel:298 - Start build external matchings
2025-11-07 15:28:48,093 [INFO] ThirdPartyModel:316 - End build external matchings
2025-11-07 15:28:48,106 [INFO] ImportTextPane:218 - (OptionalMessage_ERROR) IP (RCC) : Invalid parameter (FamilyName)
2025-11-07 15:28:48,108 [INFO] ImportTextPane:218 - (OptionalMessage_ERROR) IP (RCC) : Parameter (RNGFreq_Value) has invalid value (64000000)
2025-11-07 15:28:48,108 [INFO] ImportTextPane:218 - (OptionalMessage_ERROR) IP (RCC) : Parameter (SDMMCFreq_Value) has invalid value (64000000)
2025-11-07 15:28:48,109 [INFO] ImportTextPane:218 - (OptionalMessage_ERROR) IP (RCC) : Parameter (USBFreq_Value) has invalid value (64000000)
2025-11-07 15:28:48,540 [INFO] UtilMem:75 - End LoadConfig() Used Memory: 886875888 Bytes (1073741824)
2025-11-07 15:28:48,724 [WARN] ThirdParty:833 - waiting for thirdparty lock release [change project]
2025-11-07 15:28:48,725 [INFO] ThirdParty:835 - entering critical section [change project]
2025-11-07 15:28:48,725 [INFO] ThirdParty:1030 - CMSIS Pack Vendor :STMicroelectronics X-CUBE-PM33A1 1.0.0
2025-11-07 15:28:48,725 [INFO] ThirdParty:1030 - CMSIS Pack Vendor :STMicroelectronics USBPD 4.1
2025-11-07 15:28:48,725 [INFO] ThirdParty:1030 - CMSIS Pack Vendor :STMicroelectronics X-CUBE-NFC9 1.0.0
2025-11-07 15:28:48,725 [INFO] ThirdParty:1030 - CMSIS Pack Vendor :STMicroelectronics USB_HOST 2.0.0
2025-11-07 15:28:48,725 [INFO] ThirdParty:1030 - CMSIS Pack Vendor :STMicroelectronics FP-SNS-MOTENVWB1 1.4.0
2025-11-07 15:28:48,725 [INFO] ThirdParty:1030 - CMSIS Pack Vendor :STMicroelectronics X-CUBE-AZRTOS-F4 1.1.0
2025-11-07 15:28:48,725 [INFO] ThirdParty:1030 - CMSIS Pack Vendor :STMicroelectronics LIBJPEG 8.0.0
2025-11-07 15:28:48,726 [INFO] ThirdParty:1030 - CMSIS Pack Vendor :STMicroelectronics FP-ATR-ASTRA1 2.0.2
2025-11-07 15:28:48,726 [INFO] ThirdParty:1030 - CMSIS Pack Vendor :wolfSSL I-CUBE-wolfSSL 5.8.2
2025-11-07 15:28:48,726 [INFO] ThirdParty:1030 - CMSIS Pack Vendor :STMicroelectronics X-CUBE-BLE1 7.1.0
2025-11-07 15:28:48,726 [INFO] ThirdParty:1030 - CMSIS Pack Vendor :STMicroelectronics X-CUBE-SMBUS 2.1.0
2025-11-07 15:28:48,726 [INFO] ThirdParty:1030 - CMSIS Pack Vendor :wolfSSL I-CUBE-wolfMQTT 1.19.2
2025-11-07 15:28:48,726 [INFO] ThirdParty:1030 - CMSIS Pack Vendor :STMicroelectronics USB_DEVICE 3.0.0
2025-11-07 15:28:48,726 [INFO] ThirdParty:1030 - CMSIS Pack Vendor :STMicroelectronics X-CUBE-ISPU 2.1.0
2025-11-07 15:28:48,726 [INFO] ThirdParty:1030 - CMSIS Pack Vendor :STMicroelectronics X-CUBE-EEPRMA1 5.2.0
2025-11-07 15:28:48,726 [INFO] ThirdParty:1030 - CMSIS Pack Vendor :STMicroelectronics X-CUBE-BLEMGR 4.1.0
2025-11-07 15:28:48,726 [INFO] ThirdParty:1030 - CMSIS Pack Vendor :STMicroelectronics X-CUBE-AZRTOS-WB 2.0.0
2025-11-07 15:28:48,726 [INFO] ThirdParty:1030 - CMSIS Pack Vendor :STMicroelectronics X-CUBE-GNSS1 7.0.1
2025-11-07 15:28:48,726 [INFO] ThirdParty:1030 - CMSIS Pack Vendor :STMicroelectronics X-CUBE-NFC12 1.0.0
2025-11-07 15:28:48,726 [INFO] ThirdParty:1030 - CMSIS Pack Vendor :STMicroelectronics X-CUBE-AZRTOS-F7 1.1.0
2025-11-07 15:28:48,726 [INFO] ThirdParty:1030 - CMSIS Pack Vendor :STMicroelectronics X-CUBE-AZRTOS-L5 2.0.0
2025-11-07 15:28:48,726 [INFO] ThirdParty:1030 - CMSIS Pack Vendor :STMicroelectronics USB_DEVICE 2.0.0
2025-11-07 15:28:48,726 [INFO] ThirdParty:1030 - CMSIS Pack Vendor :STMicroelectronics X-CUBE-NFC6 3.1.0
2025-11-07 15:28:48,726 [INFO] ThirdParty:1030 - CMSIS Pack Vendor :Cesanta I-CUBE-Mongoose 7.19.0
2025-11-07 15:28:48,726 [INFO] ThirdParty:1030 - CMSIS Pack Vendor :quantropi X-CUBE-qispace-sdk-base 2.1.0
2025-11-07 15:28:48,726 [INFO] ThirdParty:1030 - CMSIS Pack Vendor :STMicroelectronics FreeRTOS 0.0.1
2025-11-07 15:28:48,726 [INFO] ThirdParty:1030 - CMSIS Pack Vendor :STMicroelectronics X-CUBE-AZRTOS-G0 1.1.0
2025-11-07 15:28:48,726 [INFO] ThirdParty:1030 - CMSIS Pack Vendor :STMicroelectronics X-CUBE-SAFEA1 1.2.2
2025-11-07 15:28:48,726 [INFO] ThirdParty:1030 - CMSIS Pack Vendor :STMicroelectronics X-CUBE-NFC4 3.0.0
2025-11-07 15:28:48,726 [INFO] ThirdParty:1030 - CMSIS Pack Vendor :STMicroelectronics X-CUBE-SUBG2 5.0.0
2025-11-07 15:28:48,726 [INFO] ThirdParty:1030 - CMSIS Pack Vendor :STMicroelectronics X-CUBE-AZRTOS-H7RS 1.1.0
2025-11-07 15:28:48,726 [INFO] ThirdParty:1030 - CMSIS Pack Vendor :STMicroelectronics STM32_WPAN 1.0.0
2025-11-07 15:28:48,726 [INFO] ThirdParty:1030 - CMSIS Pack Vendor :EmbeddedOffice I-CUBE-FS-RTOS 1.0.1
2025-11-07 15:28:48,727 [INFO] ThirdParty:1030 - CMSIS Pack Vendor :STMicroelectronics lwIP 2.0.3
2025-11-07 15:28:48,727 [INFO] ThirdParty:1030 - CMSIS Pack Vendor :STMicroelectronics USB_HOST 1.0.0
2025-11-07 15:28:48,727 [INFO] ThirdParty:1030 - CMSIS Pack Vendor :Infineon AIROC-Wi-Fi-Bluetooth-STM32 1.7.1
2025-11-07 15:28:48,727 [INFO] ThirdParty:1030 - CMSIS Pack Vendor :STMicroelectronics X-CUBE-AZRTOS-G4 2.0.0
2025-11-07 15:28:48,727 [INFO] ThirdParty:1030 - CMSIS Pack Vendor :STMicroelectronics X-CUBE-WB05N 2.0.0
2025-11-07 15:28:48,727 [INFO] ThirdParty:1030 - CMSIS Pack Vendor :STMicroelectronics PDM2PCM 3.1.0
2025-11-07 15:28:48,727 [INFO] ThirdParty:1030 - CMSIS Pack Vendor :STMicroelectronics PDM2PCM 3.3.0
2025-11-07 15:28:48,727 [INFO] ThirdParty:1030 - CMSIS Pack Vendor :wolfSSL I-CUBE-wolfTPM 3.8.0
2025-11-07 15:28:48,727 [INFO] ThirdParty:1030 - CMSIS Pack Vendor :STMicroelectronics X-CUBE-AZRTOS-H7 3.4.0
2025-11-07 15:28:48,727 [INFO] ThirdParty:1030 - CMSIS Pack Vendor :STMicroelectronics X-CUBE-DISPLAY 3.0.0
2025-11-07 15:28:48,727 [INFO] ThirdParty:1030 - CMSIS Pack Vendor :wolfSSL I-CUBE-wolfSSH 1.4.20
2025-11-07 15:28:48,727 [INFO] ThirdParty:1030 - CMSIS Pack Vendor :STMicroelectronics X-CUBE-NFC7 2.0.0
2025-11-07 15:28:48,727 [INFO] ThirdParty:1030 - CMSIS Pack Vendor :STMicroelectronics X-CUBE-TCPP 4.2.0
2025-11-07 15:28:48,727 [INFO] ThirdParty:1030 - CMSIS Pack Vendor :RealThread X-CUBE-RT-Thread_Nano 4.1.1
2025-11-07 15:28:48,727 [INFO] ThirdParty:1030 - CMSIS Pack Vendor :STMicroelectronics FP-ATR-SIGFOX1 3.2.0
2025-11-07 15:28:48,727 [INFO] ThirdParty:1030 - CMSIS Pack Vendor :STMicroelectronics X-CUBE-NFC10 1.0.0
2025-11-07 15:28:48,727 [INFO] ThirdParty:1030 - CMSIS Pack Vendor :STMicroelectronics X-CUBE-FREERTOS 1.3.1
2025-11-07 15:28:48,727 [INFO] ThirdParty:1030 - CMSIS Pack Vendor :STMicroelectronics HAL Drivers 0.0.0
2025-11-07 15:28:48,727 [INFO] ThirdParty:1030 - CMSIS Pack Vendor :STMicroelectronics MBEDTLS 2.16.2
2025-11-07 15:28:48,727 [INFO] ThirdParty:1030 - CMSIS Pack Vendor :STMicroelectronics X-CUBE-ST60 1.1.0
2025-11-07 15:28:48,727 [INFO] ThirdParty:1030 - CMSIS Pack Vendor :STMicroelectronics X-CUBE-ALS 1.0.2
2025-11-07 15:28:48,727 [INFO] ThirdParty:1030 - CMSIS Pack Vendor :emotas I-CUBE-CANOPEN 1.3.0
2025-11-07 15:28:48,727 [INFO] ThirdParty:1030 - CMSIS Pack Vendor :STMicroelectronics MBEDTLS 2.14.1
2025-11-07 15:28:48,727 [INFO] ThirdParty:1030 - CMSIS Pack Vendor :STMicroelectronics X-CUBE-GNSS1 7.1.0
2025-11-07 15:28:48,728 [INFO] ThirdParty:1030 - CMSIS Pack Vendor :ITTIA_DB I-CUBE-ITTIADB 8.9.0
2025-11-07 15:28:48,728 [INFO] ThirdParty:1030 - CMSIS Pack Vendor :STMicroelectronics X-CUBE-TOUCHGFX 4.26.0
2025-11-07 15:28:48,728 [INFO] ThirdParty:1030 - CMSIS Pack Vendor :STMicroelectronics X-CUBE-STSE01 1.0.0
2025-11-07 15:28:48,728 [INFO] ThirdParty:1030 - CMSIS Pack Vendor :STMicroelectronics X-CUBE-AI 10.2.0
2025-11-07 15:28:48,728 [INFO] ThirdParty:1030 - CMSIS Pack Vendor :STMicroelectronics FP-SNS-STAIOTCFT 1.0.0
2025-11-07 15:28:48,728 [INFO] ThirdParty:1030 - CMSIS Pack Vendor :STMicroelectronics ThreadX 1.0.0
2025-11-07 15:28:48,728 [INFO] ThirdParty:1030 - CMSIS Pack Vendor :STMicroelectronics FP-SNS-SMARTAG2 1.2.0
2025-11-07 15:28:48,728 [INFO] ThirdParty:1030 - CMSIS Pack Vendor :STMicroelectronics FP-SNS-FLIGHT1 5.1.0
2025-11-07 15:28:48,728 [INFO] ThirdParty:1030 - CMSIS Pack Vendor :STMicroelectronics X-CUBE-AZRTOS-WL 2.0.0
2025-11-07 15:28:48,728 [INFO] ThirdParty:1030 - CMSIS Pack Vendor :SEGGER I-CUBE-embOS 1.3.1
2025-11-07 15:28:48,728 [INFO] ThirdParty:1030 - CMSIS Pack Vendor :STMicroelectronics X-CUBE-ALGOBUILD 1.4.0
2025-11-07 15:28:48,728 [INFO] ThirdParty:1030 - CMSIS Pack Vendor :STMicroelectronics X-CUBE-DPower 1.3.0
2025-11-07 15:28:48,728 [INFO] ThirdParty:1030 - CMSIS Pack Vendor :STMicroelectronics X-CUBE-MEMS1 11.3.0
2025-11-07 15:28:48,728 [INFO] ThirdParty:1030 - CMSIS Pack Vendor :STMicroelectronics USB_DEVICE 1.0.0
2025-11-07 15:28:48,728 [INFO] ThirdParty:1030 - CMSIS Pack Vendor :STMicroelectronics X-CUBE-AZRTOS-L4 2.0.0
2025-11-07 15:28:48,728 [INFO] ThirdParty:1030 - CMSIS Pack Vendor :STMicroelectronics ThreadX 0.0.2
2025-11-07 15:28:48,728 [INFO] ThirdParty:1030 - CMSIS Pack Vendor :STMicroelectronics lwIP 2.1.2
2025-11-07 15:28:48,728 [INFO] ThirdParty:1030 - CMSIS Pack Vendor :STMicroelectronics X-CUBE-SFXS2LP1 4.0.0
2025-11-07 15:28:48,728 [INFO] ThirdParty:1030 - CMSIS Pack Vendor :STMicroelectronics X-CUBE-BLE2 3.3.0
2025-11-07 15:28:48,728 [INFO] ThirdParty:1030 - CMSIS Pack Vendor :STMicroelectronics X-CUBE-TOF1 3.4.3
2025-11-07 15:28:48,728 [INFO] ThirdParty:1030 - CMSIS Pack Vendor :STMicroelectronics PDM2PCM 3.2.0
2025-11-07 15:28:48,729 [INFO] ThirdParty:841 - exiting critical section [change project]
2025-11-07 15:28:49,191 [INFO] PinOutPanel:1589 - setPackage(No Configuration,No Configuration)
2025-11-07 15:28:49,193 [INFO] PinOutPanel:1589 - setPackage(STM32L476RGTx,LQFP64)
2025-11-07 15:28:49,929 [INFO] UtilMem:75 - Before build in PCC Used Memory: 914709456 Bytes (1073741824)
2025-11-07 15:28:50,843 [INFO] UtilMem:75 - After build in PCC Used Memory: 635313000 Bytes (1073741824)
2025-11-07 15:28:50,879 [INFO] IPUIPlugin:80 - create IPUIPlugin
2025-11-07 15:28:50,879 [INFO] IPUIPlugin:80 - create IPUIPlugin
2025-11-07 15:28:50,879 [INFO] IPUIPlugin:80 - create IPUIPlugin
2025-11-07 15:28:50,879 [INFO] IPUIPlugin:80 - create IPUIPlugin
2025-11-07 15:28:50,879 [INFO] IPUIPlugin:80 - create IPUIPlugin
2025-11-07 15:28:50,880 [INFO] IPUIPlugin:80 - create IPUIPlugin
2025-11-07 15:28:50,880 [INFO] IPUIPlugin:80 - create IPUIPlugin
2025-11-07 15:28:50,880 [INFO] IPUIPlugin:80 - create IPUIPlugin
2025-11-07 15:28:50,880 [INFO] IPUIPlugin:80 - create IPUIPlugin
2025-11-07 15:28:50,880 [INFO] IPUIPlugin:80 - create IPUIPlugin
2025-11-07 15:28:50,880 [INFO] IPUIPlugin:80 - create IPUIPlugin
2025-11-07 15:28:50,880 [INFO] IPUIPlugin:80 - create IPUIPlugin
2025-11-07 15:28:50,881 [INFO] IPUIPlugin:80 - create IPUIPlugin
2025-11-07 15:28:50,881 [INFO] IPUIPlugin:80 - create IPUIPlugin
2025-11-07 15:28:50,881 [INFO] IPUIPlugin:80 - create IPUIPlugin
2025-11-07 15:28:50,881 [INFO] IPUIPlugin:80 - create IPUIPlugin
2025-11-07 15:28:50,881 [INFO] IPUIPlugin:80 - create IPUIPlugin
2025-11-07 15:28:50,881 [INFO] IPUIPlugin:80 - create IPUIPlugin
2025-11-07 15:28:50,881 [INFO] IPUIPlugin:80 - create IPUIPlugin
2025-11-07 15:28:50,882 [INFO] IPUIPlugin:80 - create IPUIPlugin
2025-11-07 15:28:50,882 [INFO] IPUIPlugin:80 - create IPUIPlugin
2025-11-07 15:28:50,882 [INFO] IPUIPlugin:80 - create IPUIPlugin
2025-11-07 15:28:50,882 [INFO] IPUIPlugin:80 - create IPUIPlugin
2025-11-07 15:28:50,883 [INFO] IPUIPlugin:80 - create IPUIPlugin
2025-11-07 15:28:50,883 [INFO] IPUIPlugin:80 - create IPUIPlugin
2025-11-07 15:28:50,883 [INFO] IPUIPlugin:80 - create IPUIPlugin
2025-11-07 15:28:50,883 [INFO] IPUIPlugin:80 - create IPUIPlugin
2025-11-07 15:28:50,884 [INFO] IPUIPlugin:80 - create IPUIPlugin
2025-11-07 15:28:50,884 [INFO] IPUIPlugin:80 - create IPUIPlugin
2025-11-07 15:28:50,885 [INFO] IPUIPlugin:80 - create IPUIPlugin
2025-11-07 15:28:50,885 [INFO] IPUIPlugin:80 - create IPUIPlugin
2025-11-07 15:28:50,885 [INFO] IPUIPlugin:80 - create IPUIPlugin
2025-11-07 15:28:50,885 [INFO] IPUIPlugin:80 - create IPUIPlugin
2025-11-07 15:28:50,885 [INFO] IPUIPlugin:80 - create IPUIPlugin
2025-11-07 15:28:50,886 [INFO] IPUIPlugin:80 - create IPUIPlugin
2025-11-07 15:28:50,886 [INFO] IPUIPlugin:80 - create IPUIPlugin
2025-11-07 15:28:50,886 [INFO] IPUIPlugin:80 - create IPUIPlugin
2025-11-07 15:28:50,886 [INFO] IPUIPlugin:80 - create IPUIPlugin
2025-11-07 15:28:50,886 [INFO] IPUIPlugin:80 - create IPUIPlugin
2025-11-07 15:28:50,887 [INFO] IPUIPlugin:80 - create IPUIPlugin
2025-11-07 15:28:50,887 [INFO] IPUIPlugin:80 - create IPUIPlugin
2025-11-07 15:28:50,887 [INFO] IPUIPlugin:80 - create IPUIPlugin
2025-11-07 15:28:50,887 [INFO] IPUIPlugin:80 - create IPUIPlugin
2025-11-07 15:28:50,887 [INFO] IPUIPlugin:80 - create IPUIPlugin
2025-11-07 15:28:50,888 [INFO] IPUIPlugin:80 - create IPUIPlugin
2025-11-07 15:28:50,888 [INFO] IPUIPlugin:80 - create IPUIPlugin
2025-11-07 15:28:50,888 [INFO] IPUIPlugin:80 - create IPUIPlugin
2025-11-07 15:28:50,888 [INFO] IPUIPlugin:80 - create IPUIPlugin
2025-11-07 15:28:50,889 [INFO] IPUIPlugin:80 - create IPUIPlugin
2025-11-07 15:28:50,889 [INFO] IPUIPlugin:80 - create IPUIPlugin
2025-11-07 15:28:50,889 [INFO] IPUIPlugin:80 - create IPUIPlugin
2025-11-07 15:28:50,889 [INFO] IPUIPlugin:80 - create IPUIPlugin
2025-11-07 15:28:50,890 [INFO] IPUIPlugin:80 - create IPUIPlugin
2025-11-07 15:28:50,890 [INFO] IPUIPlugin:80 - create IPUIPlugin
2025-11-07 15:28:50,890 [INFO] IPUIPlugin:80 - create IPUIPlugin
2025-11-07 15:28:50,890 [INFO] IPUIPlugin:80 - create IPUIPlugin
2025-11-07 15:28:50,890 [INFO] IPUIPlugin:80 - create IPUIPlugin
2025-11-07 15:28:50,891 [INFO] IPUIPlugin:80 - create IPUIPlugin
2025-11-07 15:28:50,891 [INFO] IPUIPlugin:80 - create IPUIPlugin
2025-11-07 15:28:51,190 [INFO] CADModel:165 - CPN selected for project levelSTM32L476RGT3
2025-11-07 15:28:51,190 [INFO] CADModel:114 - Register for checkConnection events
2025-11-07 15:28:51,243 [INFO] OpenFileManager:385 - Restore cursor
2025-11-07 15:28:52,006 [INFO] UtilMem:75 - End SaveConfig() Used Memory: 811314776 Bytes (1073741824)
2025-11-07 15:28:52,107 [INFO] UtilMem:75 - End SaveConfig() Used Memory: 836639592 Bytes (1073741824)
2025-11-07 15:28:52,561 [INFO] BlockDiagram:2775 - set Specific Code input for plugin: SYS
2025-11-07 15:28:52,561 [INFO] BlockDiagram:2775 - set Specific Code input for plugin: RCC
2025-11-07 15:28:52,561 [INFO] BlockDiagram:2775 - set Specific Code input for plugin: NVIC
2025-11-07 15:28:52,561 [INFO] BlockDiagram:2775 - set Specific Code input for plugin: USART
2025-11-07 15:28:52,562 [INFO] BlockDiagram:2775 - set Specific Code input for plugin: GPIO
2025-11-07 15:28:52,564 [INFO] CodeGenerator:882 - code generatio: config db path: C:\ST\STM32CubeIDE_1.18.1\STM32CubeIDE\plugins\com.st.stm32cube.common.mx_6.14.1.202504091515\\db\
2025-11-07 15:28:52,852 [INFO] CodeEngine:263 - oldGeneratedFile, C:\stm32\spi_driver_interrupt\MXTmpFiles\license.tmp_save
2025-11-07 15:28:53,332 [INFO] CodeEngine:287 - Generated code: C:\stm32\spi_driver_interrupt\MXTmpFiles\license.tmp
2025-11-07 15:28:53,456 [INFO] CodeEngine:263 - oldGeneratedFile, C:\stm32\spi_driver_interrupt\MXTmpFiles\gpio.tmp_save
2025-11-07 15:28:53,605 [INFO] CodeEngine:287 - Generated code: C:\stm32\spi_driver_interrupt\MXTmpFiles\gpio.tmp
2025-11-07 15:28:53,732 [INFO] CodeEngine:263 - oldGeneratedFile, C:\stm32\spi_driver_interrupt\Core\Src\stm32l4xx_it.c_save
2025-11-07 15:28:53,839 [INFO] CodeEngine:287 - Generated code: C:\stm32\spi_driver_interrupt\Core\Src\stm32l4xx_it.c
2025-11-07 15:28:53,845 [INFO] CodeEngine:263 - oldGeneratedFile, C:\stm32\spi_driver_interrupt\Core\Inc\stm32l4xx_it.h_save
2025-11-07 15:28:53,921 [INFO] CodeEngine:287 - Generated code: C:\stm32\spi_driver_interrupt\Core\Inc\stm32l4xx_it.h
2025-11-07 15:28:53,939 [INFO] CodeEngine:263 - oldGeneratedFile, C:\stm32\spi_driver_interrupt\Core\Src\stm32l4xx_hal_msp.c_save
2025-11-07 15:28:54,064 [INFO] CodeEngine:287 - Generated code: C:\stm32\spi_driver_interrupt\Core\Src\stm32l4xx_hal_msp.c
2025-11-07 15:28:54,071 [INFO] CodeEngine:263 - oldGeneratedFile, C:\stm32\spi_driver_interrupt\MXTmpFiles\system.tmp_save
2025-11-07 15:28:54,133 [INFO] CodeEngine:287 - Generated code: C:\stm32\spi_driver_interrupt\MXTmpFiles\system.tmp
2025-11-07 15:28:54,148 [INFO] CodeEngine:319 - oldGeneratedFile, C:\stm32\spi_driver_interrupt\Core\Inc\stm32l4xx_hal_conf.h_save
2025-11-07 15:28:54,213 [INFO] CodeEngine:343 - Generated code: C:\stm32\spi_driver_interrupt\Core\Inc\stm32l4xx_hal_conf.h
2025-11-07 15:28:54,263 [INFO] ApiDbMcu:508 - Load IP Config File for USART2
2025-11-07 15:28:54,268 [INFO] ApiDbMcu:508 - Load IP Config File for RCC
2025-11-07 15:28:54,279 [INFO] CodeEngine:263 - oldGeneratedFile, C:\stm32\spi_driver_interrupt\Core\Inc\main.h_save
2025-11-07 15:28:54,367 [INFO] CodeEngine:287 - Generated code: C:\stm32\spi_driver_interrupt\Core\Inc\main.h
2025-11-07 15:28:54,375 [INFO] CodeEngine:263 - oldGeneratedFile, C:\stm32\spi_driver_interrupt\Core\Src\main.c_save
2025-11-07 15:28:54,498 [INFO] CodeEngine:287 - Generated code: C:\stm32\spi_driver_interrupt\Core\Src\main.c
2025-11-07 15:28:54,985 [ERROR] ProjectBuilder:7054 - Problem during Copy of File LICENSE.txt
2025-11-07 15:28:55,177 [INFO] ProjectBuilder:3324 - Time for Copy HAL[1] : 464mS.
2025-11-07 15:28:55,186 [INFO] ProjectBuilder:4912 - Project Generator version: 4.6.0.1-B1
2025-11-07 15:28:55,264 [INFO] ConfigFileManager:1590 - The Die is : DIE415
2025-11-07 15:28:55,272 [INFO] ApiDbMcu:508 - Load IP Config File for FATFS
2025-11-07 15:28:55,277 [INFO] ApiDbMcu:508 - Load IP Config File for FREERTOS
2025-11-07 15:28:55,289 [INFO] ApiDbMcu:508 - Load IP Config File for TOUCHSENSING
2025-11-07 15:28:55,299 [INFO] ApiDbMcu:508 - Load IP Config File for USB_DEVICE
2025-11-07 15:28:55,305 [INFO] ApiDbMcu:508 - Load IP Config File for USB_HOST
2025-11-07 15:28:55,719 [INFO] LogOutputStream:77 - [STDOUT_REDIRECT] 
2025-11-07 15:28:57,992 [INFO] ProjectBuilder:5191 - Time for Generating toolchain IDE Files: 2806mS.
2025-11-07 15:28:57,994 [INFO] ProjectBuilder:3181 - Time for Copy CMSIS : 1mS.
2025-11-07 15:28:57,997 [INFO] ProjectBuilder:3181 - Time for Copy CMSIS : 0mS.
2025-11-07 15:28:58,934 [INFO] McuFinderGlobals:76 - Set McuFinderConnectedMode to true
2025-11-07 15:28:58,938 [INFO] ApiDb:448 - Save user favorites file C:\Users\siree/.stm32cubeide/favorites.mcus.txt: 0 item(s)
2025-11-07 15:28:58,938 [INFO] ApiDb:452 - User favorites MCUs=[]
2025-11-07 15:28:58,940 [INFO] ApiDb:448 - Save user favorites file C:\Users\siree/.stm32cubeide/favorites.boards.txt: 0 item(s)
2025-11-07 15:28:58,941 [INFO] ApiDb:452 - User favorites Boards=[]
2025-11-07 15:35:20,787 [INFO] WebApp:194 - Connection lost
2025-11-07 15:35:21,562 [INFO] WebApp:191 - Connection restablished
2025-11-07 15:48:19,161 [INFO] MainUpdater:2872 - connection check result : 10
2025-11-07 15:48:19,163 [INFO] MainUpdater:2872 - connection check result : 10
2025-11-07 15:48:19,493 [INFO] MicroXplorer:468 - Change Database Path : 
2025-11-07 15:48:19,493 [INFO] MicroXplorer:498 - Change Database Version : DB.6.0.141
2025-11-07 15:48:19,535 [ERROR] ProjectManagerView:395 - 
java.lang.NullPointerException: Cannot invoke "javax.swing.JTextField.getText()" because the return value of "java.util.List.get(int)" is null
	at com.st.microxplorer.plugins.projectmanager.gui.ProjectChoiceTab$9.caretUpdate(ProjectChoiceTab.java:2678) ~[filemanager.jar:?]
	at javax.swing.text.JTextComponent.fireCaretUpdate(JTextComponent.java:408) ~[?:?]
	at javax.swing.text.JTextComponent$MutableCaretEvent.fire(JTextComponent.java:4484) ~[?:?]
	at javax.swing.text.JTextComponent$MutableCaretEvent.stateChanged(JTextComponent.java:4506) ~[?:?]
	at javax.swing.text.DefaultCaret.fireStateChanged(DefaultCaret.java:857) ~[?:?]
	at javax.swing.text.DefaultCaret.changeCaretPosition(DefaultCaret.java:1343) ~[?:?]
	at javax.swing.text.DefaultCaret.handleSetDot(DefaultCaret.java:1242) ~[?:?]
	at javax.swing.text.DefaultCaret.setDot(DefaultCaret.java:1223) ~[?:?]
	at javax.swing.text.DefaultCaret$Handler.insertUpdate(DefaultCaret.java:1819) ~[?:?]
	at javax.swing.text.AbstractDocument.fireInsertUpdate(AbstractDocument.java:227) ~[?:?]
	at javax.swing.text.AbstractDocument.handleInsertString(AbstractDocument.java:781) ~[?:?]
	at javax.swing.text.AbstractDocument.insertString(AbstractDocument.java:740) ~[?:?]
	at javax.swing.text.PlainDocument.insertString(PlainDocument.java:131) ~[?:?]
	at javax.swing.text.AbstractDocument.replace(AbstractDocument.java:699) ~[?:?]
	at javax.swing.text.JTextComponent.setText(JTextComponent.java:1725) ~[?:?]
	at com.st.microxplorer.plugins.projectmanager.gui.ProjectChoiceTab.createHeapStackFields(ProjectChoiceTab.java:979) ~[filemanager.jar:?]
	at com.st.microxplorer.plugins.projectmanager.gui.ProjectChoiceTab.buildLinkSettingsPanel(ProjectChoiceTab.java:3766) ~[filemanager.jar:?]
	at com.st.microxplorer.plugins.projectmanager.gui.ProjectChoiceTab.defineWindowsFields(ProjectChoiceTab.java:1962) ~[filemanager.jar:?]
	at com.st.microxplorer.plugins.projectmanager.gui.ProjectChoiceTab.updateSettings(ProjectChoiceTab.java:555) ~[filemanager.jar:?]
	at com.st.microxplorer.plugins.projectmanager.gui.ProjectSettingsPanel.UpdateDialog(ProjectSettingsPanel.java:245) ~[filemanager.jar:?]
	at com.st.microxplorer.plugins.projectmanager.ProjectManagerView.propertyChange(ProjectManagerView.java:392) ~[filemanager.jar:?]
	at java.beans.PropertyChangeSupport.fire(PropertyChangeSupport.java:343) ~[?:?]
	at java.beans.PropertyChangeSupport.firePropertyChange(PropertyChangeSupport.java:335) ~[?:?]
	at java.beans.PropertyChangeSupport.firePropertyChange(PropertyChangeSupport.java:268) ~[?:?]
	at com.st.microxplorer.util.MXPropertyChangeSupport.firePropertyChange(MXPropertyChangeSupport.java:54) ~[STM32CubeMX.jar:?]
	at com.st.microxplorer.mxsystem.MxSystem.closeConfig(MxSystem.java:899) ~[STM32CubeMX.jar:?]
	at com.st.microxplorer.maingui.MainPanel.closeConfig(MainPanel.java:789) ~[STM32CubeMX.jar:?]
	at com.st.microxplorer.plugins.filemanager.engine.OpenFileManager.loadConfigurationFile(OpenFileManager.java:287) ~[filemanager.jar:?]
	at com.st.microxplorer.plugins.filemanager.engine.MainFileManager.userLoadConfig(MainFileManager.java:341) ~[filemanager.jar:?]
	at com.st.microxplorer.plugins.filemanager.engine.MainFileManager.userLoadConfig(MainFileManager.java:319) ~[filemanager.jar:?]
	at com.st.microxplorer.plugins.filemanager.FileManagerView.getSpecificTask(FileManagerView.java:246) ~[filemanager.jar:?]
	at com.st.stm32cube.common.mx.editor.CubeMxEditor.getMxTabbedPaneInstance(CubeMxEditor.java:1198) ~[com.st.stm32cube.common.mx_6.14.1.202504091515/:?]
	at com.st.stm32cube.common.mx.editor.CubeMxEditor$12$1.createSwingComponent(CubeMxEditor.java:1068) ~[com.st.stm32cube.common.mx_6.14.1.202504091515/:?]
	at com.st.stm32cube.common.mx.oss.core.awtswtbridge.EmbeddedSwingComposite.doComponentCreation(EmbeddedSwingComposite.java:492) ~[com.st.stm32cube.common.mx.oss_6.14.1.202504091515/:?]
	at com.st.stm32cube.common.mx.oss.core.awtswtbridge.EmbeddedSwingComposite$4.run(EmbeddedSwingComposite.java:291) ~[com.st.stm32cube.common.mx.oss_6.14.1.202504091515/:?]
	at com.st.stm32cube.common.mx.oss.core.awtswtbridge.AwtEnvironment$2.run(AwtEnvironment.java:166) ~[com.st.stm32cube.common.mx.oss_6.14.1.202504091515/:?]
	at java.awt.event.InvocationEvent.dispatch(InvocationEvent.java:318) ~[?:?]
	at java.awt.EventQueue.dispatchEventImpl(EventQueue.java:773) ~[?:?]
	at java.awt.EventQueue$4.run(EventQueue.java:720) ~[?:?]
	at java.awt.EventQueue$4.run(EventQueue.java:714) ~[?:?]
	at java.security.AccessController.doPrivileged(AccessController.java:400) ~[?:?]
	at java.security.ProtectionDomain$JavaSecurityAccessImpl.doIntersectionPrivilege(ProtectionDomain.java:87) ~[?:?]
	at java.awt.EventQueue.dispatchEvent(EventQueue.java:742) ~[?:?]
	at java.awt.EventDispatchThread.pumpOneEventForFilters(EventDispatchThread.java:203) ~[?:?]
	at java.awt.EventDispatchThread.pumpEventsForFilter(EventDispatchThread.java:124) ~[?:?]
	at java.awt.EventDispatchThread.pumpEventsForHierarchy(EventDispatchThread.java:113) ~[?:?]
	at java.awt.EventDispatchThread.pumpEvents(EventDispatchThread.java:109) ~[?:?]
	at java.awt.EventDispatchThread.pumpEvents(EventDispatchThread.java:101) ~[?:?]
	at java.awt.EventDispatchThread.run(EventDispatchThread.java:90) ~[?:?]
2025-11-07 15:48:19,556 [WARN] ThirdParty:871 - waiting for thirdparty lock release [close project]
2025-11-07 15:48:19,556 [INFO] ThirdParty:873 - entering critical section [close project]
2025-11-07 15:48:19,557 [INFO] ThirdParty:883 - exiting critical section [close project]
2025-11-07 15:48:19,559 [INFO] PinOutPanel:1589 - setPackage(No Configuration,No Configuration)
2025-11-07 15:48:19,578 [INFO] UtilMem:75 - Begin LoadConfig() Used Memory: 874075240 Bytes (1073741824)
2025-11-07 15:48:19,579 [INFO] MicroXplorer:468 - Change Database Path : 
2025-11-07 15:48:19,579 [INFO] MicroXplorer:498 - Change Database Version : DB.6.0.141
2025-11-07 15:48:19,579 [INFO] OpenFileManager:354 - Change cursor
2025-11-07 15:48:19,615 [INFO] RulesReader:64 - Compatibility file has been processed (302 Rules)
2025-11-07 15:48:19,629 [INFO] Mcu:2011 - Initializing MCU STM32L476R(C-E-G)Tx STM32L476RGTx STM32L476RGT3
2025-11-07 15:48:21,400 [INFO] Context:756 - Trying to add GPIOservice into a context  which must be forbidden
2025-11-07 15:48:22,409 [INFO] ImportTextPane:218 - (OptionalMessage_ERROR) Pin17 (VP_RIF_VS_RIF1) cannot be retrieved for this MCU
2025-11-07 15:48:22,464 [INFO] RtosManager:558 - Registered RTOS mode: class=CMSIS, group=RTOS, mode=CMSIS_V1, owner=FREERTOS
2025-11-07 15:48:22,465 [INFO] RtosManager:558 - Registered RTOS mode: class=CMSIS, group=RTOS2, mode=CMSIS_V2, owner=FREERTOS
2025-11-07 15:48:22,465 [INFO] RtosManager:558 - Registered RTOS mode: class=RTOS, group=Core, mode=CMSIS_V1, owner=FREERTOS
2025-11-07 15:48:22,465 [INFO] RtosManager:558 - Registered RTOS mode: class=RTOS, group=Core, mode=CMSIS_V2, owner=FREERTOS
2025-11-07 15:48:22,465 [WARN] ModelIntegratedComponent:184 - Missing modes for component STMicroelectronics:FreeRTOS:0.0.1:STMicroelectronics:RTOS:FreeRTOS:Core:::10.2.0:
2025-11-07 15:48:22,484 [WARN] ModelIntegratedComponent:63 - No mode defined for component null
2025-11-07 15:48:22,484 [WARN] ModelIntegratedComponent:63 - No mode defined for component null
2025-11-07 15:48:22,484 [WARN] ModelIntegratedComponent:63 - No mode defined for component null
2025-11-07 15:48:22,484 [WARN] ModelIntegratedComponent:63 - No mode defined for component null
2025-11-07 15:48:22,485 [WARN] ModelIntegratedComponent:63 - No mode defined for component null
2025-11-07 15:48:22,485 [WARN] ModelIntegratedComponent:63 - No mode defined for component null
2025-11-07 15:48:22,485 [WARN] ModelIntegratedComponent:63 - No mode defined for component null
2025-11-07 15:48:22,485 [WARN] ModelIntegratedComponent:63 - No mode defined for component null
2025-11-07 15:48:22,485 [WARN] ModelIntegratedComponent:63 - No mode defined for component null
2025-11-07 15:48:22,485 [WARN] ModelIntegratedComponent:63 - No mode defined for component null
2025-11-07 15:48:22,485 [WARN] ModelIntegratedComponent:63 - No mode defined for component null
2025-11-07 15:48:22,485 [WARN] ModelIntegratedComponent:63 - No mode defined for component null
2025-11-07 15:48:22,485 [WARN] ModelIntegratedComponent:63 - No mode defined for component null
2025-11-07 15:48:22,485 [WARN] ModelIntegratedComponent:63 - No mode defined for component null
2025-11-07 15:48:22,485 [WARN] ModelIntegratedComponent:63 - No mode defined for component null
2025-11-07 15:48:22,485 [WARN] ModelIntegratedComponent:63 - No mode defined for component null
2025-11-07 15:48:22,485 [WARN] ModelIntegratedComponent:63 - No mode defined for component null
2025-11-07 15:48:22,486 [WARN] ModelIntegratedComponent:63 - No mode defined for component null
2025-11-07 15:48:22,486 [WARN] ModelIntegratedComponent:63 - No mode defined for component null
2025-11-07 15:48:22,486 [WARN] ModelIntegratedComponent:63 - No mode defined for component null
2025-11-07 15:48:22,486 [WARN] ModelIntegratedComponent:63 - No mode defined for component null
2025-11-07 15:48:22,486 [WARN] ModelIntegratedComponent:63 - No mode defined for component null
2025-11-07 15:48:22,486 [WARN] ModelIntegratedComponent:63 - No mode defined for component null
2025-11-07 15:48:22,486 [WARN] ModelIntegratedComponent:63 - No mode defined for component null
2025-11-07 15:48:22,486 [WARN] ModelIntegratedComponent:63 - No mode defined for component null
2025-11-07 15:48:22,486 [WARN] ModelIntegratedComponent:63 - No mode defined for component null
2025-11-07 15:48:22,486 [WARN] ModelIntegratedComponent:63 - No mode defined for component null
2025-11-07 15:48:22,486 [WARN] ModelIntegratedComponent:63 - No mode defined for component null
2025-11-07 15:48:22,486 [WARN] ModelIntegratedComponent:63 - No mode defined for component null
2025-11-07 15:48:22,486 [WARN] ModelIntegratedComponent:63 - No mode defined for component null
2025-11-07 15:48:22,487 [WARN] ModelIntegratedComponent:63 - No mode defined for component null
2025-11-07 15:48:22,487 [WARN] ModelIntegratedComponent:63 - No mode defined for component null
2025-11-07 15:48:22,487 [WARN] ModelIntegratedComponent:63 - No mode defined for component null
2025-11-07 15:48:22,487 [WARN] ModelIntegratedComponent:63 - No mode defined for component null
2025-11-07 15:48:22,487 [WARN] ModelIntegratedComponent:63 - No mode defined for component null
2025-11-07 15:48:22,487 [WARN] ModelPack:524 - Component already loaded: STMicroelectronics:HAL Drivers:0.0.0:STMicroelectronics:Device:STMicro_Driver:XSPI:HAL::0.0.1:HAL_XSPI
2025-11-07 15:48:22,583 [INFO] ThirdPartyModel:298 - Start build external matchings
2025-11-07 15:48:22,872 [INFO] ThirdPartyModel:316 - End build external matchings
2025-11-07 15:48:22,885 [INFO] ImportTextPane:218 - (OptionalMessage_ERROR) IP (RCC) : Invalid parameter (FamilyName)
2025-11-07 15:48:22,887 [INFO] ImportTextPane:218 - (OptionalMessage_ERROR) IP (RCC) : Parameter (RNGFreq_Value) has invalid value (64000000)
2025-11-07 15:48:22,887 [INFO] ImportTextPane:218 - (OptionalMessage_ERROR) IP (RCC) : Parameter (SDMMCFreq_Value) has invalid value (64000000)
2025-11-07 15:48:22,887 [INFO] ImportTextPane:218 - (OptionalMessage_ERROR) IP (RCC) : Parameter (USBFreq_Value) has invalid value (64000000)
2025-11-07 15:48:23,284 [INFO] UtilMem:75 - End LoadConfig() Used Memory: 705940768 Bytes (1073741824)
2025-11-07 15:48:23,323 [WARN] ThirdParty:833 - waiting for thirdparty lock release [change project]
2025-11-07 15:48:23,324 [INFO] ThirdParty:835 - entering critical section [change project]
2025-11-07 15:48:23,324 [INFO] ThirdParty:1030 - CMSIS Pack Vendor :STMicroelectronics X-CUBE-PM33A1 1.0.0
2025-11-07 15:48:23,324 [INFO] ThirdParty:1030 - CMSIS Pack Vendor :STMicroelectronics USBPD 4.1
2025-11-07 15:48:23,324 [INFO] ThirdParty:1030 - CMSIS Pack Vendor :STMicroelectronics X-CUBE-NFC9 1.0.0
2025-11-07 15:48:23,324 [INFO] ThirdParty:1030 - CMSIS Pack Vendor :STMicroelectronics USB_HOST 2.0.0
2025-11-07 15:48:23,324 [INFO] ThirdParty:1030 - CMSIS Pack Vendor :STMicroelectronics FP-SNS-MOTENVWB1 1.4.0
2025-11-07 15:48:23,324 [INFO] ThirdParty:1030 - CMSIS Pack Vendor :STMicroelectronics X-CUBE-AZRTOS-F4 1.1.0
2025-11-07 15:48:23,324 [INFO] ThirdParty:1030 - CMSIS Pack Vendor :STMicroelectronics LIBJPEG 8.0.0
2025-11-07 15:48:23,324 [INFO] ThirdParty:1030 - CMSIS Pack Vendor :STMicroelectronics FP-ATR-ASTRA1 2.0.2
2025-11-07 15:48:23,324 [INFO] ThirdParty:1030 - CMSIS Pack Vendor :wolfSSL I-CUBE-wolfSSL 5.8.2
2025-11-07 15:48:23,324 [INFO] ThirdParty:1030 - CMSIS Pack Vendor :STMicroelectronics X-CUBE-BLE1 7.1.0
2025-11-07 15:48:23,324 [INFO] ThirdParty:1030 - CMSIS Pack Vendor :STMicroelectronics X-CUBE-SMBUS 2.1.0
2025-11-07 15:48:23,325 [INFO] ThirdParty:1030 - CMSIS Pack Vendor :wolfSSL I-CUBE-wolfMQTT 1.19.2
2025-11-07 15:48:23,325 [INFO] ThirdParty:1030 - CMSIS Pack Vendor :STMicroelectronics USB_DEVICE 3.0.0
2025-11-07 15:48:23,325 [INFO] ThirdParty:1030 - CMSIS Pack Vendor :STMicroelectronics X-CUBE-ISPU 2.1.0
2025-11-07 15:48:23,325 [INFO] ThirdParty:1030 - CMSIS Pack Vendor :STMicroelectronics X-CUBE-EEPRMA1 5.2.0
2025-11-07 15:48:23,325 [INFO] ThirdParty:1030 - CMSIS Pack Vendor :STMicroelectronics X-CUBE-BLEMGR 4.1.0
2025-11-07 15:48:23,325 [INFO] ThirdParty:1030 - CMSIS Pack Vendor :STMicroelectronics X-CUBE-AZRTOS-WB 2.0.0
2025-11-07 15:48:23,325 [INFO] ThirdParty:1030 - CMSIS Pack Vendor :STMicroelectronics X-CUBE-GNSS1 7.0.1
2025-11-07 15:48:23,325 [INFO] ThirdParty:1030 - CMSIS Pack Vendor :STMicroelectronics X-CUBE-NFC12 1.0.0
2025-11-07 15:48:23,325 [INFO] ThirdParty:1030 - CMSIS Pack Vendor :STMicroelectronics X-CUBE-AZRTOS-F7 1.1.0
2025-11-07 15:48:23,325 [INFO] ThirdParty:1030 - CMSIS Pack Vendor :STMicroelectronics X-CUBE-AZRTOS-L5 2.0.0
2025-11-07 15:48:23,325 [INFO] ThirdParty:1030 - CMSIS Pack Vendor :STMicroelectronics USB_DEVICE 2.0.0
2025-11-07 15:48:23,325 [INFO] ThirdParty:1030 - CMSIS Pack Vendor :STMicroelectronics X-CUBE-NFC6 3.1.0
2025-11-07 15:48:23,325 [INFO] ThirdParty:1030 - CMSIS Pack Vendor :Cesanta I-CUBE-Mongoose 7.19.0
2025-11-07 15:48:23,325 [INFO] ThirdParty:1030 - CMSIS Pack Vendor :quantropi X-CUBE-qispace-sdk-base 2.1.0
2025-11-07 15:48:23,325 [INFO] ThirdParty:1030 - CMSIS Pack Vendor :STMicroelectronics FreeRTOS 0.0.1
2025-11-07 15:48:23,325 [INFO] ThirdParty:1030 - CMSIS Pack Vendor :STMicroelectronics X-CUBE-AZRTOS-G0 1.1.0
2025-11-07 15:48:23,325 [INFO] ThirdParty:1030 - CMSIS Pack Vendor :STMicroelectronics X-CUBE-SAFEA1 1.2.2
2025-11-07 15:48:23,326 [INFO] ThirdParty:1030 - CMSIS Pack Vendor :STMicroelectronics X-CUBE-NFC4 3.0.0
2025-11-07 15:48:23,326 [INFO] ThirdParty:1030 - CMSIS Pack Vendor :STMicroelectronics X-CUBE-SUBG2 5.0.0
2025-11-07 15:48:23,326 [INFO] ThirdParty:1030 - CMSIS Pack Vendor :STMicroelectronics X-CUBE-AZRTOS-H7RS 1.1.0
2025-11-07 15:48:23,326 [INFO] ThirdParty:1030 - CMSIS Pack Vendor :STMicroelectronics STM32_WPAN 1.0.0
2025-11-07 15:48:23,326 [INFO] ThirdParty:1030 - CMSIS Pack Vendor :EmbeddedOffice I-CUBE-FS-RTOS 1.0.1
2025-11-07 15:48:23,326 [INFO] ThirdParty:1030 - CMSIS Pack Vendor :STMicroelectronics lwIP 2.0.3
2025-11-07 15:48:23,326 [INFO] ThirdParty:1030 - CMSIS Pack Vendor :STMicroelectronics USB_HOST 1.0.0
2025-11-07 15:48:23,326 [INFO] ThirdParty:1030 - CMSIS Pack Vendor :Infineon AIROC-Wi-Fi-Bluetooth-STM32 1.7.1
2025-11-07 15:48:23,326 [INFO] ThirdParty:1030 - CMSIS Pack Vendor :STMicroelectronics X-CUBE-AZRTOS-G4 2.0.0
2025-11-07 15:48:23,326 [INFO] ThirdParty:1030 - CMSIS Pack Vendor :STMicroelectronics X-CUBE-WB05N 2.0.0
2025-11-07 15:48:23,326 [INFO] ThirdParty:1030 - CMSIS Pack Vendor :STMicroelectronics PDM2PCM 3.1.0
2025-11-07 15:48:23,327 [INFO] ThirdParty:1030 - CMSIS Pack Vendor :STMicroelectronics PDM2PCM 3.3.0
2025-11-07 15:48:23,327 [INFO] ThirdParty:1030 - CMSIS Pack Vendor :wolfSSL I-CUBE-wolfTPM 3.8.0
2025-11-07 15:48:23,327 [INFO] ThirdParty:1030 - CMSIS Pack Vendor :STMicroelectronics X-CUBE-AZRTOS-H7 3.4.0
2025-11-07 15:48:23,327 [INFO] ThirdParty:1030 - CMSIS Pack Vendor :STMicroelectronics X-CUBE-DISPLAY 3.0.0
2025-11-07 15:48:23,327 [INFO] ThirdParty:1030 - CMSIS Pack Vendor :wolfSSL I-CUBE-wolfSSH 1.4.20
2025-11-07 15:48:23,327 [INFO] ThirdParty:1030 - CMSIS Pack Vendor :STMicroelectronics X-CUBE-NFC7 2.0.0
2025-11-07 15:48:23,327 [INFO] ThirdParty:1030 - CMSIS Pack Vendor :STMicroelectronics X-CUBE-TCPP 4.2.0
2025-11-07 15:48:23,328 [INFO] ThirdParty:1030 - CMSIS Pack Vendor :RealThread X-CUBE-RT-Thread_Nano 4.1.1
2025-11-07 15:48:23,328 [INFO] ThirdParty:1030 - CMSIS Pack Vendor :STMicroelectronics FP-ATR-SIGFOX1 3.2.0
2025-11-07 15:48:23,328 [INFO] ThirdParty:1030 - CMSIS Pack Vendor :STMicroelectronics X-CUBE-NFC10 1.0.0
2025-11-07 15:48:23,328 [INFO] ThirdParty:1030 - CMSIS Pack Vendor :STMicroelectronics X-CUBE-FREERTOS 1.3.1
2025-11-07 15:48:23,328 [INFO] ThirdParty:1030 - CMSIS Pack Vendor :STMicroelectronics HAL Drivers 0.0.0
2025-11-07 15:48:23,328 [INFO] ThirdParty:1030 - CMSIS Pack Vendor :STMicroelectronics MBEDTLS 2.16.2
2025-11-07 15:48:23,328 [INFO] ThirdParty:1030 - CMSIS Pack Vendor :STMicroelectronics X-CUBE-ST60 1.1.0
2025-11-07 15:48:23,329 [INFO] ThirdParty:1030 - CMSIS Pack Vendor :STMicroelectronics X-CUBE-ALS 1.0.2
2025-11-07 15:48:23,329 [INFO] ThirdParty:1030 - CMSIS Pack Vendor :emotas I-CUBE-CANOPEN 1.3.0
2025-11-07 15:48:23,329 [INFO] ThirdParty:1030 - CMSIS Pack Vendor :STMicroelectronics MBEDTLS 2.14.1
2025-11-07 15:48:23,329 [INFO] ThirdParty:1030 - CMSIS Pack Vendor :STMicroelectronics X-CUBE-GNSS1 7.1.0
2025-11-07 15:48:23,329 [INFO] ThirdParty:1030 - CMSIS Pack Vendor :ITTIA_DB I-CUBE-ITTIADB 8.9.0
2025-11-07 15:48:23,329 [INFO] ThirdParty:1030 - CMSIS Pack Vendor :STMicroelectronics X-CUBE-TOUCHGFX 4.26.0
2025-11-07 15:48:23,329 [INFO] ThirdParty:1030 - CMSIS Pack Vendor :STMicroelectronics X-CUBE-STSE01 1.0.0
2025-11-07 15:48:23,329 [INFO] ThirdParty:1030 - CMSIS Pack Vendor :STMicroelectronics X-CUBE-AI 10.2.0
2025-11-07 15:48:23,329 [INFO] ThirdParty:1030 - CMSIS Pack Vendor :STMicroelectronics FP-SNS-STAIOTCFT 1.0.0
2025-11-07 15:48:23,329 [INFO] ThirdParty:1030 - CMSIS Pack Vendor :STMicroelectronics ThreadX 1.0.0
2025-11-07 15:48:23,329 [INFO] ThirdParty:1030 - CMSIS Pack Vendor :STMicroelectronics FP-SNS-SMARTAG2 1.2.0
2025-11-07 15:48:23,329 [INFO] ThirdParty:1030 - CMSIS Pack Vendor :STMicroelectronics FP-SNS-FLIGHT1 5.1.0
2025-11-07 15:48:23,330 [INFO] ThirdParty:1030 - CMSIS Pack Vendor :STMicroelectronics X-CUBE-AZRTOS-WL 2.0.0
2025-11-07 15:48:23,330 [INFO] ThirdParty:1030 - CMSIS Pack Vendor :SEGGER I-CUBE-embOS 1.3.1
2025-11-07 15:48:23,330 [INFO] ThirdParty:1030 - CMSIS Pack Vendor :STMicroelectronics X-CUBE-ALGOBUILD 1.4.0
2025-11-07 15:48:23,330 [INFO] ThirdParty:1030 - CMSIS Pack Vendor :STMicroelectronics X-CUBE-DPower 1.3.0
2025-11-07 15:48:23,330 [INFO] ThirdParty:1030 - CMSIS Pack Vendor :STMicroelectronics X-CUBE-MEMS1 11.3.0
2025-11-07 15:48:23,330 [INFO] ThirdParty:1030 - CMSIS Pack Vendor :STMicroelectronics USB_DEVICE 1.0.0
2025-11-07 15:48:23,330 [INFO] ThirdParty:1030 - CMSIS Pack Vendor :STMicroelectronics X-CUBE-AZRTOS-L4 2.0.0
2025-11-07 15:48:23,331 [INFO] ThirdParty:1030 - CMSIS Pack Vendor :STMicroelectronics ThreadX 0.0.2
2025-11-07 15:48:23,331 [INFO] ThirdParty:1030 - CMSIS Pack Vendor :STMicroelectronics lwIP 2.1.2
2025-11-07 15:48:23,331 [INFO] ThirdParty:1030 - CMSIS Pack Vendor :STMicroelectronics X-CUBE-SFXS2LP1 4.0.0
2025-11-07 15:48:23,331 [INFO] ThirdParty:1030 - CMSIS Pack Vendor :STMicroelectronics X-CUBE-BLE2 3.3.0
2025-11-07 15:48:23,331 [INFO] ThirdParty:1030 - CMSIS Pack Vendor :STMicroelectronics X-CUBE-TOF1 3.4.3
2025-11-07 15:48:23,331 [INFO] ThirdParty:1030 - CMSIS Pack Vendor :STMicroelectronics PDM2PCM 3.2.0
2025-11-07 15:48:23,336 [INFO] ThirdParty:841 - exiting critical section [change project]
2025-11-07 15:48:23,726 [INFO] PinOutPanel:1589 - setPackage(No Configuration,No Configuration)
2025-11-07 15:48:23,728 [INFO] PinOutPanel:1589 - setPackage(STM32L476RGTx,LQFP64)
2025-11-07 15:48:24,221 [INFO] UtilMem:75 - Before build in PCC Used Memory: 753027400 Bytes (1073741824)
2025-11-07 15:48:24,578 [INFO] UtilMem:75 - After build in PCC Used Memory: 835338568 Bytes (1073741824)
2025-11-07 15:48:24,602 [INFO] IPUIPlugin:80 - create IPUIPlugin
2025-11-07 15:48:24,602 [INFO] IPUIPlugin:80 - create IPUIPlugin
2025-11-07 15:48:24,602 [INFO] IPUIPlugin:80 - create IPUIPlugin
2025-11-07 15:48:24,602 [INFO] IPUIPlugin:80 - create IPUIPlugin
2025-11-07 15:48:24,602 [INFO] IPUIPlugin:80 - create IPUIPlugin
2025-11-07 15:48:24,602 [INFO] IPUIPlugin:80 - create IPUIPlugin
2025-11-07 15:48:24,602 [INFO] IPUIPlugin:80 - create IPUIPlugin
2025-11-07 15:48:24,603 [INFO] IPUIPlugin:80 - create IPUIPlugin
2025-11-07 15:48:24,603 [INFO] IPUIPlugin:80 - create IPUIPlugin
2025-11-07 15:48:24,603 [INFO] IPUIPlugin:80 - create IPUIPlugin
2025-11-07 15:48:24,603 [INFO] IPUIPlugin:80 - create IPUIPlugin
2025-11-07 15:48:24,603 [INFO] IPUIPlugin:80 - create IPUIPlugin
2025-11-07 15:48:24,603 [INFO] IPUIPlugin:80 - create IPUIPlugin
2025-11-07 15:48:24,604 [INFO] IPUIPlugin:80 - create IPUIPlugin
2025-11-07 15:48:24,604 [INFO] IPUIPlugin:80 - create IPUIPlugin
2025-11-07 15:48:24,604 [INFO] IPUIPlugin:80 - create IPUIPlugin
2025-11-07 15:48:24,604 [INFO] IPUIPlugin:80 - create IPUIPlugin
2025-11-07 15:48:24,604 [INFO] IPUIPlugin:80 - create IPUIPlugin
2025-11-07 15:48:24,605 [INFO] IPUIPlugin:80 - create IPUIPlugin
2025-11-07 15:48:24,605 [INFO] IPUIPlugin:80 - create IPUIPlugin
2025-11-07 15:48:24,605 [INFO] IPUIPlugin:80 - create IPUIPlugin
2025-11-07 15:48:24,605 [INFO] IPUIPlugin:80 - create IPUIPlugin
2025-11-07 15:48:24,605 [INFO] IPUIPlugin:80 - create IPUIPlugin
2025-11-07 15:48:24,605 [INFO] IPUIPlugin:80 - create IPUIPlugin
2025-11-07 15:48:24,605 [INFO] IPUIPlugin:80 - create IPUIPlugin
2025-11-07 15:48:24,606 [INFO] IPUIPlugin:80 - create IPUIPlugin
2025-11-07 15:48:24,606 [INFO] IPUIPlugin:80 - create IPUIPlugin
2025-11-07 15:48:24,606 [INFO] IPUIPlugin:80 - create IPUIPlugin
2025-11-07 15:48:24,606 [INFO] IPUIPlugin:80 - create IPUIPlugin
2025-11-07 15:48:24,607 [INFO] IPUIPlugin:80 - create IPUIPlugin
2025-11-07 15:48:24,607 [INFO] IPUIPlugin:80 - create IPUIPlugin
2025-11-07 15:48:24,607 [INFO] IPUIPlugin:80 - create IPUIPlugin
2025-11-07 15:48:24,607 [INFO] IPUIPlugin:80 - create IPUIPlugin
2025-11-07 15:48:24,608 [INFO] IPUIPlugin:80 - create IPUIPlugin
2025-11-07 15:48:24,608 [INFO] IPUIPlugin:80 - create IPUIPlugin
2025-11-07 15:48:24,608 [INFO] IPUIPlugin:80 - create IPUIPlugin
2025-11-07 15:48:24,609 [INFO] IPUIPlugin:80 - create IPUIPlugin
2025-11-07 15:48:24,609 [INFO] IPUIPlugin:80 - create IPUIPlugin
2025-11-07 15:48:24,609 [INFO] IPUIPlugin:80 - create IPUIPlugin
2025-11-07 15:48:24,609 [INFO] IPUIPlugin:80 - create IPUIPlugin
2025-11-07 15:48:24,609 [INFO] IPUIPlugin:80 - create IPUIPlugin
2025-11-07 15:48:24,610 [INFO] IPUIPlugin:80 - create IPUIPlugin
2025-11-07 15:48:24,610 [INFO] IPUIPlugin:80 - create IPUIPlugin
2025-11-07 15:48:24,610 [INFO] IPUIPlugin:80 - create IPUIPlugin
2025-11-07 15:48:24,611 [INFO] IPUIPlugin:80 - create IPUIPlugin
2025-11-07 15:48:24,611 [INFO] IPUIPlugin:80 - create IPUIPlugin
2025-11-07 15:48:24,611 [INFO] IPUIPlugin:80 - create IPUIPlugin
2025-11-07 15:48:24,611 [INFO] IPUIPlugin:80 - create IPUIPlugin
2025-11-07 15:48:24,612 [INFO] IPUIPlugin:80 - create IPUIPlugin
2025-11-07 15:48:24,612 [INFO] IPUIPlugin:80 - create IPUIPlugin
2025-11-07 15:48:24,612 [INFO] IPUIPlugin:80 - create IPUIPlugin
2025-11-07 15:48:24,612 [INFO] IPUIPlugin:80 - create IPUIPlugin
2025-11-07 15:48:24,613 [INFO] IPUIPlugin:80 - create IPUIPlugin
2025-11-07 15:48:24,613 [INFO] IPUIPlugin:80 - create IPUIPlugin
2025-11-07 15:48:24,613 [INFO] IPUIPlugin:80 - create IPUIPlugin
2025-11-07 15:48:24,614 [INFO] IPUIPlugin:80 - create IPUIPlugin
2025-11-07 15:48:24,614 [INFO] IPUIPlugin:80 - create IPUIPlugin
2025-11-07 15:48:24,615 [INFO] IPUIPlugin:80 - create IPUIPlugin
2025-11-07 15:48:24,615 [INFO] IPUIPlugin:80 - create IPUIPlugin
2025-11-07 15:48:24,687 [INFO] CADModel:165 - CPN selected for project levelSTM32L476RGT3
2025-11-07 15:48:24,687 [INFO] CADModel:114 - Register for checkConnection events
2025-11-07 15:48:24,741 [INFO] OpenFileManager:385 - Restore cursor
2025-11-07 16:09:58,032 [INFO] MainUpdater:2872 - connection check result : 10
2025-11-07 16:09:58,820 [INFO] McuFinderGlobals:76 - Set McuFinderConnectedMode to true
2025-11-07 16:09:58,856 [INFO] MultiScanPanel:200 - Auto-refresh data requested => check proxy status ongoing
2025-11-07 16:09:58,871 [INFO] FinderPluginLoader:95 - Searching for filters in installed packs
2025-11-07 16:10:01,930 [INFO] LoadUrlFilesThread:185 - End of LoadServerUrlFiles without Thread
2025-11-07 16:10:01,937 [INFO] DetailPanel:341 - Set advertising image to C:/Users/siree/STM32Cube/Repository/\en.mcu-finder-stm32n6dk.jpg
2025-11-07 16:10:06,548 [INFO] MultiScanPanel:200 - Auto-refresh data requested => check proxy status ongoing
2025-11-07 16:10:06,615 [INFO] LoadUrlFilesThread:185 - End of LoadServerUrlFiles without Thread
2025-11-07 16:10:06,616 [INFO] DetailPanel:341 - Set advertising image to C:/Users/siree/STM32Cube/Repository/\en.mcu-finder-stm32n6dk.jpg
2025-11-07 16:10:33,870 [INFO] MainUpdater:2872 - connection check result : 10
2025-11-07 16:10:33,870 [INFO] MainUpdater:2872 - connection check result : 10
2025-11-07 16:10:34,039 [INFO] MicroXplorer:468 - Change Database Path : 
2025-11-07 16:10:34,039 [INFO] MicroXplorer:498 - Change Database Version : DB.6.0.141
2025-11-07 16:10:34,083 [ERROR] ProjectManagerView:395 - 
java.lang.NullPointerException: Cannot invoke "javax.swing.JTextField.getText()" because the return value of "java.util.List.get(int)" is null
	at com.st.microxplorer.plugins.projectmanager.gui.ProjectChoiceTab$9.caretUpdate(ProjectChoiceTab.java:2678) ~[filemanager.jar:?]
	at javax.swing.text.JTextComponent.fireCaretUpdate(JTextComponent.java:408) ~[?:?]
	at javax.swing.text.JTextComponent$MutableCaretEvent.fire(JTextComponent.java:4484) ~[?:?]
	at javax.swing.text.JTextComponent$MutableCaretEvent.stateChanged(JTextComponent.java:4506) ~[?:?]
	at javax.swing.text.DefaultCaret.fireStateChanged(DefaultCaret.java:857) ~[?:?]
	at javax.swing.text.DefaultCaret.changeCaretPosition(DefaultCaret.java:1343) ~[?:?]
	at javax.swing.text.DefaultCaret.handleSetDot(DefaultCaret.java:1242) ~[?:?]
	at javax.swing.text.DefaultCaret.setDot(DefaultCaret.java:1223) ~[?:?]
	at javax.swing.text.DefaultCaret$Handler.insertUpdate(DefaultCaret.java:1819) ~[?:?]
	at javax.swing.text.AbstractDocument.fireInsertUpdate(AbstractDocument.java:227) ~[?:?]
	at javax.swing.text.AbstractDocument.handleInsertString(AbstractDocument.java:781) ~[?:?]
	at javax.swing.text.AbstractDocument.insertString(AbstractDocument.java:740) ~[?:?]
	at javax.swing.text.PlainDocument.insertString(PlainDocument.java:131) ~[?:?]
	at javax.swing.text.AbstractDocument.replace(AbstractDocument.java:699) ~[?:?]
	at javax.swing.text.JTextComponent.setText(JTextComponent.java:1725) ~[?:?]
	at com.st.microxplorer.plugins.projectmanager.gui.ProjectChoiceTab.createHeapStackFields(ProjectChoiceTab.java:979) ~[filemanager.jar:?]
	at com.st.microxplorer.plugins.projectmanager.gui.ProjectChoiceTab.buildLinkSettingsPanel(ProjectChoiceTab.java:3766) ~[filemanager.jar:?]
	at com.st.microxplorer.plugins.projectmanager.gui.ProjectChoiceTab.defineWindowsFields(ProjectChoiceTab.java:1962) ~[filemanager.jar:?]
	at com.st.microxplorer.plugins.projectmanager.gui.ProjectChoiceTab.updateSettings(ProjectChoiceTab.java:555) ~[filemanager.jar:?]
	at com.st.microxplorer.plugins.projectmanager.gui.ProjectSettingsPanel.UpdateDialog(ProjectSettingsPanel.java:245) ~[filemanager.jar:?]
	at com.st.microxplorer.plugins.projectmanager.ProjectManagerView.propertyChange(ProjectManagerView.java:392) ~[filemanager.jar:?]
	at java.beans.PropertyChangeSupport.fire(PropertyChangeSupport.java:343) ~[?:?]
	at java.beans.PropertyChangeSupport.firePropertyChange(PropertyChangeSupport.java:335) ~[?:?]
	at java.beans.PropertyChangeSupport.firePropertyChange(PropertyChangeSupport.java:268) ~[?:?]
	at com.st.microxplorer.util.MXPropertyChangeSupport.firePropertyChange(MXPropertyChangeSupport.java:54) ~[STM32CubeMX.jar:?]
	at com.st.microxplorer.mxsystem.MxSystem.closeConfig(MxSystem.java:899) ~[STM32CubeMX.jar:?]
	at com.st.microxplorer.maingui.MainPanel.closeConfig(MainPanel.java:789) ~[STM32CubeMX.jar:?]
	at com.st.microxplorer.plugins.filemanager.engine.OpenFileManager.loadConfigurationFile(OpenFileManager.java:287) ~[filemanager.jar:?]
	at com.st.microxplorer.plugins.filemanager.engine.MainFileManager.userLoadConfig(MainFileManager.java:341) ~[filemanager.jar:?]
	at com.st.microxplorer.plugins.filemanager.FileManagerView.getSpecificTask(FileManagerView.java:250) ~[filemanager.jar:?]
	at com.st.stm32cube.common.mx.editor.CubeMxEditor.getMxTabbedPaneInstance(CubeMxEditor.java:1191) ~[com.st.stm32cube.common.mx_6.14.1.202504091515/:?]
	at com.st.stm32cube.common.mx.editor.CubeMxEditor$12$1.createSwingComponent(CubeMxEditor.java:1068) ~[com.st.stm32cube.common.mx_6.14.1.202504091515/:?]
	at com.st.stm32cube.common.mx.oss.core.awtswtbridge.EmbeddedSwingComposite.doComponentCreation(EmbeddedSwingComposite.java:492) ~[com.st.stm32cube.common.mx.oss_6.14.1.202504091515/:?]
	at com.st.stm32cube.common.mx.oss.core.awtswtbridge.EmbeddedSwingComposite$4.run(EmbeddedSwingComposite.java:291) ~[com.st.stm32cube.common.mx.oss_6.14.1.202504091515/:?]
	at com.st.stm32cube.common.mx.oss.core.awtswtbridge.AwtEnvironment$2.run(AwtEnvironment.java:166) ~[com.st.stm32cube.common.mx.oss_6.14.1.202504091515/:?]
	at java.awt.event.InvocationEvent.dispatch(InvocationEvent.java:318) ~[?:?]
	at java.awt.EventQueue.dispatchEventImpl(EventQueue.java:773) ~[?:?]
	at java.awt.EventQueue$4.run(EventQueue.java:720) ~[?:?]
	at java.awt.EventQueue$4.run(EventQueue.java:714) ~[?:?]
	at java.security.AccessController.doPrivileged(AccessController.java:400) ~[?:?]
	at java.security.ProtectionDomain$JavaSecurityAccessImpl.doIntersectionPrivilege(ProtectionDomain.java:87) ~[?:?]
	at java.awt.EventQueue.dispatchEvent(EventQueue.java:742) ~[?:?]
	at java.awt.EventDispatchThread.pumpOneEventForFilters(EventDispatchThread.java:203) ~[?:?]
	at java.awt.EventDispatchThread.pumpEventsForFilter(EventDispatchThread.java:124) ~[?:?]
	at java.awt.EventDispatchThread.pumpEventsForHierarchy(EventDispatchThread.java:113) ~[?:?]
	at java.awt.EventDispatchThread.pumpEvents(EventDispatchThread.java:109) ~[?:?]
	at java.awt.EventDispatchThread.pumpEvents(EventDispatchThread.java:101) ~[?:?]
	at java.awt.EventDispatchThread.run(EventDispatchThread.java:90) ~[?:?]
2025-11-07 16:10:34,086 [WARN] ThirdParty:871 - waiting for thirdparty lock release [close project]
2025-11-07 16:10:34,086 [INFO] ThirdParty:873 - entering critical section [close project]
2025-11-07 16:10:34,086 [INFO] ThirdParty:883 - exiting critical section [close project]
2025-11-07 16:10:34,093 [INFO] PinOutPanel:1589 - setPackage(No Configuration,No Configuration)
2025-11-07 16:10:34,100 [INFO] UtilMem:75 - Begin LoadConfig() Used Memory: 774079064 Bytes (1073741824)
2025-11-07 16:10:34,102 [INFO] OpenFileManager:354 - Change cursor
2025-11-07 16:10:34,143 [INFO] ProjectFactory:442 - No CPN specified for board NUCLEO-L476RG => set CPN to STM32L476RGT3
2025-11-07 16:10:34,143 [INFO] Mcu:2011 - Initializing MCU STM32L476R(C-E-G)Tx STM32L476RGTx STM32L476RGT3
2025-11-07 16:10:36,079 [INFO] Context:756 - Trying to add GPIOservice into a context  which must be forbidden
2025-11-07 16:10:36,882 [INFO] Rule:225 - rule 117617 - U5Cobra4M][GTZC] default value MPCBB3 and MPCBB5 - Not Secured memory - MPCBB1 is applicable
2025-11-07 16:10:36,883 [INFO] Rule:225 - rule 117617 - U5Cobra4M][GTZC] default value MPCBB3 and MPCBB5 - Not Secured memory - MPCBB1 is applicable
2025-11-07 16:10:36,883 [INFO] Rule:225 - rule 117617 - U5Cobra4M][GTZC] default value MPCBB3 and MPCBB5 - Not Secured memory - MPCBB2 is applicable
2025-11-07 16:10:36,883 [INFO] Rule:225 - rule 117617 - U5Cobra4M][GTZC] default value MPCBB3 and MPCBB5 - Not Secured memory - MPCBB2 is applicable
2025-11-07 16:10:36,883 [INFO] Rule:225 - rule 117617 - U5Cobra4M][GTZC] default value MPCBB3 and MPCBB5 - Not Secured memory - MPCBB3 is applicable
2025-11-07 16:10:36,883 [INFO] Rule:225 - rule 117617 - U5Cobra4M][GTZC] default value MPCBB3 and MPCBB5 - Not Secured memory - MPCBB3 is applicable
2025-11-07 16:10:36,883 [INFO] Rule:225 - rule 117617 - U5Cobra4M][GTZC] default value MPCBB3 and MPCBB5 - Not Secured memory - MPCBB4 is applicable
2025-11-07 16:10:36,883 [INFO] Rule:225 - rule 117617 - U5Cobra4M][GTZC] default value MPCBB3 and MPCBB5 - Not Secured memory - MPCBB4 is applicable
2025-11-07 16:10:36,883 [INFO] Rule:225 - rule 117617 - U5Cobra4M][GTZC] default value MPCBB3 and MPCBB5 - Secured memory - MPCBB1 is applicable
2025-11-07 16:10:36,883 [INFO] Rule:225 - rule 117617 - U5Cobra4M][GTZC] default value MPCBB3 and MPCBB5 - Secured memory - MPCBB2 is applicable
2025-11-07 16:10:36,883 [INFO] Rule:225 - rule 117617 - U5Cobra4M][GTZC] default value MPCBB3 and MPCBB5 - Secured memory - MPCBB3 is applicable
2025-11-07 16:10:36,883 [INFO] Rule:225 - rule 117617 - U5Cobra4M][GTZC] default value MPCBB3 and MPCBB5 - Secured memory - MPCBB4 is applicable
2025-11-07 16:10:36,883 [INFO] Rule:225 - rule 117617 - U5Cobra4M][GTZC] default value MPCBB3 and MPCBB5 - Privileged memory - MPCBB1 is applicable
2025-11-07 16:10:36,883 [INFO] Rule:225 - rule 117617 - U5Cobra4M][GTZC] default value MPCBB3 and MPCBB5 - Privileged memory - MPCBB2 is applicable
2025-11-07 16:10:36,883 [INFO] Rule:225 - rule 117617 - U5Cobra4M][GTZC] default value MPCBB3 and MPCBB5 - Privileged memory - MPCBB3 is applicable
2025-11-07 16:10:36,883 [INFO] Rule:225 - rule 117617 - U5Cobra4M][GTZC] default value MPCBB3 and MPCBB5 - Privileged memory - MPCBB4 is applicable
2025-11-07 16:10:36,883 [INFO] Rule:225 - rule 117617 - U5Cobra4M][GTZC] default value MPCBB3 and MPCBB5 - Not Privileged memory - MPCBB1 is applicable
2025-11-07 16:10:36,884 [INFO] Rule:225 - rule 117617 - U5Cobra4M][GTZC] default value MPCBB3 and MPCBB5 - Not Privileged memory - MPCBB2 is applicable
2025-11-07 16:10:36,884 [INFO] Rule:225 - rule 117617 - U5Cobra4M][GTZC] default value MPCBB3 and MPCBB5 - Not Privileged memory - MPCBB3 is applicable
2025-11-07 16:10:36,884 [INFO] Rule:225 - rule 117617 - U5Cobra4M][GTZC] default value MPCBB3 and MPCBB5 - Not Privileged memory - MPCBB4 is applicable
2025-11-07 16:10:36,884 [INFO] Rule:225 - rule 117617 - U5Cobra4M][GTZC] default value MPCBB3 and MPCBB5 - Privileged memory - MPCBB1 is applicable
2025-11-07 16:10:36,884 [INFO] Rule:225 - rule 117617 - U5Cobra4M][GTZC] default value MPCBB3 and MPCBB5 - Privileged memory - MPCBB2 is applicable
2025-11-07 16:10:36,884 [INFO] Rule:225 - rule 117617 - U5Cobra4M][GTZC] default value MPCBB3 and MPCBB5 - Privileged memory - MPCBB3 is applicable
2025-11-07 16:10:36,884 [INFO] Rule:225 - rule 117617 - U5Cobra4M][GTZC] default value MPCBB3 and MPCBB5 - Privileged memory - MPCBB4 is applicable
2025-11-07 16:10:36,884 [INFO] Rule:225 - rule 117617 - U5Cobra4M][GTZC] default value MPCBB3 and MPCBB5 - Privileged memory - MPCBB1 is applicable
2025-11-07 16:10:36,884 [INFO] Rule:225 - rule 117617 - U5Cobra4M][GTZC] default value MPCBB3 and MPCBB5 - Privileged memory - MPCBB2 is applicable
2025-11-07 16:10:36,884 [INFO] Rule:225 - rule 117617 - U5Cobra4M][GTZC] default value MPCBB3 and MPCBB5 - Privileged memory - MPCBB3 is applicable
2025-11-07 16:10:36,884 [INFO] Rule:225 - rule 117617 - U5Cobra4M][GTZC] default value MPCBB3 and MPCBB5 - Privileged memory - MPCBB4 is applicable
2025-11-07 16:10:36,884 [INFO] Rule:225 - rule 117617 - U5Cobra4M][GTZC] default value MPCBB3 and MPCBB5 - Not Privileged memory - MPCBB1 is applicable
2025-11-07 16:10:36,884 [INFO] Rule:225 - rule 117617 - U5Cobra4M][GTZC] default value MPCBB3 and MPCBB5 - Not Privileged memory - MPCBB2 is applicable
2025-11-07 16:10:36,884 [INFO] Rule:225 - rule 117617 - U5Cobra4M][GTZC] default value MPCBB3 and MPCBB5 - Not Privileged memory - MPCBB3 is applicable
2025-11-07 16:10:36,884 [INFO] Rule:225 - rule 117617 - U5Cobra4M][GTZC] default value MPCBB3 and MPCBB5 - Not Privileged memory - MPCBB4 is applicable
2025-11-07 16:10:36,884 [INFO] Rule:225 - rule 117617 - U5Cobra4M][GTZC] default value MPCBB3 and MPCBB5 - Privileged memory - MPCBB1 is applicable
2025-11-07 16:10:36,884 [INFO] Rule:225 - rule 117617 - U5Cobra4M][GTZC] default value MPCBB3 and MPCBB5 - Privileged memory - MPCBB2 is applicable
2025-11-07 16:10:36,884 [INFO] Rule:225 - rule 117617 - U5Cobra4M][GTZC] default value MPCBB3 and MPCBB5 - Privileged memory - MPCBB3 is applicable
2025-11-07 16:10:36,884 [INFO] Rule:225 - rule 117617 - U5Cobra4M][GTZC] default value MPCBB3 and MPCBB5 - Privileged memory - MPCBB4 is applicable
2025-11-07 16:10:36,884 [INFO] Rule:225 - rule Rename SubGHz_Phy SUBGHZ_APPLICATION SUBGHZ_PINGPONG to SUBGHZ_ADV_APPLICATION is applicable
2025-11-07 16:10:36,884 [INFO] Rule:225 - rule Rename Enabled to IBEACON is applicable
2025-11-07 16:10:36,885 [INFO] Rule:225 - rule GTZC_S instance for project manager is applicable
2025-11-07 16:10:36,885 [INFO] Rule:225 - rule GTZC_S instance for context M33S is applicable
2025-11-07 16:10:36,885 [INFO] Rule:225 - rule GTZC_S instance value for IP GTZC is applicable
2025-11-07 16:10:36,885 [INFO] Rule:225 - rule GTZC_S instance for mcu.IP is applicable
2025-11-07 16:10:36,885 [INFO] Rule:225 - rule GTZC_S instance for VP is applicable
2025-11-07 16:10:36,885 [INFO] Rule:225 - rule GTZC_S instance for signal is applicable
2025-11-07 16:10:36,885 [INFO] Rule:225 - rule GTZC_S instance for mcu.Pin is applicable
2025-11-07 16:10:36,885 [INFO] Rule:225 - rule GTZC_S instance for VP is applicable
2025-11-07 16:10:36,885 [INFO] Rule:225 - rule GTZC_S instance for signal is applicable
2025-11-07 16:10:36,885 [INFO] Rule:225 - rule GTZC_S instance for mcu is applicable
2025-11-07 16:10:36,885 [INFO] Rule:225 - rule GTZC_S instance for mcu.Pin is applicable
2025-11-07 16:10:36,885 [INFO] Rule:225 - rule GTZC_S instance value for IP GTZC is applicable
2025-11-07 16:10:36,885 [INFO] Rule:225 - rule GTZC_S instance for project manager is applicable
2025-11-07 16:10:36,885 [INFO] Rule:225 - rule GTZC_S instance for context M33S is applicable
2025-11-07 16:10:36,885 [INFO] Rule:225 - rule GTZC_S instance for VP is applicable
2025-11-07 16:10:36,885 [INFO] Rule:225 - rule GTZC_S instance for signal is applicable
2025-11-07 16:10:36,885 [INFO] Rule:225 - rule SPDIFRX instance for mcu is applicable
2025-11-07 16:10:36,885 [INFO] Rule:225 - rule Rename Tracer Mode is applicable
2025-11-07 16:10:36,885 [INFO] Rule:225 - rule SPDIFRX instance value for IP SPDIFRX is applicable
2025-11-07 16:10:36,885 [INFO] Rule:225 - rule SPDIFRX instance for signal is applicable
2025-11-07 16:10:36,885 [INFO] Rule:225 - rule SPDIFRX instance for project manager is applicable
2025-11-07 16:10:36,886 [INFO] Rule:225 - rule SPDIFRX instance for project manager is applicable
2025-11-07 16:10:36,886 [INFO] Rule:225 - rule ADC Scan  fix with FW F7 is applicable
2025-11-07 16:10:36,886 [INFO] Rule:225 - rule ADC Scan  fix with FW F7 is applicable
2025-11-07 16:10:36,886 [INFO] Rule:225 - rule WakeUp0 Mode is applicable
2025-11-07 16:10:36,886 [INFO] Rule:225 - rule WakeUp0 SIGNAL is applicable
2025-11-07 16:10:36,886 [INFO] Rule:225 - rule WakeUp1 Mode is applicable
2025-11-07 16:10:36,886 [INFO] Rule:225 - rule WakeUp1 SIGNAL is applicable
2025-11-07 16:10:36,886 [INFO] Rule:225 - rule WakeUp2 Mode is applicable
2025-11-07 16:10:36,886 [INFO] Rule:225 - rule WakeUp2 SIGNAL is applicable
2025-11-07 16:10:36,886 [INFO] Rule:225 - rule WakeUp4 Mode is applicable
2025-11-07 16:10:36,886 [INFO] Rule:225 - rule WakeUp4 SIGNAL is applicable
2025-11-07 16:10:36,886 [INFO] Rule:225 - rule WakeUp5 Mode is applicable
2025-11-07 16:10:36,886 [INFO] Rule:225 - rule WakeUp5 SIGNAL is applicable
2025-11-07 16:10:36,886 [INFO] Rule:225 - rule Add RTC Activate Clock Source is applicable
2025-11-07 16:10:36,886 [INFO] Rule:225 - rule Add RTC Activate Calendar 1 is applicable
2025-11-07 16:10:36,886 [INFO] Rule:225 - rule Add RTC Activate Calendar 2 is applicable
2025-11-07 16:10:36,887 [INFO] Rule:225 - rule Add RTC Activate Calendar 3 is applicable
2025-11-07 16:10:36,887 [INFO] Rule:225 - rule UART/USART TX Mode is applicable
2025-11-07 16:10:36,887 [INFO] Rule:225 - rule UART/USART RX Mode is applicable
2025-11-07 16:10:36,887 [INFO] Rule:225 - rule UART/USART RX TX Mode is applicable
2025-11-07 16:10:36,887 [INFO] Rule:225 - rule UART/USART PARITY NONE is applicable
2025-11-07 16:10:36,887 [INFO] Rule:225 - rule UART/USART PARITY EVEN is applicable
2025-11-07 16:10:36,887 [INFO] Rule:225 - rule UART/USART PARITY ODD is applicable
2025-11-07 16:10:36,887 [INFO] Rule:225 - rule USART StopBits 1 is applicable
2025-11-07 16:10:36,887 [INFO] Rule:225 - rule USART StopBits 2 is applicable
2025-11-07 16:10:36,887 [INFO] Rule:225 - rule USART StopBits 1.5 is applicable
2025-11-07 16:10:36,887 [INFO] Rule:225 - rule USART StopBits 0.5 is applicable
2025-11-07 16:10:36,887 [INFO] Rule:225 - rule UART/USART WORD LENGTH 7 is applicable
2025-11-07 16:10:36,887 [INFO] Rule:225 - rule UART/USART WORD LENGTH 8 is applicable
2025-11-07 16:10:36,887 [INFO] Rule:225 - rule UART/USART WORD LENGTH 9 is applicable
2025-11-07 16:10:36,887 [INFO] Rule:225 - rule Rename FMC NAND NCE signal is applicable
2025-11-07 16:10:36,887 [INFO] Rule:225 - rule Rename FMC NAND INT signal is applicable
2025-11-07 16:10:36,887 [INFO] Rule:225 - rule Change Default Value for LSE Drive Capability for WB family is applicable
2025-11-07 16:10:36,887 [INFO] Rule:225 - rule Change Default Value for ADC Clock Prescaler G0 family is applicable
2025-11-07 16:10:36,887 [INFO] Rule:225 - rule Change Default Value for ADC ExternalTrigConv L4 family is applicable
2025-11-07 16:10:36,887 [INFO] Rule:225 - rule Change Default Value for ADC ExternalTrigInjecConv L4 family is applicable
2025-11-07 16:10:36,887 [INFO] Rule:225 - rule Change Default Value for ADC ExternalTrigConv F3 family is applicable
2025-11-07 16:10:36,887 [INFO] Rule:225 - rule Change Default Value for ADC ExternalTrigInjecConv F3 family is applicable
2025-11-07 16:10:36,887 [INFO] Rule:225 - rule Change Default Value for ADC ExternalTrigConv Goldfish serie is applicable
2025-11-07 16:10:36,887 [INFO] Rule:225 - rule Change Default Value for ADC ExternalTrigInjecConv Goldfish serie is applicable
2025-11-07 16:10:36,888 [INFO] Rule:225 - rule Change Default Value for ADC ExternalTrigConv L0 family is applicable
2025-11-07 16:10:36,888 [INFO] Rule:225 - rule Change Default Value for ADC ExternalTrigConv F0 family is applicable
2025-11-07 16:10:36,888 [INFO] Rule:225 - rule Change Default Value for ADC ExternalTrigConvn L1 family is applicable
2025-11-07 16:10:36,888 [INFO] Rule:225 - rule Change Default Value for ADC ExternalTrigInjecConv L1 family is applicable
2025-11-07 16:10:36,888 [INFO] Rule:225 - rule Change Default Value for ADC ExternalTrigConv F1 family is applicable
2025-11-07 16:10:36,888 [INFO] Rule:225 - rule Change Default Value for ADC ExternalTrigInjecConv F1 family is applicable
2025-11-07 16:10:36,888 [INFO] Rule:225 - rule Change Default Value for ADC ExternalTrigConv F7 family is applicable
2025-11-07 16:10:36,888 [INFO] Rule:225 - rule Change Default Value for ADC ExternalTrigInjecConv F7 family is applicable
2025-11-07 16:10:36,888 [INFO] Rule:225 - rule Change Default Value for ADC ExternalTrigConv F4 and F2 family is applicable
2025-11-07 16:10:36,888 [INFO] Rule:225 - rule Change Default Value for ADC ExternalTrigInjecConv F4 and F2 family is applicable
2025-11-07 16:10:36,888 [INFO] Rule:225 - rule ADC SamplingTime fix with FW L0  is applicable
2025-11-07 16:10:36,888 [INFO] Rule:225 - rule ADC SamplingTime fix with FW L0  is applicable
2025-11-07 16:10:36,888 [INFO] Rule:225 - rule ADC SamplingTime fix with FW L0 is applicable
2025-11-07 16:10:36,888 [INFO] Rule:225 - rule ADC SamplingTime fix with FW L0 is applicable
2025-11-07 16:10:36,888 [INFO] Rule:225 - rule ADC SamplingTime fix with FW L0  is applicable
2025-11-07 16:10:36,888 [INFO] Rule:225 - rule ADC SamplingTime fix with FW L0 is applicable
2025-11-07 16:10:36,888 [INFO] Rule:225 - rule Rename USB_OE Signal is applicable
2025-11-07 16:10:36,888 [INFO] Rule:225 - rule Rename Activate_OE Mode is applicable
2025-11-07 16:10:36,888 [INFO] Rule:225 - rule Rename DIE462/DIE415 pin PC14/OSC32_IN -> PC14-OSC32_IN (PC14) is applicable
2025-11-07 16:10:36,888 [INFO] Rule:225 - rule Rename DIE462/DIE415 pin PC15/OSC32_OUT -> PC15-OSC32_OUT (PC15) is applicable
2025-11-07 16:10:36,888 [INFO] Rule:225 - rule Rename DIE462/DIE415 pin PH0/OSC_IN -> PH0-OSC_IN (PH0) is applicable
2025-11-07 16:10:36,888 [INFO] Rule:225 - rule Rename DIE462/DIE415 pin PH1/OSC_OUT -> PH1-OSC_OUT (PH1) is applicable
2025-11-07 16:10:36,888 [INFO] Rule:225 - rule Rename DIE462 pin PA13 -> PA13 (JTMS/SWDIO) is applicable
2025-11-07 16:10:36,888 [INFO] Rule:225 - rule Rename DIE415 pin PA13 -> PA13 (JTMS/SWDIO) is applicable
2025-11-07 16:10:36,888 [INFO] Rule:225 - rule Rename DIE462 pin PA14 -> PA14 (JTCK/SWCLK) is applicable
2025-11-07 16:10:36,888 [INFO] Rule:225 - rule Rename DIE415 pin PA14 -> PA14 (JTCK/SWCLK) is applicable
2025-11-07 16:10:36,889 [INFO] Rule:225 - rule Rename DIE462/DIE415 pin PA15 -> PA15 (JTDI) is applicable
2025-11-07 16:10:36,889 [INFO] Rule:225 - rule Rename DIE462 pin PB3 -> PB3 (JTD0/TRACESWO) is applicable
2025-11-07 16:10:36,889 [INFO] Rule:225 - rule Rename DIE415 pin PB3 -> PB3 (JTD0-TRACESWO) is applicable
2025-11-07 16:10:36,889 [INFO] Rule:225 - rule Rename DIE462/DIE415 pin PB4 -> PB4 (NJTRST) is applicable
2025-11-07 16:10:36,889 [INFO] Rule:225 - rule Rename DIE462 pin PH3/BOOT0 -> PH3-BOOT0 (BOOT0) is applicable
2025-11-07 16:10:36,889 [INFO] Rule:225 - rule Rename CRYP DataEncryptionTypesList to Algorithm is applicable
2025-11-07 16:10:36,889 [INFO] Rule:225 - rule Rename AES DataEncryptionTypesList to Algorithm is applicable
2025-11-07 16:10:36,889 [INFO] Rule:225 - rule Rename TDESECB to CRYP_TDES_ECB is applicable
2025-11-07 16:10:36,889 [INFO] Rule:225 - rule Rename TDESCBC to CRYP_TDES_CBC is applicable
2025-11-07 16:10:36,889 [INFO] Rule:225 - rule Rename DESECB to CRYP_DES_ECB is applicable
2025-11-07 16:10:36,889 [INFO] Rule:225 - rule Rename DESCBC to CRYP_DES_CBC is applicable
2025-11-07 16:10:36,889 [INFO] Rule:225 - rule Rename AESECB to CRYP_AES_ECB is applicable
2025-11-07 16:10:36,889 [INFO] Rule:225 - rule Rename AESCBC to CRYP_AES_CBC is applicable
2025-11-07 16:10:36,889 [INFO] Rule:225 - rule Rename AESCTR to CRYP_AES_CTR is applicable
2025-11-07 16:10:36,889 [INFO] Rule:225 - rule Rename AESGCM to CRYP_AES_GCM is applicable
2025-11-07 16:10:36,889 [INFO] Rule:225 - rule Rename AESCCM to CRYP_AES_CCM is applicable
2025-11-07 16:10:36,889 [INFO] Rule:225 - rule Rename CAN TimeSeg1 to BS1 is applicable
2025-11-07 16:10:36,889 [INFO] Rule:225 - rule Rename CAN TimeSeg2 to BS2 is applicable
2025-11-07 16:10:36,889 [INFO] Rule:225 - rule Rename CAN SyncJumpWidth to SJW is applicable
2025-11-07 16:10:36,889 [INFO] Rule:225 - rule TimeTriggeredMode to TTCM is applicable
2025-11-07 16:10:36,889 [INFO] Rule:225 - rule Rename CAN AutoBusOff to ABOM is applicable
2025-11-07 16:10:36,889 [INFO] Rule:225 - rule Rename CAN AutoWakeUp to AWUM is applicable
2025-11-07 16:10:36,889 [INFO] Rule:225 - rule Rename CAN AutoRetransmission to NART is applicable
2025-11-07 16:10:36,889 [INFO] Rule:225 - rule Rename CAN ReceiveFifoLocked to RFLM is applicable
2025-11-07 16:10:36,889 [INFO] Rule:225 - rule Rename CAN TransmitFifoPriority to TXFP is applicable
2025-11-07 16:10:36,889 [INFO] Rule:225 - rule Rename HRTIMER HRTIM_OUTPUTFAULTLEVEL_HIGH in HRTIMER HRTIM_OUTPUTFAULTLEVEL_HIGHZ is applicable
2025-11-07 16:10:36,889 [INFO] Rule:225 - rule Rename TIMER TIM_CLEARINPUTSOURCE_OCREFCLR in  TIMER TIM_CLEARINPUTSOURCE_NONE for F7 family is applicable
2025-11-07 16:10:36,889 [INFO] Rule:225 - rule FDCAN_R1 - Rename FDCAN mode Master into Classic is applicable
2025-11-07 16:10:36,889 [INFO] Rule:225 - rule FDCAN_R2 - Rename FDCAN mode Slave into Classic is applicable
2025-11-07 16:10:36,889 [INFO] Rule:225 - rule FDCAN1_R3 - if PA10.Mode=FullDuplex, add Pin PA12 is applicable
2025-11-07 16:10:36,889 [INFO] Rule:225 - rule FDCAN1_R3 - if PA9.Mode=FullDuplex, add Pin PA11 is applicable
2025-11-07 16:10:36,889 [INFO] Rule:225 - rule FDCAN1_R3 - Alternatepin_1 - if PE1.Mode=FullDuplex, add Pin PB9 is applicable
2025-11-07 16:10:36,890 [INFO] Rule:225 - rule FDCAN1_R3 - Alternatepin_1 - if PE0.Mode=FullDuplex, add Pin PB8 is applicable
2025-11-07 16:10:36,890 [INFO] Rule:225 - rule FDCAN1_R3 - Alternatepin_2 - if PD5.Mode=FullDuplex, add Pin PD1 is applicable
2025-11-07 16:10:36,890 [INFO] Rule:225 - rule FDCAN1_R3 - Alternatepin_2 - if PD4.Mode=FullDuplex, add Pin PD0 is applicable
2025-11-07 16:10:36,890 [INFO] Rule:225 - rule FDCAN1_R4 - Rename Mode FullDuplex into Enable FDCAN_TXFD for pin PA10 is applicable
2025-11-07 16:10:36,890 [INFO] Rule:225 - rule FDCAN1_R4 - Rename Mode FullDuplex into Enable FDCAN_TXFD for pin PA9 is applicable
2025-11-07 16:10:36,890 [INFO] Rule:225 - rule FDCAN1_R4 - Alternatepin_1 - Rename Mode FullDuplex into Enable FDCAN_TXFD for pin PE1 is applicable
2025-11-07 16:10:36,890 [INFO] Rule:225 - rule FDCAN1_R4 - Alternatepin_1 - Rename Mode FullDuplex into Enable FDCAN_TXFD for pin PE0 is applicable
2025-11-07 16:10:36,890 [INFO] Rule:225 - rule FDCAN1_R4 - Alternatepin_2 - Rename Mode FullDuplex into Enable FDCAN_TXFD for pin PD5 is applicable
2025-11-07 16:10:36,890 [INFO] Rule:225 - rule FDCAN1_R4 - Alternatepin_2 - Rename Mode FullDuplex into Enable FDCAN_TXFD for pin PD4 is applicable
2025-11-07 16:10:36,890 [INFO] Rule:225 - rule FDCAN2_R3 - if PD10.Mode=FullDuplex, add Pin PB13 is applicable
2025-11-07 16:10:36,890 [INFO] Rule:225 - rule FDCAN2_R3 - if PD9.Mode=FullDuplex, add Pin PB12 is applicable
2025-11-07 16:10:36,890 [INFO] Rule:225 - rule FDCAN2_R3 - Alternatepin_1 - if PB7.Mode=FullDuplex, add Pin PB6 is applicable
2025-11-07 16:10:36,890 [INFO] Rule:225 - rule FDCAN2_R3 - Alternatepin_1 - if PD9.Mode=FullDuplex, add Pin PB12 is applicable
2025-11-07 16:10:36,890 [INFO] Rule:225 - rule FDCAN2_R4 - Rename Mode FullDuplex into Enable FDCAN_TXFD for pin PD10 is applicable
2025-11-07 16:10:36,890 [INFO] Rule:225 - rule FDCAN2_R4 - Rename Mode FullDuplex into Enable FDCAN_TXFD for pin PD9 is applicable
2025-11-07 16:10:36,890 [INFO] Rule:225 - rule FDCAN2_R4 - Alternatepin_1 - Rename Mode FullDuplex into Enable FDCAN_TXFD for pin PB7 is applicable
2025-11-07 16:10:36,890 [INFO] Rule:225 - rule FDCAN2_R4 - Alternatepin_1 - Rename Mode FullDuplex into Enable FDCAN_TXFD for pin PD6 is applicable
2025-11-07 16:10:36,890 [INFO] Rule:225 - rule USART TxPinLevelInvertParam Mode is applicable
2025-11-07 16:10:36,890 [INFO] Rule:225 - rule USART RxPinLevelInvertParam Mode is applicable
2025-11-07 16:10:36,890 [INFO] Rule:225 - rule USART DataInvertParam Mode is applicable
2025-11-07 16:10:36,890 [INFO] Rule:225 - rule USART SwapParam Mode is applicable
2025-11-07 16:10:36,890 [INFO] Rule:225 - rule USART OverrunDisableParam Mode is applicable
2025-11-07 16:10:36,890 [INFO] Rule:225 - rule USART DMADisableonRxErrorParam Mode is applicable
2025-11-07 16:10:36,890 [INFO] Rule:225 - rule USART MSBFirstParam Mode is applicable
2025-11-07 16:10:36,890 [INFO] Rule:225 - rule Update MwName for USB_DEVICE is applicable
2025-11-07 16:10:36,890 [INFO] Rule:225 - rule Change PWR_Regulator_Voltage_Scale Default Value for RCC  H7 family is applicable
2025-11-07 16:10:36,890 [INFO] Rule:225 - rule UART/USART IPParameter rename Prescaler parameter to ClockPrescaler is applicable
2025-11-07 16:10:36,890 [INFO] Rule:225 - rule UART/USART Prescaler rename Prescaler parameter to ClockPrescaler is applicable
2025-11-07 16:10:36,890 [INFO] Rule:225 - rule TIM1CLockSelection is applicable
2025-11-07 16:10:36,890 [INFO] Rule:225 - rule TIM15CLockSelection is applicable
2025-11-07 16:10:36,891 [INFO] Rule:225 - rule align RCC SDMMC3CLockSelection default value on MP1 is applicable
2025-11-07 16:10:36,891 [INFO] Rule:225 - rule align RCC SDMMC12CLockSelection default value on MP1 is applicable
2025-11-07 16:10:36,891 [INFO] Rule:225 - rule align RCC QSPICLockSelection default value on MP1 is applicable
2025-11-07 16:10:36,891 [INFO] Rule:225 - rule align RCC QSPICLockSelection default value on MP1 is applicable
2025-11-07 16:10:36,891 [INFO] Rule:225 - rule align RCC SPI6CLockSelection default value on MP1 is applicable
2025-11-07 16:10:36,891 [INFO] Rule:225 - rule align RCC LPTIM23CLockSelection default value on MP1 is applicable
2025-11-07 16:10:36,891 [INFO] Rule:225 - rule align RCC LPTIM1CLockSelection default value on MP1 is applicable
2025-11-07 16:10:36,892 [INFO] Rule:225 - rule align RCC USART1CLockSelection default value on MP1 is applicable
2025-11-07 16:10:36,892 [INFO] Rule:225 - rule align RCC USART24CLockSelection default value on MP1 is applicable
2025-11-07 16:10:36,892 [INFO] Rule:225 - rule align RCC USART6CLockSelection default value on MP1 is applicable
2025-11-07 16:10:36,892 [INFO] Rule:225 - rule align RCC UART78CLockSelection default value on MP1 is applicable
2025-11-07 16:10:36,892 [INFO] Rule:225 - rule align RCC USART35CLockSelection default value on MP1 is applicable
2025-11-07 16:10:36,892 [INFO] Rule:225 - rule align RCC SPI45CLockSelection default value on MP1 is applicable
2025-11-07 16:10:36,892 [INFO] Rule:225 - rule align RCC I2C46CLockSelection BCLK value on MP1 is applicable
2025-11-07 16:10:36,892 [INFO] Rule:225 - rule align RCC SPI45CLockSelection default value on MP1 is applicable
2025-11-07 16:10:36,892 [INFO] Rule:225 - rule align RCC I2C12CLockSelection default value on MP1 is applicable
2025-11-07 16:10:36,892 [INFO] Rule:225 - rule align RCC I2C35CLockSelection default value on MP1 is applicable
2025-11-07 16:10:36,892 [INFO] Rule:225 - rule align RCC LPTIM45CLockSelection default value on MP1 is applicable
2025-11-07 16:10:36,893 [INFO] Rule:225 - rule Rename DCMI PIXCK signal is applicable
2025-11-07 16:10:36,893 [INFO] Rule:225 - rule Change Default Value for I2C46CLockSelection MP1 family is applicable
2025-11-07 16:10:36,893 [INFO] Rule:225 - rule Change Default Value for UART for G4, G0 and WB families is applicable
2025-11-07 16:10:36,893 [INFO] Rule:225 - rule Change Default Value for USART for G4, G0 and WB families is applicable
2025-11-07 16:10:36,893 [INFO] Rule:225 - rule Change Default Value for USART for G4 family is applicable
2025-11-07 16:10:36,893 [INFO] Rule:225 - rule Change USART1CLockSelection refparam name for MP1 is applicable
2025-11-07 16:10:36,893 [INFO] Rule:225 - rule Change USART2CLockSelection refparam name for MP1 is applicable
2025-11-07 16:10:36,893 [INFO] Rule:225 - rule Change USART3CLockSelection refparam name for MP1 is applicable
2025-11-07 16:10:36,893 [INFO] Rule:225 - rule Change UART4CLockSelection refparam name for MP1 is applicable
2025-11-07 16:10:36,893 [INFO] Rule:225 - rule Change UART5CLockSelection refparam name for MP1 is applicable
2025-11-07 16:10:36,893 [INFO] Rule:225 - rule Change LPUART1CLockSelection refparam name for MP1 is applicable
2025-11-07 16:10:36,893 [INFO] Rule:225 - rule Change LPTIM1CLockSelection refparam name for MP1 is applicable
2025-11-07 16:10:36,893 [INFO] Rule:225 - rule Change LPTIM2CLockSelection refparam name for MP1 is applicable
2025-11-07 16:10:36,893 [INFO] Rule:225 - rule Change RCC_MCO1Source refparam name for MP1 is applicable
2025-11-07 16:10:36,893 [INFO] Rule:225 - rule Change LSCOSource1 refparam name for MP1 is applicable
2025-11-07 16:10:36,893 [INFO] Rule:225 - rule Change SMPSCLockSelection refparam name for MP1 is applicable
2025-11-07 16:10:36,893 [INFO] Rule:225 - rule Change LPTIM3CLockSelection refparam name for MP1 is applicable
2025-11-07 16:10:36,893 [INFO] Rule:225 - rule Change MPCBB* Default Template Mode to Parameters is applicable
2025-11-07 16:10:36,893 [INFO] Rule:225 - rule Change MPCWM* or MPCBB* Secure Mode to Parameters is applicable
2025-11-07 16:10:36,893 [INFO] Rule:225 - rule Change MPCWM* or MPCBB* No Secure Mode to Parameters is applicable
2025-11-07 16:10:36,893 [INFO] Rule:225 - rule Change TZSC IP Secure Mode to Parameters is applicable
2025-11-07 16:10:36,893 [INFO] Rule:225 - rule Change TZSC IP No Secure Mode to Parameters is applicable
2025-11-07 16:10:36,893 [INFO] Rule:225 - rule Change TZSC IP Privilege Mode to Parameters is applicable
2025-11-07 16:10:36,893 [INFO] Rule:225 - rule Change TZSC IP No Privilege Mode to Parameters is applicable
2025-11-07 16:10:36,893 [INFO] Rule:225 - rule Change TZIC IT Secure Mode to Parameters is applicable
2025-11-07 16:10:36,893 [INFO] Rule:225 - rule Change TZIC IT No Secure Mode to Parameters is applicable
2025-11-07 16:10:36,893 [INFO] Rule:225 - rule Add MPCBB1_NonSecureArea_Start_Address value with referenced to MPCBB1_NonSecureArea_Start value is applicable
2025-11-07 16:10:36,893 [INFO] Rule:225 - rule Add MPCBB2_NonSecureArea_Start_Address value with referenced to MPCBB2_NonSecureArea_Start value is applicable
2025-11-07 16:10:36,893 [INFO] Rule:225 - rule Add MPCWM1_NonSecureArea*_Start_Address value with referenced to MPCWM1_NonSecureArea*_Start value is applicable
2025-11-07 16:10:36,893 [INFO] Rule:225 - rule Add MPCWM2_NonSecureArea*_Start_Address value with referenced to MPCWM2_NonSecureArea*_Start value is applicable
2025-11-07 16:10:36,893 [INFO] Rule:225 - rule Add MPCWM3_NonSecureArea_Start_Address value with referenced to MPCWM3_NonSecureArea_Start value is applicable
2025-11-07 16:10:36,893 [INFO] Rule:225 - rule Change Default Value for PLL1UserDefinedConfig is applicable
2025-11-07 16:10:36,893 [INFO] Rule:225 - rule Change GPIO_PuPd Default Value for USART in async mode is applicable
2025-11-07 16:10:36,893 [INFO] Rule:225 - rule Change SMPSDivider Default Value is applicable
2025-11-07 16:10:36,893 [INFO] Rule:225 - rule OPAMP is applicable
2025-11-07 16:10:36,893 [INFO] Rule:225 - rule LPUART IPParameter rename Prescaler parameter to ClockPrescaler for STM32H7 is applicable
2025-11-07 16:10:36,893 [INFO] Rule:225 - rule LPUART IPParameter rename Prescaler parameter to ClockPrescaler for STM32H7 is applicable
2025-11-07 16:10:36,893 [INFO] Rule:225 - rule LPUART IPParameter rename Prescaler parameter to ClockPrescaler for STM32WB is applicable
2025-11-07 16:10:36,893 [INFO] Rule:225 - rule LPUART IPParameter rename Prescaler parameter to ClockPrescaler for STM32WB is applicable
2025-11-07 16:10:36,893 [INFO] Rule:225 - rule LPUART IPParameter rename Prescaler parameter to ClockPrescaler for STM32G4 is applicable
2025-11-07 16:10:36,893 [INFO] Rule:225 - rule LPUART IPParameter rename Prescaler parameter to ClockPrescaler for STM32G4 is applicable
2025-11-07 16:10:36,893 [INFO] Rule:225 - rule LPUART IPParameter rename Prescaler parameter to ClockPrescaler for STM32L5 is applicable
2025-11-07 16:10:36,893 [INFO] Rule:225 - rule LPUART IPParameter rename Prescaler parameter to ClockPrescaler for STM32L5 is applicable
2025-11-07 16:10:36,894 [INFO] Rule:225 - rule LPUART IPParameter rename Prescaler parameter to ClockPrescaler for STM32G4 is applicable
2025-11-07 16:10:36,894 [INFO] Rule:225 - rule LPUART IPParameter rename Prescaler parameter to ClockPrescaler for STM32G4 is applicable
2025-11-07 16:10:36,894 [INFO] Rule:225 - rule USB device lib V2.5.3 for L0 rename USBD_SUPPORT_USER_STRING parameter to USBD_SUPPORT_USER_STRING_DESC4 is applicable
2025-11-07 16:10:36,894 [INFO] Rule:225 - rule I2SCLockSelection clock entry align is applicable
2025-11-07 16:10:36,894 [INFO] Rule:225 - rule Assign TIMx context if used as SYS timebase is applicable
2025-11-07 16:10:36,894 [INFO] Rule:225 - rule Change GPIO_Pu Default Value for I2C is applicable
2025-11-07 16:10:36,894 [INFO] Rule:225 - rule Change GPIO_Pu Default Value for SMBus is applicable
2025-11-07 16:10:36,894 [INFO] Rule:225 - rule change FDCAN default value is applicable
2025-11-07 16:10:36,894 [INFO] Rule:225 - rule Change mode sai is applicable
2025-11-07 16:10:36,894 [INFO] Rule:225 - rule **Change sai mode is applicable
2025-11-07 16:10:36,894 [INFO] Rule:225 - rule Rename STM32WPAN CFG_BLE_IRK to CFG_BLE_IR is applicable
2025-11-07 16:10:36,894 [INFO] Rule:225 - rule Rename STM32WPAN CFG_BLE_ERK to CFG_BLE_ER is applicable
2025-11-07 16:10:36,894 [INFO] Rule:225 - rule Rename STM32WPAN CFG_BLE_IRK_HEX to CFG_BLE_IR_HEX is applicable
2025-11-07 16:10:36,894 [INFO] Rule:225 - rule Rename STM32WPAN CFG_BLE_ERK_HEX to CFG_BLE_ER_HEX is applicable
2025-11-07 16:10:36,894 [INFO] Rule:225 - rule Adapt Old IOC before rework replace old CORTEX_M33/CORTEX_M55 attributes by the new one. is applicable
2025-11-07 16:10:36,894 [INFO] Rule:225 - rule Rename parametre of RCC RCC_APBDBG_DIV2 to RCC_TIMPRES_DIV2 is applicable
2025-11-07 16:10:36,894 [INFO] Rule:225 - rule Rename DIE493 pin PA10 [PA12] -> PA10 is applicable
2025-11-07 16:10:36,894 [INFO] Rule:225 - rule Rename DIE493 pin PA9 [PA11] -> PA9 is applicable
2025-11-07 16:10:36,894 [INFO] Rule:225 - rule Adapt Old IOC CSI. is applicable
2025-11-07 16:10:36,905 [INFO] DbConfProperties:307 - Apply Compatibility (49/267 Rules)
2025-11-07 16:10:36,923 [INFO] ImportTextPane:218 - (OptionalMessage_ERROR) Unable to find key (Mcu.ThirdPartyNb) in loaded IOC file
2025-11-07 16:10:36,926 [INFO] ImportTextPane:218 - (OptionalMessage_ERROR) Pin12 (VP_RIF_VS_RIF1) cannot be retrieved for this MCU
2025-11-07 16:10:36,980 [INFO] RtosManager:558 - Registered RTOS mode: class=CMSIS, group=RTOS, mode=CMSIS_V1, owner=FREERTOS
2025-11-07 16:10:36,980 [INFO] RtosManager:558 - Registered RTOS mode: class=CMSIS, group=RTOS2, mode=CMSIS_V2, owner=FREERTOS
2025-11-07 16:10:36,980 [INFO] RtosManager:558 - Registered RTOS mode: class=RTOS, group=Core, mode=CMSIS_V1, owner=FREERTOS
2025-11-07 16:10:36,981 [INFO] RtosManager:558 - Registered RTOS mode: class=RTOS, group=Core, mode=CMSIS_V2, owner=FREERTOS
2025-11-07 16:10:36,981 [WARN] ModelIntegratedComponent:184 - Missing modes for component STMicroelectronics:FreeRTOS:0.0.1:STMicroelectronics:RTOS:FreeRTOS:Core:::10.2.0:
2025-11-07 16:10:37,012 [WARN] ModelIntegratedComponent:63 - No mode defined for component null
2025-11-07 16:10:37,013 [WARN] ModelIntegratedComponent:63 - No mode defined for component null
2025-11-07 16:10:37,013 [WARN] ModelIntegratedComponent:63 - No mode defined for component null
2025-11-07 16:10:37,013 [WARN] ModelIntegratedComponent:63 - No mode defined for component null
2025-11-07 16:10:37,013 [WARN] ModelIntegratedComponent:63 - No mode defined for component null
2025-11-07 16:10:37,013 [WARN] ModelIntegratedComponent:63 - No mode defined for component null
2025-11-07 16:10:37,013 [WARN] ModelIntegratedComponent:63 - No mode defined for component null
2025-11-07 16:10:37,013 [WARN] ModelIntegratedComponent:63 - No mode defined for component null
2025-11-07 16:10:37,013 [WARN] ModelIntegratedComponent:63 - No mode defined for component null
2025-11-07 16:10:37,013 [WARN] ModelIntegratedComponent:63 - No mode defined for component null
2025-11-07 16:10:37,013 [WARN] ModelIntegratedComponent:63 - No mode defined for component null
2025-11-07 16:10:37,013 [WARN] ModelIntegratedComponent:63 - No mode defined for component null
2025-11-07 16:10:37,013 [WARN] ModelIntegratedComponent:63 - No mode defined for component null
2025-11-07 16:10:37,013 [WARN] ModelIntegratedComponent:63 - No mode defined for component null
2025-11-07 16:10:37,013 [WARN] ModelIntegratedComponent:63 - No mode defined for component null
2025-11-07 16:10:37,013 [WARN] ModelIntegratedComponent:63 - No mode defined for component null
2025-11-07 16:10:37,013 [WARN] ModelIntegratedComponent:63 - No mode defined for component null
2025-11-07 16:10:37,013 [WARN] ModelIntegratedComponent:63 - No mode defined for component null
2025-11-07 16:10:37,013 [WARN] ModelIntegratedComponent:63 - No mode defined for component null
2025-11-07 16:10:37,013 [WARN] ModelIntegratedComponent:63 - No mode defined for component null
2025-11-07 16:10:37,013 [WARN] ModelIntegratedComponent:63 - No mode defined for component null
2025-11-07 16:10:37,013 [WARN] ModelIntegratedComponent:63 - No mode defined for component null
2025-11-07 16:10:37,013 [WARN] ModelIntegratedComponent:63 - No mode defined for component null
2025-11-07 16:10:37,013 [WARN] ModelIntegratedComponent:63 - No mode defined for component null
2025-11-07 16:10:37,013 [WARN] ModelIntegratedComponent:63 - No mode defined for component null
2025-11-07 16:10:37,013 [WARN] ModelIntegratedComponent:63 - No mode defined for component null
2025-11-07 16:10:37,013 [WARN] ModelIntegratedComponent:63 - No mode defined for component null
2025-11-07 16:10:37,013 [WARN] ModelIntegratedComponent:63 - No mode defined for component null
2025-11-07 16:10:37,013 [WARN] ModelIntegratedComponent:63 - No mode defined for component null
2025-11-07 16:10:37,013 [WARN] ModelIntegratedComponent:63 - No mode defined for component null
2025-11-07 16:10:37,013 [WARN] ModelIntegratedComponent:63 - No mode defined for component null
2025-11-07 16:10:37,013 [WARN] ModelIntegratedComponent:63 - No mode defined for component null
2025-11-07 16:10:37,013 [WARN] ModelIntegratedComponent:63 - No mode defined for component null
2025-11-07 16:10:37,014 [WARN] ModelIntegratedComponent:63 - No mode defined for component null
2025-11-07 16:10:37,014 [WARN] ModelIntegratedComponent:63 - No mode defined for component null
2025-11-07 16:10:37,014 [WARN] ModelPack:524 - Component already loaded: STMicroelectronics:HAL Drivers:0.0.0:STMicroelectronics:Device:STMicro_Driver:XSPI:HAL::0.0.1:HAL_XSPI
2025-11-07 16:10:37,246 [INFO] ThirdPartyModel:298 - Start build external matchings
2025-11-07 16:10:37,646 [INFO] ThirdPartyModel:316 - End build external matchings
2025-11-07 16:10:37,660 [INFO] ImportTextPane:218 - (OptionalMessage_ERROR) IP (RCC) : Invalid parameter (FamilyName)
2025-11-07 16:10:37,662 [INFO] ImportTextPane:218 - (OptionalMessage_ERROR) IP (RCC) : Parameter (RNGFreq_Value) has invalid value (64000000)
2025-11-07 16:10:37,662 [INFO] ImportTextPane:218 - (OptionalMessage_ERROR) IP (RCC) : Parameter (SDMMCFreq_Value) has invalid value (64000000)
2025-11-07 16:10:37,662 [INFO] ImportTextPane:218 - (OptionalMessage_ERROR) IP (RCC) : Parameter (USBFreq_Value) has invalid value (64000000)
2025-11-07 16:10:38,055 [INFO] UtilMem:75 - End LoadConfig() Used Memory: 909155992 Bytes (1073741824)
2025-11-07 16:10:38,090 [WARN] ThirdParty:833 - waiting for thirdparty lock release [change project]
2025-11-07 16:10:38,090 [INFO] ThirdParty:835 - entering critical section [change project]
2025-11-07 16:10:38,090 [INFO] ThirdParty:1030 - CMSIS Pack Vendor :STMicroelectronics X-CUBE-PM33A1 1.0.0
2025-11-07 16:10:38,111 [INFO] ThirdParty:1030 - CMSIS Pack Vendor :STMicroelectronics USBPD 4.1
2025-11-07 16:10:38,112 [INFO] ThirdParty:1030 - CMSIS Pack Vendor :STMicroelectronics X-CUBE-NFC9 1.0.0
2025-11-07 16:10:38,112 [INFO] ThirdParty:1030 - CMSIS Pack Vendor :STMicroelectronics USB_HOST 2.0.0
2025-11-07 16:10:38,112 [INFO] ThirdParty:1030 - CMSIS Pack Vendor :STMicroelectronics FP-SNS-MOTENVWB1 1.4.0
2025-11-07 16:10:38,112 [INFO] ThirdParty:1030 - CMSIS Pack Vendor :STMicroelectronics X-CUBE-AZRTOS-F4 1.1.0
2025-11-07 16:10:38,112 [INFO] ThirdParty:1030 - CMSIS Pack Vendor :STMicroelectronics LIBJPEG 8.0.0
2025-11-07 16:10:38,112 [INFO] ThirdParty:1030 - CMSIS Pack Vendor :STMicroelectronics FP-ATR-ASTRA1 2.0.2
2025-11-07 16:10:38,112 [INFO] ThirdParty:1030 - CMSIS Pack Vendor :wolfSSL I-CUBE-wolfSSL 5.8.2
2025-11-07 16:10:38,112 [INFO] ThirdParty:1030 - CMSIS Pack Vendor :STMicroelectronics X-CUBE-BLE1 7.1.0
2025-11-07 16:10:38,112 [INFO] ThirdParty:1030 - CMSIS Pack Vendor :STMicroelectronics X-CUBE-SMBUS 2.1.0
2025-11-07 16:10:38,112 [INFO] ThirdParty:1030 - CMSIS Pack Vendor :wolfSSL I-CUBE-wolfMQTT 1.19.2
2025-11-07 16:10:38,112 [INFO] ThirdParty:1030 - CMSIS Pack Vendor :STMicroelectronics USB_DEVICE 3.0.0
2025-11-07 16:10:38,112 [INFO] ThirdParty:1030 - CMSIS Pack Vendor :STMicroelectronics X-CUBE-ISPU 2.1.0
2025-11-07 16:10:38,112 [INFO] ThirdParty:1030 - CMSIS Pack Vendor :STMicroelectronics X-CUBE-EEPRMA1 5.2.0
2025-11-07 16:10:38,112 [INFO] ThirdParty:1030 - CMSIS Pack Vendor :STMicroelectronics X-CUBE-BLEMGR 4.1.0
2025-11-07 16:10:38,112 [INFO] ThirdParty:1030 - CMSIS Pack Vendor :STMicroelectronics X-CUBE-AZRTOS-WB 2.0.0
2025-11-07 16:10:38,112 [INFO] ThirdParty:1030 - CMSIS Pack Vendor :STMicroelectronics X-CUBE-GNSS1 7.0.1
2025-11-07 16:10:38,112 [INFO] ThirdParty:1030 - CMSIS Pack Vendor :STMicroelectronics X-CUBE-NFC12 1.0.0
2025-11-07 16:10:38,112 [INFO] ThirdParty:1030 - CMSIS Pack Vendor :STMicroelectronics X-CUBE-AZRTOS-F7 1.1.0
2025-11-07 16:10:38,112 [INFO] ThirdParty:1030 - CMSIS Pack Vendor :STMicroelectronics X-CUBE-AZRTOS-L5 2.0.0
2025-11-07 16:10:38,112 [INFO] ThirdParty:1030 - CMSIS Pack Vendor :STMicroelectronics USB_DEVICE 2.0.0
2025-11-07 16:10:38,112 [INFO] ThirdParty:1030 - CMSIS Pack Vendor :STMicroelectronics X-CUBE-NFC6 3.1.0
2025-11-07 16:10:38,112 [INFO] ThirdParty:1030 - CMSIS Pack Vendor :Cesanta I-CUBE-Mongoose 7.19.0
2025-11-07 16:10:38,112 [INFO] ThirdParty:1030 - CMSIS Pack Vendor :quantropi X-CUBE-qispace-sdk-base 2.1.0
2025-11-07 16:10:38,112 [INFO] ThirdParty:1030 - CMSIS Pack Vendor :STMicroelectronics FreeRTOS 0.0.1
2025-11-07 16:10:38,112 [INFO] ThirdParty:1030 - CMSIS Pack Vendor :STMicroelectronics X-CUBE-AZRTOS-G0 1.1.0
2025-11-07 16:10:38,112 [INFO] ThirdParty:1030 - CMSIS Pack Vendor :STMicroelectronics X-CUBE-SAFEA1 1.2.2
2025-11-07 16:10:38,112 [INFO] ThirdParty:1030 - CMSIS Pack Vendor :STMicroelectronics X-CUBE-NFC4 3.0.0
2025-11-07 16:10:38,112 [INFO] ThirdParty:1030 - CMSIS Pack Vendor :STMicroelectronics X-CUBE-SUBG2 5.0.0
2025-11-07 16:10:38,113 [INFO] ThirdParty:1030 - CMSIS Pack Vendor :STMicroelectronics X-CUBE-AZRTOS-H7RS 1.1.0
2025-11-07 16:10:38,113 [INFO] ThirdParty:1030 - CMSIS Pack Vendor :STMicroelectronics STM32_WPAN 1.0.0
2025-11-07 16:10:38,113 [INFO] ThirdParty:1030 - CMSIS Pack Vendor :EmbeddedOffice I-CUBE-FS-RTOS 1.0.1
2025-11-07 16:10:38,113 [INFO] ThirdParty:1030 - CMSIS Pack Vendor :STMicroelectronics lwIP 2.0.3
2025-11-07 16:10:38,113 [INFO] ThirdParty:1030 - CMSIS Pack Vendor :STMicroelectronics USB_HOST 1.0.0
2025-11-07 16:10:38,113 [INFO] ThirdParty:1030 - CMSIS Pack Vendor :Infineon AIROC-Wi-Fi-Bluetooth-STM32 1.7.1
2025-11-07 16:10:38,113 [INFO] ThirdParty:1030 - CMSIS Pack Vendor :STMicroelectronics X-CUBE-AZRTOS-G4 2.0.0
2025-11-07 16:10:38,113 [INFO] ThirdParty:1030 - CMSIS Pack Vendor :STMicroelectronics X-CUBE-WB05N 2.0.0
2025-11-07 16:10:38,113 [INFO] ThirdParty:1030 - CMSIS Pack Vendor :STMicroelectronics PDM2PCM 3.1.0
2025-11-07 16:10:38,113 [INFO] ThirdParty:1030 - CMSIS Pack Vendor :STMicroelectronics PDM2PCM 3.3.0
2025-11-07 16:10:38,113 [INFO] ThirdParty:1030 - CMSIS Pack Vendor :wolfSSL I-CUBE-wolfTPM 3.8.0
2025-11-07 16:10:38,113 [INFO] ThirdParty:1030 - CMSIS Pack Vendor :STMicroelectronics X-CUBE-AZRTOS-H7 3.4.0
2025-11-07 16:10:38,113 [INFO] ThirdParty:1030 - CMSIS Pack Vendor :STMicroelectronics X-CUBE-DISPLAY 3.0.0
2025-11-07 16:10:38,113 [INFO] ThirdParty:1030 - CMSIS Pack Vendor :wolfSSL I-CUBE-wolfSSH 1.4.20
2025-11-07 16:10:38,113 [INFO] ThirdParty:1030 - CMSIS Pack Vendor :STMicroelectronics X-CUBE-NFC7 2.0.0
2025-11-07 16:10:38,113 [INFO] ThirdParty:1030 - CMSIS Pack Vendor :STMicroelectronics X-CUBE-TCPP 4.2.0
2025-11-07 16:10:38,113 [INFO] ThirdParty:1030 - CMSIS Pack Vendor :RealThread X-CUBE-RT-Thread_Nano 4.1.1
2025-11-07 16:10:38,113 [INFO] ThirdParty:1030 - CMSIS Pack Vendor :STMicroelectronics FP-ATR-SIGFOX1 3.2.0
2025-11-07 16:10:38,113 [INFO] ThirdParty:1030 - CMSIS Pack Vendor :STMicroelectronics X-CUBE-NFC10 1.0.0
2025-11-07 16:10:38,113 [INFO] ThirdParty:1030 - CMSIS Pack Vendor :STMicroelectronics X-CUBE-FREERTOS 1.3.1
2025-11-07 16:10:38,113 [INFO] ThirdParty:1030 - CMSIS Pack Vendor :STMicroelectronics HAL Drivers 0.0.0
2025-11-07 16:10:38,113 [INFO] ThirdParty:1030 - CMSIS Pack Vendor :STMicroelectronics MBEDTLS 2.16.2
2025-11-07 16:10:38,113 [INFO] ThirdParty:1030 - CMSIS Pack Vendor :STMicroelectronics X-CUBE-ST60 1.1.0
2025-11-07 16:10:38,113 [INFO] ThirdParty:1030 - CMSIS Pack Vendor :STMicroelectronics X-CUBE-ALS 1.0.2
2025-11-07 16:10:38,113 [INFO] ThirdParty:1030 - CMSIS Pack Vendor :emotas I-CUBE-CANOPEN 1.3.0
2025-11-07 16:10:38,113 [INFO] ThirdParty:1030 - CMSIS Pack Vendor :STMicroelectronics MBEDTLS 2.14.1
2025-11-07 16:10:38,113 [INFO] ThirdParty:1030 - CMSIS Pack Vendor :STMicroelectronics X-CUBE-GNSS1 7.1.0
2025-11-07 16:10:38,113 [INFO] ThirdParty:1030 - CMSIS Pack Vendor :ITTIA_DB I-CUBE-ITTIADB 8.9.0
2025-11-07 16:10:38,113 [INFO] ThirdParty:1030 - CMSIS Pack Vendor :STMicroelectronics X-CUBE-TOUCHGFX 4.26.0
2025-11-07 16:10:38,113 [INFO] ThirdParty:1030 - CMSIS Pack Vendor :STMicroelectronics X-CUBE-STSE01 1.0.0
2025-11-07 16:10:38,113 [INFO] ThirdParty:1030 - CMSIS Pack Vendor :STMicroelectronics X-CUBE-AI 10.2.0
2025-11-07 16:10:38,113 [INFO] ThirdParty:1030 - CMSIS Pack Vendor :STMicroelectronics FP-SNS-STAIOTCFT 1.0.0
2025-11-07 16:10:38,114 [INFO] ThirdParty:1030 - CMSIS Pack Vendor :STMicroelectronics ThreadX 1.0.0
2025-11-07 16:10:38,114 [INFO] ThirdParty:1030 - CMSIS Pack Vendor :STMicroelectronics FP-SNS-SMARTAG2 1.2.0
2025-11-07 16:10:38,114 [INFO] ThirdParty:1030 - CMSIS Pack Vendor :STMicroelectronics FP-SNS-FLIGHT1 5.1.0
2025-11-07 16:10:38,114 [INFO] ThirdParty:1030 - CMSIS Pack Vendor :STMicroelectronics X-CUBE-AZRTOS-WL 2.0.0
2025-11-07 16:10:38,114 [INFO] ThirdParty:1030 - CMSIS Pack Vendor :SEGGER I-CUBE-embOS 1.3.1
2025-11-07 16:10:38,114 [INFO] ThirdParty:1030 - CMSIS Pack Vendor :STMicroelectronics X-CUBE-ALGOBUILD 1.4.0
2025-11-07 16:10:38,114 [INFO] ThirdParty:1030 - CMSIS Pack Vendor :STMicroelectronics X-CUBE-DPower 1.3.0
2025-11-07 16:10:38,114 [INFO] ThirdParty:1030 - CMSIS Pack Vendor :STMicroelectronics X-CUBE-MEMS1 11.3.0
2025-11-07 16:10:38,114 [INFO] ThirdParty:1030 - CMSIS Pack Vendor :STMicroelectronics USB_DEVICE 1.0.0
2025-11-07 16:10:38,114 [INFO] ThirdParty:1030 - CMSIS Pack Vendor :STMicroelectronics X-CUBE-AZRTOS-L4 2.0.0
2025-11-07 16:10:38,114 [INFO] ThirdParty:1030 - CMSIS Pack Vendor :STMicroelectronics ThreadX 0.0.2
2025-11-07 16:10:38,114 [INFO] ThirdParty:1030 - CMSIS Pack Vendor :STMicroelectronics lwIP 2.1.2
2025-11-07 16:10:38,114 [INFO] ThirdParty:1030 - CMSIS Pack Vendor :STMicroelectronics X-CUBE-SFXS2LP1 4.0.0
2025-11-07 16:10:38,114 [INFO] ThirdParty:1030 - CMSIS Pack Vendor :STMicroelectronics X-CUBE-BLE2 3.3.0
2025-11-07 16:10:38,114 [INFO] ThirdParty:1030 - CMSIS Pack Vendor :STMicroelectronics X-CUBE-TOF1 3.4.3
2025-11-07 16:10:38,114 [INFO] ThirdParty:1030 - CMSIS Pack Vendor :STMicroelectronics PDM2PCM 3.2.0
2025-11-07 16:10:38,114 [INFO] ThirdParty:841 - exiting critical section [change project]
2025-11-07 16:10:38,583 [INFO] PinOutPanel:1589 - setPackage(No Configuration,No Configuration)
2025-11-07 16:10:38,585 [INFO] PinOutPanel:1589 - setPackage(STM32L476RGTx,LQFP64)
2025-11-07 16:10:39,173 [INFO] UtilMem:75 - Before build in PCC Used Memory: 749439000 Bytes (1073741824)
2025-11-07 16:10:39,564 [INFO] UtilMem:75 - After build in PCC Used Memory: 831227928 Bytes (1073741824)
2025-11-07 16:10:39,587 [INFO] IPUIPlugin:80 - create IPUIPlugin
2025-11-07 16:10:39,587 [INFO] IPUIPlugin:80 - create IPUIPlugin
2025-11-07 16:10:39,587 [INFO] IPUIPlugin:80 - create IPUIPlugin
2025-11-07 16:10:39,587 [INFO] IPUIPlugin:80 - create IPUIPlugin
2025-11-07 16:10:39,587 [INFO] IPUIPlugin:80 - create IPUIPlugin
2025-11-07 16:10:39,587 [INFO] IPUIPlugin:80 - create IPUIPlugin
2025-11-07 16:10:39,587 [INFO] IPUIPlugin:80 - create IPUIPlugin
2025-11-07 16:10:39,587 [INFO] IPUIPlugin:80 - create IPUIPlugin
2025-11-07 16:10:39,588 [INFO] IPUIPlugin:80 - create IPUIPlugin
2025-11-07 16:10:39,588 [INFO] IPUIPlugin:80 - create IPUIPlugin
2025-11-07 16:10:39,588 [INFO] IPUIPlugin:80 - create IPUIPlugin
2025-11-07 16:10:39,588 [INFO] IPUIPlugin:80 - create IPUIPlugin
2025-11-07 16:10:39,588 [INFO] IPUIPlugin:80 - create IPUIPlugin
2025-11-07 16:10:39,588 [INFO] IPUIPlugin:80 - create IPUIPlugin
2025-11-07 16:10:39,588 [INFO] IPUIPlugin:80 - create IPUIPlugin
2025-11-07 16:10:39,588 [INFO] IPUIPlugin:80 - create IPUIPlugin
2025-11-07 16:10:39,588 [INFO] IPUIPlugin:80 - create IPUIPlugin
2025-11-07 16:10:39,588 [INFO] IPUIPlugin:80 - create IPUIPlugin
2025-11-07 16:10:39,588 [INFO] IPUIPlugin:80 - create IPUIPlugin
2025-11-07 16:10:39,589 [INFO] IPUIPlugin:80 - create IPUIPlugin
2025-11-07 16:10:39,589 [INFO] IPUIPlugin:80 - create IPUIPlugin
2025-11-07 16:10:39,589 [INFO] IPUIPlugin:80 - create IPUIPlugin
2025-11-07 16:10:39,589 [INFO] IPUIPlugin:80 - create IPUIPlugin
2025-11-07 16:10:39,589 [INFO] IPUIPlugin:80 - create IPUIPlugin
2025-11-07 16:10:39,589 [INFO] IPUIPlugin:80 - create IPUIPlugin
2025-11-07 16:10:39,589 [INFO] IPUIPlugin:80 - create IPUIPlugin
2025-11-07 16:10:39,589 [INFO] IPUIPlugin:80 - create IPUIPlugin
2025-11-07 16:10:39,590 [INFO] IPUIPlugin:80 - create IPUIPlugin
2025-11-07 16:10:39,590 [INFO] IPUIPlugin:80 - create IPUIPlugin
2025-11-07 16:10:39,590 [INFO] IPUIPlugin:80 - create IPUIPlugin
2025-11-07 16:10:39,590 [INFO] IPUIPlugin:80 - create IPUIPlugin
2025-11-07 16:10:39,590 [INFO] IPUIPlugin:80 - create IPUIPlugin
2025-11-07 16:10:39,590 [INFO] IPUIPlugin:80 - create IPUIPlugin
2025-11-07 16:10:39,591 [INFO] IPUIPlugin:80 - create IPUIPlugin
2025-11-07 16:10:39,592 [INFO] IPUIPlugin:80 - create IPUIPlugin
2025-11-07 16:10:39,592 [INFO] IPUIPlugin:80 - create IPUIPlugin
2025-11-07 16:10:39,592 [INFO] IPUIPlugin:80 - create IPUIPlugin
2025-11-07 16:10:39,592 [INFO] IPUIPlugin:80 - create IPUIPlugin
2025-11-07 16:10:39,592 [INFO] IPUIPlugin:80 - create IPUIPlugin
2025-11-07 16:10:39,593 [INFO] IPUIPlugin:80 - create IPUIPlugin
2025-11-07 16:10:39,593 [INFO] IPUIPlugin:80 - create IPUIPlugin
2025-11-07 16:10:39,593 [INFO] IPUIPlugin:80 - create IPUIPlugin
2025-11-07 16:10:39,593 [INFO] IPUIPlugin:80 - create IPUIPlugin
2025-11-07 16:10:39,593 [INFO] IPUIPlugin:80 - create IPUIPlugin
2025-11-07 16:10:39,593 [INFO] IPUIPlugin:80 - create IPUIPlugin
2025-11-07 16:10:39,593 [INFO] IPUIPlugin:80 - create IPUIPlugin
2025-11-07 16:10:39,594 [INFO] IPUIPlugin:80 - create IPUIPlugin
2025-11-07 16:10:39,594 [INFO] IPUIPlugin:80 - create IPUIPlugin
2025-11-07 16:10:39,594 [INFO] IPUIPlugin:80 - create IPUIPlugin
2025-11-07 16:10:39,594 [INFO] IPUIPlugin:80 - create IPUIPlugin
2025-11-07 16:10:39,594 [INFO] IPUIPlugin:80 - create IPUIPlugin
2025-11-07 16:10:39,595 [INFO] IPUIPlugin:80 - create IPUIPlugin
2025-11-07 16:10:39,595 [INFO] IPUIPlugin:80 - create IPUIPlugin
2025-11-07 16:10:39,595 [INFO] IPUIPlugin:80 - create IPUIPlugin
2025-11-07 16:10:39,595 [INFO] IPUIPlugin:80 - create IPUIPlugin
2025-11-07 16:10:39,596 [INFO] IPUIPlugin:80 - create IPUIPlugin
2025-11-07 16:10:39,596 [INFO] IPUIPlugin:80 - create IPUIPlugin
2025-11-07 16:10:39,596 [INFO] IPUIPlugin:80 - create IPUIPlugin
2025-11-07 16:10:39,596 [INFO] IPUIPlugin:80 - create IPUIPlugin
2025-11-07 16:10:39,661 [INFO] CADModel:165 - CPN selected for project levelSTM32L476RGT3
2025-11-07 16:10:39,661 [INFO] CADModel:114 - Register for checkConnection events
2025-11-07 16:10:39,714 [INFO] OpenFileManager:385 - Restore cursor
2025-11-07 16:10:40,127 [INFO] UtilMem:75 - End SaveConfig() Used Memory: 986565520 Bytes (1073741824)
2025-11-07 16:10:40,247 [INFO] UtilMem:75 - End SaveConfig() Used Memory: 735893976 Bytes (1073741824)
2025-11-07 16:10:40,633 [INFO] BlockDiagram:2775 - set Specific Code input for plugin: SYS
2025-11-07 16:10:40,633 [INFO] BlockDiagram:2775 - set Specific Code input for plugin: RCC
2025-11-07 16:10:40,633 [INFO] BlockDiagram:2775 - set Specific Code input for plugin: NVIC
2025-11-07 16:10:40,633 [INFO] BlockDiagram:2775 - set Specific Code input for plugin: USART
2025-11-07 16:10:40,633 [INFO] BlockDiagram:2775 - set Specific Code input for plugin: GPIO
2025-11-07 16:10:40,636 [INFO] CodeGenerator:882 - code generatio: config db path: C:\ST\STM32CubeIDE_1.18.1\STM32CubeIDE\plugins\com.st.stm32cube.common.mx_6.14.1.202504091515\\db\
2025-11-07 16:10:40,804 [INFO] CodeEngine:263 - oldGeneratedFile, C:\stm32\i2c_temp_sensor\MXTmpFiles\license.tmp_save
2025-11-07 16:10:41,102 [INFO] CodeEngine:287 - Generated code: C:\stm32\i2c_temp_sensor\MXTmpFiles\license.tmp
2025-11-07 16:10:41,147 [INFO] CodeEngine:263 - oldGeneratedFile, C:\stm32\i2c_temp_sensor\MXTmpFiles\gpio.tmp_save
2025-11-07 16:10:41,259 [INFO] CodeEngine:287 - Generated code: C:\stm32\i2c_temp_sensor\MXTmpFiles\gpio.tmp
2025-11-07 16:10:41,353 [INFO] CodeEngine:263 - oldGeneratedFile, C:\stm32\i2c_temp_sensor\Core\Src\stm32l4xx_it.c_save
2025-11-07 16:10:41,591 [INFO] CodeEngine:287 - Generated code: C:\stm32\i2c_temp_sensor\Core\Src\stm32l4xx_it.c
2025-11-07 16:10:41,600 [INFO] CodeEngine:263 - oldGeneratedFile, C:\stm32\i2c_temp_sensor\Core\Inc\stm32l4xx_it.h_save
2025-11-07 16:10:41,690 [INFO] CodeEngine:287 - Generated code: C:\stm32\i2c_temp_sensor\Core\Inc\stm32l4xx_it.h
2025-11-07 16:10:41,716 [INFO] CodeEngine:263 - oldGeneratedFile, C:\stm32\i2c_temp_sensor\Core\Src\stm32l4xx_hal_msp.c_save
2025-11-07 16:10:41,860 [INFO] CodeEngine:287 - Generated code: C:\stm32\i2c_temp_sensor\Core\Src\stm32l4xx_hal_msp.c
2025-11-07 16:10:41,867 [INFO] CodeEngine:263 - oldGeneratedFile, C:\stm32\i2c_temp_sensor\MXTmpFiles\system.tmp_save
2025-11-07 16:10:41,938 [INFO] CodeEngine:287 - Generated code: C:\stm32\i2c_temp_sensor\MXTmpFiles\system.tmp
2025-11-07 16:10:41,954 [INFO] CodeEngine:319 - oldGeneratedFile, C:\stm32\i2c_temp_sensor\Core\Inc\stm32l4xx_hal_conf.h_save
2025-11-07 16:10:42,027 [INFO] CodeEngine:343 - Generated code: C:\stm32\i2c_temp_sensor\Core\Inc\stm32l4xx_hal_conf.h
2025-11-07 16:10:42,063 [INFO] ApiDbMcu:508 - Load IP Config File for USART2
2025-11-07 16:10:42,065 [INFO] ApiDbMcu:508 - Load IP Config File for RCC
2025-11-07 16:10:42,079 [INFO] CodeEngine:263 - oldGeneratedFile, C:\stm32\i2c_temp_sensor\Core\Inc\main.h_save
2025-11-07 16:10:42,169 [INFO] CodeEngine:287 - Generated code: C:\stm32\i2c_temp_sensor\Core\Inc\main.h
2025-11-07 16:10:42,178 [INFO] CodeEngine:263 - oldGeneratedFile, C:\stm32\i2c_temp_sensor\Core\Src\main.c_save
2025-11-07 16:10:42,280 [INFO] CodeEngine:287 - Generated code: C:\stm32\i2c_temp_sensor\Core\Src\main.c
2025-11-07 16:10:42,644 [ERROR] ProjectBuilder:7054 - Problem during Copy of File LICENSE.txt
2025-11-07 16:10:42,657 [ERROR] ProjectBuilder:7054 - Problem during Copy of File LICENSE.txt
2025-11-07 16:10:42,829 [INFO] ProjectBuilder:3324 - Time for Copy HAL[1] : 373mS.
2025-11-07 16:10:42,833 [INFO] ProjectBuilder:4912 - Project Generator version: 4.6.0.1-B1
2025-11-07 16:10:42,903 [INFO] ConfigFileManager:1590 - The Die is : DIE415
2025-11-07 16:10:42,909 [INFO] ApiDbMcu:508 - Load IP Config File for FATFS
2025-11-07 16:10:42,914 [INFO] ApiDbMcu:508 - Load IP Config File for FREERTOS
2025-11-07 16:10:42,924 [INFO] ApiDbMcu:508 - Load IP Config File for TOUCHSENSING
2025-11-07 16:10:42,929 [INFO] ApiDbMcu:508 - Load IP Config File for USB_DEVICE
2025-11-07 16:10:42,932 [INFO] ApiDbMcu:508 - Load IP Config File for USB_HOST
2025-11-07 16:10:45,622 [INFO] ProjectBuilder:5191 - Time for Generating toolchain IDE Files: 2790mS.
2025-11-07 16:10:45,626 [INFO] ProjectBuilder:3181 - Time for Copy CMSIS : 3mS.
2025-11-07 16:10:45,631 [INFO] ProjectBuilder:3181 - Time for Copy CMSIS : 1mS.
2025-11-07 16:10:46,237 [INFO] McuFinderGlobals:76 - Set McuFinderConnectedMode to true
2025-11-07 16:10:46,243 [INFO] ApiDb:448 - Save user favorites file C:\Users\siree/.stm32cubeide/favorites.mcus.txt: 0 item(s)
2025-11-07 16:10:46,243 [INFO] ApiDb:452 - User favorites MCUs=[]
2025-11-07 16:10:46,245 [INFO] ApiDb:448 - Save user favorites file C:\Users\siree/.stm32cubeide/favorites.boards.txt: 0 item(s)
2025-11-07 16:10:46,245 [INFO] ApiDb:452 - User favorites Boards=[]
2025-11-07 16:11:31,473 [INFO] I2cTimingTraitement:330 - 0x10D19CE4
2025-11-07 16:11:49,196 [INFO] UtilMem:75 - End SaveConfig() Used Memory: 873139664 Bytes (1073741824)
2025-11-07 16:11:52,043 [INFO] UtilMem:75 - End SaveConfig() Used Memory: 911414736 Bytes (1073741824)
2025-11-07 16:11:53,959 [INFO] UtilMem:75 - End SaveConfig() Used Memory: 677094592 Bytes (1073741824)
2025-11-07 16:11:54,185 [INFO] BlockDiagram:2775 - set Specific Code input for plugin: SYS
2025-11-07 16:11:54,185 [INFO] BlockDiagram:2775 - set Specific Code input for plugin: RCC
2025-11-07 16:11:54,186 [INFO] BlockDiagram:2775 - set Specific Code input for plugin: I2C
2025-11-07 16:11:54,186 [INFO] BlockDiagram:2775 - set Specific Code input for plugin: NVIC
2025-11-07 16:11:54,186 [INFO] BlockDiagram:2775 - set Specific Code input for plugin: USART
2025-11-07 16:11:54,186 [INFO] BlockDiagram:2775 - set Specific Code input for plugin: GPIO
2025-11-07 16:11:54,189 [INFO] CodeGenerator:882 - code generatio: config db path: C:\ST\STM32CubeIDE_1.18.1\STM32CubeIDE\plugins\com.st.stm32cube.common.mx_6.14.1.202504091515\\db\
2025-11-07 16:11:54,331 [INFO] CodeEngine:263 - oldGeneratedFile, C:\stm32\i2c_temp_sensor\MXTmpFiles\license.tmp_save
2025-11-07 16:11:54,395 [INFO] CodeEngine:287 - Generated code: C:\stm32\i2c_temp_sensor\MXTmpFiles\license.tmp
2025-11-07 16:11:54,429 [INFO] CodeEngine:263 - oldGeneratedFile, C:\stm32\i2c_temp_sensor\MXTmpFiles\gpio.tmp_save
2025-11-07 16:11:54,516 [INFO] CodeEngine:287 - Generated code: C:\stm32\i2c_temp_sensor\MXTmpFiles\gpio.tmp
2025-11-07 16:11:54,640 [INFO] CodeEngine:263 - oldGeneratedFile, C:\stm32\i2c_temp_sensor\Core\Src\stm32l4xx_it.c_save
2025-11-07 16:11:54,705 [INFO] CodeEngine:287 - Generated code: C:\stm32\i2c_temp_sensor\Core\Src\stm32l4xx_it.c
2025-11-07 16:11:54,712 [INFO] CodeEngine:263 - oldGeneratedFile, C:\stm32\i2c_temp_sensor\Core\Inc\stm32l4xx_it.h_save
2025-11-07 16:11:54,767 [INFO] CodeEngine:287 - Generated code: C:\stm32\i2c_temp_sensor\Core\Inc\stm32l4xx_it.h
2025-11-07 16:11:54,786 [INFO] CodeEngine:263 - oldGeneratedFile, C:\stm32\i2c_temp_sensor\Core\Src\stm32l4xx_hal_msp.c_save
2025-11-07 16:11:54,881 [INFO] CodeEngine:287 - Generated code: C:\stm32\i2c_temp_sensor\Core\Src\stm32l4xx_hal_msp.c
2025-11-07 16:11:54,891 [INFO] CodeEngine:263 - oldGeneratedFile, C:\stm32\i2c_temp_sensor\MXTmpFiles\system.tmp_save
2025-11-07 16:11:54,951 [INFO] CodeEngine:287 - Generated code: C:\stm32\i2c_temp_sensor\MXTmpFiles\system.tmp
2025-11-07 16:11:54,969 [INFO] CodeEngine:319 - oldGeneratedFile, C:\stm32\i2c_temp_sensor\Core\Inc\stm32l4xx_hal_conf.h_save
2025-11-07 16:11:55,045 [INFO] CodeEngine:343 - Generated code: C:\stm32\i2c_temp_sensor\Core\Inc\stm32l4xx_hal_conf.h
2025-11-07 16:11:55,071 [INFO] ApiDbMcu:508 - Load IP Config File for I2C1
2025-11-07 16:11:55,083 [INFO] CodeEngine:263 - oldGeneratedFile, C:\stm32\i2c_temp_sensor\Core\Inc\main.h_save
2025-11-07 16:11:55,144 [INFO] CodeEngine:287 - Generated code: C:\stm32\i2c_temp_sensor\Core\Inc\main.h
2025-11-07 16:11:55,154 [INFO] CodeEngine:263 - oldGeneratedFile, C:\stm32\i2c_temp_sensor\Core\Src\main.c_save
2025-11-07 16:11:55,270 [INFO] CodeEngine:287 - Generated code: C:\stm32\i2c_temp_sensor\Core\Src\main.c
2025-11-07 16:11:55,558 [ERROR] ProjectBuilder:7054 - Problem during Copy of File LICENSE.txt
2025-11-07 16:11:55,600 [ERROR] ProjectBuilder:7054 - Problem during Copy of File LICENSE.txt
2025-11-07 16:11:55,700 [INFO] ProjectBuilder:3324 - Time for Copy HAL[1] : 271mS.
2025-11-07 16:11:55,703 [INFO] ProjectBuilder:4912 - Project Generator version: 4.6.0.1-B1
2025-11-07 16:11:55,771 [INFO] ConfigFileManager:1590 - The Die is : DIE415
2025-11-07 16:11:56,681 [INFO] ProjectBuilder:5191 - Time for Generating toolchain IDE Files: 978mS.
2025-11-07 16:11:56,699 [INFO] ProjectBuilder:3181 - Time for Copy CMSIS : 15mS.
2025-11-07 16:11:56,701 [INFO] ProjectBuilder:3181 - Time for Copy CMSIS : 0mS.
2025-11-07 16:32:35,750 [INFO] I2cTimingTraitement:330 - 0x10D19CE4
2025-11-07 16:34:48,939 [INFO] UtilMem:75 - End SaveConfig() Used Memory: 762748088 Bytes (1073741824)
2025-11-07 16:34:58,164 [INFO] UtilMem:75 - End SaveConfig() Used Memory: 992156824 Bytes (1073741824)
2025-11-07 16:35:00,661 [INFO] UtilMem:75 - End SaveConfig() Used Memory: 850232104 Bytes (1073741824)
2025-11-07 16:35:01,205 [INFO] BlockDiagram:2775 - set Specific Code input for plugin: SYS
2025-11-07 16:35:01,206 [INFO] BlockDiagram:2775 - set Specific Code input for plugin: RCC
2025-11-07 16:35:01,206 [INFO] BlockDiagram:2775 - set Specific Code input for plugin: I2C
2025-11-07 16:35:01,206 [INFO] BlockDiagram:2775 - set Specific Code input for plugin: NVIC
2025-11-07 16:35:01,206 [INFO] BlockDiagram:2775 - set Specific Code input for plugin: USART
2025-11-07 16:35:01,207 [INFO] BlockDiagram:2775 - set Specific Code input for plugin: GPIO
2025-11-07 16:35:01,216 [INFO] CodeGenerator:882 - code generatio: config db path: C:\ST\STM32CubeIDE_1.18.1\STM32CubeIDE\plugins\com.st.stm32cube.common.mx_6.14.1.202504091515\\db\
2025-11-07 16:35:01,433 [INFO] CodeEngine:263 - oldGeneratedFile, C:\stm32\i2c_temp_sensor\MXTmpFiles\license.tmp_save
2025-11-07 16:35:01,862 [INFO] CodeEngine:287 - Generated code: C:\stm32\i2c_temp_sensor\MXTmpFiles\license.tmp
2025-11-07 16:35:01,980 [INFO] CodeEngine:263 - oldGeneratedFile, C:\stm32\i2c_temp_sensor\MXTmpFiles\gpio.tmp_save
2025-11-07 16:35:02,153 [INFO] CodeEngine:287 - Generated code: C:\stm32\i2c_temp_sensor\MXTmpFiles\gpio.tmp
2025-11-07 16:35:02,411 [INFO] CodeEngine:263 - oldGeneratedFile, C:\stm32\i2c_temp_sensor\Core\Src\stm32l4xx_it.c_save
2025-11-07 16:35:02,789 [INFO] CodeEngine:287 - Generated code: C:\stm32\i2c_temp_sensor\Core\Src\stm32l4xx_it.c
2025-11-07 16:35:02,804 [INFO] CodeEngine:263 - oldGeneratedFile, C:\stm32\i2c_temp_sensor\Core\Inc\stm32l4xx_it.h_save
2025-11-07 16:35:02,922 [INFO] CodeEngine:287 - Generated code: C:\stm32\i2c_temp_sensor\Core\Inc\stm32l4xx_it.h
2025-11-07 16:35:02,951 [INFO] CodeEngine:263 - oldGeneratedFile, C:\stm32\i2c_temp_sensor\Core\Src\stm32l4xx_hal_msp.c_save
2025-11-07 16:35:03,163 [INFO] CodeEngine:287 - Generated code: C:\stm32\i2c_temp_sensor\Core\Src\stm32l4xx_hal_msp.c
2025-11-07 16:35:03,174 [INFO] CodeEngine:263 - oldGeneratedFile, C:\stm32\i2c_temp_sensor\MXTmpFiles\system.tmp_save
2025-11-07 16:35:03,286 [INFO] CodeEngine:287 - Generated code: C:\stm32\i2c_temp_sensor\MXTmpFiles\system.tmp
2025-11-07 16:35:03,311 [INFO] CodeEngine:319 - oldGeneratedFile, C:\stm32\i2c_temp_sensor\Core\Inc\stm32l4xx_hal_conf.h_save
2025-11-07 16:35:03,618 [INFO] CodeEngine:343 - Generated code: C:\stm32\i2c_temp_sensor\Core\Inc\stm32l4xx_hal_conf.h
2025-11-07 16:35:03,720 [INFO] CodeEngine:263 - oldGeneratedFile, C:\stm32\i2c_temp_sensor\Core\Inc\main.h_save
2025-11-07 16:35:04,035 [INFO] CodeEngine:287 - Generated code: C:\stm32\i2c_temp_sensor\Core\Inc\main.h
2025-11-07 16:35:04,064 [INFO] CodeEngine:263 - oldGeneratedFile, C:\stm32\i2c_temp_sensor\Core\Src\main.c_save
2025-11-07 16:35:04,300 [INFO] CodeEngine:287 - Generated code: C:\stm32\i2c_temp_sensor\Core\Src\main.c
2025-11-07 16:35:04,916 [ERROR] ProjectBuilder:7054 - Problem during Copy of File LICENSE.txt
2025-11-07 16:35:05,220 [ERROR] ProjectBuilder:7054 - Problem during Copy of File LICENSE.txt
2025-11-07 16:35:05,517 [INFO] ProjectBuilder:3324 - Time for Copy HAL[1] : 747mS.
2025-11-07 16:35:05,524 [INFO] ProjectBuilder:4912 - Project Generator version: 4.6.0.1-B1
2025-11-07 16:35:05,687 [INFO] ConfigFileManager:1590 - The Die is : DIE415
2025-11-07 16:35:07,622 [INFO] ProjectBuilder:5191 - Time for Generating toolchain IDE Files: 2098mS.
2025-11-07 16:35:07,624 [INFO] ProjectBuilder:3181 - Time for Copy CMSIS : 2mS.
2025-11-07 16:35:07,626 [INFO] ProjectBuilder:3181 - Time for Copy CMSIS : 0mS.
2025-11-07 16:35:20,632 [INFO] WebApp:194 - Connection lost
2025-11-07 16:35:21,307 [INFO] WebApp:191 - Connection restablished
2025-11-07 16:52:10,215 [INFO] MainUpdater:2872 - connection check result : 10
2025-11-07 16:52:10,305 [INFO] McuFinderGlobals:76 - Set McuFinderConnectedMode to true
2025-11-07 16:52:10,309 [INFO] MultiScanPanel:200 - Auto-refresh data requested => check proxy status ongoing
2025-11-07 16:52:10,312 [INFO] FinderPluginLoader:95 - Searching for filters in installed packs
2025-11-07 16:52:12,366 [INFO] LoadUrlFilesThread:185 - End of LoadServerUrlFiles without Thread
2025-11-07 16:52:12,367 [INFO] DetailPanel:341 - Set advertising image to C:/Users/siree/STM32Cube/Repository/\en.mcu-finder-stm32n6dk.jpg
2025-11-07 16:52:16,451 [INFO] MultiScanPanel:200 - Auto-refresh data requested => check proxy status ongoing
2025-11-07 16:52:16,527 [INFO] LoadUrlFilesThread:185 - End of LoadServerUrlFiles without Thread
2025-11-07 16:52:16,527 [INFO] DetailPanel:341 - Set advertising image to C:/Users/siree/STM32Cube/Repository/\en.mcu-finder-stm32n6dk.jpg
2025-11-07 16:52:57,835 [INFO] McuFinderGlobals:76 - Set McuFinderConnectedMode to true
2025-11-07 16:52:57,839 [INFO] ApiDb:448 - Save user favorites file C:\Users\siree/.stm32cubeide/favorites.mcus.txt: 0 item(s)
2025-11-07 16:52:57,840 [INFO] ApiDb:452 - User favorites MCUs=[]
2025-11-07 16:52:57,843 [INFO] ApiDb:448 - Save user favorites file C:\Users\siree/.stm32cubeide/favorites.boards.txt: 0 item(s)
2025-11-07 16:52:57,843 [INFO] ApiDb:452 - User favorites Boards=[]
2025-11-07 17:12:26,124 [INFO] MainUpdater:2872 - connection check result : 10
2025-11-07 17:12:26,277 [INFO] McuFinderGlobals:76 - Set McuFinderConnectedMode to true
2025-11-07 17:12:26,284 [INFO] MultiScanPanel:200 - Auto-refresh data requested => check proxy status ongoing
2025-11-07 17:12:26,287 [INFO] FinderPluginLoader:95 - Searching for filters in installed packs
2025-11-07 17:12:27,578 [INFO] LoadUrlFilesThread:185 - End of LoadServerUrlFiles without Thread
2025-11-07 17:12:27,580 [INFO] DetailPanel:341 - Set advertising image to C:/Users/siree/STM32Cube/Repository/\en.mcu-finder-stm32n6dk.jpg
2025-11-07 17:12:32,134 [INFO] MultiScanPanel:200 - Auto-refresh data requested => check proxy status ongoing
2025-11-07 17:12:32,342 [INFO] LoadUrlFilesThread:185 - End of LoadServerUrlFiles without Thread
2025-11-07 17:12:32,342 [INFO] DetailPanel:341 - Set advertising image to C:/Users/siree/STM32Cube/Repository/\en.mcu-finder-stm32n6dk.jpg
2025-11-07 17:13:11,285 [INFO] MainUpdater:2872 - connection check result : 10
2025-11-07 17:13:11,286 [INFO] MainUpdater:2872 - connection check result : 10
2025-11-07 17:13:11,307 [ERROR] IocParser:57 - IOException caught: C:\stm32\i2c_temp_sensor\i2c_temp_sensor.ioc (The system cannot find the file specified)
2025-11-07 17:13:11,308 [ERROR] PeripheralListParser:95 - Something went wrong with ioc file reading: C:\stm32\i2c_temp_sensor\i2c_temp_sensor.ioc (The system cannot find the file specified)
2025-11-07 17:13:11,309 [ERROR] RegexParser:59 - Issue caught when parsing regex: C:\stm32\i2c_temp_sensor\i2c_temp_sensor.ioc (The system cannot find the file specified)
2025-11-07 17:13:11,781 [INFO] I2cTimingTraitement:330 - 0x10D19CE4
2025-11-07 17:13:11,790 [INFO] MicroXplorer:468 - Change Database Path : 
2025-11-07 17:13:11,791 [INFO] MicroXplorer:498 - Change Database Version : DB.6.0.141
2025-11-07 17:13:11,832 [ERROR] ProjectManagerView:395 - 
java.lang.NullPointerException: Cannot invoke "javax.swing.JTextField.getText()" because the return value of "java.util.List.get(int)" is null
	at com.st.microxplorer.plugins.projectmanager.gui.ProjectChoiceTab$9.caretUpdate(ProjectChoiceTab.java:2678) ~[filemanager.jar:?]
	at javax.swing.text.JTextComponent.fireCaretUpdate(JTextComponent.java:408) ~[?:?]
	at javax.swing.text.JTextComponent$MutableCaretEvent.fire(JTextComponent.java:4484) ~[?:?]
	at javax.swing.text.JTextComponent$MutableCaretEvent.stateChanged(JTextComponent.java:4506) ~[?:?]
	at javax.swing.text.DefaultCaret.fireStateChanged(DefaultCaret.java:857) ~[?:?]
	at javax.swing.text.DefaultCaret.changeCaretPosition(DefaultCaret.java:1343) ~[?:?]
	at javax.swing.text.DefaultCaret.handleSetDot(DefaultCaret.java:1242) ~[?:?]
	at javax.swing.text.DefaultCaret.setDot(DefaultCaret.java:1223) ~[?:?]
	at javax.swing.text.DefaultCaret$Handler.insertUpdate(DefaultCaret.java:1819) ~[?:?]
	at javax.swing.text.AbstractDocument.fireInsertUpdate(AbstractDocument.java:227) ~[?:?]
	at javax.swing.text.AbstractDocument.handleInsertString(AbstractDocument.java:781) ~[?:?]
	at javax.swing.text.AbstractDocument.insertString(AbstractDocument.java:740) ~[?:?]
	at javax.swing.text.PlainDocument.insertString(PlainDocument.java:131) ~[?:?]
	at javax.swing.text.AbstractDocument.replace(AbstractDocument.java:699) ~[?:?]
	at javax.swing.text.JTextComponent.setText(JTextComponent.java:1725) ~[?:?]
	at com.st.microxplorer.plugins.projectmanager.gui.ProjectChoiceTab.createHeapStackFields(ProjectChoiceTab.java:979) ~[filemanager.jar:?]
	at com.st.microxplorer.plugins.projectmanager.gui.ProjectChoiceTab.buildLinkSettingsPanel(ProjectChoiceTab.java:3766) ~[filemanager.jar:?]
	at com.st.microxplorer.plugins.projectmanager.gui.ProjectChoiceTab.defineWindowsFields(ProjectChoiceTab.java:1962) ~[filemanager.jar:?]
	at com.st.microxplorer.plugins.projectmanager.gui.ProjectChoiceTab.updateSettings(ProjectChoiceTab.java:555) ~[filemanager.jar:?]
	at com.st.microxplorer.plugins.projectmanager.gui.ProjectSettingsPanel.UpdateDialog(ProjectSettingsPanel.java:245) ~[filemanager.jar:?]
	at com.st.microxplorer.plugins.projectmanager.ProjectManagerView.propertyChange(ProjectManagerView.java:392) ~[filemanager.jar:?]
	at java.beans.PropertyChangeSupport.fire(PropertyChangeSupport.java:343) ~[?:?]
	at java.beans.PropertyChangeSupport.firePropertyChange(PropertyChangeSupport.java:335) ~[?:?]
	at java.beans.PropertyChangeSupport.firePropertyChange(PropertyChangeSupport.java:268) ~[?:?]
	at com.st.microxplorer.util.MXPropertyChangeSupport.firePropertyChange(MXPropertyChangeSupport.java:54) ~[STM32CubeMX.jar:?]
	at com.st.microxplorer.mxsystem.MxSystem.closeConfig(MxSystem.java:899) ~[STM32CubeMX.jar:?]
	at com.st.microxplorer.maingui.MainPanel.closeConfig(MainPanel.java:789) ~[STM32CubeMX.jar:?]
	at com.st.microxplorer.plugins.filemanager.engine.OpenFileManager.loadConfigurationFile(OpenFileManager.java:287) ~[filemanager.jar:?]
	at com.st.microxplorer.plugins.filemanager.engine.MainFileManager.userLoadConfig(MainFileManager.java:341) ~[filemanager.jar:?]
	at com.st.microxplorer.plugins.filemanager.FileManagerView.getSpecificTask(FileManagerView.java:250) ~[filemanager.jar:?]
	at com.st.stm32cube.common.mx.editor.CubeMxEditor.getMxTabbedPaneInstance(CubeMxEditor.java:1191) ~[com.st.stm32cube.common.mx_6.14.1.202504091515/:?]
	at com.st.stm32cube.common.mx.editor.CubeMxEditor$12$1.createSwingComponent(CubeMxEditor.java:1068) ~[com.st.stm32cube.common.mx_6.14.1.202504091515/:?]
	at com.st.stm32cube.common.mx.oss.core.awtswtbridge.EmbeddedSwingComposite.doComponentCreation(EmbeddedSwingComposite.java:492) ~[com.st.stm32cube.common.mx.oss_6.14.1.202504091515/:?]
	at com.st.stm32cube.common.mx.oss.core.awtswtbridge.EmbeddedSwingComposite$4.run(EmbeddedSwingComposite.java:291) ~[com.st.stm32cube.common.mx.oss_6.14.1.202504091515/:?]
	at com.st.stm32cube.common.mx.oss.core.awtswtbridge.AwtEnvironment$2.run(AwtEnvironment.java:166) ~[com.st.stm32cube.common.mx.oss_6.14.1.202504091515/:?]
	at java.awt.event.InvocationEvent.dispatch(InvocationEvent.java:318) ~[?:?]
	at java.awt.EventQueue.dispatchEventImpl(EventQueue.java:773) ~[?:?]
	at java.awt.EventQueue$4.run(EventQueue.java:720) ~[?:?]
	at java.awt.EventQueue$4.run(EventQueue.java:714) ~[?:?]
	at java.security.AccessController.doPrivileged(AccessController.java:400) ~[?:?]
	at java.security.ProtectionDomain$JavaSecurityAccessImpl.doIntersectionPrivilege(ProtectionDomain.java:87) ~[?:?]
	at java.awt.EventQueue.dispatchEvent(EventQueue.java:742) ~[?:?]
	at java.awt.EventDispatchThread.pumpOneEventForFilters(EventDispatchThread.java:203) ~[?:?]
	at java.awt.EventDispatchThread.pumpEventsForFilter(EventDispatchThread.java:124) ~[?:?]
	at java.awt.EventDispatchThread.pumpEventsForHierarchy(EventDispatchThread.java:113) ~[?:?]
	at java.awt.EventDispatchThread.pumpEvents(EventDispatchThread.java:109) ~[?:?]
	at java.awt.EventDispatchThread.pumpEvents(EventDispatchThread.java:101) ~[?:?]
	at java.awt.EventDispatchThread.run(EventDispatchThread.java:90) ~[?:?]
2025-11-07 17:13:11,836 [WARN] ThirdParty:871 - waiting for thirdparty lock release [close project]
2025-11-07 17:13:11,836 [INFO] ThirdParty:873 - entering critical section [close project]
2025-11-07 17:13:11,836 [INFO] ThirdParty:883 - exiting critical section [close project]
2025-11-07 17:13:11,839 [INFO] PinOutPanel:1589 - setPackage(No Configuration,No Configuration)
2025-11-07 17:13:11,849 [INFO] UtilMem:75 - Begin LoadConfig() Used Memory: 851215360 Bytes (1073741824)
2025-11-07 17:13:11,851 [INFO] OpenFileManager:354 - Change cursor
2025-11-07 17:13:11,899 [INFO] RulesReader:64 - Compatibility file has been processed (302 Rules)
2025-11-07 17:13:11,909 [INFO] ProjectFactory:442 - No CPN specified for board NUCLEO-L476RG => set CPN to STM32L476RGT3
2025-11-07 17:13:11,911 [INFO] Mcu:2011 - Initializing MCU STM32L476R(C-E-G)Tx STM32L476RGTx STM32L476RGT3
2025-11-07 17:13:14,100 [INFO] Context:756 - Trying to add GPIOservice into a context  which must be forbidden
2025-11-07 17:13:15,055 [INFO] Rule:225 - rule 117617 - U5Cobra4M][GTZC] default value MPCBB3 and MPCBB5 - Not Secured memory - MPCBB1 is applicable
2025-11-07 17:13:15,055 [INFO] Rule:225 - rule 117617 - U5Cobra4M][GTZC] default value MPCBB3 and MPCBB5 - Not Secured memory - MPCBB1 is applicable
2025-11-07 17:13:15,055 [INFO] Rule:225 - rule 117617 - U5Cobra4M][GTZC] default value MPCBB3 and MPCBB5 - Not Secured memory - MPCBB2 is applicable
2025-11-07 17:13:15,055 [INFO] Rule:225 - rule 117617 - U5Cobra4M][GTZC] default value MPCBB3 and MPCBB5 - Not Secured memory - MPCBB2 is applicable
2025-11-07 17:13:15,055 [INFO] Rule:225 - rule 117617 - U5Cobra4M][GTZC] default value MPCBB3 and MPCBB5 - Not Secured memory - MPCBB3 is applicable
2025-11-07 17:13:15,055 [INFO] Rule:225 - rule 117617 - U5Cobra4M][GTZC] default value MPCBB3 and MPCBB5 - Not Secured memory - MPCBB3 is applicable
2025-11-07 17:13:15,055 [INFO] Rule:225 - rule 117617 - U5Cobra4M][GTZC] default value MPCBB3 and MPCBB5 - Not Secured memory - MPCBB4 is applicable
2025-11-07 17:13:15,055 [INFO] Rule:225 - rule 117617 - U5Cobra4M][GTZC] default value MPCBB3 and MPCBB5 - Not Secured memory - MPCBB4 is applicable
2025-11-07 17:13:15,056 [INFO] Rule:225 - rule 117617 - U5Cobra4M][GTZC] default value MPCBB3 and MPCBB5 - Secured memory - MPCBB1 is applicable
2025-11-07 17:13:15,056 [INFO] Rule:225 - rule 117617 - U5Cobra4M][GTZC] default value MPCBB3 and MPCBB5 - Secured memory - MPCBB2 is applicable
2025-11-07 17:13:15,056 [INFO] Rule:225 - rule 117617 - U5Cobra4M][GTZC] default value MPCBB3 and MPCBB5 - Secured memory - MPCBB3 is applicable
2025-11-07 17:13:15,056 [INFO] Rule:225 - rule 117617 - U5Cobra4M][GTZC] default value MPCBB3 and MPCBB5 - Secured memory - MPCBB4 is applicable
2025-11-07 17:13:15,056 [INFO] Rule:225 - rule 117617 - U5Cobra4M][GTZC] default value MPCBB3 and MPCBB5 - Privileged memory - MPCBB1 is applicable
2025-11-07 17:13:15,056 [INFO] Rule:225 - rule 117617 - U5Cobra4M][GTZC] default value MPCBB3 and MPCBB5 - Privileged memory - MPCBB2 is applicable
2025-11-07 17:13:15,056 [INFO] Rule:225 - rule 117617 - U5Cobra4M][GTZC] default value MPCBB3 and MPCBB5 - Privileged memory - MPCBB3 is applicable
2025-11-07 17:13:15,056 [INFO] Rule:225 - rule 117617 - U5Cobra4M][GTZC] default value MPCBB3 and MPCBB5 - Privileged memory - MPCBB4 is applicable
2025-11-07 17:13:15,056 [INFO] Rule:225 - rule 117617 - U5Cobra4M][GTZC] default value MPCBB3 and MPCBB5 - Not Privileged memory - MPCBB1 is applicable
2025-11-07 17:13:15,056 [INFO] Rule:225 - rule 117617 - U5Cobra4M][GTZC] default value MPCBB3 and MPCBB5 - Not Privileged memory - MPCBB2 is applicable
2025-11-07 17:13:15,056 [INFO] Rule:225 - rule 117617 - U5Cobra4M][GTZC] default value MPCBB3 and MPCBB5 - Not Privileged memory - MPCBB3 is applicable
2025-11-07 17:13:15,056 [INFO] Rule:225 - rule 117617 - U5Cobra4M][GTZC] default value MPCBB3 and MPCBB5 - Not Privileged memory - MPCBB4 is applicable
2025-11-07 17:13:15,056 [INFO] Rule:225 - rule 117617 - U5Cobra4M][GTZC] default value MPCBB3 and MPCBB5 - Privileged memory - MPCBB1 is applicable
2025-11-07 17:13:15,056 [INFO] Rule:225 - rule 117617 - U5Cobra4M][GTZC] default value MPCBB3 and MPCBB5 - Privileged memory - MPCBB2 is applicable
2025-11-07 17:13:15,056 [INFO] Rule:225 - rule 117617 - U5Cobra4M][GTZC] default value MPCBB3 and MPCBB5 - Privileged memory - MPCBB3 is applicable
2025-11-07 17:13:15,056 [INFO] Rule:225 - rule 117617 - U5Cobra4M][GTZC] default value MPCBB3 and MPCBB5 - Privileged memory - MPCBB4 is applicable
2025-11-07 17:13:15,056 [INFO] Rule:225 - rule 117617 - U5Cobra4M][GTZC] default value MPCBB3 and MPCBB5 - Privileged memory - MPCBB1 is applicable
2025-11-07 17:13:15,056 [INFO] Rule:225 - rule 117617 - U5Cobra4M][GTZC] default value MPCBB3 and MPCBB5 - Privileged memory - MPCBB2 is applicable
2025-11-07 17:13:15,057 [INFO] Rule:225 - rule 117617 - U5Cobra4M][GTZC] default value MPCBB3 and MPCBB5 - Privileged memory - MPCBB3 is applicable
2025-11-07 17:13:15,057 [INFO] Rule:225 - rule 117617 - U5Cobra4M][GTZC] default value MPCBB3 and MPCBB5 - Privileged memory - MPCBB4 is applicable
2025-11-07 17:13:15,057 [INFO] Rule:225 - rule 117617 - U5Cobra4M][GTZC] default value MPCBB3 and MPCBB5 - Not Privileged memory - MPCBB1 is applicable
2025-11-07 17:13:15,057 [INFO] Rule:225 - rule 117617 - U5Cobra4M][GTZC] default value MPCBB3 and MPCBB5 - Not Privileged memory - MPCBB2 is applicable
2025-11-07 17:13:15,057 [INFO] Rule:225 - rule 117617 - U5Cobra4M][GTZC] default value MPCBB3 and MPCBB5 - Not Privileged memory - MPCBB3 is applicable
2025-11-07 17:13:15,057 [INFO] Rule:225 - rule 117617 - U5Cobra4M][GTZC] default value MPCBB3 and MPCBB5 - Not Privileged memory - MPCBB4 is applicable
2025-11-07 17:13:15,057 [INFO] Rule:225 - rule 117617 - U5Cobra4M][GTZC] default value MPCBB3 and MPCBB5 - Privileged memory - MPCBB1 is applicable
2025-11-07 17:13:15,057 [INFO] Rule:225 - rule 117617 - U5Cobra4M][GTZC] default value MPCBB3 and MPCBB5 - Privileged memory - MPCBB2 is applicable
2025-11-07 17:13:15,057 [INFO] Rule:225 - rule 117617 - U5Cobra4M][GTZC] default value MPCBB3 and MPCBB5 - Privileged memory - MPCBB3 is applicable
2025-11-07 17:13:15,057 [INFO] Rule:225 - rule 117617 - U5Cobra4M][GTZC] default value MPCBB3 and MPCBB5 - Privileged memory - MPCBB4 is applicable
2025-11-07 17:13:15,057 [INFO] Rule:225 - rule Rename SubGHz_Phy SUBGHZ_APPLICATION SUBGHZ_PINGPONG to SUBGHZ_ADV_APPLICATION is applicable
2025-11-07 17:13:15,057 [INFO] Rule:225 - rule Rename Enabled to IBEACON is applicable
2025-11-07 17:13:15,057 [INFO] Rule:225 - rule GTZC_S instance for project manager is applicable
2025-11-07 17:13:15,057 [INFO] Rule:225 - rule GTZC_S instance for context M33S is applicable
2025-11-07 17:13:15,057 [INFO] Rule:225 - rule GTZC_S instance value for IP GTZC is applicable
2025-11-07 17:13:15,057 [INFO] Rule:225 - rule GTZC_S instance for mcu.IP is applicable
2025-11-07 17:13:15,057 [INFO] Rule:225 - rule GTZC_S instance for VP is applicable
2025-11-07 17:13:15,057 [INFO] Rule:225 - rule GTZC_S instance for signal is applicable
2025-11-07 17:13:15,057 [INFO] Rule:225 - rule GTZC_S instance for mcu.Pin is applicable
2025-11-07 17:13:15,057 [INFO] Rule:225 - rule GTZC_S instance for VP is applicable
2025-11-07 17:13:15,057 [INFO] Rule:225 - rule GTZC_S instance for signal is applicable
2025-11-07 17:13:15,057 [INFO] Rule:225 - rule GTZC_S instance for mcu is applicable
2025-11-07 17:13:15,058 [INFO] Rule:225 - rule GTZC_S instance for mcu.Pin is applicable
2025-11-07 17:13:15,058 [INFO] Rule:225 - rule GTZC_S instance value for IP GTZC is applicable
2025-11-07 17:13:15,058 [INFO] Rule:225 - rule GTZC_S instance for project manager is applicable
2025-11-07 17:13:15,058 [INFO] Rule:225 - rule GTZC_S instance for context M33S is applicable
2025-11-07 17:13:15,058 [INFO] Rule:225 - rule GTZC_S instance for VP is applicable
2025-11-07 17:13:15,058 [INFO] Rule:225 - rule GTZC_S instance for signal is applicable
2025-11-07 17:13:15,058 [INFO] Rule:225 - rule SPDIFRX instance for mcu is applicable
2025-11-07 17:13:15,058 [INFO] Rule:225 - rule Rename Tracer Mode is applicable
2025-11-07 17:13:15,058 [INFO] Rule:225 - rule SPDIFRX instance value for IP SPDIFRX is applicable
2025-11-07 17:13:15,058 [INFO] Rule:225 - rule SPDIFRX instance for signal is applicable
2025-11-07 17:13:15,058 [INFO] Rule:225 - rule SPDIFRX instance for project manager is applicable
2025-11-07 17:13:15,058 [INFO] Rule:225 - rule SPDIFRX instance for project manager is applicable
2025-11-07 17:13:15,058 [INFO] Rule:225 - rule ADC Scan  fix with FW F7 is applicable
2025-11-07 17:13:15,058 [INFO] Rule:225 - rule ADC Scan  fix with FW F7 is applicable
2025-11-07 17:13:15,058 [INFO] Rule:225 - rule WakeUp0 Mode is applicable
2025-11-07 17:13:15,058 [INFO] Rule:225 - rule WakeUp0 SIGNAL is applicable
2025-11-07 17:13:15,059 [INFO] Rule:225 - rule WakeUp1 Mode is applicable
2025-11-07 17:13:15,059 [INFO] Rule:225 - rule WakeUp1 SIGNAL is applicable
2025-11-07 17:13:15,059 [INFO] Rule:225 - rule WakeUp2 Mode is applicable
2025-11-07 17:13:15,059 [INFO] Rule:225 - rule WakeUp2 SIGNAL is applicable
2025-11-07 17:13:15,059 [INFO] Rule:225 - rule WakeUp4 Mode is applicable
2025-11-07 17:13:15,059 [INFO] Rule:225 - rule WakeUp4 SIGNAL is applicable
2025-11-07 17:13:15,059 [INFO] Rule:225 - rule WakeUp5 Mode is applicable
2025-11-07 17:13:15,059 [INFO] Rule:225 - rule WakeUp5 SIGNAL is applicable
2025-11-07 17:13:15,059 [INFO] Rule:225 - rule Add RTC Activate Clock Source is applicable
2025-11-07 17:13:15,059 [INFO] Rule:225 - rule Add RTC Activate Calendar 1 is applicable
2025-11-07 17:13:15,059 [INFO] Rule:225 - rule Add RTC Activate Calendar 2 is applicable
2025-11-07 17:13:15,059 [INFO] Rule:225 - rule Add RTC Activate Calendar 3 is applicable
2025-11-07 17:13:15,059 [INFO] Rule:225 - rule UART/USART TX Mode is applicable
2025-11-07 17:13:15,059 [INFO] Rule:225 - rule UART/USART RX Mode is applicable
2025-11-07 17:13:15,059 [INFO] Rule:225 - rule UART/USART RX TX Mode is applicable
2025-11-07 17:13:15,059 [INFO] Rule:225 - rule UART/USART PARITY NONE is applicable
2025-11-07 17:13:15,059 [INFO] Rule:225 - rule UART/USART PARITY EVEN is applicable
2025-11-07 17:13:15,059 [INFO] Rule:225 - rule UART/USART PARITY ODD is applicable
2025-11-07 17:13:15,059 [INFO] Rule:225 - rule USART StopBits 1 is applicable
2025-11-07 17:13:15,059 [INFO] Rule:225 - rule USART StopBits 2 is applicable
2025-11-07 17:13:15,059 [INFO] Rule:225 - rule USART StopBits 1.5 is applicable
2025-11-07 17:13:15,059 [INFO] Rule:225 - rule USART StopBits 0.5 is applicable
2025-11-07 17:13:15,059 [INFO] Rule:225 - rule UART/USART WORD LENGTH 7 is applicable
2025-11-07 17:13:15,060 [INFO] Rule:225 - rule UART/USART WORD LENGTH 8 is applicable
2025-11-07 17:13:15,060 [INFO] Rule:225 - rule UART/USART WORD LENGTH 9 is applicable
2025-11-07 17:13:15,060 [INFO] Rule:225 - rule Rename FMC NAND NCE signal is applicable
2025-11-07 17:13:15,060 [INFO] Rule:225 - rule Rename FMC NAND INT signal is applicable
2025-11-07 17:13:15,060 [INFO] Rule:225 - rule Change Default Value for LSE Drive Capability for WB family is applicable
2025-11-07 17:13:15,060 [INFO] Rule:225 - rule Change Default Value for ADC Clock Prescaler G0 family is applicable
2025-11-07 17:13:15,060 [INFO] Rule:225 - rule Change Default Value for ADC ExternalTrigConv L4 family is applicable
2025-11-07 17:13:15,060 [INFO] Rule:225 - rule Change Default Value for ADC ExternalTrigInjecConv L4 family is applicable
2025-11-07 17:13:15,060 [INFO] Rule:225 - rule Change Default Value for ADC ExternalTrigConv F3 family is applicable
2025-11-07 17:13:15,060 [INFO] Rule:225 - rule Change Default Value for ADC ExternalTrigInjecConv F3 family is applicable
2025-11-07 17:13:15,061 [INFO] Rule:225 - rule Change Default Value for ADC ExternalTrigConv Goldfish serie is applicable
2025-11-07 17:13:15,061 [INFO] Rule:225 - rule Change Default Value for ADC ExternalTrigInjecConv Goldfish serie is applicable
2025-11-07 17:13:15,061 [INFO] Rule:225 - rule Change Default Value for ADC ExternalTrigConv L0 family is applicable
2025-11-07 17:13:15,061 [INFO] Rule:225 - rule Change Default Value for ADC ExternalTrigConv F0 family is applicable
2025-11-07 17:13:15,061 [INFO] Rule:225 - rule Change Default Value for ADC ExternalTrigConvn L1 family is applicable
2025-11-07 17:13:15,061 [INFO] Rule:225 - rule Change Default Value for ADC ExternalTrigInjecConv L1 family is applicable
2025-11-07 17:13:15,061 [INFO] Rule:225 - rule Change Default Value for ADC ExternalTrigConv F1 family is applicable
2025-11-07 17:13:15,061 [INFO] Rule:225 - rule Change Default Value for ADC ExternalTrigInjecConv F1 family is applicable
2025-11-07 17:13:15,061 [INFO] Rule:225 - rule Change Default Value for ADC ExternalTrigConv F7 family is applicable
2025-11-07 17:13:15,061 [INFO] Rule:225 - rule Change Default Value for ADC ExternalTrigInjecConv F7 family is applicable
2025-11-07 17:13:15,061 [INFO] Rule:225 - rule Change Default Value for ADC ExternalTrigConv F4 and F2 family is applicable
2025-11-07 17:13:15,061 [INFO] Rule:225 - rule Change Default Value for ADC ExternalTrigInjecConv F4 and F2 family is applicable
2025-11-07 17:13:15,062 [INFO] Rule:225 - rule ADC SamplingTime fix with FW L0  is applicable
2025-11-07 17:13:15,062 [INFO] Rule:225 - rule ADC SamplingTime fix with FW L0  is applicable
2025-11-07 17:13:15,062 [INFO] Rule:225 - rule ADC SamplingTime fix with FW L0 is applicable
2025-11-07 17:13:15,062 [INFO] Rule:225 - rule ADC SamplingTime fix with FW L0 is applicable
2025-11-07 17:13:15,062 [INFO] Rule:225 - rule ADC SamplingTime fix with FW L0  is applicable
2025-11-07 17:13:15,062 [INFO] Rule:225 - rule ADC SamplingTime fix with FW L0 is applicable
2025-11-07 17:13:15,062 [INFO] Rule:225 - rule Rename USB_OE Signal is applicable
2025-11-07 17:13:15,062 [INFO] Rule:225 - rule Rename Activate_OE Mode is applicable
2025-11-07 17:13:15,062 [INFO] Rule:225 - rule Rename DIE462/DIE415 pin PC14/OSC32_IN -> PC14-OSC32_IN (PC14) is applicable
2025-11-07 17:13:15,062 [INFO] Rule:225 - rule Rename DIE462/DIE415 pin PC15/OSC32_OUT -> PC15-OSC32_OUT (PC15) is applicable
2025-11-07 17:13:15,062 [INFO] Rule:225 - rule Rename DIE462/DIE415 pin PH0/OSC_IN -> PH0-OSC_IN (PH0) is applicable
2025-11-07 17:13:15,062 [INFO] Rule:225 - rule Rename DIE462/DIE415 pin PH1/OSC_OUT -> PH1-OSC_OUT (PH1) is applicable
2025-11-07 17:13:15,062 [INFO] Rule:225 - rule Rename DIE462 pin PA13 -> PA13 (JTMS/SWDIO) is applicable
2025-11-07 17:13:15,062 [INFO] Rule:225 - rule Rename DIE415 pin PA13 -> PA13 (JTMS/SWDIO) is applicable
2025-11-07 17:13:15,062 [INFO] Rule:225 - rule Rename DIE462 pin PA14 -> PA14 (JTCK/SWCLK) is applicable
2025-11-07 17:13:15,062 [INFO] Rule:225 - rule Rename DIE415 pin PA14 -> PA14 (JTCK/SWCLK) is applicable
2025-11-07 17:13:15,062 [INFO] Rule:225 - rule Rename DIE462/DIE415 pin PA15 -> PA15 (JTDI) is applicable
2025-11-07 17:13:15,062 [INFO] Rule:225 - rule Rename DIE462 pin PB3 -> PB3 (JTD0/TRACESWO) is applicable
2025-11-07 17:13:15,062 [INFO] Rule:225 - rule Rename DIE415 pin PB3 -> PB3 (JTD0-TRACESWO) is applicable
2025-11-07 17:13:15,062 [INFO] Rule:225 - rule Rename DIE462/DIE415 pin PB4 -> PB4 (NJTRST) is applicable
2025-11-07 17:13:15,062 [INFO] Rule:225 - rule Rename DIE462 pin PH3/BOOT0 -> PH3-BOOT0 (BOOT0) is applicable
2025-11-07 17:13:15,062 [INFO] Rule:225 - rule Rename CRYP DataEncryptionTypesList to Algorithm is applicable
2025-11-07 17:13:15,062 [INFO] Rule:225 - rule Rename AES DataEncryptionTypesList to Algorithm is applicable
2025-11-07 17:13:15,062 [INFO] Rule:225 - rule Rename TDESECB to CRYP_TDES_ECB is applicable
2025-11-07 17:13:15,062 [INFO] Rule:225 - rule Rename TDESCBC to CRYP_TDES_CBC is applicable
2025-11-07 17:13:15,062 [INFO] Rule:225 - rule Rename DESECB to CRYP_DES_ECB is applicable
2025-11-07 17:13:15,062 [INFO] Rule:225 - rule Rename DESCBC to CRYP_DES_CBC is applicable
2025-11-07 17:13:15,062 [INFO] Rule:225 - rule Rename AESECB to CRYP_AES_ECB is applicable
2025-11-07 17:13:15,063 [INFO] Rule:225 - rule Rename AESCBC to CRYP_AES_CBC is applicable
2025-11-07 17:13:15,063 [INFO] Rule:225 - rule Rename AESCTR to CRYP_AES_CTR is applicable
2025-11-07 17:13:15,063 [INFO] Rule:225 - rule Rename AESGCM to CRYP_AES_GCM is applicable
2025-11-07 17:13:15,063 [INFO] Rule:225 - rule Rename AESCCM to CRYP_AES_CCM is applicable
2025-11-07 17:13:15,063 [INFO] Rule:225 - rule Rename CAN TimeSeg1 to BS1 is applicable
2025-11-07 17:13:15,063 [INFO] Rule:225 - rule Rename CAN TimeSeg2 to BS2 is applicable
2025-11-07 17:13:15,063 [INFO] Rule:225 - rule Rename CAN SyncJumpWidth to SJW is applicable
2025-11-07 17:13:15,063 [INFO] Rule:225 - rule TimeTriggeredMode to TTCM is applicable
2025-11-07 17:13:15,063 [INFO] Rule:225 - rule Rename CAN AutoBusOff to ABOM is applicable
2025-11-07 17:13:15,063 [INFO] Rule:225 - rule Rename CAN AutoWakeUp to AWUM is applicable
2025-11-07 17:13:15,063 [INFO] Rule:225 - rule Rename CAN AutoRetransmission to NART is applicable
2025-11-07 17:13:15,063 [INFO] Rule:225 - rule Rename CAN ReceiveFifoLocked to RFLM is applicable
2025-11-07 17:13:15,063 [INFO] Rule:225 - rule Rename CAN TransmitFifoPriority to TXFP is applicable
2025-11-07 17:13:15,063 [INFO] Rule:225 - rule Rename HRTIMER HRTIM_OUTPUTFAULTLEVEL_HIGH in HRTIMER HRTIM_OUTPUTFAULTLEVEL_HIGHZ is applicable
2025-11-07 17:13:15,063 [INFO] Rule:225 - rule Rename TIMER TIM_CLEARINPUTSOURCE_OCREFCLR in  TIMER TIM_CLEARINPUTSOURCE_NONE for F7 family is applicable
2025-11-07 17:13:15,063 [INFO] Rule:225 - rule FDCAN_R1 - Rename FDCAN mode Master into Classic is applicable
2025-11-07 17:13:15,063 [INFO] Rule:225 - rule FDCAN_R2 - Rename FDCAN mode Slave into Classic is applicable
2025-11-07 17:13:15,064 [INFO] Rule:225 - rule FDCAN1_R3 - if PA10.Mode=FullDuplex, add Pin PA12 is applicable
2025-11-07 17:13:15,064 [INFO] Rule:225 - rule FDCAN1_R3 - if PA9.Mode=FullDuplex, add Pin PA11 is applicable
2025-11-07 17:13:15,064 [INFO] Rule:225 - rule FDCAN1_R3 - Alternatepin_1 - if PE1.Mode=FullDuplex, add Pin PB9 is applicable
2025-11-07 17:13:15,064 [INFO] Rule:225 - rule FDCAN1_R3 - Alternatepin_1 - if PE0.Mode=FullDuplex, add Pin PB8 is applicable
2025-11-07 17:13:15,064 [INFO] Rule:225 - rule FDCAN1_R3 - Alternatepin_2 - if PD5.Mode=FullDuplex, add Pin PD1 is applicable
2025-11-07 17:13:15,064 [INFO] Rule:225 - rule FDCAN1_R3 - Alternatepin_2 - if PD4.Mode=FullDuplex, add Pin PD0 is applicable
2025-11-07 17:13:15,064 [INFO] Rule:225 - rule FDCAN1_R4 - Rename Mode FullDuplex into Enable FDCAN_TXFD for pin PA10 is applicable
2025-11-07 17:13:15,064 [INFO] Rule:225 - rule FDCAN1_R4 - Rename Mode FullDuplex into Enable FDCAN_TXFD for pin PA9 is applicable
2025-11-07 17:13:15,064 [INFO] Rule:225 - rule FDCAN1_R4 - Alternatepin_1 - Rename Mode FullDuplex into Enable FDCAN_TXFD for pin PE1 is applicable
2025-11-07 17:13:15,064 [INFO] Rule:225 - rule FDCAN1_R4 - Alternatepin_1 - Rename Mode FullDuplex into Enable FDCAN_TXFD for pin PE0 is applicable
2025-11-07 17:13:15,064 [INFO] Rule:225 - rule FDCAN1_R4 - Alternatepin_2 - Rename Mode FullDuplex into Enable FDCAN_TXFD for pin PD5 is applicable
2025-11-07 17:13:15,064 [INFO] Rule:225 - rule FDCAN1_R4 - Alternatepin_2 - Rename Mode FullDuplex into Enable FDCAN_TXFD for pin PD4 is applicable
2025-11-07 17:13:15,064 [INFO] Rule:225 - rule FDCAN2_R3 - if PD10.Mode=FullDuplex, add Pin PB13 is applicable
2025-11-07 17:13:15,064 [INFO] Rule:225 - rule FDCAN2_R3 - if PD9.Mode=FullDuplex, add Pin PB12 is applicable
2025-11-07 17:13:15,064 [INFO] Rule:225 - rule FDCAN2_R3 - Alternatepin_1 - if PB7.Mode=FullDuplex, add Pin PB6 is applicable
2025-11-07 17:13:15,064 [INFO] Rule:225 - rule FDCAN2_R3 - Alternatepin_1 - if PD9.Mode=FullDuplex, add Pin PB12 is applicable
2025-11-07 17:13:15,064 [INFO] Rule:225 - rule FDCAN2_R4 - Rename Mode FullDuplex into Enable FDCAN_TXFD for pin PD10 is applicable
2025-11-07 17:13:15,064 [INFO] Rule:225 - rule FDCAN2_R4 - Rename Mode FullDuplex into Enable FDCAN_TXFD for pin PD9 is applicable
2025-11-07 17:13:15,064 [INFO] Rule:225 - rule FDCAN2_R4 - Alternatepin_1 - Rename Mode FullDuplex into Enable FDCAN_TXFD for pin PB7 is applicable
2025-11-07 17:13:15,064 [INFO] Rule:225 - rule FDCAN2_R4 - Alternatepin_1 - Rename Mode FullDuplex into Enable FDCAN_TXFD for pin PD6 is applicable
2025-11-07 17:13:15,064 [INFO] Rule:225 - rule USART TxPinLevelInvertParam Mode is applicable
2025-11-07 17:13:15,065 [INFO] Rule:225 - rule USART RxPinLevelInvertParam Mode is applicable
2025-11-07 17:13:15,065 [INFO] Rule:225 - rule USART DataInvertParam Mode is applicable
2025-11-07 17:13:15,065 [INFO] Rule:225 - rule USART SwapParam Mode is applicable
2025-11-07 17:13:15,065 [INFO] Rule:225 - rule USART OverrunDisableParam Mode is applicable
2025-11-07 17:13:15,065 [INFO] Rule:225 - rule USART DMADisableonRxErrorParam Mode is applicable
2025-11-07 17:13:15,065 [INFO] Rule:225 - rule USART MSBFirstParam Mode is applicable
2025-11-07 17:13:15,065 [INFO] Rule:225 - rule Update MwName for USB_DEVICE is applicable
2025-11-07 17:13:15,065 [INFO] Rule:225 - rule Change PWR_Regulator_Voltage_Scale Default Value for RCC  H7 family is applicable
2025-11-07 17:13:15,065 [INFO] Rule:225 - rule UART/USART IPParameter rename Prescaler parameter to ClockPrescaler is applicable
2025-11-07 17:13:15,065 [INFO] Rule:225 - rule UART/USART Prescaler rename Prescaler parameter to ClockPrescaler is applicable
2025-11-07 17:13:15,065 [INFO] Rule:225 - rule TIM1CLockSelection is applicable
2025-11-07 17:13:15,065 [INFO] Rule:225 - rule TIM15CLockSelection is applicable
2025-11-07 17:13:15,065 [INFO] Rule:225 - rule align RCC SDMMC3CLockSelection default value on MP1 is applicable
2025-11-07 17:13:15,065 [INFO] Rule:225 - rule align RCC SDMMC12CLockSelection default value on MP1 is applicable
2025-11-07 17:13:15,065 [INFO] Rule:225 - rule align RCC QSPICLockSelection default value on MP1 is applicable
2025-11-07 17:13:15,065 [INFO] Rule:225 - rule align RCC QSPICLockSelection default value on MP1 is applicable
2025-11-07 17:13:15,065 [INFO] Rule:225 - rule align RCC SPI6CLockSelection default value on MP1 is applicable
2025-11-07 17:13:15,065 [INFO] Rule:225 - rule align RCC LPTIM23CLockSelection default value on MP1 is applicable
2025-11-07 17:13:15,065 [INFO] Rule:225 - rule align RCC LPTIM1CLockSelection default value on MP1 is applicable
2025-11-07 17:13:15,065 [INFO] Rule:225 - rule align RCC USART1CLockSelection default value on MP1 is applicable
2025-11-07 17:13:15,065 [INFO] Rule:225 - rule align RCC USART24CLockSelection default value on MP1 is applicable
2025-11-07 17:13:15,065 [INFO] Rule:225 - rule align RCC USART6CLockSelection default value on MP1 is applicable
2025-11-07 17:13:15,065 [INFO] Rule:225 - rule align RCC UART78CLockSelection default value on MP1 is applicable
2025-11-07 17:13:15,065 [INFO] Rule:225 - rule align RCC USART35CLockSelection default value on MP1 is applicable
2025-11-07 17:13:15,066 [INFO] Rule:225 - rule align RCC SPI45CLockSelection default value on MP1 is applicable
2025-11-07 17:13:15,066 [INFO] Rule:225 - rule align RCC I2C46CLockSelection BCLK value on MP1 is applicable
2025-11-07 17:13:15,066 [INFO] Rule:225 - rule align RCC SPI45CLockSelection default value on MP1 is applicable
2025-11-07 17:13:15,066 [INFO] Rule:225 - rule align RCC I2C12CLockSelection default value on MP1 is applicable
2025-11-07 17:13:15,066 [INFO] Rule:225 - rule align RCC I2C35CLockSelection default value on MP1 is applicable
2025-11-07 17:13:15,066 [INFO] Rule:225 - rule align RCC LPTIM45CLockSelection default value on MP1 is applicable
2025-11-07 17:13:15,066 [INFO] Rule:225 - rule Rename DCMI PIXCK signal is applicable
2025-11-07 17:13:15,066 [INFO] Rule:225 - rule Change Default Value for I2C46CLockSelection MP1 family is applicable
2025-11-07 17:13:15,066 [INFO] Rule:225 - rule Change Default Value for UART for G4, G0 and WB families is applicable
2025-11-07 17:13:15,066 [INFO] Rule:225 - rule Change Default Value for USART for G4, G0 and WB families is applicable
2025-11-07 17:13:15,066 [INFO] Rule:225 - rule Change Default Value for USART for G4 family is applicable
2025-11-07 17:13:15,066 [INFO] Rule:225 - rule Change USART1CLockSelection refparam name for MP1 is applicable
2025-11-07 17:13:15,066 [INFO] Rule:225 - rule Change USART2CLockSelection refparam name for MP1 is applicable
2025-11-07 17:13:15,066 [INFO] Rule:225 - rule Change USART3CLockSelection refparam name for MP1 is applicable
2025-11-07 17:13:15,067 [INFO] Rule:225 - rule Change UART4CLockSelection refparam name for MP1 is applicable
2025-11-07 17:13:15,067 [INFO] Rule:225 - rule Change UART5CLockSelection refparam name for MP1 is applicable
2025-11-07 17:13:15,067 [INFO] Rule:225 - rule Change LPUART1CLockSelection refparam name for MP1 is applicable
2025-11-07 17:13:15,067 [INFO] Rule:225 - rule Change LPTIM1CLockSelection refparam name for MP1 is applicable
2025-11-07 17:13:15,067 [INFO] Rule:225 - rule Change LPTIM2CLockSelection refparam name for MP1 is applicable
2025-11-07 17:13:15,067 [INFO] Rule:225 - rule Change RCC_MCO1Source refparam name for MP1 is applicable
2025-11-07 17:13:15,067 [INFO] Rule:225 - rule Change LSCOSource1 refparam name for MP1 is applicable
2025-11-07 17:13:15,067 [INFO] Rule:225 - rule Change SMPSCLockSelection refparam name for MP1 is applicable
2025-11-07 17:13:15,067 [INFO] Rule:225 - rule Change LPTIM3CLockSelection refparam name for MP1 is applicable
2025-11-07 17:13:15,067 [INFO] Rule:225 - rule Change MPCBB* Default Template Mode to Parameters is applicable
2025-11-07 17:13:15,067 [INFO] Rule:225 - rule Change MPCWM* or MPCBB* Secure Mode to Parameters is applicable
2025-11-07 17:13:15,067 [INFO] Rule:225 - rule Change MPCWM* or MPCBB* No Secure Mode to Parameters is applicable
2025-11-07 17:13:15,067 [INFO] Rule:225 - rule Change TZSC IP Secure Mode to Parameters is applicable
2025-11-07 17:13:15,067 [INFO] Rule:225 - rule Change TZSC IP No Secure Mode to Parameters is applicable
2025-11-07 17:13:15,067 [INFO] Rule:225 - rule Change TZSC IP Privilege Mode to Parameters is applicable
2025-11-07 17:13:15,067 [INFO] Rule:225 - rule Change TZSC IP No Privilege Mode to Parameters is applicable
2025-11-07 17:13:15,068 [INFO] Rule:225 - rule Change TZIC IT Secure Mode to Parameters is applicable
2025-11-07 17:13:15,068 [INFO] Rule:225 - rule Change TZIC IT No Secure Mode to Parameters is applicable
2025-11-07 17:13:15,068 [INFO] Rule:225 - rule Add MPCBB1_NonSecureArea_Start_Address value with referenced to MPCBB1_NonSecureArea_Start value is applicable
2025-11-07 17:13:15,068 [INFO] Rule:225 - rule Add MPCBB2_NonSecureArea_Start_Address value with referenced to MPCBB2_NonSecureArea_Start value is applicable
2025-11-07 17:13:15,068 [INFO] Rule:225 - rule Add MPCWM1_NonSecureArea*_Start_Address value with referenced to MPCWM1_NonSecureArea*_Start value is applicable
2025-11-07 17:13:15,068 [INFO] Rule:225 - rule Add MPCWM2_NonSecureArea*_Start_Address value with referenced to MPCWM2_NonSecureArea*_Start value is applicable
2025-11-07 17:13:15,068 [INFO] Rule:225 - rule Add MPCWM3_NonSecureArea_Start_Address value with referenced to MPCWM3_NonSecureArea_Start value is applicable
2025-11-07 17:13:15,068 [INFO] Rule:225 - rule Change Default Value for PLL1UserDefinedConfig is applicable
2025-11-07 17:13:15,068 [INFO] Rule:225 - rule Change GPIO_PuPd Default Value for USART in async mode is applicable
2025-11-07 17:13:15,068 [INFO] Rule:225 - rule Change SMPSDivider Default Value is applicable
2025-11-07 17:13:15,068 [INFO] Rule:225 - rule OPAMP is applicable
2025-11-07 17:13:15,068 [INFO] Rule:225 - rule LPUART IPParameter rename Prescaler parameter to ClockPrescaler for STM32H7 is applicable
2025-11-07 17:13:15,068 [INFO] Rule:225 - rule LPUART IPParameter rename Prescaler parameter to ClockPrescaler for STM32H7 is applicable
2025-11-07 17:13:15,068 [INFO] Rule:225 - rule LPUART IPParameter rename Prescaler parameter to ClockPrescaler for STM32WB is applicable
2025-11-07 17:13:15,068 [INFO] Rule:225 - rule LPUART IPParameter rename Prescaler parameter to ClockPrescaler for STM32WB is applicable
2025-11-07 17:13:15,068 [INFO] Rule:225 - rule LPUART IPParameter rename Prescaler parameter to ClockPrescaler for STM32G4 is applicable
2025-11-07 17:13:15,068 [INFO] Rule:225 - rule LPUART IPParameter rename Prescaler parameter to ClockPrescaler for STM32G4 is applicable
2025-11-07 17:13:15,068 [INFO] Rule:225 - rule LPUART IPParameter rename Prescaler parameter to ClockPrescaler for STM32L5 is applicable
2025-11-07 17:13:15,068 [INFO] Rule:225 - rule LPUART IPParameter rename Prescaler parameter to ClockPrescaler for STM32L5 is applicable
2025-11-07 17:13:15,069 [INFO] Rule:225 - rule LPUART IPParameter rename Prescaler parameter to ClockPrescaler for STM32G4 is applicable
2025-11-07 17:13:15,069 [INFO] Rule:225 - rule LPUART IPParameter rename Prescaler parameter to ClockPrescaler for STM32G4 is applicable
2025-11-07 17:13:15,069 [INFO] Rule:225 - rule USB device lib V2.5.3 for L0 rename USBD_SUPPORT_USER_STRING parameter to USBD_SUPPORT_USER_STRING_DESC4 is applicable
2025-11-07 17:13:15,069 [INFO] Rule:225 - rule I2SCLockSelection clock entry align is applicable
2025-11-07 17:13:15,069 [INFO] Rule:225 - rule Assign TIMx context if used as SYS timebase is applicable
2025-11-07 17:13:15,069 [INFO] Rule:225 - rule Change GPIO_Pu Default Value for I2C is applicable
2025-11-07 17:13:15,069 [INFO] Rule:225 - rule Change GPIO_Pu Default Value for SMBus is applicable
2025-11-07 17:13:15,069 [INFO] Rule:225 - rule change FDCAN default value is applicable
2025-11-07 17:13:15,069 [INFO] Rule:225 - rule Change mode sai is applicable
2025-11-07 17:13:15,069 [INFO] Rule:225 - rule **Change sai mode is applicable
2025-11-07 17:13:15,069 [INFO] Rule:225 - rule Rename STM32WPAN CFG_BLE_IRK to CFG_BLE_IR is applicable
2025-11-07 17:13:15,069 [INFO] Rule:225 - rule Rename STM32WPAN CFG_BLE_ERK to CFG_BLE_ER is applicable
2025-11-07 17:13:15,069 [INFO] Rule:225 - rule Rename STM32WPAN CFG_BLE_IRK_HEX to CFG_BLE_IR_HEX is applicable
2025-11-07 17:13:15,069 [INFO] Rule:225 - rule Rename STM32WPAN CFG_BLE_ERK_HEX to CFG_BLE_ER_HEX is applicable
2025-11-07 17:13:15,069 [INFO] Rule:225 - rule Adapt Old IOC before rework replace old CORTEX_M33/CORTEX_M55 attributes by the new one. is applicable
2025-11-07 17:13:15,069 [INFO] Rule:225 - rule Rename parametre of RCC RCC_APBDBG_DIV2 to RCC_TIMPRES_DIV2 is applicable
2025-11-07 17:13:15,069 [INFO] Rule:225 - rule Rename DIE493 pin PA10 [PA12] -> PA10 is applicable
2025-11-07 17:13:15,069 [INFO] Rule:225 - rule Rename DIE493 pin PA9 [PA11] -> PA9 is applicable
2025-11-07 17:13:15,069 [INFO] Rule:225 - rule Adapt Old IOC CSI. is applicable
2025-11-07 17:13:15,080 [INFO] DbConfProperties:307 - Apply Compatibility (49/267 Rules)
2025-11-07 17:13:15,100 [INFO] ImportTextPane:218 - (OptionalMessage_ERROR) Unable to find key (Mcu.ThirdPartyNb) in loaded IOC file
2025-11-07 17:13:15,101 [INFO] ImportTextPane:218 - (OptionalMessage_ERROR) Pin12 (VP_RIF_VS_RIF1) cannot be retrieved for this MCU
2025-11-07 17:13:15,160 [INFO] RtosManager:558 - Registered RTOS mode: class=CMSIS, group=RTOS, mode=CMSIS_V1, owner=FREERTOS
2025-11-07 17:13:15,160 [INFO] RtosManager:558 - Registered RTOS mode: class=CMSIS, group=RTOS2, mode=CMSIS_V2, owner=FREERTOS
2025-11-07 17:13:15,160 [INFO] RtosManager:558 - Registered RTOS mode: class=RTOS, group=Core, mode=CMSIS_V1, owner=FREERTOS
2025-11-07 17:13:15,160 [INFO] RtosManager:558 - Registered RTOS mode: class=RTOS, group=Core, mode=CMSIS_V2, owner=FREERTOS
2025-11-07 17:13:15,160 [WARN] ModelIntegratedComponent:184 - Missing modes for component STMicroelectronics:FreeRTOS:0.0.1:STMicroelectronics:RTOS:FreeRTOS:Core:::10.2.0:
2025-11-07 17:13:15,183 [WARN] ModelIntegratedComponent:63 - No mode defined for component null
2025-11-07 17:13:15,183 [WARN] ModelIntegratedComponent:63 - No mode defined for component null
2025-11-07 17:13:15,183 [WARN] ModelIntegratedComponent:63 - No mode defined for component null
2025-11-07 17:13:15,183 [WARN] ModelIntegratedComponent:63 - No mode defined for component null
2025-11-07 17:13:15,183 [WARN] ModelIntegratedComponent:63 - No mode defined for component null
2025-11-07 17:13:15,183 [WARN] ModelIntegratedComponent:63 - No mode defined for component null
2025-11-07 17:13:15,183 [WARN] ModelIntegratedComponent:63 - No mode defined for component null
2025-11-07 17:13:15,183 [WARN] ModelIntegratedComponent:63 - No mode defined for component null
2025-11-07 17:13:15,183 [WARN] ModelIntegratedComponent:63 - No mode defined for component null
2025-11-07 17:13:15,183 [WARN] ModelIntegratedComponent:63 - No mode defined for component null
2025-11-07 17:13:15,183 [WARN] ModelIntegratedComponent:63 - No mode defined for component null
2025-11-07 17:13:15,183 [WARN] ModelIntegratedComponent:63 - No mode defined for component null
2025-11-07 17:13:15,183 [WARN] ModelIntegratedComponent:63 - No mode defined for component null
2025-11-07 17:13:15,183 [WARN] ModelIntegratedComponent:63 - No mode defined for component null
2025-11-07 17:13:15,183 [WARN] ModelIntegratedComponent:63 - No mode defined for component null
2025-11-07 17:13:15,183 [WARN] ModelIntegratedComponent:63 - No mode defined for component null
2025-11-07 17:13:15,183 [WARN] ModelIntegratedComponent:63 - No mode defined for component null
2025-11-07 17:13:15,183 [WARN] ModelIntegratedComponent:63 - No mode defined for component null
2025-11-07 17:13:15,184 [WARN] ModelIntegratedComponent:63 - No mode defined for component null
2025-11-07 17:13:15,184 [WARN] ModelIntegratedComponent:63 - No mode defined for component null
2025-11-07 17:13:15,184 [WARN] ModelIntegratedComponent:63 - No mode defined for component null
2025-11-07 17:13:15,184 [WARN] ModelIntegratedComponent:63 - No mode defined for component null
2025-11-07 17:13:15,184 [WARN] ModelIntegratedComponent:63 - No mode defined for component null
2025-11-07 17:13:15,184 [WARN] ModelIntegratedComponent:63 - No mode defined for component null
2025-11-07 17:13:15,184 [WARN] ModelIntegratedComponent:63 - No mode defined for component null
2025-11-07 17:13:15,184 [WARN] ModelIntegratedComponent:63 - No mode defined for component null
2025-11-07 17:13:15,184 [WARN] ModelIntegratedComponent:63 - No mode defined for component null
2025-11-07 17:13:15,184 [WARN] ModelIntegratedComponent:63 - No mode defined for component null
2025-11-07 17:13:15,184 [WARN] ModelIntegratedComponent:63 - No mode defined for component null
2025-11-07 17:13:15,184 [WARN] ModelIntegratedComponent:63 - No mode defined for component null
2025-11-07 17:13:15,184 [WARN] ModelIntegratedComponent:63 - No mode defined for component null
2025-11-07 17:13:15,184 [WARN] ModelIntegratedComponent:63 - No mode defined for component null
2025-11-07 17:13:15,184 [WARN] ModelIntegratedComponent:63 - No mode defined for component null
2025-11-07 17:13:15,184 [WARN] ModelIntegratedComponent:63 - No mode defined for component null
2025-11-07 17:13:15,184 [WARN] ModelIntegratedComponent:63 - No mode defined for component null
2025-11-07 17:13:15,184 [WARN] ModelPack:524 - Component already loaded: STMicroelectronics:HAL Drivers:0.0.0:STMicroelectronics:Device:STMicro_Driver:XSPI:HAL::0.0.1:HAL_XSPI
2025-11-07 17:13:15,315 [INFO] ThirdPartyModel:298 - Start build external matchings
2025-11-07 17:13:15,771 [INFO] ThirdPartyModel:316 - End build external matchings
2025-11-07 17:13:15,792 [INFO] ImportTextPane:218 - (OptionalMessage_ERROR) IP (RCC) : Invalid parameter (FamilyName)
2025-11-07 17:13:15,795 [INFO] ImportTextPane:218 - (OptionalMessage_ERROR) IP (RCC) : Parameter (RNGFreq_Value) has invalid value (64000000)
2025-11-07 17:13:15,795 [INFO] ImportTextPane:218 - (OptionalMessage_ERROR) IP (RCC) : Parameter (SDMMCFreq_Value) has invalid value (64000000)
2025-11-07 17:13:15,795 [INFO] ImportTextPane:218 - (OptionalMessage_ERROR) IP (RCC) : Parameter (USBFreq_Value) has invalid value (64000000)
2025-11-07 17:13:16,192 [INFO] UtilMem:75 - End LoadConfig() Used Memory: 838964392 Bytes (1073741824)
2025-11-07 17:13:16,253 [WARN] ThirdParty:833 - waiting for thirdparty lock release [change project]
2025-11-07 17:13:16,254 [INFO] ThirdParty:835 - entering critical section [change project]
2025-11-07 17:13:16,254 [INFO] ThirdParty:1030 - CMSIS Pack Vendor :STMicroelectronics X-CUBE-PM33A1 1.0.0
2025-11-07 17:13:16,254 [INFO] ThirdParty:1030 - CMSIS Pack Vendor :STMicroelectronics USBPD 4.1
2025-11-07 17:13:16,254 [INFO] ThirdParty:1030 - CMSIS Pack Vendor :STMicroelectronics X-CUBE-NFC9 1.0.0
2025-11-07 17:13:16,254 [INFO] ThirdParty:1030 - CMSIS Pack Vendor :STMicroelectronics USB_HOST 2.0.0
2025-11-07 17:13:16,254 [INFO] ThirdParty:1030 - CMSIS Pack Vendor :STMicroelectronics FP-SNS-MOTENVWB1 1.4.0
2025-11-07 17:13:16,254 [INFO] ThirdParty:1030 - CMSIS Pack Vendor :STMicroelectronics X-CUBE-AZRTOS-F4 1.1.0
2025-11-07 17:13:16,254 [INFO] ThirdParty:1030 - CMSIS Pack Vendor :STMicroelectronics LIBJPEG 8.0.0
2025-11-07 17:13:16,254 [INFO] ThirdParty:1030 - CMSIS Pack Vendor :STMicroelectronics FP-ATR-ASTRA1 2.0.2
2025-11-07 17:13:16,254 [INFO] ThirdParty:1030 - CMSIS Pack Vendor :wolfSSL I-CUBE-wolfSSL 5.8.2
2025-11-07 17:13:16,254 [INFO] ThirdParty:1030 - CMSIS Pack Vendor :STMicroelectronics X-CUBE-BLE1 7.1.0
2025-11-07 17:13:16,255 [INFO] ThirdParty:1030 - CMSIS Pack Vendor :STMicroelectronics X-CUBE-SMBUS 2.1.0
2025-11-07 17:13:16,255 [INFO] ThirdParty:1030 - CMSIS Pack Vendor :wolfSSL I-CUBE-wolfMQTT 1.19.2
2025-11-07 17:13:16,255 [INFO] ThirdParty:1030 - CMSIS Pack Vendor :STMicroelectronics USB_DEVICE 3.0.0
2025-11-07 17:13:16,255 [INFO] ThirdParty:1030 - CMSIS Pack Vendor :STMicroelectronics X-CUBE-ISPU 2.1.0
2025-11-07 17:13:16,255 [INFO] ThirdParty:1030 - CMSIS Pack Vendor :STMicroelectronics X-CUBE-EEPRMA1 5.2.0
2025-11-07 17:13:16,255 [INFO] ThirdParty:1030 - CMSIS Pack Vendor :STMicroelectronics X-CUBE-BLEMGR 4.1.0
2025-11-07 17:13:16,255 [INFO] ThirdParty:1030 - CMSIS Pack Vendor :STMicroelectronics X-CUBE-AZRTOS-WB 2.0.0
2025-11-07 17:13:16,255 [INFO] ThirdParty:1030 - CMSIS Pack Vendor :STMicroelectronics X-CUBE-GNSS1 7.0.1
2025-11-07 17:13:16,255 [INFO] ThirdParty:1030 - CMSIS Pack Vendor :STMicroelectronics X-CUBE-NFC12 1.0.0
2025-11-07 17:13:16,255 [INFO] ThirdParty:1030 - CMSIS Pack Vendor :STMicroelectronics X-CUBE-AZRTOS-F7 1.1.0
2025-11-07 17:13:16,255 [INFO] ThirdParty:1030 - CMSIS Pack Vendor :STMicroelectronics X-CUBE-AZRTOS-L5 2.0.0
2025-11-07 17:13:16,255 [INFO] ThirdParty:1030 - CMSIS Pack Vendor :STMicroelectronics USB_DEVICE 2.0.0
2025-11-07 17:13:16,255 [INFO] ThirdParty:1030 - CMSIS Pack Vendor :STMicroelectronics X-CUBE-NFC6 3.1.0
2025-11-07 17:13:16,255 [INFO] ThirdParty:1030 - CMSIS Pack Vendor :Cesanta I-CUBE-Mongoose 7.19.0
2025-11-07 17:13:16,255 [INFO] ThirdParty:1030 - CMSIS Pack Vendor :quantropi X-CUBE-qispace-sdk-base 2.1.0
2025-11-07 17:13:16,255 [INFO] ThirdParty:1030 - CMSIS Pack Vendor :STMicroelectronics FreeRTOS 0.0.1
2025-11-07 17:13:16,255 [INFO] ThirdParty:1030 - CMSIS Pack Vendor :STMicroelectronics X-CUBE-AZRTOS-G0 1.1.0
2025-11-07 17:13:16,255 [INFO] ThirdParty:1030 - CMSIS Pack Vendor :STMicroelectronics X-CUBE-SAFEA1 1.2.2
2025-11-07 17:13:16,255 [INFO] ThirdParty:1030 - CMSIS Pack Vendor :STMicroelectronics X-CUBE-NFC4 3.0.0
2025-11-07 17:13:16,255 [INFO] ThirdParty:1030 - CMSIS Pack Vendor :STMicroelectronics X-CUBE-SUBG2 5.0.0
2025-11-07 17:13:16,255 [INFO] ThirdParty:1030 - CMSIS Pack Vendor :STMicroelectronics X-CUBE-AZRTOS-H7RS 1.1.0
2025-11-07 17:13:16,255 [INFO] ThirdParty:1030 - CMSIS Pack Vendor :STMicroelectronics STM32_WPAN 1.0.0
2025-11-07 17:13:16,255 [INFO] ThirdParty:1030 - CMSIS Pack Vendor :EmbeddedOffice I-CUBE-FS-RTOS 1.0.1
2025-11-07 17:13:16,255 [INFO] ThirdParty:1030 - CMSIS Pack Vendor :STMicroelectronics lwIP 2.0.3
2025-11-07 17:13:16,256 [INFO] ThirdParty:1030 - CMSIS Pack Vendor :STMicroelectronics USB_HOST 1.0.0
2025-11-07 17:13:16,256 [INFO] ThirdParty:1030 - CMSIS Pack Vendor :Infineon AIROC-Wi-Fi-Bluetooth-STM32 1.7.1
2025-11-07 17:13:16,256 [INFO] ThirdParty:1030 - CMSIS Pack Vendor :STMicroelectronics X-CUBE-AZRTOS-G4 2.0.0
2025-11-07 17:13:16,256 [INFO] ThirdParty:1030 - CMSIS Pack Vendor :STMicroelectronics X-CUBE-WB05N 2.0.0
2025-11-07 17:13:16,256 [INFO] ThirdParty:1030 - CMSIS Pack Vendor :STMicroelectronics PDM2PCM 3.1.0
2025-11-07 17:13:16,256 [INFO] ThirdParty:1030 - CMSIS Pack Vendor :STMicroelectronics PDM2PCM 3.3.0
2025-11-07 17:13:16,256 [INFO] ThirdParty:1030 - CMSIS Pack Vendor :wolfSSL I-CUBE-wolfTPM 3.8.0
2025-11-07 17:13:16,256 [INFO] ThirdParty:1030 - CMSIS Pack Vendor :STMicroelectronics X-CUBE-AZRTOS-H7 3.4.0
2025-11-07 17:13:16,256 [INFO] ThirdParty:1030 - CMSIS Pack Vendor :STMicroelectronics X-CUBE-DISPLAY 3.0.0
2025-11-07 17:13:16,256 [INFO] ThirdParty:1030 - CMSIS Pack Vendor :wolfSSL I-CUBE-wolfSSH 1.4.20
2025-11-07 17:13:16,256 [INFO] ThirdParty:1030 - CMSIS Pack Vendor :STMicroelectronics X-CUBE-NFC7 2.0.0
2025-11-07 17:13:16,256 [INFO] ThirdParty:1030 - CMSIS Pack Vendor :STMicroelectronics X-CUBE-TCPP 4.2.0
2025-11-07 17:13:16,256 [INFO] ThirdParty:1030 - CMSIS Pack Vendor :RealThread X-CUBE-RT-Thread_Nano 4.1.1
2025-11-07 17:13:16,256 [INFO] ThirdParty:1030 - CMSIS Pack Vendor :STMicroelectronics FP-ATR-SIGFOX1 3.2.0
2025-11-07 17:13:16,256 [INFO] ThirdParty:1030 - CMSIS Pack Vendor :STMicroelectronics X-CUBE-NFC10 1.0.0
2025-11-07 17:13:16,256 [INFO] ThirdParty:1030 - CMSIS Pack Vendor :STMicroelectronics X-CUBE-FREERTOS 1.3.1
2025-11-07 17:13:16,256 [INFO] ThirdParty:1030 - CMSIS Pack Vendor :STMicroelectronics HAL Drivers 0.0.0
2025-11-07 17:13:16,256 [INFO] ThirdParty:1030 - CMSIS Pack Vendor :STMicroelectronics MBEDTLS 2.16.2
2025-11-07 17:13:16,256 [INFO] ThirdParty:1030 - CMSIS Pack Vendor :STMicroelectronics X-CUBE-ST60 1.1.0
2025-11-07 17:13:16,256 [INFO] ThirdParty:1030 - CMSIS Pack Vendor :STMicroelectronics X-CUBE-ALS 1.0.2
2025-11-07 17:13:16,256 [INFO] ThirdParty:1030 - CMSIS Pack Vendor :emotas I-CUBE-CANOPEN 1.3.0
2025-11-07 17:13:16,256 [INFO] ThirdParty:1030 - CMSIS Pack Vendor :STMicroelectronics MBEDTLS 2.14.1
2025-11-07 17:13:16,256 [INFO] ThirdParty:1030 - CMSIS Pack Vendor :STMicroelectronics X-CUBE-GNSS1 7.1.0
2025-11-07 17:13:16,256 [INFO] ThirdParty:1030 - CMSIS Pack Vendor :ITTIA_DB I-CUBE-ITTIADB 8.9.0
2025-11-07 17:13:16,256 [INFO] ThirdParty:1030 - CMSIS Pack Vendor :STMicroelectronics X-CUBE-TOUCHGFX 4.26.0
2025-11-07 17:13:16,256 [INFO] ThirdParty:1030 - CMSIS Pack Vendor :STMicroelectronics X-CUBE-STSE01 1.0.0
2025-11-07 17:13:16,256 [INFO] ThirdParty:1030 - CMSIS Pack Vendor :STMicroelectronics X-CUBE-AI 10.2.0
2025-11-07 17:13:16,256 [INFO] ThirdParty:1030 - CMSIS Pack Vendor :STMicroelectronics FP-SNS-STAIOTCFT 1.0.0
2025-11-07 17:13:16,256 [INFO] ThirdParty:1030 - CMSIS Pack Vendor :STMicroelectronics ThreadX 1.0.0
2025-11-07 17:13:16,256 [INFO] ThirdParty:1030 - CMSIS Pack Vendor :STMicroelectronics FP-SNS-SMARTAG2 1.2.0
2025-11-07 17:13:16,256 [INFO] ThirdParty:1030 - CMSIS Pack Vendor :STMicroelectronics FP-SNS-FLIGHT1 5.1.0
2025-11-07 17:13:16,256 [INFO] ThirdParty:1030 - CMSIS Pack Vendor :STMicroelectronics X-CUBE-AZRTOS-WL 2.0.0
2025-11-07 17:13:16,256 [INFO] ThirdParty:1030 - CMSIS Pack Vendor :SEGGER I-CUBE-embOS 1.3.1
2025-11-07 17:13:16,257 [INFO] ThirdParty:1030 - CMSIS Pack Vendor :STMicroelectronics X-CUBE-ALGOBUILD 1.4.0
2025-11-07 17:13:16,257 [INFO] ThirdParty:1030 - CMSIS Pack Vendor :STMicroelectronics X-CUBE-DPower 1.3.0
2025-11-07 17:13:16,257 [INFO] ThirdParty:1030 - CMSIS Pack Vendor :STMicroelectronics X-CUBE-MEMS1 11.3.0
2025-11-07 17:13:16,257 [INFO] ThirdParty:1030 - CMSIS Pack Vendor :STMicroelectronics USB_DEVICE 1.0.0
2025-11-07 17:13:16,257 [INFO] ThirdParty:1030 - CMSIS Pack Vendor :STMicroelectronics X-CUBE-AZRTOS-L4 2.0.0
2025-11-07 17:13:16,257 [INFO] ThirdParty:1030 - CMSIS Pack Vendor :STMicroelectronics ThreadX 0.0.2
2025-11-07 17:13:16,257 [INFO] ThirdParty:1030 - CMSIS Pack Vendor :STMicroelectronics lwIP 2.1.2
2025-11-07 17:13:16,257 [INFO] ThirdParty:1030 - CMSIS Pack Vendor :STMicroelectronics X-CUBE-SFXS2LP1 4.0.0
2025-11-07 17:13:16,257 [INFO] ThirdParty:1030 - CMSIS Pack Vendor :STMicroelectronics X-CUBE-BLE2 3.3.0
2025-11-07 17:13:16,257 [INFO] ThirdParty:1030 - CMSIS Pack Vendor :STMicroelectronics X-CUBE-TOF1 3.4.3
2025-11-07 17:13:16,257 [INFO] ThirdParty:1030 - CMSIS Pack Vendor :STMicroelectronics PDM2PCM 3.2.0
2025-11-07 17:13:16,257 [INFO] ThirdParty:841 - exiting critical section [change project]
2025-11-07 17:13:16,605 [INFO] PinOutPanel:1589 - setPackage(No Configuration,No Configuration)
2025-11-07 17:13:16,607 [INFO] PinOutPanel:1589 - setPackage(STM32L476RGTx,LQFP64)
2025-11-07 17:13:17,131 [INFO] UtilMem:75 - Before build in PCC Used Memory: 928095400 Bytes (1073741824)
2025-11-07 17:13:17,563 [INFO] UtilMem:75 - After build in PCC Used Memory: 700939008 Bytes (1073741824)
2025-11-07 17:13:17,583 [INFO] IPUIPlugin:80 - create IPUIPlugin
2025-11-07 17:13:17,583 [INFO] IPUIPlugin:80 - create IPUIPlugin
2025-11-07 17:13:17,584 [INFO] IPUIPlugin:80 - create IPUIPlugin
2025-11-07 17:13:17,584 [INFO] IPUIPlugin:80 - create IPUIPlugin
2025-11-07 17:13:17,584 [INFO] IPUIPlugin:80 - create IPUIPlugin
2025-11-07 17:13:17,584 [INFO] IPUIPlugin:80 - create IPUIPlugin
2025-11-07 17:13:17,584 [INFO] IPUIPlugin:80 - create IPUIPlugin
2025-11-07 17:13:17,584 [INFO] IPUIPlugin:80 - create IPUIPlugin
2025-11-07 17:13:17,584 [INFO] IPUIPlugin:80 - create IPUIPlugin
2025-11-07 17:13:17,584 [INFO] IPUIPlugin:80 - create IPUIPlugin
2025-11-07 17:13:17,584 [INFO] IPUIPlugin:80 - create IPUIPlugin
2025-11-07 17:13:17,584 [INFO] IPUIPlugin:80 - create IPUIPlugin
2025-11-07 17:13:17,584 [INFO] IPUIPlugin:80 - create IPUIPlugin
2025-11-07 17:13:17,585 [INFO] IPUIPlugin:80 - create IPUIPlugin
2025-11-07 17:13:17,585 [INFO] IPUIPlugin:80 - create IPUIPlugin
2025-11-07 17:13:17,585 [INFO] IPUIPlugin:80 - create IPUIPlugin
2025-11-07 17:13:17,585 [INFO] IPUIPlugin:80 - create IPUIPlugin
2025-11-07 17:13:17,585 [INFO] IPUIPlugin:80 - create IPUIPlugin
2025-11-07 17:13:17,585 [INFO] IPUIPlugin:80 - create IPUIPlugin
2025-11-07 17:13:17,585 [INFO] IPUIPlugin:80 - create IPUIPlugin
2025-11-07 17:13:17,586 [INFO] IPUIPlugin:80 - create IPUIPlugin
2025-11-07 17:13:17,586 [INFO] IPUIPlugin:80 - create IPUIPlugin
2025-11-07 17:13:17,586 [INFO] IPUIPlugin:80 - create IPUIPlugin
2025-11-07 17:13:17,586 [INFO] IPUIPlugin:80 - create IPUIPlugin
2025-11-07 17:13:17,586 [INFO] IPUIPlugin:80 - create IPUIPlugin
2025-11-07 17:13:17,586 [INFO] IPUIPlugin:80 - create IPUIPlugin
2025-11-07 17:13:17,586 [INFO] IPUIPlugin:80 - create IPUIPlugin
2025-11-07 17:13:17,586 [INFO] IPUIPlugin:80 - create IPUIPlugin
2025-11-07 17:13:17,586 [INFO] IPUIPlugin:80 - create IPUIPlugin
2025-11-07 17:13:17,587 [INFO] IPUIPlugin:80 - create IPUIPlugin
2025-11-07 17:13:17,587 [INFO] IPUIPlugin:80 - create IPUIPlugin
2025-11-07 17:13:17,587 [INFO] IPUIPlugin:80 - create IPUIPlugin
2025-11-07 17:13:17,587 [INFO] IPUIPlugin:80 - create IPUIPlugin
2025-11-07 17:13:17,587 [INFO] IPUIPlugin:80 - create IPUIPlugin
2025-11-07 17:13:17,587 [INFO] IPUIPlugin:80 - create IPUIPlugin
2025-11-07 17:13:17,587 [INFO] IPUIPlugin:80 - create IPUIPlugin
2025-11-07 17:13:17,587 [INFO] IPUIPlugin:80 - create IPUIPlugin
2025-11-07 17:13:17,588 [INFO] IPUIPlugin:80 - create IPUIPlugin
2025-11-07 17:13:17,588 [INFO] IPUIPlugin:80 - create IPUIPlugin
2025-11-07 17:13:17,588 [INFO] IPUIPlugin:80 - create IPUIPlugin
2025-11-07 17:13:17,588 [INFO] IPUIPlugin:80 - create IPUIPlugin
2025-11-07 17:13:17,588 [INFO] IPUIPlugin:80 - create IPUIPlugin
2025-11-07 17:13:17,588 [INFO] IPUIPlugin:80 - create IPUIPlugin
2025-11-07 17:13:17,588 [INFO] IPUIPlugin:80 - create IPUIPlugin
2025-11-07 17:13:17,589 [INFO] IPUIPlugin:80 - create IPUIPlugin
2025-11-07 17:13:17,589 [INFO] IPUIPlugin:80 - create IPUIPlugin
2025-11-07 17:13:17,589 [INFO] IPUIPlugin:80 - create IPUIPlugin
2025-11-07 17:13:17,589 [INFO] IPUIPlugin:80 - create IPUIPlugin
2025-11-07 17:13:17,589 [INFO] IPUIPlugin:80 - create IPUIPlugin
2025-11-07 17:13:17,589 [INFO] IPUIPlugin:80 - create IPUIPlugin
2025-11-07 17:13:17,590 [INFO] IPUIPlugin:80 - create IPUIPlugin
2025-11-07 17:13:17,590 [INFO] IPUIPlugin:80 - create IPUIPlugin
2025-11-07 17:13:17,590 [INFO] IPUIPlugin:80 - create IPUIPlugin
2025-11-07 17:13:17,590 [INFO] IPUIPlugin:80 - create IPUIPlugin
2025-11-07 17:13:17,590 [INFO] IPUIPlugin:80 - create IPUIPlugin
2025-11-07 17:13:17,590 [INFO] IPUIPlugin:80 - create IPUIPlugin
2025-11-07 17:13:17,591 [INFO] IPUIPlugin:80 - create IPUIPlugin
2025-11-07 17:13:17,591 [INFO] IPUIPlugin:80 - create IPUIPlugin
2025-11-07 17:13:17,591 [INFO] IPUIPlugin:80 - create IPUIPlugin
2025-11-07 17:13:17,659 [INFO] CADModel:165 - CPN selected for project levelSTM32L476RGT3
2025-11-07 17:13:17,659 [INFO] CADModel:114 - Register for checkConnection events
2025-11-07 17:13:17,715 [INFO] OpenFileManager:385 - Restore cursor
2025-11-07 17:13:18,163 [INFO] UtilMem:75 - End SaveConfig() Used Memory: 855494664 Bytes (1073741824)
2025-11-07 17:13:18,254 [INFO] UtilMem:75 - End SaveConfig() Used Memory: 880952368 Bytes (1073741824)
2025-11-07 17:13:18,552 [INFO] BlockDiagram:2775 - set Specific Code input for plugin: SYS
2025-11-07 17:13:18,552 [INFO] BlockDiagram:2775 - set Specific Code input for plugin: RCC
2025-11-07 17:13:18,552 [INFO] BlockDiagram:2775 - set Specific Code input for plugin: NVIC
2025-11-07 17:13:18,552 [INFO] BlockDiagram:2775 - set Specific Code input for plugin: USART
2025-11-07 17:13:18,553 [INFO] BlockDiagram:2775 - set Specific Code input for plugin: GPIO
2025-11-07 17:13:18,555 [INFO] CodeGenerator:882 - code generatio: config db path: C:\ST\STM32CubeIDE_1.18.1\STM32CubeIDE\plugins\com.st.stm32cube.common.mx_6.14.1.202504091515\\db\
2025-11-07 17:13:18,732 [INFO] CodeEngine:263 - oldGeneratedFile, C:\stm32\i2c_test_esp32\MXTmpFiles\license.tmp_save
2025-11-07 17:13:19,057 [INFO] CodeEngine:287 - Generated code: C:\stm32\i2c_test_esp32\MXTmpFiles\license.tmp
2025-11-07 17:13:19,126 [INFO] CodeEngine:263 - oldGeneratedFile, C:\stm32\i2c_test_esp32\MXTmpFiles\gpio.tmp_save
2025-11-07 17:13:19,285 [INFO] CodeEngine:287 - Generated code: C:\stm32\i2c_test_esp32\MXTmpFiles\gpio.tmp
2025-11-07 17:13:19,383 [INFO] CodeEngine:263 - oldGeneratedFile, C:\stm32\i2c_test_esp32\Core\Src\stm32l4xx_it.c_save
2025-11-07 17:13:19,641 [INFO] CodeEngine:287 - Generated code: C:\stm32\i2c_test_esp32\Core\Src\stm32l4xx_it.c
2025-11-07 17:13:19,647 [INFO] CodeEngine:263 - oldGeneratedFile, C:\stm32\i2c_test_esp32\Core\Inc\stm32l4xx_it.h_save
2025-11-07 17:13:19,740 [INFO] CodeEngine:287 - Generated code: C:\stm32\i2c_test_esp32\Core\Inc\stm32l4xx_it.h
2025-11-07 17:13:19,761 [INFO] CodeEngine:263 - oldGeneratedFile, C:\stm32\i2c_test_esp32\Core\Src\stm32l4xx_hal_msp.c_save
2025-11-07 17:13:19,914 [INFO] CodeEngine:287 - Generated code: C:\stm32\i2c_test_esp32\Core\Src\stm32l4xx_hal_msp.c
2025-11-07 17:13:19,919 [INFO] CodeEngine:263 - oldGeneratedFile, C:\stm32\i2c_test_esp32\MXTmpFiles\system.tmp_save
2025-11-07 17:13:19,985 [INFO] CodeEngine:287 - Generated code: C:\stm32\i2c_test_esp32\MXTmpFiles\system.tmp
2025-11-07 17:13:20,001 [INFO] CodeEngine:319 - oldGeneratedFile, C:\stm32\i2c_test_esp32\Core\Inc\stm32l4xx_hal_conf.h_save
2025-11-07 17:13:20,098 [INFO] CodeEngine:343 - Generated code: C:\stm32\i2c_test_esp32\Core\Inc\stm32l4xx_hal_conf.h
2025-11-07 17:13:20,135 [INFO] ApiDbMcu:508 - Load IP Config File for USART2
2025-11-07 17:13:20,138 [INFO] ApiDbMcu:508 - Load IP Config File for RCC
2025-11-07 17:13:20,151 [INFO] CodeEngine:263 - oldGeneratedFile, C:\stm32\i2c_test_esp32\Core\Inc\main.h_save
2025-11-07 17:13:20,230 [INFO] CodeEngine:287 - Generated code: C:\stm32\i2c_test_esp32\Core\Inc\main.h
2025-11-07 17:13:20,237 [INFO] CodeEngine:263 - oldGeneratedFile, C:\stm32\i2c_test_esp32\Core\Src\main.c_save
2025-11-07 17:13:20,326 [INFO] CodeEngine:287 - Generated code: C:\stm32\i2c_test_esp32\Core\Src\main.c
2025-11-07 17:13:20,676 [ERROR] ProjectBuilder:7054 - Problem during Copy of File LICENSE.txt
2025-11-07 17:13:20,731 [ERROR] ProjectBuilder:7054 - Problem during Copy of File LICENSE.txt
2025-11-07 17:13:20,897 [INFO] ProjectBuilder:3324 - Time for Copy HAL[1] : 391mS.
2025-11-07 17:13:20,900 [INFO] ProjectBuilder:4912 - Project Generator version: 4.6.0.1-B1
2025-11-07 17:13:20,972 [INFO] ConfigFileManager:1590 - The Die is : DIE415
2025-11-07 17:13:20,976 [INFO] ApiDbMcu:508 - Load IP Config File for FATFS
2025-11-07 17:13:20,981 [INFO] ApiDbMcu:508 - Load IP Config File for FREERTOS
2025-11-07 17:13:20,991 [INFO] ApiDbMcu:508 - Load IP Config File for TOUCHSENSING
2025-11-07 17:13:20,996 [INFO] ApiDbMcu:508 - Load IP Config File for USB_DEVICE
2025-11-07 17:13:21,000 [INFO] ApiDbMcu:508 - Load IP Config File for USB_HOST
2025-11-07 17:13:22,939 [INFO] ProjectBuilder:5191 - Time for Generating toolchain IDE Files: 2039mS.
2025-11-07 17:13:22,942 [INFO] ProjectBuilder:3181 - Time for Copy CMSIS : 1mS.
2025-11-07 17:13:22,947 [INFO] ProjectBuilder:3181 - Time for Copy CMSIS : 0mS.
2025-11-07 17:13:23,503 [INFO] McuFinderGlobals:76 - Set McuFinderConnectedMode to true
2025-11-07 17:13:23,506 [INFO] ApiDb:448 - Save user favorites file C:\Users\siree/.stm32cubeide/favorites.mcus.txt: 0 item(s)
2025-11-07 17:13:23,506 [INFO] ApiDb:452 - User favorites MCUs=[]
2025-11-07 17:13:23,508 [INFO] ApiDb:448 - Save user favorites file C:\Users\siree/.stm32cubeide/favorites.boards.txt: 0 item(s)
2025-11-07 17:13:23,508 [INFO] ApiDb:452 - User favorites Boards=[]
2025-11-07 17:13:34,516 [INFO] I2cTimingTraitement:330 - 0x10D19CE4
2025-11-07 17:13:38,347 [INFO] UtilMem:75 - End SaveConfig() Used Memory: 737468264 Bytes (1073741824)
2025-11-07 17:13:39,933 [INFO] UtilMem:75 - End SaveConfig() Used Memory: 773181200 Bytes (1073741824)
2025-11-07 17:13:42,139 [INFO] UtilMem:75 - End SaveConfig() Used Memory: 892194816 Bytes (1073741824)
2025-11-07 17:13:42,291 [INFO] BlockDiagram:2775 - set Specific Code input for plugin: SYS
2025-11-07 17:13:42,291 [INFO] BlockDiagram:2775 - set Specific Code input for plugin: RCC
2025-11-07 17:13:42,291 [INFO] BlockDiagram:2775 - set Specific Code input for plugin: I2C
2025-11-07 17:13:42,291 [INFO] BlockDiagram:2775 - set Specific Code input for plugin: NVIC
2025-11-07 17:13:42,291 [INFO] BlockDiagram:2775 - set Specific Code input for plugin: USART
2025-11-07 17:13:42,291 [INFO] BlockDiagram:2775 - set Specific Code input for plugin: GPIO
2025-11-07 17:13:42,294 [INFO] CodeGenerator:882 - code generatio: config db path: C:\ST\STM32CubeIDE_1.18.1\STM32CubeIDE\plugins\com.st.stm32cube.common.mx_6.14.1.202504091515\\db\
2025-11-07 17:13:42,398 [INFO] CodeEngine:263 - oldGeneratedFile, C:\stm32\i2c_test_esp32\MXTmpFiles\license.tmp_save
2025-11-07 17:13:42,467 [INFO] CodeEngine:287 - Generated code: C:\stm32\i2c_test_esp32\MXTmpFiles\license.tmp
2025-11-07 17:13:42,497 [INFO] CodeEngine:263 - oldGeneratedFile, C:\stm32\i2c_test_esp32\MXTmpFiles\gpio.tmp_save
2025-11-07 17:13:42,554 [INFO] CodeEngine:287 - Generated code: C:\stm32\i2c_test_esp32\MXTmpFiles\gpio.tmp
2025-11-07 17:13:42,680 [INFO] CodeEngine:263 - oldGeneratedFile, C:\stm32\i2c_test_esp32\Core\Src\stm32l4xx_it.c_save
2025-11-07 17:13:42,744 [INFO] CodeEngine:287 - Generated code: C:\stm32\i2c_test_esp32\Core\Src\stm32l4xx_it.c
2025-11-07 17:13:42,751 [INFO] CodeEngine:263 - oldGeneratedFile, C:\stm32\i2c_test_esp32\Core\Inc\stm32l4xx_it.h_save
2025-11-07 17:13:42,801 [INFO] CodeEngine:287 - Generated code: C:\stm32\i2c_test_esp32\Core\Inc\stm32l4xx_it.h
2025-11-07 17:13:42,815 [INFO] CodeEngine:263 - oldGeneratedFile, C:\stm32\i2c_test_esp32\Core\Src\stm32l4xx_hal_msp.c_save
2025-11-07 17:13:42,921 [INFO] CodeEngine:287 - Generated code: C:\stm32\i2c_test_esp32\Core\Src\stm32l4xx_hal_msp.c
2025-11-07 17:13:42,927 [INFO] CodeEngine:263 - oldGeneratedFile, C:\stm32\i2c_test_esp32\MXTmpFiles\system.tmp_save
2025-11-07 17:13:42,980 [INFO] CodeEngine:287 - Generated code: C:\stm32\i2c_test_esp32\MXTmpFiles\system.tmp
2025-11-07 17:13:42,993 [INFO] CodeEngine:319 - oldGeneratedFile, C:\stm32\i2c_test_esp32\Core\Inc\stm32l4xx_hal_conf.h_save
2025-11-07 17:13:43,047 [INFO] CodeEngine:343 - Generated code: C:\stm32\i2c_test_esp32\Core\Inc\stm32l4xx_hal_conf.h
2025-11-07 17:13:43,069 [INFO] ApiDbMcu:508 - Load IP Config File for I2C1
2025-11-07 17:13:43,079 [INFO] CodeEngine:263 - oldGeneratedFile, C:\stm32\i2c_test_esp32\Core\Inc\main.h_save
2025-11-07 17:13:43,130 [INFO] CodeEngine:287 - Generated code: C:\stm32\i2c_test_esp32\Core\Inc\main.h
2025-11-07 17:13:43,137 [INFO] CodeEngine:263 - oldGeneratedFile, C:\stm32\i2c_test_esp32\Core\Src\main.c_save
2025-11-07 17:13:43,217 [INFO] CodeEngine:287 - Generated code: C:\stm32\i2c_test_esp32\Core\Src\main.c
2025-11-07 17:13:43,498 [ERROR] ProjectBuilder:7054 - Problem during Copy of File LICENSE.txt
2025-11-07 17:13:43,629 [INFO] ProjectBuilder:3324 - Time for Copy HAL[1] : 270mS.
2025-11-07 17:13:43,631 [INFO] ProjectBuilder:4912 - Project Generator version: 4.6.0.1-B1
2025-11-07 17:13:43,699 [INFO] ConfigFileManager:1590 - The Die is : DIE415
2025-11-07 17:13:44,325 [INFO] ProjectBuilder:5191 - Time for Generating toolchain IDE Files: 694mS.
2025-11-07 17:13:44,328 [INFO] ProjectBuilder:3181 - Time for Copy CMSIS : 3mS.
2025-11-07 17:13:44,332 [INFO] ProjectBuilder:3181 - Time for Copy CMSIS : 0mS.
2025-11-07 17:40:47,044 [INFO] WebApp:194 - Connection lost
2025-11-07 17:40:49,126 [INFO] WebApp:191 - Connection restablished
2025-11-07 18:00:37,139 [INFO] MainUpdater:2872 - connection check result : 10
2025-11-07 18:00:37,308 [INFO] McuFinderGlobals:76 - Set McuFinderConnectedMode to true
2025-11-07 18:00:37,319 [INFO] MultiScanPanel:200 - Auto-refresh data requested => check proxy status ongoing
2025-11-07 18:00:37,325 [INFO] FinderPluginLoader:95 - Searching for filters in installed packs
2025-11-07 18:00:39,577 [INFO] LoadUrlFilesThread:185 - End of LoadServerUrlFiles without Thread
2025-11-07 18:00:39,579 [INFO] DetailPanel:341 - Set advertising image to C:/Users/siree/STM32Cube/Repository/\en.mcu-finder-stm32n6dk.jpg
2025-11-07 18:00:42,648 [INFO] MultiScanPanel:200 - Auto-refresh data requested => check proxy status ongoing
2025-11-07 18:00:42,725 [INFO] LoadUrlFilesThread:185 - End of LoadServerUrlFiles without Thread
2025-11-07 18:00:42,725 [INFO] DetailPanel:341 - Set advertising image to C:/Users/siree/STM32Cube/Repository/\en.mcu-finder-stm32n6dk.jpg
2025-11-07 18:01:24,971 [INFO] MainUpdater:2872 - connection check result : 10
2025-11-07 18:01:24,971 [INFO] MainUpdater:2872 - connection check result : 10
2025-11-07 18:01:25,186 [INFO] I2cTimingTraitement:330 - 0x10D19CE4
2025-11-07 18:01:25,206 [INFO] MicroXplorer:468 - Change Database Path : 
2025-11-07 18:01:25,206 [INFO] MicroXplorer:498 - Change Database Version : DB.6.0.141
2025-11-07 18:01:25,255 [ERROR] ProjectManagerView:395 - 
java.lang.NullPointerException: Cannot invoke "javax.swing.JTextField.getText()" because the return value of "java.util.List.get(int)" is null
	at com.st.microxplorer.plugins.projectmanager.gui.ProjectChoiceTab$9.caretUpdate(ProjectChoiceTab.java:2678) ~[filemanager.jar:?]
	at javax.swing.text.JTextComponent.fireCaretUpdate(JTextComponent.java:408) ~[?:?]
	at javax.swing.text.JTextComponent$MutableCaretEvent.fire(JTextComponent.java:4484) ~[?:?]
	at javax.swing.text.JTextComponent$MutableCaretEvent.stateChanged(JTextComponent.java:4506) ~[?:?]
	at javax.swing.text.DefaultCaret.fireStateChanged(DefaultCaret.java:857) ~[?:?]
	at javax.swing.text.DefaultCaret.changeCaretPosition(DefaultCaret.java:1343) ~[?:?]
	at javax.swing.text.DefaultCaret.handleSetDot(DefaultCaret.java:1242) ~[?:?]
	at javax.swing.text.DefaultCaret.setDot(DefaultCaret.java:1223) ~[?:?]
	at javax.swing.text.DefaultCaret$Handler.insertUpdate(DefaultCaret.java:1819) ~[?:?]
	at javax.swing.text.AbstractDocument.fireInsertUpdate(AbstractDocument.java:227) ~[?:?]
	at javax.swing.text.AbstractDocument.handleInsertString(AbstractDocument.java:781) ~[?:?]
	at javax.swing.text.AbstractDocument.insertString(AbstractDocument.java:740) ~[?:?]
	at javax.swing.text.PlainDocument.insertString(PlainDocument.java:131) ~[?:?]
	at javax.swing.text.AbstractDocument.replace(AbstractDocument.java:699) ~[?:?]
	at javax.swing.text.JTextComponent.setText(JTextComponent.java:1725) ~[?:?]
	at com.st.microxplorer.plugins.projectmanager.gui.ProjectChoiceTab.createHeapStackFields(ProjectChoiceTab.java:979) ~[filemanager.jar:?]
	at com.st.microxplorer.plugins.projectmanager.gui.ProjectChoiceTab.buildLinkSettingsPanel(ProjectChoiceTab.java:3766) ~[filemanager.jar:?]
	at com.st.microxplorer.plugins.projectmanager.gui.ProjectChoiceTab.defineWindowsFields(ProjectChoiceTab.java:1962) ~[filemanager.jar:?]
	at com.st.microxplorer.plugins.projectmanager.gui.ProjectChoiceTab.updateSettings(ProjectChoiceTab.java:555) ~[filemanager.jar:?]
	at com.st.microxplorer.plugins.projectmanager.gui.ProjectSettingsPanel.UpdateDialog(ProjectSettingsPanel.java:245) ~[filemanager.jar:?]
	at com.st.microxplorer.plugins.projectmanager.ProjectManagerView.propertyChange(ProjectManagerView.java:392) ~[filemanager.jar:?]
	at java.beans.PropertyChangeSupport.fire(PropertyChangeSupport.java:343) ~[?:?]
	at java.beans.PropertyChangeSupport.firePropertyChange(PropertyChangeSupport.java:335) ~[?:?]
	at java.beans.PropertyChangeSupport.firePropertyChange(PropertyChangeSupport.java:268) ~[?:?]
	at com.st.microxplorer.util.MXPropertyChangeSupport.firePropertyChange(MXPropertyChangeSupport.java:54) ~[STM32CubeMX.jar:?]
	at com.st.microxplorer.mxsystem.MxSystem.closeConfig(MxSystem.java:899) ~[STM32CubeMX.jar:?]
	at com.st.microxplorer.maingui.MainPanel.closeConfig(MainPanel.java:789) ~[STM32CubeMX.jar:?]
	at com.st.microxplorer.plugins.filemanager.engine.OpenFileManager.loadConfigurationFile(OpenFileManager.java:287) ~[filemanager.jar:?]
	at com.st.microxplorer.plugins.filemanager.engine.MainFileManager.userLoadConfig(MainFileManager.java:341) ~[filemanager.jar:?]
	at com.st.microxplorer.plugins.filemanager.FileManagerView.getSpecificTask(FileManagerView.java:250) ~[filemanager.jar:?]
	at com.st.stm32cube.common.mx.editor.CubeMxEditor.getMxTabbedPaneInstance(CubeMxEditor.java:1191) ~[com.st.stm32cube.common.mx_6.14.1.202504091515/:?]
	at com.st.stm32cube.common.mx.editor.CubeMxEditor$12$1.createSwingComponent(CubeMxEditor.java:1068) ~[com.st.stm32cube.common.mx_6.14.1.202504091515/:?]
	at com.st.stm32cube.common.mx.oss.core.awtswtbridge.EmbeddedSwingComposite.doComponentCreation(EmbeddedSwingComposite.java:492) ~[com.st.stm32cube.common.mx.oss_6.14.1.202504091515/:?]
	at com.st.stm32cube.common.mx.oss.core.awtswtbridge.EmbeddedSwingComposite$4.run(EmbeddedSwingComposite.java:291) ~[com.st.stm32cube.common.mx.oss_6.14.1.202504091515/:?]
	at com.st.stm32cube.common.mx.oss.core.awtswtbridge.AwtEnvironment$2.run(AwtEnvironment.java:166) ~[com.st.stm32cube.common.mx.oss_6.14.1.202504091515/:?]
	at java.awt.event.InvocationEvent.dispatch(InvocationEvent.java:318) ~[?:?]
	at java.awt.EventQueue.dispatchEventImpl(EventQueue.java:773) ~[?:?]
	at java.awt.EventQueue$4.run(EventQueue.java:720) ~[?:?]
	at java.awt.EventQueue$4.run(EventQueue.java:714) ~[?:?]
	at java.security.AccessController.doPrivileged(AccessController.java:400) ~[?:?]
	at java.security.ProtectionDomain$JavaSecurityAccessImpl.doIntersectionPrivilege(ProtectionDomain.java:87) ~[?:?]
	at java.awt.EventQueue.dispatchEvent(EventQueue.java:742) ~[?:?]
	at java.awt.EventDispatchThread.pumpOneEventForFilters(EventDispatchThread.java:203) ~[?:?]
	at java.awt.EventDispatchThread.pumpEventsForFilter(EventDispatchThread.java:124) ~[?:?]
	at java.awt.EventDispatchThread.pumpEventsForHierarchy(EventDispatchThread.java:113) ~[?:?]
	at java.awt.EventDispatchThread.pumpEvents(EventDispatchThread.java:109) ~[?:?]
	at java.awt.EventDispatchThread.pumpEvents(EventDispatchThread.java:101) ~[?:?]
	at java.awt.EventDispatchThread.run(EventDispatchThread.java:90) ~[?:?]
2025-11-07 18:01:25,266 [WARN] ThirdParty:871 - waiting for thirdparty lock release [close project]
2025-11-07 18:01:25,267 [INFO] ThirdParty:873 - entering critical section [close project]
2025-11-07 18:01:25,268 [INFO] ThirdParty:883 - exiting critical section [close project]
2025-11-07 18:01:25,274 [INFO] PinOutPanel:1589 - setPackage(No Configuration,No Configuration)
2025-11-07 18:01:25,291 [INFO] UtilMem:75 - Begin LoadConfig() Used Memory: 756207720 Bytes (1073741824)
2025-11-07 18:01:25,294 [INFO] OpenFileManager:354 - Change cursor
2025-11-07 18:01:25,359 [INFO] RulesReader:64 - Compatibility file has been processed (302 Rules)
2025-11-07 18:01:25,376 [INFO] ProjectFactory:442 - No CPN specified for board NUCLEO-L476RG => set CPN to STM32L476RGT3
2025-11-07 18:01:25,376 [INFO] Mcu:2011 - Initializing MCU STM32L476R(C-E-G)Tx STM32L476RGTx STM32L476RGT3
2025-11-07 18:01:27,183 [INFO] Context:756 - Trying to add GPIOservice into a context  which must be forbidden
2025-11-07 18:01:28,186 [INFO] Rule:225 - rule 117617 - U5Cobra4M][GTZC] default value MPCBB3 and MPCBB5 - Not Secured memory - MPCBB1 is applicable
2025-11-07 18:01:28,187 [INFO] Rule:225 - rule 117617 - U5Cobra4M][GTZC] default value MPCBB3 and MPCBB5 - Not Secured memory - MPCBB1 is applicable
2025-11-07 18:01:28,187 [INFO] Rule:225 - rule 117617 - U5Cobra4M][GTZC] default value MPCBB3 and MPCBB5 - Not Secured memory - MPCBB2 is applicable
2025-11-07 18:01:28,187 [INFO] Rule:225 - rule 117617 - U5Cobra4M][GTZC] default value MPCBB3 and MPCBB5 - Not Secured memory - MPCBB2 is applicable
2025-11-07 18:01:28,187 [INFO] Rule:225 - rule 117617 - U5Cobra4M][GTZC] default value MPCBB3 and MPCBB5 - Not Secured memory - MPCBB3 is applicable
2025-11-07 18:01:28,187 [INFO] Rule:225 - rule 117617 - U5Cobra4M][GTZC] default value MPCBB3 and MPCBB5 - Not Secured memory - MPCBB3 is applicable
2025-11-07 18:01:28,187 [INFO] Rule:225 - rule 117617 - U5Cobra4M][GTZC] default value MPCBB3 and MPCBB5 - Not Secured memory - MPCBB4 is applicable
2025-11-07 18:01:28,187 [INFO] Rule:225 - rule 117617 - U5Cobra4M][GTZC] default value MPCBB3 and MPCBB5 - Not Secured memory - MPCBB4 is applicable
2025-11-07 18:01:28,187 [INFO] Rule:225 - rule 117617 - U5Cobra4M][GTZC] default value MPCBB3 and MPCBB5 - Secured memory - MPCBB1 is applicable
2025-11-07 18:01:28,187 [INFO] Rule:225 - rule 117617 - U5Cobra4M][GTZC] default value MPCBB3 and MPCBB5 - Secured memory - MPCBB2 is applicable
2025-11-07 18:01:28,188 [INFO] Rule:225 - rule 117617 - U5Cobra4M][GTZC] default value MPCBB3 and MPCBB5 - Secured memory - MPCBB3 is applicable
2025-11-07 18:01:28,188 [INFO] Rule:225 - rule 117617 - U5Cobra4M][GTZC] default value MPCBB3 and MPCBB5 - Secured memory - MPCBB4 is applicable
2025-11-07 18:01:28,188 [INFO] Rule:225 - rule 117617 - U5Cobra4M][GTZC] default value MPCBB3 and MPCBB5 - Privileged memory - MPCBB1 is applicable
2025-11-07 18:01:28,188 [INFO] Rule:225 - rule 117617 - U5Cobra4M][GTZC] default value MPCBB3 and MPCBB5 - Privileged memory - MPCBB2 is applicable
2025-11-07 18:01:28,188 [INFO] Rule:225 - rule 117617 - U5Cobra4M][GTZC] default value MPCBB3 and MPCBB5 - Privileged memory - MPCBB3 is applicable
2025-11-07 18:01:28,188 [INFO] Rule:225 - rule 117617 - U5Cobra4M][GTZC] default value MPCBB3 and MPCBB5 - Privileged memory - MPCBB4 is applicable
2025-11-07 18:01:28,188 [INFO] Rule:225 - rule 117617 - U5Cobra4M][GTZC] default value MPCBB3 and MPCBB5 - Not Privileged memory - MPCBB1 is applicable
2025-11-07 18:01:28,188 [INFO] Rule:225 - rule 117617 - U5Cobra4M][GTZC] default value MPCBB3 and MPCBB5 - Not Privileged memory - MPCBB2 is applicable
2025-11-07 18:01:28,188 [INFO] Rule:225 - rule 117617 - U5Cobra4M][GTZC] default value MPCBB3 and MPCBB5 - Not Privileged memory - MPCBB3 is applicable
2025-11-07 18:01:28,189 [INFO] Rule:225 - rule 117617 - U5Cobra4M][GTZC] default value MPCBB3 and MPCBB5 - Not Privileged memory - MPCBB4 is applicable
2025-11-07 18:01:28,189 [INFO] Rule:225 - rule 117617 - U5Cobra4M][GTZC] default value MPCBB3 and MPCBB5 - Privileged memory - MPCBB1 is applicable
2025-11-07 18:01:28,189 [INFO] Rule:225 - rule 117617 - U5Cobra4M][GTZC] default value MPCBB3 and MPCBB5 - Privileged memory - MPCBB2 is applicable
2025-11-07 18:01:28,189 [INFO] Rule:225 - rule 117617 - U5Cobra4M][GTZC] default value MPCBB3 and MPCBB5 - Privileged memory - MPCBB3 is applicable
2025-11-07 18:01:28,189 [INFO] Rule:225 - rule 117617 - U5Cobra4M][GTZC] default value MPCBB3 and MPCBB5 - Privileged memory - MPCBB4 is applicable
2025-11-07 18:01:28,189 [INFO] Rule:225 - rule 117617 - U5Cobra4M][GTZC] default value MPCBB3 and MPCBB5 - Privileged memory - MPCBB1 is applicable
2025-11-07 18:01:28,189 [INFO] Rule:225 - rule 117617 - U5Cobra4M][GTZC] default value MPCBB3 and MPCBB5 - Privileged memory - MPCBB2 is applicable
2025-11-07 18:01:28,189 [INFO] Rule:225 - rule 117617 - U5Cobra4M][GTZC] default value MPCBB3 and MPCBB5 - Privileged memory - MPCBB3 is applicable
2025-11-07 18:01:28,189 [INFO] Rule:225 - rule 117617 - U5Cobra4M][GTZC] default value MPCBB3 and MPCBB5 - Privileged memory - MPCBB4 is applicable
2025-11-07 18:01:28,189 [INFO] Rule:225 - rule 117617 - U5Cobra4M][GTZC] default value MPCBB3 and MPCBB5 - Not Privileged memory - MPCBB1 is applicable
2025-11-07 18:01:28,189 [INFO] Rule:225 - rule 117617 - U5Cobra4M][GTZC] default value MPCBB3 and MPCBB5 - Not Privileged memory - MPCBB2 is applicable
2025-11-07 18:01:28,189 [INFO] Rule:225 - rule 117617 - U5Cobra4M][GTZC] default value MPCBB3 and MPCBB5 - Not Privileged memory - MPCBB3 is applicable
2025-11-07 18:01:28,189 [INFO] Rule:225 - rule 117617 - U5Cobra4M][GTZC] default value MPCBB3 and MPCBB5 - Not Privileged memory - MPCBB4 is applicable
2025-11-07 18:01:28,189 [INFO] Rule:225 - rule 117617 - U5Cobra4M][GTZC] default value MPCBB3 and MPCBB5 - Privileged memory - MPCBB1 is applicable
2025-11-07 18:01:28,189 [INFO] Rule:225 - rule 117617 - U5Cobra4M][GTZC] default value MPCBB3 and MPCBB5 - Privileged memory - MPCBB2 is applicable
2025-11-07 18:01:28,189 [INFO] Rule:225 - rule 117617 - U5Cobra4M][GTZC] default value MPCBB3 and MPCBB5 - Privileged memory - MPCBB3 is applicable
2025-11-07 18:01:28,189 [INFO] Rule:225 - rule 117617 - U5Cobra4M][GTZC] default value MPCBB3 and MPCBB5 - Privileged memory - MPCBB4 is applicable
2025-11-07 18:01:28,189 [INFO] Rule:225 - rule Rename SubGHz_Phy SUBGHZ_APPLICATION SUBGHZ_PINGPONG to SUBGHZ_ADV_APPLICATION is applicable
2025-11-07 18:01:28,189 [INFO] Rule:225 - rule Rename Enabled to IBEACON is applicable
2025-11-07 18:01:28,189 [INFO] Rule:225 - rule GTZC_S instance for project manager is applicable
2025-11-07 18:01:28,190 [INFO] Rule:225 - rule GTZC_S instance for context M33S is applicable
2025-11-07 18:01:28,190 [INFO] Rule:225 - rule GTZC_S instance value for IP GTZC is applicable
2025-11-07 18:01:28,190 [INFO] Rule:225 - rule GTZC_S instance for mcu.IP is applicable
2025-11-07 18:01:28,190 [INFO] Rule:225 - rule GTZC_S instance for VP is applicable
2025-11-07 18:01:28,190 [INFO] Rule:225 - rule GTZC_S instance for signal is applicable
2025-11-07 18:01:28,190 [INFO] Rule:225 - rule GTZC_S instance for mcu.Pin is applicable
2025-11-07 18:01:28,190 [INFO] Rule:225 - rule GTZC_S instance for VP is applicable
2025-11-07 18:01:28,190 [INFO] Rule:225 - rule GTZC_S instance for signal is applicable
2025-11-07 18:01:28,190 [INFO] Rule:225 - rule GTZC_S instance for mcu is applicable
2025-11-07 18:01:28,190 [INFO] Rule:225 - rule GTZC_S instance for mcu.Pin is applicable
2025-11-07 18:01:28,190 [INFO] Rule:225 - rule GTZC_S instance value for IP GTZC is applicable
2025-11-07 18:01:28,190 [INFO] Rule:225 - rule GTZC_S instance for project manager is applicable
2025-11-07 18:01:28,190 [INFO] Rule:225 - rule GTZC_S instance for context M33S is applicable
2025-11-07 18:01:28,190 [INFO] Rule:225 - rule GTZC_S instance for VP is applicable
2025-11-07 18:01:28,190 [INFO] Rule:225 - rule GTZC_S instance for signal is applicable
2025-11-07 18:01:28,190 [INFO] Rule:225 - rule SPDIFRX instance for mcu is applicable
2025-11-07 18:01:28,190 [INFO] Rule:225 - rule Rename Tracer Mode is applicable
2025-11-07 18:01:28,190 [INFO] Rule:225 - rule SPDIFRX instance value for IP SPDIFRX is applicable
2025-11-07 18:01:28,190 [INFO] Rule:225 - rule SPDIFRX instance for signal is applicable
2025-11-07 18:01:28,190 [INFO] Rule:225 - rule SPDIFRX instance for project manager is applicable
2025-11-07 18:01:28,190 [INFO] Rule:225 - rule SPDIFRX instance for project manager is applicable
2025-11-07 18:01:28,190 [INFO] Rule:225 - rule ADC Scan  fix with FW F7 is applicable
2025-11-07 18:01:28,190 [INFO] Rule:225 - rule ADC Scan  fix with FW F7 is applicable
2025-11-07 18:01:28,190 [INFO] Rule:225 - rule WakeUp0 Mode is applicable
2025-11-07 18:01:28,190 [INFO] Rule:225 - rule WakeUp0 SIGNAL is applicable
2025-11-07 18:01:28,190 [INFO] Rule:225 - rule WakeUp1 Mode is applicable
2025-11-07 18:01:28,190 [INFO] Rule:225 - rule WakeUp1 SIGNAL is applicable
2025-11-07 18:01:28,190 [INFO] Rule:225 - rule WakeUp2 Mode is applicable
2025-11-07 18:01:28,190 [INFO] Rule:225 - rule WakeUp2 SIGNAL is applicable
2025-11-07 18:01:28,190 [INFO] Rule:225 - rule WakeUp4 Mode is applicable
2025-11-07 18:01:28,191 [INFO] Rule:225 - rule WakeUp4 SIGNAL is applicable
2025-11-07 18:01:28,191 [INFO] Rule:225 - rule WakeUp5 Mode is applicable
2025-11-07 18:01:28,191 [INFO] Rule:225 - rule WakeUp5 SIGNAL is applicable
2025-11-07 18:01:28,191 [INFO] Rule:225 - rule Add RTC Activate Clock Source is applicable
2025-11-07 18:01:28,191 [INFO] Rule:225 - rule Add RTC Activate Calendar 1 is applicable
2025-11-07 18:01:28,191 [INFO] Rule:225 - rule Add RTC Activate Calendar 2 is applicable
2025-11-07 18:01:28,191 [INFO] Rule:225 - rule Add RTC Activate Calendar 3 is applicable
2025-11-07 18:01:28,191 [INFO] Rule:225 - rule UART/USART TX Mode is applicable
2025-11-07 18:01:28,191 [INFO] Rule:225 - rule UART/USART RX Mode is applicable
2025-11-07 18:01:28,191 [INFO] Rule:225 - rule UART/USART RX TX Mode is applicable
2025-11-07 18:01:28,191 [INFO] Rule:225 - rule UART/USART PARITY NONE is applicable
2025-11-07 18:01:28,191 [INFO] Rule:225 - rule UART/USART PARITY EVEN is applicable
2025-11-07 18:01:28,191 [INFO] Rule:225 - rule UART/USART PARITY ODD is applicable
2025-11-07 18:01:28,191 [INFO] Rule:225 - rule USART StopBits 1 is applicable
2025-11-07 18:01:28,191 [INFO] Rule:225 - rule USART StopBits 2 is applicable
2025-11-07 18:01:28,191 [INFO] Rule:225 - rule USART StopBits 1.5 is applicable
2025-11-07 18:01:28,191 [INFO] Rule:225 - rule USART StopBits 0.5 is applicable
2025-11-07 18:01:28,191 [INFO] Rule:225 - rule UART/USART WORD LENGTH 7 is applicable
2025-11-07 18:01:28,191 [INFO] Rule:225 - rule UART/USART WORD LENGTH 8 is applicable
2025-11-07 18:01:28,191 [INFO] Rule:225 - rule UART/USART WORD LENGTH 9 is applicable
2025-11-07 18:01:28,191 [INFO] Rule:225 - rule Rename FMC NAND NCE signal is applicable
2025-11-07 18:01:28,191 [INFO] Rule:225 - rule Rename FMC NAND INT signal is applicable
2025-11-07 18:01:28,191 [INFO] Rule:225 - rule Change Default Value for LSE Drive Capability for WB family is applicable
2025-11-07 18:01:28,191 [INFO] Rule:225 - rule Change Default Value for ADC Clock Prescaler G0 family is applicable
2025-11-07 18:01:28,191 [INFO] Rule:225 - rule Change Default Value for ADC ExternalTrigConv L4 family is applicable
2025-11-07 18:01:28,191 [INFO] Rule:225 - rule Change Default Value for ADC ExternalTrigInjecConv L4 family is applicable
2025-11-07 18:01:28,191 [INFO] Rule:225 - rule Change Default Value for ADC ExternalTrigConv F3 family is applicable
2025-11-07 18:01:28,191 [INFO] Rule:225 - rule Change Default Value for ADC ExternalTrigInjecConv F3 family is applicable
2025-11-07 18:01:28,191 [INFO] Rule:225 - rule Change Default Value for ADC ExternalTrigConv Goldfish serie is applicable
2025-11-07 18:01:28,191 [INFO] Rule:225 - rule Change Default Value for ADC ExternalTrigInjecConv Goldfish serie is applicable
2025-11-07 18:01:28,191 [INFO] Rule:225 - rule Change Default Value for ADC ExternalTrigConv L0 family is applicable
2025-11-07 18:01:28,191 [INFO] Rule:225 - rule Change Default Value for ADC ExternalTrigConv F0 family is applicable
2025-11-07 18:01:28,191 [INFO] Rule:225 - rule Change Default Value for ADC ExternalTrigConvn L1 family is applicable
2025-11-07 18:01:28,191 [INFO] Rule:225 - rule Change Default Value for ADC ExternalTrigInjecConv L1 family is applicable
2025-11-07 18:01:28,191 [INFO] Rule:225 - rule Change Default Value for ADC ExternalTrigConv F1 family is applicable
2025-11-07 18:01:28,192 [INFO] Rule:225 - rule Change Default Value for ADC ExternalTrigInjecConv F1 family is applicable
2025-11-07 18:01:28,192 [INFO] Rule:225 - rule Change Default Value for ADC ExternalTrigConv F7 family is applicable
2025-11-07 18:01:28,192 [INFO] Rule:225 - rule Change Default Value for ADC ExternalTrigInjecConv F7 family is applicable
2025-11-07 18:01:28,192 [INFO] Rule:225 - rule Change Default Value for ADC ExternalTrigConv F4 and F2 family is applicable
2025-11-07 18:01:28,192 [INFO] Rule:225 - rule Change Default Value for ADC ExternalTrigInjecConv F4 and F2 family is applicable
2025-11-07 18:01:28,192 [INFO] Rule:225 - rule ADC SamplingTime fix with FW L0  is applicable
2025-11-07 18:01:28,192 [INFO] Rule:225 - rule ADC SamplingTime fix with FW L0  is applicable
2025-11-07 18:01:28,192 [INFO] Rule:225 - rule ADC SamplingTime fix with FW L0 is applicable
2025-11-07 18:01:28,192 [INFO] Rule:225 - rule ADC SamplingTime fix with FW L0 is applicable
2025-11-07 18:01:28,192 [INFO] Rule:225 - rule ADC SamplingTime fix with FW L0  is applicable
2025-11-07 18:01:28,192 [INFO] Rule:225 - rule ADC SamplingTime fix with FW L0 is applicable
2025-11-07 18:01:28,192 [INFO] Rule:225 - rule Rename USB_OE Signal is applicable
2025-11-07 18:01:28,192 [INFO] Rule:225 - rule Rename Activate_OE Mode is applicable
2025-11-07 18:01:28,192 [INFO] Rule:225 - rule Rename DIE462/DIE415 pin PC14/OSC32_IN -> PC14-OSC32_IN (PC14) is applicable
2025-11-07 18:01:28,192 [INFO] Rule:225 - rule Rename DIE462/DIE415 pin PC15/OSC32_OUT -> PC15-OSC32_OUT (PC15) is applicable
2025-11-07 18:01:28,192 [INFO] Rule:225 - rule Rename DIE462/DIE415 pin PH0/OSC_IN -> PH0-OSC_IN (PH0) is applicable
2025-11-07 18:01:28,192 [INFO] Rule:225 - rule Rename DIE462/DIE415 pin PH1/OSC_OUT -> PH1-OSC_OUT (PH1) is applicable
2025-11-07 18:01:28,192 [INFO] Rule:225 - rule Rename DIE462 pin PA13 -> PA13 (JTMS/SWDIO) is applicable
2025-11-07 18:01:28,192 [INFO] Rule:225 - rule Rename DIE415 pin PA13 -> PA13 (JTMS/SWDIO) is applicable
2025-11-07 18:01:28,192 [INFO] Rule:225 - rule Rename DIE462 pin PA14 -> PA14 (JTCK/SWCLK) is applicable
2025-11-07 18:01:28,192 [INFO] Rule:225 - rule Rename DIE415 pin PA14 -> PA14 (JTCK/SWCLK) is applicable
2025-11-07 18:01:28,192 [INFO] Rule:225 - rule Rename DIE462/DIE415 pin PA15 -> PA15 (JTDI) is applicable
2025-11-07 18:01:28,192 [INFO] Rule:225 - rule Rename DIE462 pin PB3 -> PB3 (JTD0/TRACESWO) is applicable
2025-11-07 18:01:28,192 [INFO] Rule:225 - rule Rename DIE415 pin PB3 -> PB3 (JTD0-TRACESWO) is applicable
2025-11-07 18:01:28,192 [INFO] Rule:225 - rule Rename DIE462/DIE415 pin PB4 -> PB4 (NJTRST) is applicable
2025-11-07 18:01:28,192 [INFO] Rule:225 - rule Rename DIE462 pin PH3/BOOT0 -> PH3-BOOT0 (BOOT0) is applicable
2025-11-07 18:01:28,192 [INFO] Rule:225 - rule Rename CRYP DataEncryptionTypesList to Algorithm is applicable
2025-11-07 18:01:28,192 [INFO] Rule:225 - rule Rename AES DataEncryptionTypesList to Algorithm is applicable
2025-11-07 18:01:28,192 [INFO] Rule:225 - rule Rename TDESECB to CRYP_TDES_ECB is applicable
2025-11-07 18:01:28,192 [INFO] Rule:225 - rule Rename TDESCBC to CRYP_TDES_CBC is applicable
2025-11-07 18:01:28,192 [INFO] Rule:225 - rule Rename DESECB to CRYP_DES_ECB is applicable
2025-11-07 18:01:28,193 [INFO] Rule:225 - rule Rename DESCBC to CRYP_DES_CBC is applicable
2025-11-07 18:01:28,193 [INFO] Rule:225 - rule Rename AESECB to CRYP_AES_ECB is applicable
2025-11-07 18:01:28,193 [INFO] Rule:225 - rule Rename AESCBC to CRYP_AES_CBC is applicable
2025-11-07 18:01:28,193 [INFO] Rule:225 - rule Rename AESCTR to CRYP_AES_CTR is applicable
2025-11-07 18:01:28,193 [INFO] Rule:225 - rule Rename AESGCM to CRYP_AES_GCM is applicable
2025-11-07 18:01:28,193 [INFO] Rule:225 - rule Rename AESCCM to CRYP_AES_CCM is applicable
2025-11-07 18:01:28,193 [INFO] Rule:225 - rule Rename CAN TimeSeg1 to BS1 is applicable
2025-11-07 18:01:28,193 [INFO] Rule:225 - rule Rename CAN TimeSeg2 to BS2 is applicable
2025-11-07 18:01:28,193 [INFO] Rule:225 - rule Rename CAN SyncJumpWidth to SJW is applicable
2025-11-07 18:01:28,193 [INFO] Rule:225 - rule TimeTriggeredMode to TTCM is applicable
2025-11-07 18:01:28,193 [INFO] Rule:225 - rule Rename CAN AutoBusOff to ABOM is applicable
2025-11-07 18:01:28,193 [INFO] Rule:225 - rule Rename CAN AutoWakeUp to AWUM is applicable
2025-11-07 18:01:28,193 [INFO] Rule:225 - rule Rename CAN AutoRetransmission to NART is applicable
2025-11-07 18:01:28,193 [INFO] Rule:225 - rule Rename CAN ReceiveFifoLocked to RFLM is applicable
2025-11-07 18:01:28,193 [INFO] Rule:225 - rule Rename CAN TransmitFifoPriority to TXFP is applicable
2025-11-07 18:01:28,193 [INFO] Rule:225 - rule Rename HRTIMER HRTIM_OUTPUTFAULTLEVEL_HIGH in HRTIMER HRTIM_OUTPUTFAULTLEVEL_HIGHZ is applicable
2025-11-07 18:01:28,193 [INFO] Rule:225 - rule Rename TIMER TIM_CLEARINPUTSOURCE_OCREFCLR in  TIMER TIM_CLEARINPUTSOURCE_NONE for F7 family is applicable
2025-11-07 18:01:28,193 [INFO] Rule:225 - rule FDCAN_R1 - Rename FDCAN mode Master into Classic is applicable
2025-11-07 18:01:28,193 [INFO] Rule:225 - rule FDCAN_R2 - Rename FDCAN mode Slave into Classic is applicable
2025-11-07 18:01:28,193 [INFO] Rule:225 - rule FDCAN1_R3 - if PA10.Mode=FullDuplex, add Pin PA12 is applicable
2025-11-07 18:01:28,193 [INFO] Rule:225 - rule FDCAN1_R3 - if PA9.Mode=FullDuplex, add Pin PA11 is applicable
2025-11-07 18:01:28,193 [INFO] Rule:225 - rule FDCAN1_R3 - Alternatepin_1 - if PE1.Mode=FullDuplex, add Pin PB9 is applicable
2025-11-07 18:01:28,193 [INFO] Rule:225 - rule FDCAN1_R3 - Alternatepin_1 - if PE0.Mode=FullDuplex, add Pin PB8 is applicable
2025-11-07 18:01:28,193 [INFO] Rule:225 - rule FDCAN1_R3 - Alternatepin_2 - if PD5.Mode=FullDuplex, add Pin PD1 is applicable
2025-11-07 18:01:28,193 [INFO] Rule:225 - rule FDCAN1_R3 - Alternatepin_2 - if PD4.Mode=FullDuplex, add Pin PD0 is applicable
2025-11-07 18:01:28,193 [INFO] Rule:225 - rule FDCAN1_R4 - Rename Mode FullDuplex into Enable FDCAN_TXFD for pin PA10 is applicable
2025-11-07 18:01:28,193 [INFO] Rule:225 - rule FDCAN1_R4 - Rename Mode FullDuplex into Enable FDCAN_TXFD for pin PA9 is applicable
2025-11-07 18:01:28,193 [INFO] Rule:225 - rule FDCAN1_R4 - Alternatepin_1 - Rename Mode FullDuplex into Enable FDCAN_TXFD for pin PE1 is applicable
2025-11-07 18:01:28,193 [INFO] Rule:225 - rule FDCAN1_R4 - Alternatepin_1 - Rename Mode FullDuplex into Enable FDCAN_TXFD for pin PE0 is applicable
2025-11-07 18:01:28,193 [INFO] Rule:225 - rule FDCAN1_R4 - Alternatepin_2 - Rename Mode FullDuplex into Enable FDCAN_TXFD for pin PD5 is applicable
2025-11-07 18:01:28,194 [INFO] Rule:225 - rule FDCAN1_R4 - Alternatepin_2 - Rename Mode FullDuplex into Enable FDCAN_TXFD for pin PD4 is applicable
2025-11-07 18:01:28,194 [INFO] Rule:225 - rule FDCAN2_R3 - if PD10.Mode=FullDuplex, add Pin PB13 is applicable
2025-11-07 18:01:28,194 [INFO] Rule:225 - rule FDCAN2_R3 - if PD9.Mode=FullDuplex, add Pin PB12 is applicable
2025-11-07 18:01:28,194 [INFO] Rule:225 - rule FDCAN2_R3 - Alternatepin_1 - if PB7.Mode=FullDuplex, add Pin PB6 is applicable
2025-11-07 18:01:28,194 [INFO] Rule:225 - rule FDCAN2_R3 - Alternatepin_1 - if PD9.Mode=FullDuplex, add Pin PB12 is applicable
2025-11-07 18:01:28,194 [INFO] Rule:225 - rule FDCAN2_R4 - Rename Mode FullDuplex into Enable FDCAN_TXFD for pin PD10 is applicable
2025-11-07 18:01:28,194 [INFO] Rule:225 - rule FDCAN2_R4 - Rename Mode FullDuplex into Enable FDCAN_TXFD for pin PD9 is applicable
2025-11-07 18:01:28,194 [INFO] Rule:225 - rule FDCAN2_R4 - Alternatepin_1 - Rename Mode FullDuplex into Enable FDCAN_TXFD for pin PB7 is applicable
2025-11-07 18:01:28,194 [INFO] Rule:225 - rule FDCAN2_R4 - Alternatepin_1 - Rename Mode FullDuplex into Enable FDCAN_TXFD for pin PD6 is applicable
2025-11-07 18:01:28,194 [INFO] Rule:225 - rule USART TxPinLevelInvertParam Mode is applicable
2025-11-07 18:01:28,194 [INFO] Rule:225 - rule USART RxPinLevelInvertParam Mode is applicable
2025-11-07 18:01:28,194 [INFO] Rule:225 - rule USART DataInvertParam Mode is applicable
2025-11-07 18:01:28,194 [INFO] Rule:225 - rule USART SwapParam Mode is applicable
2025-11-07 18:01:28,194 [INFO] Rule:225 - rule USART OverrunDisableParam Mode is applicable
2025-11-07 18:01:28,195 [INFO] Rule:225 - rule USART DMADisableonRxErrorParam Mode is applicable
2025-11-07 18:01:28,195 [INFO] Rule:225 - rule USART MSBFirstParam Mode is applicable
2025-11-07 18:01:28,195 [INFO] Rule:225 - rule Update MwName for USB_DEVICE is applicable
2025-11-07 18:01:28,195 [INFO] Rule:225 - rule Change PWR_Regulator_Voltage_Scale Default Value for RCC  H7 family is applicable
2025-11-07 18:01:28,195 [INFO] Rule:225 - rule UART/USART IPParameter rename Prescaler parameter to ClockPrescaler is applicable
2025-11-07 18:01:28,195 [INFO] Rule:225 - rule UART/USART Prescaler rename Prescaler parameter to ClockPrescaler is applicable
2025-11-07 18:01:28,195 [INFO] Rule:225 - rule TIM1CLockSelection is applicable
2025-11-07 18:01:28,195 [INFO] Rule:225 - rule TIM15CLockSelection is applicable
2025-11-07 18:01:28,195 [INFO] Rule:225 - rule align RCC SDMMC3CLockSelection default value on MP1 is applicable
2025-11-07 18:01:28,195 [INFO] Rule:225 - rule align RCC SDMMC12CLockSelection default value on MP1 is applicable
2025-11-07 18:01:28,195 [INFO] Rule:225 - rule align RCC QSPICLockSelection default value on MP1 is applicable
2025-11-07 18:01:28,195 [INFO] Rule:225 - rule align RCC QSPICLockSelection default value on MP1 is applicable
2025-11-07 18:01:28,195 [INFO] Rule:225 - rule align RCC SPI6CLockSelection default value on MP1 is applicable
2025-11-07 18:01:28,195 [INFO] Rule:225 - rule align RCC LPTIM23CLockSelection default value on MP1 is applicable
2025-11-07 18:01:28,195 [INFO] Rule:225 - rule align RCC LPTIM1CLockSelection default value on MP1 is applicable
2025-11-07 18:01:28,195 [INFO] Rule:225 - rule align RCC USART1CLockSelection default value on MP1 is applicable
2025-11-07 18:01:28,195 [INFO] Rule:225 - rule align RCC USART24CLockSelection default value on MP1 is applicable
2025-11-07 18:01:28,195 [INFO] Rule:225 - rule align RCC USART6CLockSelection default value on MP1 is applicable
2025-11-07 18:01:28,195 [INFO] Rule:225 - rule align RCC UART78CLockSelection default value on MP1 is applicable
2025-11-07 18:01:28,195 [INFO] Rule:225 - rule align RCC USART35CLockSelection default value on MP1 is applicable
2025-11-07 18:01:28,195 [INFO] Rule:225 - rule align RCC SPI45CLockSelection default value on MP1 is applicable
2025-11-07 18:01:28,195 [INFO] Rule:225 - rule align RCC I2C46CLockSelection BCLK value on MP1 is applicable
2025-11-07 18:01:28,195 [INFO] Rule:225 - rule align RCC SPI45CLockSelection default value on MP1 is applicable
2025-11-07 18:01:28,195 [INFO] Rule:225 - rule align RCC I2C12CLockSelection default value on MP1 is applicable
2025-11-07 18:01:28,195 [INFO] Rule:225 - rule align RCC I2C35CLockSelection default value on MP1 is applicable
2025-11-07 18:01:28,195 [INFO] Rule:225 - rule align RCC LPTIM45CLockSelection default value on MP1 is applicable
2025-11-07 18:01:28,195 [INFO] Rule:225 - rule Rename DCMI PIXCK signal is applicable
2025-11-07 18:01:28,195 [INFO] Rule:225 - rule Change Default Value for I2C46CLockSelection MP1 family is applicable
2025-11-07 18:01:28,195 [INFO] Rule:225 - rule Change Default Value for UART for G4, G0 and WB families is applicable
2025-11-07 18:01:28,195 [INFO] Rule:225 - rule Change Default Value for USART for G4, G0 and WB families is applicable
2025-11-07 18:01:28,195 [INFO] Rule:225 - rule Change Default Value for USART for G4 family is applicable
2025-11-07 18:01:28,195 [INFO] Rule:225 - rule Change USART1CLockSelection refparam name for MP1 is applicable
2025-11-07 18:01:28,195 [INFO] Rule:225 - rule Change USART2CLockSelection refparam name for MP1 is applicable
2025-11-07 18:01:28,195 [INFO] Rule:225 - rule Change USART3CLockSelection refparam name for MP1 is applicable
2025-11-07 18:01:28,195 [INFO] Rule:225 - rule Change UART4CLockSelection refparam name for MP1 is applicable
2025-11-07 18:01:28,195 [INFO] Rule:225 - rule Change UART5CLockSelection refparam name for MP1 is applicable
2025-11-07 18:01:28,196 [INFO] Rule:225 - rule Change LPUART1CLockSelection refparam name for MP1 is applicable
2025-11-07 18:01:28,196 [INFO] Rule:225 - rule Change LPTIM1CLockSelection refparam name for MP1 is applicable
2025-11-07 18:01:28,196 [INFO] Rule:225 - rule Change LPTIM2CLockSelection refparam name for MP1 is applicable
2025-11-07 18:01:28,196 [INFO] Rule:225 - rule Change RCC_MCO1Source refparam name for MP1 is applicable
2025-11-07 18:01:28,196 [INFO] Rule:225 - rule Change LSCOSource1 refparam name for MP1 is applicable
2025-11-07 18:01:28,196 [INFO] Rule:225 - rule Change SMPSCLockSelection refparam name for MP1 is applicable
2025-11-07 18:01:28,196 [INFO] Rule:225 - rule Change LPTIM3CLockSelection refparam name for MP1 is applicable
2025-11-07 18:01:28,196 [INFO] Rule:225 - rule Change MPCBB* Default Template Mode to Parameters is applicable
2025-11-07 18:01:28,196 [INFO] Rule:225 - rule Change MPCWM* or MPCBB* Secure Mode to Parameters is applicable
2025-11-07 18:01:28,196 [INFO] Rule:225 - rule Change MPCWM* or MPCBB* No Secure Mode to Parameters is applicable
2025-11-07 18:01:28,196 [INFO] Rule:225 - rule Change TZSC IP Secure Mode to Parameters is applicable
2025-11-07 18:01:28,196 [INFO] Rule:225 - rule Change TZSC IP No Secure Mode to Parameters is applicable
2025-11-07 18:01:28,196 [INFO] Rule:225 - rule Change TZSC IP Privilege Mode to Parameters is applicable
2025-11-07 18:01:28,196 [INFO] Rule:225 - rule Change TZSC IP No Privilege Mode to Parameters is applicable
2025-11-07 18:01:28,196 [INFO] Rule:225 - rule Change TZIC IT Secure Mode to Parameters is applicable
2025-11-07 18:01:28,196 [INFO] Rule:225 - rule Change TZIC IT No Secure Mode to Parameters is applicable
2025-11-07 18:01:28,196 [INFO] Rule:225 - rule Add MPCBB1_NonSecureArea_Start_Address value with referenced to MPCBB1_NonSecureArea_Start value is applicable
2025-11-07 18:01:28,196 [INFO] Rule:225 - rule Add MPCBB2_NonSecureArea_Start_Address value with referenced to MPCBB2_NonSecureArea_Start value is applicable
2025-11-07 18:01:28,196 [INFO] Rule:225 - rule Add MPCWM1_NonSecureArea*_Start_Address value with referenced to MPCWM1_NonSecureArea*_Start value is applicable
2025-11-07 18:01:28,196 [INFO] Rule:225 - rule Add MPCWM2_NonSecureArea*_Start_Address value with referenced to MPCWM2_NonSecureArea*_Start value is applicable
2025-11-07 18:01:28,196 [INFO] Rule:225 - rule Add MPCWM3_NonSecureArea_Start_Address value with referenced to MPCWM3_NonSecureArea_Start value is applicable
2025-11-07 18:01:28,196 [INFO] Rule:225 - rule Change Default Value for PLL1UserDefinedConfig is applicable
2025-11-07 18:01:28,196 [INFO] Rule:225 - rule Change GPIO_PuPd Default Value for USART in async mode is applicable
2025-11-07 18:01:28,196 [INFO] Rule:225 - rule Change SMPSDivider Default Value is applicable
2025-11-07 18:01:28,196 [INFO] Rule:225 - rule OPAMP is applicable
2025-11-07 18:01:28,196 [INFO] Rule:225 - rule LPUART IPParameter rename Prescaler parameter to ClockPrescaler for STM32H7 is applicable
2025-11-07 18:01:28,196 [INFO] Rule:225 - rule LPUART IPParameter rename Prescaler parameter to ClockPrescaler for STM32H7 is applicable
2025-11-07 18:01:28,197 [INFO] Rule:225 - rule LPUART IPParameter rename Prescaler parameter to ClockPrescaler for STM32WB is applicable
2025-11-07 18:01:28,197 [INFO] Rule:225 - rule LPUART IPParameter rename Prescaler parameter to ClockPrescaler for STM32WB is applicable
2025-11-07 18:01:28,197 [INFO] Rule:225 - rule LPUART IPParameter rename Prescaler parameter to ClockPrescaler for STM32G4 is applicable
2025-11-07 18:01:28,197 [INFO] Rule:225 - rule LPUART IPParameter rename Prescaler parameter to ClockPrescaler for STM32G4 is applicable
2025-11-07 18:01:28,197 [INFO] Rule:225 - rule LPUART IPParameter rename Prescaler parameter to ClockPrescaler for STM32L5 is applicable
2025-11-07 18:01:28,197 [INFO] Rule:225 - rule LPUART IPParameter rename Prescaler parameter to ClockPrescaler for STM32L5 is applicable
2025-11-07 18:01:28,197 [INFO] Rule:225 - rule LPUART IPParameter rename Prescaler parameter to ClockPrescaler for STM32G4 is applicable
2025-11-07 18:01:28,197 [INFO] Rule:225 - rule LPUART IPParameter rename Prescaler parameter to ClockPrescaler for STM32G4 is applicable
2025-11-07 18:01:28,197 [INFO] Rule:225 - rule USB device lib V2.5.3 for L0 rename USBD_SUPPORT_USER_STRING parameter to USBD_SUPPORT_USER_STRING_DESC4 is applicable
2025-11-07 18:01:28,197 [INFO] Rule:225 - rule I2SCLockSelection clock entry align is applicable
2025-11-07 18:01:28,197 [INFO] Rule:225 - rule Assign TIMx context if used as SYS timebase is applicable
2025-11-07 18:01:28,197 [INFO] Rule:225 - rule Change GPIO_Pu Default Value for I2C is applicable
2025-11-07 18:01:28,198 [INFO] Rule:225 - rule Change GPIO_Pu Default Value for SMBus is applicable
2025-11-07 18:01:28,198 [INFO] Rule:225 - rule change FDCAN default value is applicable
2025-11-07 18:01:28,198 [INFO] Rule:225 - rule Change mode sai is applicable
2025-11-07 18:01:28,198 [INFO] Rule:225 - rule **Change sai mode is applicable
2025-11-07 18:01:28,198 [INFO] Rule:225 - rule Rename STM32WPAN CFG_BLE_IRK to CFG_BLE_IR is applicable
2025-11-07 18:01:28,198 [INFO] Rule:225 - rule Rename STM32WPAN CFG_BLE_ERK to CFG_BLE_ER is applicable
2025-11-07 18:01:28,198 [INFO] Rule:225 - rule Rename STM32WPAN CFG_BLE_IRK_HEX to CFG_BLE_IR_HEX is applicable
2025-11-07 18:01:28,198 [INFO] Rule:225 - rule Rename STM32WPAN CFG_BLE_ERK_HEX to CFG_BLE_ER_HEX is applicable
2025-11-07 18:01:28,198 [INFO] Rule:225 - rule Adapt Old IOC before rework replace old CORTEX_M33/CORTEX_M55 attributes by the new one. is applicable
2025-11-07 18:01:28,198 [INFO] Rule:225 - rule Rename parametre of RCC RCC_APBDBG_DIV2 to RCC_TIMPRES_DIV2 is applicable
2025-11-07 18:01:28,198 [INFO] Rule:225 - rule Rename DIE493 pin PA10 [PA12] -> PA10 is applicable
2025-11-07 18:01:28,198 [INFO] Rule:225 - rule Rename DIE493 pin PA9 [PA11] -> PA9 is applicable
2025-11-07 18:01:28,198 [INFO] Rule:225 - rule Adapt Old IOC CSI. is applicable
2025-11-07 18:01:28,214 [INFO] DbConfProperties:307 - Apply Compatibility (49/267 Rules)
2025-11-07 18:01:28,233 [INFO] ImportTextPane:218 - (OptionalMessage_ERROR) Unable to find key (Mcu.ThirdPartyNb) in loaded IOC file
2025-11-07 18:01:28,236 [INFO] ImportTextPane:218 - (OptionalMessage_ERROR) Pin12 (VP_RIF_VS_RIF1) cannot be retrieved for this MCU
2025-11-07 18:01:28,324 [INFO] RtosManager:558 - Registered RTOS mode: class=CMSIS, group=RTOS, mode=CMSIS_V1, owner=FREERTOS
2025-11-07 18:01:28,325 [INFO] RtosManager:558 - Registered RTOS mode: class=CMSIS, group=RTOS2, mode=CMSIS_V2, owner=FREERTOS
2025-11-07 18:01:28,325 [INFO] RtosManager:558 - Registered RTOS mode: class=RTOS, group=Core, mode=CMSIS_V1, owner=FREERTOS
2025-11-07 18:01:28,325 [INFO] RtosManager:558 - Registered RTOS mode: class=RTOS, group=Core, mode=CMSIS_V2, owner=FREERTOS
2025-11-07 18:01:28,325 [WARN] ModelIntegratedComponent:184 - Missing modes for component STMicroelectronics:FreeRTOS:0.0.1:STMicroelectronics:RTOS:FreeRTOS:Core:::10.2.0:
2025-11-07 18:01:28,352 [WARN] ModelIntegratedComponent:63 - No mode defined for component null
2025-11-07 18:01:28,353 [WARN] ModelIntegratedComponent:63 - No mode defined for component null
2025-11-07 18:01:28,353 [WARN] ModelIntegratedComponent:63 - No mode defined for component null
2025-11-07 18:01:28,353 [WARN] ModelIntegratedComponent:63 - No mode defined for component null
2025-11-07 18:01:28,353 [WARN] ModelIntegratedComponent:63 - No mode defined for component null
2025-11-07 18:01:28,353 [WARN] ModelIntegratedComponent:63 - No mode defined for component null
2025-11-07 18:01:28,353 [WARN] ModelIntegratedComponent:63 - No mode defined for component null
2025-11-07 18:01:28,353 [WARN] ModelIntegratedComponent:63 - No mode defined for component null
2025-11-07 18:01:28,353 [WARN] ModelIntegratedComponent:63 - No mode defined for component null
2025-11-07 18:01:28,353 [WARN] ModelIntegratedComponent:63 - No mode defined for component null
2025-11-07 18:01:28,353 [WARN] ModelIntegratedComponent:63 - No mode defined for component null
2025-11-07 18:01:28,353 [WARN] ModelIntegratedComponent:63 - No mode defined for component null
2025-11-07 18:01:28,353 [WARN] ModelIntegratedComponent:63 - No mode defined for component null
2025-11-07 18:01:28,353 [WARN] ModelIntegratedComponent:63 - No mode defined for component null
2025-11-07 18:01:28,353 [WARN] ModelIntegratedComponent:63 - No mode defined for component null
2025-11-07 18:01:28,353 [WARN] ModelIntegratedComponent:63 - No mode defined for component null
2025-11-07 18:01:28,353 [WARN] ModelIntegratedComponent:63 - No mode defined for component null
2025-11-07 18:01:28,353 [WARN] ModelIntegratedComponent:63 - No mode defined for component null
2025-11-07 18:01:28,353 [WARN] ModelIntegratedComponent:63 - No mode defined for component null
2025-11-07 18:01:28,353 [WARN] ModelIntegratedComponent:63 - No mode defined for component null
2025-11-07 18:01:28,353 [WARN] ModelIntegratedComponent:63 - No mode defined for component null
2025-11-07 18:01:28,353 [WARN] ModelIntegratedComponent:63 - No mode defined for component null
2025-11-07 18:01:28,353 [WARN] ModelIntegratedComponent:63 - No mode defined for component null
2025-11-07 18:01:28,353 [WARN] ModelIntegratedComponent:63 - No mode defined for component null
2025-11-07 18:01:28,353 [WARN] ModelIntegratedComponent:63 - No mode defined for component null
2025-11-07 18:01:28,353 [WARN] ModelIntegratedComponent:63 - No mode defined for component null
2025-11-07 18:01:28,353 [WARN] ModelIntegratedComponent:63 - No mode defined for component null
2025-11-07 18:01:28,353 [WARN] ModelIntegratedComponent:63 - No mode defined for component null
2025-11-07 18:01:28,353 [WARN] ModelIntegratedComponent:63 - No mode defined for component null
2025-11-07 18:01:28,353 [WARN] ModelIntegratedComponent:63 - No mode defined for component null
2025-11-07 18:01:28,353 [WARN] ModelIntegratedComponent:63 - No mode defined for component null
2025-11-07 18:01:28,353 [WARN] ModelIntegratedComponent:63 - No mode defined for component null
2025-11-07 18:01:28,354 [WARN] ModelIntegratedComponent:63 - No mode defined for component null
2025-11-07 18:01:28,354 [WARN] ModelIntegratedComponent:63 - No mode defined for component null
2025-11-07 18:01:28,354 [WARN] ModelIntegratedComponent:63 - No mode defined for component null
2025-11-07 18:01:28,354 [WARN] ModelPack:524 - Component already loaded: STMicroelectronics:HAL Drivers:0.0.0:STMicroelectronics:Device:STMicro_Driver:XSPI:HAL::0.0.1:HAL_XSPI
2025-11-07 18:01:28,510 [INFO] ThirdPartyModel:298 - Start build external matchings
2025-11-07 18:01:29,696 [INFO] ThirdPartyModel:316 - End build external matchings
2025-11-07 18:01:29,714 [INFO] ImportTextPane:218 - (OptionalMessage_ERROR) IP (RCC) : Invalid parameter (FamilyName)
2025-11-07 18:01:29,716 [INFO] ImportTextPane:218 - (OptionalMessage_ERROR) IP (RCC) : Parameter (RNGFreq_Value) has invalid value (64000000)
2025-11-07 18:01:29,716 [INFO] ImportTextPane:218 - (OptionalMessage_ERROR) IP (RCC) : Parameter (SDMMCFreq_Value) has invalid value (64000000)
2025-11-07 18:01:29,716 [INFO] ImportTextPane:218 - (OptionalMessage_ERROR) IP (RCC) : Parameter (USBFreq_Value) has invalid value (64000000)
2025-11-07 18:01:30,068 [INFO] UtilMem:75 - End LoadConfig() Used Memory: 851693408 Bytes (1073741824)
2025-11-07 18:01:30,097 [WARN] ThirdParty:833 - waiting for thirdparty lock release [change project]
2025-11-07 18:01:30,097 [INFO] ThirdParty:835 - entering critical section [change project]
2025-11-07 18:01:30,097 [INFO] ThirdParty:1030 - CMSIS Pack Vendor :STMicroelectronics X-CUBE-PM33A1 1.0.0
2025-11-07 18:01:30,097 [INFO] ThirdParty:1030 - CMSIS Pack Vendor :STMicroelectronics USBPD 4.1
2025-11-07 18:01:30,097 [INFO] ThirdParty:1030 - CMSIS Pack Vendor :STMicroelectronics X-CUBE-NFC9 1.0.0
2025-11-07 18:01:30,097 [INFO] ThirdParty:1030 - CMSIS Pack Vendor :STMicroelectronics USB_HOST 2.0.0
2025-11-07 18:01:30,097 [INFO] ThirdParty:1030 - CMSIS Pack Vendor :STMicroelectronics FP-SNS-MOTENVWB1 1.4.0
2025-11-07 18:01:30,097 [INFO] ThirdParty:1030 - CMSIS Pack Vendor :STMicroelectronics X-CUBE-AZRTOS-F4 1.1.0
2025-11-07 18:01:30,098 [INFO] ThirdParty:1030 - CMSIS Pack Vendor :STMicroelectronics LIBJPEG 8.0.0
2025-11-07 18:01:30,098 [INFO] ThirdParty:1030 - CMSIS Pack Vendor :STMicroelectronics FP-ATR-ASTRA1 2.0.2
2025-11-07 18:01:30,098 [INFO] ThirdParty:1030 - CMSIS Pack Vendor :wolfSSL I-CUBE-wolfSSL 5.8.2
2025-11-07 18:01:30,098 [INFO] ThirdParty:1030 - CMSIS Pack Vendor :STMicroelectronics X-CUBE-BLE1 7.1.0
2025-11-07 18:01:30,098 [INFO] ThirdParty:1030 - CMSIS Pack Vendor :STMicroelectronics X-CUBE-SMBUS 2.1.0
2025-11-07 18:01:30,098 [INFO] ThirdParty:1030 - CMSIS Pack Vendor :wolfSSL I-CUBE-wolfMQTT 1.19.2
2025-11-07 18:01:30,098 [INFO] ThirdParty:1030 - CMSIS Pack Vendor :STMicroelectronics USB_DEVICE 3.0.0
2025-11-07 18:01:30,098 [INFO] ThirdParty:1030 - CMSIS Pack Vendor :STMicroelectronics X-CUBE-ISPU 2.1.0
2025-11-07 18:01:30,098 [INFO] ThirdParty:1030 - CMSIS Pack Vendor :STMicroelectronics X-CUBE-EEPRMA1 5.2.0
2025-11-07 18:01:30,098 [INFO] ThirdParty:1030 - CMSIS Pack Vendor :STMicroelectronics X-CUBE-BLEMGR 4.1.0
2025-11-07 18:01:30,098 [INFO] ThirdParty:1030 - CMSIS Pack Vendor :STMicroelectronics X-CUBE-AZRTOS-WB 2.0.0
2025-11-07 18:01:30,098 [INFO] ThirdParty:1030 - CMSIS Pack Vendor :STMicroelectronics X-CUBE-GNSS1 7.0.1
2025-11-07 18:01:30,098 [INFO] ThirdParty:1030 - CMSIS Pack Vendor :STMicroelectronics X-CUBE-NFC12 1.0.0
2025-11-07 18:01:30,098 [INFO] ThirdParty:1030 - CMSIS Pack Vendor :STMicroelectronics X-CUBE-AZRTOS-F7 1.1.0
2025-11-07 18:01:30,098 [INFO] ThirdParty:1030 - CMSIS Pack Vendor :STMicroelectronics X-CUBE-AZRTOS-L5 2.0.0
2025-11-07 18:01:30,098 [INFO] ThirdParty:1030 - CMSIS Pack Vendor :STMicroelectronics USB_DEVICE 2.0.0
2025-11-07 18:01:30,098 [INFO] ThirdParty:1030 - CMSIS Pack Vendor :STMicroelectronics X-CUBE-NFC6 3.1.0
2025-11-07 18:01:30,098 [INFO] ThirdParty:1030 - CMSIS Pack Vendor :Cesanta I-CUBE-Mongoose 7.19.0
2025-11-07 18:01:30,098 [INFO] ThirdParty:1030 - CMSIS Pack Vendor :quantropi X-CUBE-qispace-sdk-base 2.1.0
2025-11-07 18:01:30,098 [INFO] ThirdParty:1030 - CMSIS Pack Vendor :STMicroelectronics FreeRTOS 0.0.1
2025-11-07 18:01:30,098 [INFO] ThirdParty:1030 - CMSIS Pack Vendor :STMicroelectronics X-CUBE-AZRTOS-G0 1.1.0
2025-11-07 18:01:30,098 [INFO] ThirdParty:1030 - CMSIS Pack Vendor :STMicroelectronics X-CUBE-SAFEA1 1.2.2
2025-11-07 18:01:30,098 [INFO] ThirdParty:1030 - CMSIS Pack Vendor :STMicroelectronics X-CUBE-NFC4 3.0.0
2025-11-07 18:01:30,098 [INFO] ThirdParty:1030 - CMSIS Pack Vendor :STMicroelectronics X-CUBE-SUBG2 5.0.0
2025-11-07 18:01:30,098 [INFO] ThirdParty:1030 - CMSIS Pack Vendor :STMicroelectronics X-CUBE-AZRTOS-H7RS 1.1.0
2025-11-07 18:01:30,098 [INFO] ThirdParty:1030 - CMSIS Pack Vendor :STMicroelectronics STM32_WPAN 1.0.0
2025-11-07 18:01:30,098 [INFO] ThirdParty:1030 - CMSIS Pack Vendor :EmbeddedOffice I-CUBE-FS-RTOS 1.0.1
2025-11-07 18:01:30,098 [INFO] ThirdParty:1030 - CMSIS Pack Vendor :STMicroelectronics lwIP 2.0.3
2025-11-07 18:01:30,098 [INFO] ThirdParty:1030 - CMSIS Pack Vendor :STMicroelectronics USB_HOST 1.0.0
2025-11-07 18:01:30,098 [INFO] ThirdParty:1030 - CMSIS Pack Vendor :Infineon AIROC-Wi-Fi-Bluetooth-STM32 1.7.1
2025-11-07 18:01:30,098 [INFO] ThirdParty:1030 - CMSIS Pack Vendor :STMicroelectronics X-CUBE-AZRTOS-G4 2.0.0
2025-11-07 18:01:30,098 [INFO] ThirdParty:1030 - CMSIS Pack Vendor :STMicroelectronics X-CUBE-WB05N 2.0.0
2025-11-07 18:01:30,098 [INFO] ThirdParty:1030 - CMSIS Pack Vendor :STMicroelectronics PDM2PCM 3.1.0
2025-11-07 18:01:30,098 [INFO] ThirdParty:1030 - CMSIS Pack Vendor :STMicroelectronics PDM2PCM 3.3.0
2025-11-07 18:01:30,098 [INFO] ThirdParty:1030 - CMSIS Pack Vendor :wolfSSL I-CUBE-wolfTPM 3.8.0
2025-11-07 18:01:30,098 [INFO] ThirdParty:1030 - CMSIS Pack Vendor :STMicroelectronics X-CUBE-AZRTOS-H7 3.4.0
2025-11-07 18:01:30,099 [INFO] ThirdParty:1030 - CMSIS Pack Vendor :STMicroelectronics X-CUBE-DISPLAY 3.0.0
2025-11-07 18:01:30,099 [INFO] ThirdParty:1030 - CMSIS Pack Vendor :wolfSSL I-CUBE-wolfSSH 1.4.20
2025-11-07 18:01:30,099 [INFO] ThirdParty:1030 - CMSIS Pack Vendor :STMicroelectronics X-CUBE-NFC7 2.0.0
2025-11-07 18:01:30,099 [INFO] ThirdParty:1030 - CMSIS Pack Vendor :STMicroelectronics X-CUBE-TCPP 4.2.0
2025-11-07 18:01:30,099 [INFO] ThirdParty:1030 - CMSIS Pack Vendor :RealThread X-CUBE-RT-Thread_Nano 4.1.1
2025-11-07 18:01:30,099 [INFO] ThirdParty:1030 - CMSIS Pack Vendor :STMicroelectronics FP-ATR-SIGFOX1 3.2.0
2025-11-07 18:01:30,099 [INFO] ThirdParty:1030 - CMSIS Pack Vendor :STMicroelectronics X-CUBE-NFC10 1.0.0
2025-11-07 18:01:30,099 [INFO] ThirdParty:1030 - CMSIS Pack Vendor :STMicroelectronics X-CUBE-FREERTOS 1.3.1
2025-11-07 18:01:30,099 [INFO] ThirdParty:1030 - CMSIS Pack Vendor :STMicroelectronics HAL Drivers 0.0.0
2025-11-07 18:01:30,099 [INFO] ThirdParty:1030 - CMSIS Pack Vendor :STMicroelectronics MBEDTLS 2.16.2
2025-11-07 18:01:30,099 [INFO] ThirdParty:1030 - CMSIS Pack Vendor :STMicroelectronics X-CUBE-ST60 1.1.0
2025-11-07 18:01:30,099 [INFO] ThirdParty:1030 - CMSIS Pack Vendor :STMicroelectronics X-CUBE-ALS 1.0.2
2025-11-07 18:01:30,099 [INFO] ThirdParty:1030 - CMSIS Pack Vendor :emotas I-CUBE-CANOPEN 1.3.0
2025-11-07 18:01:30,099 [INFO] ThirdParty:1030 - CMSIS Pack Vendor :STMicroelectronics MBEDTLS 2.14.1
2025-11-07 18:01:30,099 [INFO] ThirdParty:1030 - CMSIS Pack Vendor :STMicroelectronics X-CUBE-GNSS1 7.1.0
2025-11-07 18:01:30,099 [INFO] ThirdParty:1030 - CMSIS Pack Vendor :ITTIA_DB I-CUBE-ITTIADB 8.9.0
2025-11-07 18:01:30,099 [INFO] ThirdParty:1030 - CMSIS Pack Vendor :STMicroelectronics X-CUBE-TOUCHGFX 4.26.0
2025-11-07 18:01:30,099 [INFO] ThirdParty:1030 - CMSIS Pack Vendor :STMicroelectronics X-CUBE-STSE01 1.0.0
2025-11-07 18:01:30,099 [INFO] ThirdParty:1030 - CMSIS Pack Vendor :STMicroelectronics X-CUBE-AI 10.2.0
2025-11-07 18:01:30,099 [INFO] ThirdParty:1030 - CMSIS Pack Vendor :STMicroelectronics FP-SNS-STAIOTCFT 1.0.0
2025-11-07 18:01:30,099 [INFO] ThirdParty:1030 - CMSIS Pack Vendor :STMicroelectronics ThreadX 1.0.0
2025-11-07 18:01:30,099 [INFO] ThirdParty:1030 - CMSIS Pack Vendor :STMicroelectronics FP-SNS-SMARTAG2 1.2.0
2025-11-07 18:01:30,099 [INFO] ThirdParty:1030 - CMSIS Pack Vendor :STMicroelectronics FP-SNS-FLIGHT1 5.1.0
2025-11-07 18:01:30,099 [INFO] ThirdParty:1030 - CMSIS Pack Vendor :STMicroelectronics X-CUBE-AZRTOS-WL 2.0.0
2025-11-07 18:01:30,099 [INFO] ThirdParty:1030 - CMSIS Pack Vendor :SEGGER I-CUBE-embOS 1.3.1
2025-11-07 18:01:30,099 [INFO] ThirdParty:1030 - CMSIS Pack Vendor :STMicroelectronics X-CUBE-ALGOBUILD 1.4.0
2025-11-07 18:01:30,099 [INFO] ThirdParty:1030 - CMSIS Pack Vendor :STMicroelectronics X-CUBE-DPower 1.3.0
2025-11-07 18:01:30,099 [INFO] ThirdParty:1030 - CMSIS Pack Vendor :STMicroelectronics X-CUBE-MEMS1 11.3.0
2025-11-07 18:01:30,099 [INFO] ThirdParty:1030 - CMSIS Pack Vendor :STMicroelectronics USB_DEVICE 1.0.0
2025-11-07 18:01:30,099 [INFO] ThirdParty:1030 - CMSIS Pack Vendor :STMicroelectronics X-CUBE-AZRTOS-L4 2.0.0
2025-11-07 18:01:30,099 [INFO] ThirdParty:1030 - CMSIS Pack Vendor :STMicroelectronics ThreadX 0.0.2
2025-11-07 18:01:30,099 [INFO] ThirdParty:1030 - CMSIS Pack Vendor :STMicroelectronics lwIP 2.1.2
2025-11-07 18:01:30,099 [INFO] ThirdParty:1030 - CMSIS Pack Vendor :STMicroelectronics X-CUBE-SFXS2LP1 4.0.0
2025-11-07 18:01:30,099 [INFO] ThirdParty:1030 - CMSIS Pack Vendor :STMicroelectronics X-CUBE-BLE2 3.3.0
2025-11-07 18:01:30,099 [INFO] ThirdParty:1030 - CMSIS Pack Vendor :STMicroelectronics X-CUBE-TOF1 3.4.3
2025-11-07 18:01:30,099 [INFO] ThirdParty:1030 - CMSIS Pack Vendor :STMicroelectronics PDM2PCM 3.2.0
2025-11-07 18:01:30,100 [INFO] ThirdParty:841 - exiting critical section [change project]
2025-11-07 18:01:30,353 [INFO] PinOutPanel:1589 - setPackage(No Configuration,No Configuration)
2025-11-07 18:01:30,355 [INFO] PinOutPanel:1589 - setPackage(STM32L476RGTx,LQFP64)
2025-11-07 18:01:31,028 [INFO] UtilMem:75 - Before build in PCC Used Memory: 884609392 Bytes (1073741824)
2025-11-07 18:01:31,480 [INFO] UtilMem:75 - After build in PCC Used Memory: 961155440 Bytes (1073741824)
2025-11-07 18:01:31,514 [INFO] IPUIPlugin:80 - create IPUIPlugin
2025-11-07 18:01:31,514 [INFO] IPUIPlugin:80 - create IPUIPlugin
2025-11-07 18:01:31,514 [INFO] IPUIPlugin:80 - create IPUIPlugin
2025-11-07 18:01:31,514 [INFO] IPUIPlugin:80 - create IPUIPlugin
2025-11-07 18:01:31,514 [INFO] IPUIPlugin:80 - create IPUIPlugin
2025-11-07 18:01:31,514 [INFO] IPUIPlugin:80 - create IPUIPlugin
2025-11-07 18:01:31,515 [INFO] IPUIPlugin:80 - create IPUIPlugin
2025-11-07 18:01:31,515 [INFO] IPUIPlugin:80 - create IPUIPlugin
2025-11-07 18:01:31,515 [INFO] IPUIPlugin:80 - create IPUIPlugin
2025-11-07 18:01:31,515 [INFO] IPUIPlugin:80 - create IPUIPlugin
2025-11-07 18:01:31,515 [INFO] IPUIPlugin:80 - create IPUIPlugin
2025-11-07 18:01:31,516 [INFO] IPUIPlugin:80 - create IPUIPlugin
2025-11-07 18:01:31,516 [INFO] IPUIPlugin:80 - create IPUIPlugin
2025-11-07 18:01:31,516 [INFO] IPUIPlugin:80 - create IPUIPlugin
2025-11-07 18:01:31,516 [INFO] IPUIPlugin:80 - create IPUIPlugin
2025-11-07 18:01:31,517 [INFO] IPUIPlugin:80 - create IPUIPlugin
2025-11-07 18:01:31,517 [INFO] IPUIPlugin:80 - create IPUIPlugin
2025-11-07 18:01:31,517 [INFO] IPUIPlugin:80 - create IPUIPlugin
2025-11-07 18:01:31,517 [INFO] IPUIPlugin:80 - create IPUIPlugin
2025-11-07 18:01:31,517 [INFO] IPUIPlugin:80 - create IPUIPlugin
2025-11-07 18:01:31,518 [INFO] IPUIPlugin:80 - create IPUIPlugin
2025-11-07 18:01:31,519 [INFO] IPUIPlugin:80 - create IPUIPlugin
2025-11-07 18:01:31,519 [INFO] IPUIPlugin:80 - create IPUIPlugin
2025-11-07 18:01:31,519 [INFO] IPUIPlugin:80 - create IPUIPlugin
2025-11-07 18:01:31,519 [INFO] IPUIPlugin:80 - create IPUIPlugin
2025-11-07 18:01:31,519 [INFO] IPUIPlugin:80 - create IPUIPlugin
2025-11-07 18:01:31,520 [INFO] IPUIPlugin:80 - create IPUIPlugin
2025-11-07 18:01:31,520 [INFO] IPUIPlugin:80 - create IPUIPlugin
2025-11-07 18:01:31,520 [INFO] IPUIPlugin:80 - create IPUIPlugin
2025-11-07 18:01:31,520 [INFO] IPUIPlugin:80 - create IPUIPlugin
2025-11-07 18:01:31,520 [INFO] IPUIPlugin:80 - create IPUIPlugin
2025-11-07 18:01:31,521 [INFO] IPUIPlugin:80 - create IPUIPlugin
2025-11-07 18:01:31,521 [INFO] IPUIPlugin:80 - create IPUIPlugin
2025-11-07 18:01:31,521 [INFO] IPUIPlugin:80 - create IPUIPlugin
2025-11-07 18:01:31,522 [INFO] IPUIPlugin:80 - create IPUIPlugin
2025-11-07 18:01:31,522 [INFO] IPUIPlugin:80 - create IPUIPlugin
2025-11-07 18:01:31,523 [INFO] IPUIPlugin:80 - create IPUIPlugin
2025-11-07 18:01:31,523 [INFO] IPUIPlugin:80 - create IPUIPlugin
2025-11-07 18:01:31,523 [INFO] IPUIPlugin:80 - create IPUIPlugin
2025-11-07 18:01:31,524 [INFO] IPUIPlugin:80 - create IPUIPlugin
2025-11-07 18:01:31,524 [INFO] IPUIPlugin:80 - create IPUIPlugin
2025-11-07 18:01:31,524 [INFO] IPUIPlugin:80 - create IPUIPlugin
2025-11-07 18:01:31,525 [INFO] IPUIPlugin:80 - create IPUIPlugin
2025-11-07 18:01:31,525 [INFO] IPUIPlugin:80 - create IPUIPlugin
2025-11-07 18:01:31,525 [INFO] IPUIPlugin:80 - create IPUIPlugin
2025-11-07 18:01:31,526 [INFO] IPUIPlugin:80 - create IPUIPlugin
2025-11-07 18:01:31,526 [INFO] IPUIPlugin:80 - create IPUIPlugin
2025-11-07 18:01:31,526 [INFO] IPUIPlugin:80 - create IPUIPlugin
2025-11-07 18:01:31,527 [INFO] IPUIPlugin:80 - create IPUIPlugin
2025-11-07 18:01:31,527 [INFO] IPUIPlugin:80 - create IPUIPlugin
2025-11-07 18:01:31,527 [INFO] IPUIPlugin:80 - create IPUIPlugin
2025-11-07 18:01:31,528 [INFO] IPUIPlugin:80 - create IPUIPlugin
2025-11-07 18:01:31,528 [INFO] IPUIPlugin:80 - create IPUIPlugin
2025-11-07 18:01:31,528 [INFO] IPUIPlugin:80 - create IPUIPlugin
2025-11-07 18:01:31,529 [INFO] IPUIPlugin:80 - create IPUIPlugin
2025-11-07 18:01:31,529 [INFO] IPUIPlugin:80 - create IPUIPlugin
2025-11-07 18:01:31,530 [INFO] IPUIPlugin:80 - create IPUIPlugin
2025-11-07 18:01:31,530 [INFO] IPUIPlugin:80 - create IPUIPlugin
2025-11-07 18:01:31,530 [INFO] IPUIPlugin:80 - create IPUIPlugin
2025-11-07 18:01:31,636 [INFO] CADModel:165 - CPN selected for project levelSTM32L476RGT3
2025-11-07 18:01:31,636 [INFO] CADModel:114 - Register for checkConnection events
2025-11-07 18:01:31,695 [INFO] OpenFileManager:385 - Restore cursor
2025-11-07 18:01:32,139 [INFO] UtilMem:75 - End SaveConfig() Used Memory: 829629552 Bytes (1073741824)
2025-11-07 18:01:32,223 [INFO] UtilMem:75 - End SaveConfig() Used Memory: 855548512 Bytes (1073741824)
2025-11-07 18:01:32,361 [INFO] BlockDiagram:2775 - set Specific Code input for plugin: SYS
2025-11-07 18:01:32,361 [INFO] BlockDiagram:2775 - set Specific Code input for plugin: RCC
2025-11-07 18:01:32,361 [INFO] BlockDiagram:2775 - set Specific Code input for plugin: NVIC
2025-11-07 18:01:32,361 [INFO] BlockDiagram:2775 - set Specific Code input for plugin: USART
2025-11-07 18:01:32,362 [INFO] BlockDiagram:2775 - set Specific Code input for plugin: GPIO
2025-11-07 18:01:32,364 [INFO] CodeGenerator:882 - code generatio: config db path: C:\ST\STM32CubeIDE_1.18.1\STM32CubeIDE\plugins\com.st.stm32cube.common.mx_6.14.1.202504091515\\db\
2025-11-07 18:01:32,493 [INFO] CodeEngine:263 - oldGeneratedFile, C:\stm32\temperature-sensor\MXTmpFiles\license.tmp_save
2025-11-07 18:01:32,790 [INFO] CodeEngine:287 - Generated code: C:\stm32\temperature-sensor\MXTmpFiles\license.tmp
2025-11-07 18:01:32,847 [INFO] CodeEngine:263 - oldGeneratedFile, C:\stm32\temperature-sensor\MXTmpFiles\gpio.tmp_save
2025-11-07 18:01:32,977 [INFO] CodeEngine:287 - Generated code: C:\stm32\temperature-sensor\MXTmpFiles\gpio.tmp
2025-11-07 18:01:33,096 [INFO] CodeEngine:263 - oldGeneratedFile, C:\stm32\temperature-sensor\Core\Src\stm32l4xx_it.c_save
2025-11-07 18:01:33,331 [INFO] CodeEngine:287 - Generated code: C:\stm32\temperature-sensor\Core\Src\stm32l4xx_it.c
2025-11-07 18:01:33,338 [INFO] CodeEngine:263 - oldGeneratedFile, C:\stm32\temperature-sensor\Core\Inc\stm32l4xx_it.h_save
2025-11-07 18:01:33,445 [INFO] CodeEngine:287 - Generated code: C:\stm32\temperature-sensor\Core\Inc\stm32l4xx_it.h
2025-11-07 18:01:33,463 [INFO] CodeEngine:263 - oldGeneratedFile, C:\stm32\temperature-sensor\Core\Src\stm32l4xx_hal_msp.c_save
2025-11-07 18:01:33,614 [INFO] CodeEngine:287 - Generated code: C:\stm32\temperature-sensor\Core\Src\stm32l4xx_hal_msp.c
2025-11-07 18:01:33,620 [INFO] CodeEngine:263 - oldGeneratedFile, C:\stm32\temperature-sensor\MXTmpFiles\system.tmp_save
2025-11-07 18:01:33,685 [INFO] CodeEngine:287 - Generated code: C:\stm32\temperature-sensor\MXTmpFiles\system.tmp
2025-11-07 18:01:33,701 [INFO] CodeEngine:319 - oldGeneratedFile, C:\stm32\temperature-sensor\Core\Inc\stm32l4xx_hal_conf.h_save
2025-11-07 18:01:33,795 [INFO] CodeEngine:343 - Generated code: C:\stm32\temperature-sensor\Core\Inc\stm32l4xx_hal_conf.h
2025-11-07 18:01:33,832 [INFO] ApiDbMcu:508 - Load IP Config File for USART2
2025-11-07 18:01:33,835 [INFO] ApiDbMcu:508 - Load IP Config File for RCC
2025-11-07 18:01:33,846 [INFO] CodeEngine:263 - oldGeneratedFile, C:\stm32\temperature-sensor\Core\Inc\main.h_save
2025-11-07 18:01:33,928 [INFO] CodeEngine:287 - Generated code: C:\stm32\temperature-sensor\Core\Inc\main.h
2025-11-07 18:01:33,935 [INFO] CodeEngine:263 - oldGeneratedFile, C:\stm32\temperature-sensor\Core\Src\main.c_save
2025-11-07 18:01:34,042 [INFO] CodeEngine:287 - Generated code: C:\stm32\temperature-sensor\Core\Src\main.c
2025-11-07 18:01:34,743 [INFO] ProjectBuilder:3324 - Time for Copy HAL[1] : 385mS.
2025-11-07 18:01:34,749 [INFO] ProjectBuilder:4912 - Project Generator version: 4.6.0.1-B1
2025-11-07 18:01:34,841 [INFO] ConfigFileManager:1590 - The Die is : DIE415
2025-11-07 18:01:34,844 [INFO] ApiDbMcu:508 - Load IP Config File for FATFS
2025-11-07 18:01:34,848 [INFO] ApiDbMcu:508 - Load IP Config File for FREERTOS
2025-11-07 18:01:34,858 [INFO] ApiDbMcu:508 - Load IP Config File for TOUCHSENSING
2025-11-07 18:01:34,862 [INFO] ApiDbMcu:508 - Load IP Config File for USB_DEVICE
2025-11-07 18:01:34,867 [INFO] ApiDbMcu:508 - Load IP Config File for USB_HOST
2025-11-07 18:01:37,529 [INFO] ProjectBuilder:5191 - Time for Generating toolchain IDE Files: 2779mS.
2025-11-07 18:01:37,530 [INFO] ProjectBuilder:3181 - Time for Copy CMSIS : 1mS.
2025-11-07 18:01:37,533 [INFO] ProjectBuilder:3181 - Time for Copy CMSIS : 0mS.
2025-11-07 18:01:38,206 [INFO] McuFinderGlobals:76 - Set McuFinderConnectedMode to true
2025-11-07 18:01:38,209 [INFO] ApiDb:448 - Save user favorites file C:\Users\siree/.stm32cubeide/favorites.mcus.txt: 0 item(s)
2025-11-07 18:01:38,209 [INFO] ApiDb:452 - User favorites MCUs=[]
2025-11-07 18:01:38,212 [INFO] ApiDb:448 - Save user favorites file C:\Users\siree/.stm32cubeide/favorites.boards.txt: 0 item(s)
2025-11-07 18:01:38,212 [INFO] ApiDb:452 - User favorites Boards=[]
2025-11-07 18:01:48,185 [INFO] I2cTimingTraitement:330 - 0x10D19CE4
2025-11-07 18:02:05,672 [INFO] UtilMem:75 - End SaveConfig() Used Memory: 765746480 Bytes (1073741824)
2025-11-07 18:02:07,250 [INFO] UtilMem:75 - End SaveConfig() Used Memory: 802495056 Bytes (1073741824)
2025-11-07 18:02:09,444 [INFO] UtilMem:75 - End SaveConfig() Used Memory: 924856560 Bytes (1073741824)
2025-11-07 18:02:09,595 [INFO] BlockDiagram:2775 - set Specific Code input for plugin: SYS
2025-11-07 18:02:09,595 [INFO] BlockDiagram:2775 - set Specific Code input for plugin: RCC
2025-11-07 18:02:09,595 [INFO] BlockDiagram:2775 - set Specific Code input for plugin: I2C
2025-11-07 18:02:09,595 [INFO] BlockDiagram:2775 - set Specific Code input for plugin: NVIC
2025-11-07 18:02:09,595 [INFO] BlockDiagram:2775 - set Specific Code input for plugin: USART
2025-11-07 18:02:09,595 [INFO] BlockDiagram:2775 - set Specific Code input for plugin: GPIO
2025-11-07 18:02:09,598 [INFO] CodeGenerator:882 - code generatio: config db path: C:\ST\STM32CubeIDE_1.18.1\STM32CubeIDE\plugins\com.st.stm32cube.common.mx_6.14.1.202504091515\\db\
2025-11-07 18:02:09,683 [INFO] CodeEngine:263 - oldGeneratedFile, C:\stm32\temperature-sensor\MXTmpFiles\license.tmp_save
2025-11-07 18:02:09,746 [INFO] CodeEngine:287 - Generated code: C:\stm32\temperature-sensor\MXTmpFiles\license.tmp
2025-11-07 18:02:09,781 [INFO] CodeEngine:263 - oldGeneratedFile, C:\stm32\temperature-sensor\MXTmpFiles\gpio.tmp_save
2025-11-07 18:02:09,863 [INFO] CodeEngine:287 - Generated code: C:\stm32\temperature-sensor\MXTmpFiles\gpio.tmp
2025-11-07 18:02:09,955 [INFO] CodeEngine:263 - oldGeneratedFile, C:\stm32\temperature-sensor\Core\Src\stm32l4xx_it.c_save
2025-11-07 18:02:10,029 [INFO] CodeEngine:287 - Generated code: C:\stm32\temperature-sensor\Core\Src\stm32l4xx_it.c
2025-11-07 18:02:10,039 [INFO] CodeEngine:263 - oldGeneratedFile, C:\stm32\temperature-sensor\Core\Inc\stm32l4xx_it.h_save
2025-11-07 18:02:10,098 [INFO] CodeEngine:287 - Generated code: C:\stm32\temperature-sensor\Core\Inc\stm32l4xx_it.h
2025-11-07 18:02:10,130 [INFO] CodeEngine:263 - oldGeneratedFile, C:\stm32\temperature-sensor\Core\Src\stm32l4xx_hal_msp.c_save
2025-11-07 18:02:10,255 [INFO] CodeEngine:287 - Generated code: C:\stm32\temperature-sensor\Core\Src\stm32l4xx_hal_msp.c
2025-11-07 18:02:10,262 [INFO] CodeEngine:263 - oldGeneratedFile, C:\stm32\temperature-sensor\MXTmpFiles\system.tmp_save
2025-11-07 18:02:10,311 [INFO] CodeEngine:287 - Generated code: C:\stm32\temperature-sensor\MXTmpFiles\system.tmp
2025-11-07 18:02:10,324 [INFO] CodeEngine:319 - oldGeneratedFile, C:\stm32\temperature-sensor\Core\Inc\stm32l4xx_hal_conf.h_save
2025-11-07 18:02:10,388 [INFO] CodeEngine:343 - Generated code: C:\stm32\temperature-sensor\Core\Inc\stm32l4xx_hal_conf.h
2025-11-07 18:02:10,418 [INFO] ApiDbMcu:508 - Load IP Config File for I2C1
2025-11-07 18:02:10,431 [INFO] CodeEngine:263 - oldGeneratedFile, C:\stm32\temperature-sensor\Core\Inc\main.h_save
2025-11-07 18:02:10,494 [INFO] CodeEngine:287 - Generated code: C:\stm32\temperature-sensor\Core\Inc\main.h
2025-11-07 18:02:10,503 [INFO] CodeEngine:263 - oldGeneratedFile, C:\stm32\temperature-sensor\Core\Src\main.c_save
2025-11-07 18:02:10,606 [INFO] CodeEngine:287 - Generated code: C:\stm32\temperature-sensor\Core\Src\main.c
2025-11-07 18:02:11,076 [INFO] ProjectBuilder:3324 - Time for Copy HAL[1] : 315mS.
2025-11-07 18:02:11,079 [INFO] ProjectBuilder:4912 - Project Generator version: 4.6.0.1-B1
2025-11-07 18:02:11,152 [INFO] ConfigFileManager:1590 - The Die is : DIE415
2025-11-07 18:02:11,748 [INFO] ProjectBuilder:5191 - Time for Generating toolchain IDE Files: 669mS.
2025-11-07 18:02:11,750 [INFO] ProjectBuilder:3181 - Time for Copy CMSIS : 1mS.
2025-11-07 18:02:11,752 [INFO] ProjectBuilder:3181 - Time for Copy CMSIS : 0mS.
2025-11-07 18:16:51,924 [INFO] MainUpdater:2872 - connection check result : 10
2025-11-07 18:16:52,113 [INFO] McuFinderGlobals:76 - Set McuFinderConnectedMode to true
2025-11-07 18:16:52,124 [INFO] MultiScanPanel:200 - Auto-refresh data requested => check proxy status ongoing
2025-11-07 18:16:52,131 [INFO] FinderPluginLoader:95 - Searching for filters in installed packs
2025-11-07 18:16:54,437 [INFO] LoadUrlFilesThread:185 - End of LoadServerUrlFiles without Thread
2025-11-07 18:16:54,443 [INFO] DetailPanel:341 - Set advertising image to C:/Users/siree/STM32Cube/Repository/\en.mcu-finder-stm32n6dk.jpg
2025-11-07 18:16:58,751 [INFO] MultiScanPanel:200 - Auto-refresh data requested => check proxy status ongoing
2025-11-07 18:17:00,058 [INFO] LoadUrlFilesThread:185 - End of LoadServerUrlFiles without Thread
2025-11-07 18:17:00,060 [INFO] DetailPanel:341 - Set advertising image to C:/Users/siree/STM32Cube/Repository/\en.mcu-finder-stm32n6dk.jpg
2025-11-07 18:17:30,500 [INFO] MainUpdater:2872 - connection check result : 10
2025-11-07 18:17:30,500 [INFO] MainUpdater:2872 - connection check result : 10
2025-11-07 18:17:30,716 [INFO] I2cTimingTraitement:330 - 0x10D19CE4
2025-11-07 18:17:30,722 [INFO] MicroXplorer:468 - Change Database Path : 
2025-11-07 18:17:30,722 [INFO] MicroXplorer:498 - Change Database Version : DB.6.0.141
2025-11-07 18:17:30,746 [ERROR] ProjectManagerView:395 - 
java.lang.NullPointerException: Cannot invoke "javax.swing.JTextField.getText()" because the return value of "java.util.List.get(int)" is null
	at com.st.microxplorer.plugins.projectmanager.gui.ProjectChoiceTab$9.caretUpdate(ProjectChoiceTab.java:2678) ~[filemanager.jar:?]
	at javax.swing.text.JTextComponent.fireCaretUpdate(JTextComponent.java:408) ~[?:?]
	at javax.swing.text.JTextComponent$MutableCaretEvent.fire(JTextComponent.java:4484) ~[?:?]
	at javax.swing.text.JTextComponent$MutableCaretEvent.stateChanged(JTextComponent.java:4506) ~[?:?]
	at javax.swing.text.DefaultCaret.fireStateChanged(DefaultCaret.java:857) ~[?:?]
	at javax.swing.text.DefaultCaret.changeCaretPosition(DefaultCaret.java:1343) ~[?:?]
	at javax.swing.text.DefaultCaret.handleSetDot(DefaultCaret.java:1242) ~[?:?]
	at javax.swing.text.DefaultCaret.setDot(DefaultCaret.java:1223) ~[?:?]
	at javax.swing.text.DefaultCaret$Handler.insertUpdate(DefaultCaret.java:1819) ~[?:?]
	at javax.swing.text.AbstractDocument.fireInsertUpdate(AbstractDocument.java:227) ~[?:?]
	at javax.swing.text.AbstractDocument.handleInsertString(AbstractDocument.java:781) ~[?:?]
	at javax.swing.text.AbstractDocument.insertString(AbstractDocument.java:740) ~[?:?]
	at javax.swing.text.PlainDocument.insertString(PlainDocument.java:131) ~[?:?]
	at javax.swing.text.AbstractDocument.replace(AbstractDocument.java:699) ~[?:?]
	at javax.swing.text.JTextComponent.setText(JTextComponent.java:1725) ~[?:?]
	at com.st.microxplorer.plugins.projectmanager.gui.ProjectChoiceTab.createHeapStackFields(ProjectChoiceTab.java:979) ~[filemanager.jar:?]
	at com.st.microxplorer.plugins.projectmanager.gui.ProjectChoiceTab.buildLinkSettingsPanel(ProjectChoiceTab.java:3766) ~[filemanager.jar:?]
	at com.st.microxplorer.plugins.projectmanager.gui.ProjectChoiceTab.defineWindowsFields(ProjectChoiceTab.java:1962) ~[filemanager.jar:?]
	at com.st.microxplorer.plugins.projectmanager.gui.ProjectChoiceTab.updateSettings(ProjectChoiceTab.java:555) ~[filemanager.jar:?]
	at com.st.microxplorer.plugins.projectmanager.gui.ProjectSettingsPanel.UpdateDialog(ProjectSettingsPanel.java:245) ~[filemanager.jar:?]
	at com.st.microxplorer.plugins.projectmanager.ProjectManagerView.propertyChange(ProjectManagerView.java:392) ~[filemanager.jar:?]
	at java.beans.PropertyChangeSupport.fire(PropertyChangeSupport.java:343) ~[?:?]
	at java.beans.PropertyChangeSupport.firePropertyChange(PropertyChangeSupport.java:335) ~[?:?]
	at java.beans.PropertyChangeSupport.firePropertyChange(PropertyChangeSupport.java:268) ~[?:?]
	at com.st.microxplorer.util.MXPropertyChangeSupport.firePropertyChange(MXPropertyChangeSupport.java:54) ~[STM32CubeMX.jar:?]
	at com.st.microxplorer.mxsystem.MxSystem.closeConfig(MxSystem.java:899) ~[STM32CubeMX.jar:?]
	at com.st.microxplorer.maingui.MainPanel.closeConfig(MainPanel.java:789) ~[STM32CubeMX.jar:?]
	at com.st.microxplorer.plugins.filemanager.engine.OpenFileManager.loadConfigurationFile(OpenFileManager.java:287) ~[filemanager.jar:?]
	at com.st.microxplorer.plugins.filemanager.engine.MainFileManager.userLoadConfig(MainFileManager.java:341) ~[filemanager.jar:?]
	at com.st.microxplorer.plugins.filemanager.FileManagerView.getSpecificTask(FileManagerView.java:250) ~[filemanager.jar:?]
	at com.st.stm32cube.common.mx.editor.CubeMxEditor.getMxTabbedPaneInstance(CubeMxEditor.java:1191) ~[com.st.stm32cube.common.mx_6.14.1.202504091515/:?]
	at com.st.stm32cube.common.mx.editor.CubeMxEditor$12$1.createSwingComponent(CubeMxEditor.java:1068) ~[com.st.stm32cube.common.mx_6.14.1.202504091515/:?]
	at com.st.stm32cube.common.mx.oss.core.awtswtbridge.EmbeddedSwingComposite.doComponentCreation(EmbeddedSwingComposite.java:492) ~[com.st.stm32cube.common.mx.oss_6.14.1.202504091515/:?]
	at com.st.stm32cube.common.mx.oss.core.awtswtbridge.EmbeddedSwingComposite$4.run(EmbeddedSwingComposite.java:291) ~[com.st.stm32cube.common.mx.oss_6.14.1.202504091515/:?]
	at com.st.stm32cube.common.mx.oss.core.awtswtbridge.AwtEnvironment$2.run(AwtEnvironment.java:166) ~[com.st.stm32cube.common.mx.oss_6.14.1.202504091515/:?]
	at java.awt.event.InvocationEvent.dispatch(InvocationEvent.java:318) ~[?:?]
	at java.awt.EventQueue.dispatchEventImpl(EventQueue.java:773) ~[?:?]
	at java.awt.EventQueue$4.run(EventQueue.java:720) ~[?:?]
	at java.awt.EventQueue$4.run(EventQueue.java:714) ~[?:?]
	at java.security.AccessController.doPrivileged(AccessController.java:400) ~[?:?]
	at java.security.ProtectionDomain$JavaSecurityAccessImpl.doIntersectionPrivilege(ProtectionDomain.java:87) ~[?:?]
	at java.awt.EventQueue.dispatchEvent(EventQueue.java:742) ~[?:?]
	at java.awt.EventDispatchThread.pumpOneEventForFilters(EventDispatchThread.java:203) ~[?:?]
	at java.awt.EventDispatchThread.pumpEventsForFilter(EventDispatchThread.java:124) ~[?:?]
	at java.awt.EventDispatchThread.pumpEventsForHierarchy(EventDispatchThread.java:113) ~[?:?]
	at java.awt.EventDispatchThread.pumpEvents(EventDispatchThread.java:109) ~[?:?]
	at java.awt.EventDispatchThread.pumpEvents(EventDispatchThread.java:101) ~[?:?]
	at java.awt.EventDispatchThread.run(EventDispatchThread.java:90) ~[?:?]
2025-11-07 18:17:30,748 [WARN] ThirdParty:871 - waiting for thirdparty lock release [close project]
2025-11-07 18:17:30,748 [INFO] ThirdParty:873 - entering critical section [close project]
2025-11-07 18:17:30,748 [INFO] ThirdParty:883 - exiting critical section [close project]
2025-11-07 18:17:30,750 [INFO] PinOutPanel:1589 - setPackage(No Configuration,No Configuration)
2025-11-07 18:17:30,754 [INFO] UtilMem:75 - Begin LoadConfig() Used Memory: 865563560 Bytes (1073741824)
2025-11-07 18:17:30,755 [INFO] OpenFileManager:354 - Change cursor
2025-11-07 18:17:30,776 [INFO] RulesReader:64 - Compatibility file has been processed (302 Rules)
2025-11-07 18:17:30,783 [INFO] ProjectFactory:442 - No CPN specified for board NUCLEO-L476RG => set CPN to STM32L476RGT3
2025-11-07 18:17:30,783 [INFO] Mcu:2011 - Initializing MCU STM32L476R(C-E-G)Tx STM32L476RGTx STM32L476RGT3
2025-11-07 18:17:32,867 [INFO] Context:756 - Trying to add GPIOservice into a context  which must be forbidden
2025-11-07 18:17:33,759 [INFO] Rule:225 - rule 117617 - U5Cobra4M][GTZC] default value MPCBB3 and MPCBB5 - Not Secured memory - MPCBB1 is applicable
2025-11-07 18:17:33,759 [INFO] Rule:225 - rule 117617 - U5Cobra4M][GTZC] default value MPCBB3 and MPCBB5 - Not Secured memory - MPCBB1 is applicable
2025-11-07 18:17:33,759 [INFO] Rule:225 - rule 117617 - U5Cobra4M][GTZC] default value MPCBB3 and MPCBB5 - Not Secured memory - MPCBB2 is applicable
2025-11-07 18:17:33,759 [INFO] Rule:225 - rule 117617 - U5Cobra4M][GTZC] default value MPCBB3 and MPCBB5 - Not Secured memory - MPCBB2 is applicable
2025-11-07 18:17:33,760 [INFO] Rule:225 - rule 117617 - U5Cobra4M][GTZC] default value MPCBB3 and MPCBB5 - Not Secured memory - MPCBB3 is applicable
2025-11-07 18:17:33,760 [INFO] Rule:225 - rule 117617 - U5Cobra4M][GTZC] default value MPCBB3 and MPCBB5 - Not Secured memory - MPCBB3 is applicable
2025-11-07 18:17:33,760 [INFO] Rule:225 - rule 117617 - U5Cobra4M][GTZC] default value MPCBB3 and MPCBB5 - Not Secured memory - MPCBB4 is applicable
2025-11-07 18:17:33,760 [INFO] Rule:225 - rule 117617 - U5Cobra4M][GTZC] default value MPCBB3 and MPCBB5 - Not Secured memory - MPCBB4 is applicable
2025-11-07 18:17:33,760 [INFO] Rule:225 - rule 117617 - U5Cobra4M][GTZC] default value MPCBB3 and MPCBB5 - Secured memory - MPCBB1 is applicable
2025-11-07 18:17:33,760 [INFO] Rule:225 - rule 117617 - U5Cobra4M][GTZC] default value MPCBB3 and MPCBB5 - Secured memory - MPCBB2 is applicable
2025-11-07 18:17:33,760 [INFO] Rule:225 - rule 117617 - U5Cobra4M][GTZC] default value MPCBB3 and MPCBB5 - Secured memory - MPCBB3 is applicable
2025-11-07 18:17:33,760 [INFO] Rule:225 - rule 117617 - U5Cobra4M][GTZC] default value MPCBB3 and MPCBB5 - Secured memory - MPCBB4 is applicable
2025-11-07 18:17:33,760 [INFO] Rule:225 - rule 117617 - U5Cobra4M][GTZC] default value MPCBB3 and MPCBB5 - Privileged memory - MPCBB1 is applicable
2025-11-07 18:17:33,760 [INFO] Rule:225 - rule 117617 - U5Cobra4M][GTZC] default value MPCBB3 and MPCBB5 - Privileged memory - MPCBB2 is applicable
2025-11-07 18:17:33,760 [INFO] Rule:225 - rule 117617 - U5Cobra4M][GTZC] default value MPCBB3 and MPCBB5 - Privileged memory - MPCBB3 is applicable
2025-11-07 18:17:33,760 [INFO] Rule:225 - rule 117617 - U5Cobra4M][GTZC] default value MPCBB3 and MPCBB5 - Privileged memory - MPCBB4 is applicable
2025-11-07 18:17:33,760 [INFO] Rule:225 - rule 117617 - U5Cobra4M][GTZC] default value MPCBB3 and MPCBB5 - Not Privileged memory - MPCBB1 is applicable
2025-11-07 18:17:33,760 [INFO] Rule:225 - rule 117617 - U5Cobra4M][GTZC] default value MPCBB3 and MPCBB5 - Not Privileged memory - MPCBB2 is applicable
2025-11-07 18:17:33,760 [INFO] Rule:225 - rule 117617 - U5Cobra4M][GTZC] default value MPCBB3 and MPCBB5 - Not Privileged memory - MPCBB3 is applicable
2025-11-07 18:17:33,760 [INFO] Rule:225 - rule 117617 - U5Cobra4M][GTZC] default value MPCBB3 and MPCBB5 - Not Privileged memory - MPCBB4 is applicable
2025-11-07 18:17:33,760 [INFO] Rule:225 - rule 117617 - U5Cobra4M][GTZC] default value MPCBB3 and MPCBB5 - Privileged memory - MPCBB1 is applicable
2025-11-07 18:17:33,760 [INFO] Rule:225 - rule 117617 - U5Cobra4M][GTZC] default value MPCBB3 and MPCBB5 - Privileged memory - MPCBB2 is applicable
2025-11-07 18:17:33,760 [INFO] Rule:225 - rule 117617 - U5Cobra4M][GTZC] default value MPCBB3 and MPCBB5 - Privileged memory - MPCBB3 is applicable
2025-11-07 18:17:33,760 [INFO] Rule:225 - rule 117617 - U5Cobra4M][GTZC] default value MPCBB3 and MPCBB5 - Privileged memory - MPCBB4 is applicable
2025-11-07 18:17:33,760 [INFO] Rule:225 - rule 117617 - U5Cobra4M][GTZC] default value MPCBB3 and MPCBB5 - Privileged memory - MPCBB1 is applicable
2025-11-07 18:17:33,760 [INFO] Rule:225 - rule 117617 - U5Cobra4M][GTZC] default value MPCBB3 and MPCBB5 - Privileged memory - MPCBB2 is applicable
2025-11-07 18:17:33,760 [INFO] Rule:225 - rule 117617 - U5Cobra4M][GTZC] default value MPCBB3 and MPCBB5 - Privileged memory - MPCBB3 is applicable
2025-11-07 18:17:33,760 [INFO] Rule:225 - rule 117617 - U5Cobra4M][GTZC] default value MPCBB3 and MPCBB5 - Privileged memory - MPCBB4 is applicable
2025-11-07 18:17:33,760 [INFO] Rule:225 - rule 117617 - U5Cobra4M][GTZC] default value MPCBB3 and MPCBB5 - Not Privileged memory - MPCBB1 is applicable
2025-11-07 18:17:33,760 [INFO] Rule:225 - rule 117617 - U5Cobra4M][GTZC] default value MPCBB3 and MPCBB5 - Not Privileged memory - MPCBB2 is applicable
2025-11-07 18:17:33,760 [INFO] Rule:225 - rule 117617 - U5Cobra4M][GTZC] default value MPCBB3 and MPCBB5 - Not Privileged memory - MPCBB3 is applicable
2025-11-07 18:17:33,760 [INFO] Rule:225 - rule 117617 - U5Cobra4M][GTZC] default value MPCBB3 and MPCBB5 - Not Privileged memory - MPCBB4 is applicable
2025-11-07 18:17:33,760 [INFO] Rule:225 - rule 117617 - U5Cobra4M][GTZC] default value MPCBB3 and MPCBB5 - Privileged memory - MPCBB1 is applicable
2025-11-07 18:17:33,760 [INFO] Rule:225 - rule 117617 - U5Cobra4M][GTZC] default value MPCBB3 and MPCBB5 - Privileged memory - MPCBB2 is applicable
2025-11-07 18:17:33,760 [INFO] Rule:225 - rule 117617 - U5Cobra4M][GTZC] default value MPCBB3 and MPCBB5 - Privileged memory - MPCBB3 is applicable
2025-11-07 18:17:33,760 [INFO] Rule:225 - rule 117617 - U5Cobra4M][GTZC] default value MPCBB3 and MPCBB5 - Privileged memory - MPCBB4 is applicable
2025-11-07 18:17:33,760 [INFO] Rule:225 - rule Rename SubGHz_Phy SUBGHZ_APPLICATION SUBGHZ_PINGPONG to SUBGHZ_ADV_APPLICATION is applicable
2025-11-07 18:17:33,760 [INFO] Rule:225 - rule Rename Enabled to IBEACON is applicable
2025-11-07 18:17:33,760 [INFO] Rule:225 - rule GTZC_S instance for project manager is applicable
2025-11-07 18:17:33,760 [INFO] Rule:225 - rule GTZC_S instance for context M33S is applicable
2025-11-07 18:17:33,760 [INFO] Rule:225 - rule GTZC_S instance value for IP GTZC is applicable
2025-11-07 18:17:33,760 [INFO] Rule:225 - rule GTZC_S instance for mcu.IP is applicable
2025-11-07 18:17:33,760 [INFO] Rule:225 - rule GTZC_S instance for VP is applicable
2025-11-07 18:17:33,760 [INFO] Rule:225 - rule GTZC_S instance for signal is applicable
2025-11-07 18:17:33,760 [INFO] Rule:225 - rule GTZC_S instance for mcu.Pin is applicable
2025-11-07 18:17:33,760 [INFO] Rule:225 - rule GTZC_S instance for VP is applicable
2025-11-07 18:17:33,760 [INFO] Rule:225 - rule GTZC_S instance for signal is applicable
2025-11-07 18:17:33,760 [INFO] Rule:225 - rule GTZC_S instance for mcu is applicable
2025-11-07 18:17:33,761 [INFO] Rule:225 - rule GTZC_S instance for mcu.Pin is applicable
2025-11-07 18:17:33,761 [INFO] Rule:225 - rule GTZC_S instance value for IP GTZC is applicable
2025-11-07 18:17:33,761 [INFO] Rule:225 - rule GTZC_S instance for project manager is applicable
2025-11-07 18:17:33,761 [INFO] Rule:225 - rule GTZC_S instance for context M33S is applicable
2025-11-07 18:17:33,761 [INFO] Rule:225 - rule GTZC_S instance for VP is applicable
2025-11-07 18:17:33,761 [INFO] Rule:225 - rule GTZC_S instance for signal is applicable
2025-11-07 18:17:33,761 [INFO] Rule:225 - rule SPDIFRX instance for mcu is applicable
2025-11-07 18:17:33,761 [INFO] Rule:225 - rule Rename Tracer Mode is applicable
2025-11-07 18:17:33,761 [INFO] Rule:225 - rule SPDIFRX instance value for IP SPDIFRX is applicable
2025-11-07 18:17:33,761 [INFO] Rule:225 - rule SPDIFRX instance for signal is applicable
2025-11-07 18:17:33,761 [INFO] Rule:225 - rule SPDIFRX instance for project manager is applicable
2025-11-07 18:17:33,761 [INFO] Rule:225 - rule SPDIFRX instance for project manager is applicable
2025-11-07 18:17:33,761 [INFO] Rule:225 - rule ADC Scan  fix with FW F7 is applicable
2025-11-07 18:17:33,761 [INFO] Rule:225 - rule ADC Scan  fix with FW F7 is applicable
2025-11-07 18:17:33,761 [INFO] Rule:225 - rule WakeUp0 Mode is applicable
2025-11-07 18:17:33,761 [INFO] Rule:225 - rule WakeUp0 SIGNAL is applicable
2025-11-07 18:17:33,761 [INFO] Rule:225 - rule WakeUp1 Mode is applicable
2025-11-07 18:17:33,761 [INFO] Rule:225 - rule WakeUp1 SIGNAL is applicable
2025-11-07 18:17:33,761 [INFO] Rule:225 - rule WakeUp2 Mode is applicable
2025-11-07 18:17:33,761 [INFO] Rule:225 - rule WakeUp2 SIGNAL is applicable
2025-11-07 18:17:33,761 [INFO] Rule:225 - rule WakeUp4 Mode is applicable
2025-11-07 18:17:33,761 [INFO] Rule:225 - rule WakeUp4 SIGNAL is applicable
2025-11-07 18:17:33,761 [INFO] Rule:225 - rule WakeUp5 Mode is applicable
2025-11-07 18:17:33,761 [INFO] Rule:225 - rule WakeUp5 SIGNAL is applicable
2025-11-07 18:17:33,761 [INFO] Rule:225 - rule Add RTC Activate Clock Source is applicable
2025-11-07 18:17:33,761 [INFO] Rule:225 - rule Add RTC Activate Calendar 1 is applicable
2025-11-07 18:17:33,761 [INFO] Rule:225 - rule Add RTC Activate Calendar 2 is applicable
2025-11-07 18:17:33,761 [INFO] Rule:225 - rule Add RTC Activate Calendar 3 is applicable
2025-11-07 18:17:33,761 [INFO] Rule:225 - rule UART/USART TX Mode is applicable
2025-11-07 18:17:33,761 [INFO] Rule:225 - rule UART/USART RX Mode is applicable
2025-11-07 18:17:33,761 [INFO] Rule:225 - rule UART/USART RX TX Mode is applicable
2025-11-07 18:17:33,761 [INFO] Rule:225 - rule UART/USART PARITY NONE is applicable
2025-11-07 18:17:33,761 [INFO] Rule:225 - rule UART/USART PARITY EVEN is applicable
2025-11-07 18:17:33,761 [INFO] Rule:225 - rule UART/USART PARITY ODD is applicable
2025-11-07 18:17:33,761 [INFO] Rule:225 - rule USART StopBits 1 is applicable
2025-11-07 18:17:33,761 [INFO] Rule:225 - rule USART StopBits 2 is applicable
2025-11-07 18:17:33,761 [INFO] Rule:225 - rule USART StopBits 1.5 is applicable
2025-11-07 18:17:33,761 [INFO] Rule:225 - rule USART StopBits 0.5 is applicable
2025-11-07 18:17:33,761 [INFO] Rule:225 - rule UART/USART WORD LENGTH 7 is applicable
2025-11-07 18:17:33,762 [INFO] Rule:225 - rule UART/USART WORD LENGTH 8 is applicable
2025-11-07 18:17:33,762 [INFO] Rule:225 - rule UART/USART WORD LENGTH 9 is applicable
2025-11-07 18:17:33,762 [INFO] Rule:225 - rule Rename FMC NAND NCE signal is applicable
2025-11-07 18:17:33,762 [INFO] Rule:225 - rule Rename FMC NAND INT signal is applicable
2025-11-07 18:17:33,762 [INFO] Rule:225 - rule Change Default Value for LSE Drive Capability for WB family is applicable
2025-11-07 18:17:33,762 [INFO] Rule:225 - rule Change Default Value for ADC Clock Prescaler G0 family is applicable
2025-11-07 18:17:33,762 [INFO] Rule:225 - rule Change Default Value for ADC ExternalTrigConv L4 family is applicable
2025-11-07 18:17:33,762 [INFO] Rule:225 - rule Change Default Value for ADC ExternalTrigInjecConv L4 family is applicable
2025-11-07 18:17:33,762 [INFO] Rule:225 - rule Change Default Value for ADC ExternalTrigConv F3 family is applicable
2025-11-07 18:17:33,762 [INFO] Rule:225 - rule Change Default Value for ADC ExternalTrigInjecConv F3 family is applicable
2025-11-07 18:17:33,762 [INFO] Rule:225 - rule Change Default Value for ADC ExternalTrigConv Goldfish serie is applicable
2025-11-07 18:17:33,762 [INFO] Rule:225 - rule Change Default Value for ADC ExternalTrigInjecConv Goldfish serie is applicable
2025-11-07 18:17:33,762 [INFO] Rule:225 - rule Change Default Value for ADC ExternalTrigConv L0 family is applicable
2025-11-07 18:17:33,762 [INFO] Rule:225 - rule Change Default Value for ADC ExternalTrigConv F0 family is applicable
2025-11-07 18:17:33,762 [INFO] Rule:225 - rule Change Default Value for ADC ExternalTrigConvn L1 family is applicable
2025-11-07 18:17:33,762 [INFO] Rule:225 - rule Change Default Value for ADC ExternalTrigInjecConv L1 family is applicable
2025-11-07 18:17:33,762 [INFO] Rule:225 - rule Change Default Value for ADC ExternalTrigConv F1 family is applicable
2025-11-07 18:17:33,762 [INFO] Rule:225 - rule Change Default Value for ADC ExternalTrigInjecConv F1 family is applicable
2025-11-07 18:17:33,762 [INFO] Rule:225 - rule Change Default Value for ADC ExternalTrigConv F7 family is applicable
2025-11-07 18:17:33,762 [INFO] Rule:225 - rule Change Default Value for ADC ExternalTrigInjecConv F7 family is applicable
2025-11-07 18:17:33,762 [INFO] Rule:225 - rule Change Default Value for ADC ExternalTrigConv F4 and F2 family is applicable
2025-11-07 18:17:33,762 [INFO] Rule:225 - rule Change Default Value for ADC ExternalTrigInjecConv F4 and F2 family is applicable
2025-11-07 18:17:33,762 [INFO] Rule:225 - rule ADC SamplingTime fix with FW L0  is applicable
2025-11-07 18:17:33,762 [INFO] Rule:225 - rule ADC SamplingTime fix with FW L0  is applicable
2025-11-07 18:17:33,762 [INFO] Rule:225 - rule ADC SamplingTime fix with FW L0 is applicable
2025-11-07 18:17:33,762 [INFO] Rule:225 - rule ADC SamplingTime fix with FW L0 is applicable
2025-11-07 18:17:33,762 [INFO] Rule:225 - rule ADC SamplingTime fix with FW L0  is applicable
2025-11-07 18:17:33,762 [INFO] Rule:225 - rule ADC SamplingTime fix with FW L0 is applicable
2025-11-07 18:17:33,762 [INFO] Rule:225 - rule Rename USB_OE Signal is applicable
2025-11-07 18:17:33,762 [INFO] Rule:225 - rule Rename Activate_OE Mode is applicable
2025-11-07 18:17:33,762 [INFO] Rule:225 - rule Rename DIE462/DIE415 pin PC14/OSC32_IN -> PC14-OSC32_IN (PC14) is applicable
2025-11-07 18:17:33,762 [INFO] Rule:225 - rule Rename DIE462/DIE415 pin PC15/OSC32_OUT -> PC15-OSC32_OUT (PC15) is applicable
2025-11-07 18:17:33,762 [INFO] Rule:225 - rule Rename DIE462/DIE415 pin PH0/OSC_IN -> PH0-OSC_IN (PH0) is applicable
2025-11-07 18:17:33,762 [INFO] Rule:225 - rule Rename DIE462/DIE415 pin PH1/OSC_OUT -> PH1-OSC_OUT (PH1) is applicable
2025-11-07 18:17:33,762 [INFO] Rule:225 - rule Rename DIE462 pin PA13 -> PA13 (JTMS/SWDIO) is applicable
2025-11-07 18:17:33,762 [INFO] Rule:225 - rule Rename DIE415 pin PA13 -> PA13 (JTMS/SWDIO) is applicable
2025-11-07 18:17:33,762 [INFO] Rule:225 - rule Rename DIE462 pin PA14 -> PA14 (JTCK/SWCLK) is applicable
2025-11-07 18:17:33,762 [INFO] Rule:225 - rule Rename DIE415 pin PA14 -> PA14 (JTCK/SWCLK) is applicable
2025-11-07 18:17:33,762 [INFO] Rule:225 - rule Rename DIE462/DIE415 pin PA15 -> PA15 (JTDI) is applicable
2025-11-07 18:17:33,762 [INFO] Rule:225 - rule Rename DIE462 pin PB3 -> PB3 (JTD0/TRACESWO) is applicable
2025-11-07 18:17:33,763 [INFO] Rule:225 - rule Rename DIE415 pin PB3 -> PB3 (JTD0-TRACESWO) is applicable
2025-11-07 18:17:33,763 [INFO] Rule:225 - rule Rename DIE462/DIE415 pin PB4 -> PB4 (NJTRST) is applicable
2025-11-07 18:17:33,763 [INFO] Rule:225 - rule Rename DIE462 pin PH3/BOOT0 -> PH3-BOOT0 (BOOT0) is applicable
2025-11-07 18:17:33,763 [INFO] Rule:225 - rule Rename CRYP DataEncryptionTypesList to Algorithm is applicable
2025-11-07 18:17:33,763 [INFO] Rule:225 - rule Rename AES DataEncryptionTypesList to Algorithm is applicable
2025-11-07 18:17:33,763 [INFO] Rule:225 - rule Rename TDESECB to CRYP_TDES_ECB is applicable
2025-11-07 18:17:33,763 [INFO] Rule:225 - rule Rename TDESCBC to CRYP_TDES_CBC is applicable
2025-11-07 18:17:33,763 [INFO] Rule:225 - rule Rename DESECB to CRYP_DES_ECB is applicable
2025-11-07 18:17:33,763 [INFO] Rule:225 - rule Rename DESCBC to CRYP_DES_CBC is applicable
2025-11-07 18:17:33,763 [INFO] Rule:225 - rule Rename AESECB to CRYP_AES_ECB is applicable
2025-11-07 18:17:33,763 [INFO] Rule:225 - rule Rename AESCBC to CRYP_AES_CBC is applicable
2025-11-07 18:17:33,763 [INFO] Rule:225 - rule Rename AESCTR to CRYP_AES_CTR is applicable
2025-11-07 18:17:33,763 [INFO] Rule:225 - rule Rename AESGCM to CRYP_AES_GCM is applicable
2025-11-07 18:17:33,763 [INFO] Rule:225 - rule Rename AESCCM to CRYP_AES_CCM is applicable
2025-11-07 18:17:33,763 [INFO] Rule:225 - rule Rename CAN TimeSeg1 to BS1 is applicable
2025-11-07 18:17:33,763 [INFO] Rule:225 - rule Rename CAN TimeSeg2 to BS2 is applicable
2025-11-07 18:17:33,763 [INFO] Rule:225 - rule Rename CAN SyncJumpWidth to SJW is applicable
2025-11-07 18:17:33,763 [INFO] Rule:225 - rule TimeTriggeredMode to TTCM is applicable
2025-11-07 18:17:33,763 [INFO] Rule:225 - rule Rename CAN AutoBusOff to ABOM is applicable
2025-11-07 18:17:33,763 [INFO] Rule:225 - rule Rename CAN AutoWakeUp to AWUM is applicable
2025-11-07 18:17:33,763 [INFO] Rule:225 - rule Rename CAN AutoRetransmission to NART is applicable
2025-11-07 18:17:33,763 [INFO] Rule:225 - rule Rename CAN ReceiveFifoLocked to RFLM is applicable
2025-11-07 18:17:33,763 [INFO] Rule:225 - rule Rename CAN TransmitFifoPriority to TXFP is applicable
2025-11-07 18:17:33,763 [INFO] Rule:225 - rule Rename HRTIMER HRTIM_OUTPUTFAULTLEVEL_HIGH in HRTIMER HRTIM_OUTPUTFAULTLEVEL_HIGHZ is applicable
2025-11-07 18:17:33,763 [INFO] Rule:225 - rule Rename TIMER TIM_CLEARINPUTSOURCE_OCREFCLR in  TIMER TIM_CLEARINPUTSOURCE_NONE for F7 family is applicable
2025-11-07 18:17:33,763 [INFO] Rule:225 - rule FDCAN_R1 - Rename FDCAN mode Master into Classic is applicable
2025-11-07 18:17:33,763 [INFO] Rule:225 - rule FDCAN_R2 - Rename FDCAN mode Slave into Classic is applicable
2025-11-07 18:17:33,763 [INFO] Rule:225 - rule FDCAN1_R3 - if PA10.Mode=FullDuplex, add Pin PA12 is applicable
2025-11-07 18:17:33,763 [INFO] Rule:225 - rule FDCAN1_R3 - if PA9.Mode=FullDuplex, add Pin PA11 is applicable
2025-11-07 18:17:33,763 [INFO] Rule:225 - rule FDCAN1_R3 - Alternatepin_1 - if PE1.Mode=FullDuplex, add Pin PB9 is applicable
2025-11-07 18:17:33,763 [INFO] Rule:225 - rule FDCAN1_R3 - Alternatepin_1 - if PE0.Mode=FullDuplex, add Pin PB8 is applicable
2025-11-07 18:17:33,763 [INFO] Rule:225 - rule FDCAN1_R3 - Alternatepin_2 - if PD5.Mode=FullDuplex, add Pin PD1 is applicable
2025-11-07 18:17:33,763 [INFO] Rule:225 - rule FDCAN1_R3 - Alternatepin_2 - if PD4.Mode=FullDuplex, add Pin PD0 is applicable
2025-11-07 18:17:33,763 [INFO] Rule:225 - rule FDCAN1_R4 - Rename Mode FullDuplex into Enable FDCAN_TXFD for pin PA10 is applicable
2025-11-07 18:17:33,763 [INFO] Rule:225 - rule FDCAN1_R4 - Rename Mode FullDuplex into Enable FDCAN_TXFD for pin PA9 is applicable
2025-11-07 18:17:33,763 [INFO] Rule:225 - rule FDCAN1_R4 - Alternatepin_1 - Rename Mode FullDuplex into Enable FDCAN_TXFD for pin PE1 is applicable
2025-11-07 18:17:33,763 [INFO] Rule:225 - rule FDCAN1_R4 - Alternatepin_1 - Rename Mode FullDuplex into Enable FDCAN_TXFD for pin PE0 is applicable
2025-11-07 18:17:33,763 [INFO] Rule:225 - rule FDCAN1_R4 - Alternatepin_2 - Rename Mode FullDuplex into Enable FDCAN_TXFD for pin PD5 is applicable
2025-11-07 18:17:33,763 [INFO] Rule:225 - rule FDCAN1_R4 - Alternatepin_2 - Rename Mode FullDuplex into Enable FDCAN_TXFD for pin PD4 is applicable
2025-11-07 18:17:33,763 [INFO] Rule:225 - rule FDCAN2_R3 - if PD10.Mode=FullDuplex, add Pin PB13 is applicable
2025-11-07 18:17:33,764 [INFO] Rule:225 - rule FDCAN2_R3 - if PD9.Mode=FullDuplex, add Pin PB12 is applicable
2025-11-07 18:17:33,764 [INFO] Rule:225 - rule FDCAN2_R3 - Alternatepin_1 - if PB7.Mode=FullDuplex, add Pin PB6 is applicable
2025-11-07 18:17:33,764 [INFO] Rule:225 - rule FDCAN2_R3 - Alternatepin_1 - if PD9.Mode=FullDuplex, add Pin PB12 is applicable
2025-11-07 18:17:33,764 [INFO] Rule:225 - rule FDCAN2_R4 - Rename Mode FullDuplex into Enable FDCAN_TXFD for pin PD10 is applicable
2025-11-07 18:17:33,764 [INFO] Rule:225 - rule FDCAN2_R4 - Rename Mode FullDuplex into Enable FDCAN_TXFD for pin PD9 is applicable
2025-11-07 18:17:33,764 [INFO] Rule:225 - rule FDCAN2_R4 - Alternatepin_1 - Rename Mode FullDuplex into Enable FDCAN_TXFD for pin PB7 is applicable
2025-11-07 18:17:33,764 [INFO] Rule:225 - rule FDCAN2_R4 - Alternatepin_1 - Rename Mode FullDuplex into Enable FDCAN_TXFD for pin PD6 is applicable
2025-11-07 18:17:33,764 [INFO] Rule:225 - rule USART TxPinLevelInvertParam Mode is applicable
2025-11-07 18:17:33,764 [INFO] Rule:225 - rule USART RxPinLevelInvertParam Mode is applicable
2025-11-07 18:17:33,764 [INFO] Rule:225 - rule USART DataInvertParam Mode is applicable
2025-11-07 18:17:33,764 [INFO] Rule:225 - rule USART SwapParam Mode is applicable
2025-11-07 18:17:33,764 [INFO] Rule:225 - rule USART OverrunDisableParam Mode is applicable
2025-11-07 18:17:33,764 [INFO] Rule:225 - rule USART DMADisableonRxErrorParam Mode is applicable
2025-11-07 18:17:33,764 [INFO] Rule:225 - rule USART MSBFirstParam Mode is applicable
2025-11-07 18:17:33,764 [INFO] Rule:225 - rule Update MwName for USB_DEVICE is applicable
2025-11-07 18:17:33,764 [INFO] Rule:225 - rule Change PWR_Regulator_Voltage_Scale Default Value for RCC  H7 family is applicable
2025-11-07 18:17:33,764 [INFO] Rule:225 - rule UART/USART IPParameter rename Prescaler parameter to ClockPrescaler is applicable
2025-11-07 18:17:33,764 [INFO] Rule:225 - rule UART/USART Prescaler rename Prescaler parameter to ClockPrescaler is applicable
2025-11-07 18:17:33,764 [INFO] Rule:225 - rule TIM1CLockSelection is applicable
2025-11-07 18:17:33,764 [INFO] Rule:225 - rule TIM15CLockSelection is applicable
2025-11-07 18:17:33,764 [INFO] Rule:225 - rule align RCC SDMMC3CLockSelection default value on MP1 is applicable
2025-11-07 18:17:33,764 [INFO] Rule:225 - rule align RCC SDMMC12CLockSelection default value on MP1 is applicable
2025-11-07 18:17:33,764 [INFO] Rule:225 - rule align RCC QSPICLockSelection default value on MP1 is applicable
2025-11-07 18:17:33,764 [INFO] Rule:225 - rule align RCC QSPICLockSelection default value on MP1 is applicable
2025-11-07 18:17:33,764 [INFO] Rule:225 - rule align RCC SPI6CLockSelection default value on MP1 is applicable
2025-11-07 18:17:33,764 [INFO] Rule:225 - rule align RCC LPTIM23CLockSelection default value on MP1 is applicable
2025-11-07 18:17:33,764 [INFO] Rule:225 - rule align RCC LPTIM1CLockSelection default value on MP1 is applicable
2025-11-07 18:17:33,764 [INFO] Rule:225 - rule align RCC USART1CLockSelection default value on MP1 is applicable
2025-11-07 18:17:33,764 [INFO] Rule:225 - rule align RCC USART24CLockSelection default value on MP1 is applicable
2025-11-07 18:17:33,764 [INFO] Rule:225 - rule align RCC USART6CLockSelection default value on MP1 is applicable
2025-11-07 18:17:33,764 [INFO] Rule:225 - rule align RCC UART78CLockSelection default value on MP1 is applicable
2025-11-07 18:17:33,764 [INFO] Rule:225 - rule align RCC USART35CLockSelection default value on MP1 is applicable
2025-11-07 18:17:33,764 [INFO] Rule:225 - rule align RCC SPI45CLockSelection default value on MP1 is applicable
2025-11-07 18:17:33,764 [INFO] Rule:225 - rule align RCC I2C46CLockSelection BCLK value on MP1 is applicable
2025-11-07 18:17:33,764 [INFO] Rule:225 - rule align RCC SPI45CLockSelection default value on MP1 is applicable
2025-11-07 18:17:33,764 [INFO] Rule:225 - rule align RCC I2C12CLockSelection default value on MP1 is applicable
2025-11-07 18:17:33,764 [INFO] Rule:225 - rule align RCC I2C35CLockSelection default value on MP1 is applicable
2025-11-07 18:17:33,764 [INFO] Rule:225 - rule align RCC LPTIM45CLockSelection default value on MP1 is applicable
2025-11-07 18:17:33,764 [INFO] Rule:225 - rule Rename DCMI PIXCK signal is applicable
2025-11-07 18:17:33,764 [INFO] Rule:225 - rule Change Default Value for I2C46CLockSelection MP1 family is applicable
2025-11-07 18:17:33,764 [INFO] Rule:225 - rule Change Default Value for UART for G4, G0 and WB families is applicable
2025-11-07 18:17:33,764 [INFO] Rule:225 - rule Change Default Value for USART for G4, G0 and WB families is applicable
2025-11-07 18:17:33,764 [INFO] Rule:225 - rule Change Default Value for USART for G4 family is applicable
2025-11-07 18:17:33,764 [INFO] Rule:225 - rule Change USART1CLockSelection refparam name for MP1 is applicable
2025-11-07 18:17:33,764 [INFO] Rule:225 - rule Change USART2CLockSelection refparam name for MP1 is applicable
2025-11-07 18:17:33,765 [INFO] Rule:225 - rule Change USART3CLockSelection refparam name for MP1 is applicable
2025-11-07 18:17:33,765 [INFO] Rule:225 - rule Change UART4CLockSelection refparam name for MP1 is applicable
2025-11-07 18:17:33,765 [INFO] Rule:225 - rule Change UART5CLockSelection refparam name for MP1 is applicable
2025-11-07 18:17:33,765 [INFO] Rule:225 - rule Change LPUART1CLockSelection refparam name for MP1 is applicable
2025-11-07 18:17:33,765 [INFO] Rule:225 - rule Change LPTIM1CLockSelection refparam name for MP1 is applicable
2025-11-07 18:17:33,765 [INFO] Rule:225 - rule Change LPTIM2CLockSelection refparam name for MP1 is applicable
2025-11-07 18:17:33,765 [INFO] Rule:225 - rule Change RCC_MCO1Source refparam name for MP1 is applicable
2025-11-07 18:17:33,765 [INFO] Rule:225 - rule Change LSCOSource1 refparam name for MP1 is applicable
2025-11-07 18:17:33,765 [INFO] Rule:225 - rule Change SMPSCLockSelection refparam name for MP1 is applicable
2025-11-07 18:17:33,765 [INFO] Rule:225 - rule Change LPTIM3CLockSelection refparam name for MP1 is applicable
2025-11-07 18:17:33,765 [INFO] Rule:225 - rule Change MPCBB* Default Template Mode to Parameters is applicable
2025-11-07 18:17:33,765 [INFO] Rule:225 - rule Change MPCWM* or MPCBB* Secure Mode to Parameters is applicable
2025-11-07 18:17:33,765 [INFO] Rule:225 - rule Change MPCWM* or MPCBB* No Secure Mode to Parameters is applicable
2025-11-07 18:17:33,765 [INFO] Rule:225 - rule Change TZSC IP Secure Mode to Parameters is applicable
2025-11-07 18:17:33,765 [INFO] Rule:225 - rule Change TZSC IP No Secure Mode to Parameters is applicable
2025-11-07 18:17:33,765 [INFO] Rule:225 - rule Change TZSC IP Privilege Mode to Parameters is applicable
2025-11-07 18:17:33,765 [INFO] Rule:225 - rule Change TZSC IP No Privilege Mode to Parameters is applicable
2025-11-07 18:17:33,765 [INFO] Rule:225 - rule Change TZIC IT Secure Mode to Parameters is applicable
2025-11-07 18:17:33,765 [INFO] Rule:225 - rule Change TZIC IT No Secure Mode to Parameters is applicable
2025-11-07 18:17:33,765 [INFO] Rule:225 - rule Add MPCBB1_NonSecureArea_Start_Address value with referenced to MPCBB1_NonSecureArea_Start value is applicable
2025-11-07 18:17:33,765 [INFO] Rule:225 - rule Add MPCBB2_NonSecureArea_Start_Address value with referenced to MPCBB2_NonSecureArea_Start value is applicable
2025-11-07 18:17:33,765 [INFO] Rule:225 - rule Add MPCWM1_NonSecureArea*_Start_Address value with referenced to MPCWM1_NonSecureArea*_Start value is applicable
2025-11-07 18:17:33,765 [INFO] Rule:225 - rule Add MPCWM2_NonSecureArea*_Start_Address value with referenced to MPCWM2_NonSecureArea*_Start value is applicable
2025-11-07 18:17:33,765 [INFO] Rule:225 - rule Add MPCWM3_NonSecureArea_Start_Address value with referenced to MPCWM3_NonSecureArea_Start value is applicable
2025-11-07 18:17:33,765 [INFO] Rule:225 - rule Change Default Value for PLL1UserDefinedConfig is applicable
2025-11-07 18:17:33,765 [INFO] Rule:225 - rule Change GPIO_PuPd Default Value for USART in async mode is applicable
2025-11-07 18:17:33,765 [INFO] Rule:225 - rule Change SMPSDivider Default Value is applicable
2025-11-07 18:17:33,765 [INFO] Rule:225 - rule OPAMP is applicable
2025-11-07 18:17:33,765 [INFO] Rule:225 - rule LPUART IPParameter rename Prescaler parameter to ClockPrescaler for STM32H7 is applicable
2025-11-07 18:17:33,765 [INFO] Rule:225 - rule LPUART IPParameter rename Prescaler parameter to ClockPrescaler for STM32H7 is applicable
2025-11-07 18:17:33,765 [INFO] Rule:225 - rule LPUART IPParameter rename Prescaler parameter to ClockPrescaler for STM32WB is applicable
2025-11-07 18:17:33,765 [INFO] Rule:225 - rule LPUART IPParameter rename Prescaler parameter to ClockPrescaler for STM32WB is applicable
2025-11-07 18:17:33,765 [INFO] Rule:225 - rule LPUART IPParameter rename Prescaler parameter to ClockPrescaler for STM32G4 is applicable
2025-11-07 18:17:33,765 [INFO] Rule:225 - rule LPUART IPParameter rename Prescaler parameter to ClockPrescaler for STM32G4 is applicable
2025-11-07 18:17:33,765 [INFO] Rule:225 - rule LPUART IPParameter rename Prescaler parameter to ClockPrescaler for STM32L5 is applicable
2025-11-07 18:17:33,765 [INFO] Rule:225 - rule LPUART IPParameter rename Prescaler parameter to ClockPrescaler for STM32L5 is applicable
2025-11-07 18:17:33,765 [INFO] Rule:225 - rule LPUART IPParameter rename Prescaler parameter to ClockPrescaler for STM32G4 is applicable
2025-11-07 18:17:33,765 [INFO] Rule:225 - rule LPUART IPParameter rename Prescaler parameter to ClockPrescaler for STM32G4 is applicable
2025-11-07 18:17:33,765 [INFO] Rule:225 - rule USB device lib V2.5.3 for L0 rename USBD_SUPPORT_USER_STRING parameter to USBD_SUPPORT_USER_STRING_DESC4 is applicable
2025-11-07 18:17:33,765 [INFO] Rule:225 - rule I2SCLockSelection clock entry align is applicable
2025-11-07 18:17:33,765 [INFO] Rule:225 - rule Assign TIMx context if used as SYS timebase is applicable
2025-11-07 18:17:33,765 [INFO] Rule:225 - rule Change GPIO_Pu Default Value for I2C is applicable
2025-11-07 18:17:33,765 [INFO] Rule:225 - rule Change GPIO_Pu Default Value for SMBus is applicable
2025-11-07 18:17:33,765 [INFO] Rule:225 - rule change FDCAN default value is applicable
2025-11-07 18:17:33,765 [INFO] Rule:225 - rule Change mode sai is applicable
2025-11-07 18:17:33,765 [INFO] Rule:225 - rule **Change sai mode is applicable
2025-11-07 18:17:33,765 [INFO] Rule:225 - rule Rename STM32WPAN CFG_BLE_IRK to CFG_BLE_IR is applicable
2025-11-07 18:17:33,765 [INFO] Rule:225 - rule Rename STM32WPAN CFG_BLE_ERK to CFG_BLE_ER is applicable
2025-11-07 18:17:33,765 [INFO] Rule:225 - rule Rename STM32WPAN CFG_BLE_IRK_HEX to CFG_BLE_IR_HEX is applicable
2025-11-07 18:17:33,765 [INFO] Rule:225 - rule Rename STM32WPAN CFG_BLE_ERK_HEX to CFG_BLE_ER_HEX is applicable
2025-11-07 18:17:33,765 [INFO] Rule:225 - rule Adapt Old IOC before rework replace old CORTEX_M33/CORTEX_M55 attributes by the new one. is applicable
2025-11-07 18:17:33,765 [INFO] Rule:225 - rule Rename parametre of RCC RCC_APBDBG_DIV2 to RCC_TIMPRES_DIV2 is applicable
2025-11-07 18:17:33,766 [INFO] Rule:225 - rule Rename DIE493 pin PA10 [PA12] -> PA10 is applicable
2025-11-07 18:17:33,766 [INFO] Rule:225 - rule Rename DIE493 pin PA9 [PA11] -> PA9 is applicable
2025-11-07 18:17:33,766 [INFO] Rule:225 - rule Adapt Old IOC CSI. is applicable
2025-11-07 18:17:33,778 [INFO] DbConfProperties:307 - Apply Compatibility (49/267 Rules)
2025-11-07 18:17:33,807 [INFO] ImportTextPane:218 - (OptionalMessage_ERROR) Unable to find key (Mcu.ThirdPartyNb) in loaded IOC file
2025-11-07 18:17:33,809 [INFO] ImportTextPane:218 - (OptionalMessage_ERROR) Pin12 (VP_RIF_VS_RIF1) cannot be retrieved for this MCU
2025-11-07 18:17:33,868 [INFO] RtosManager:558 - Registered RTOS mode: class=CMSIS, group=RTOS, mode=CMSIS_V1, owner=FREERTOS
2025-11-07 18:17:33,868 [INFO] RtosManager:558 - Registered RTOS mode: class=CMSIS, group=RTOS2, mode=CMSIS_V2, owner=FREERTOS
2025-11-07 18:17:33,868 [INFO] RtosManager:558 - Registered RTOS mode: class=RTOS, group=Core, mode=CMSIS_V1, owner=FREERTOS
2025-11-07 18:17:33,868 [INFO] RtosManager:558 - Registered RTOS mode: class=RTOS, group=Core, mode=CMSIS_V2, owner=FREERTOS
2025-11-07 18:17:33,868 [WARN] ModelIntegratedComponent:184 - Missing modes for component STMicroelectronics:FreeRTOS:0.0.1:STMicroelectronics:RTOS:FreeRTOS:Core:::10.2.0:
2025-11-07 18:17:33,894 [WARN] ModelIntegratedComponent:63 - No mode defined for component null
2025-11-07 18:17:33,894 [WARN] ModelIntegratedComponent:63 - No mode defined for component null
2025-11-07 18:17:33,894 [WARN] ModelIntegratedComponent:63 - No mode defined for component null
2025-11-07 18:17:33,894 [WARN] ModelIntegratedComponent:63 - No mode defined for component null
2025-11-07 18:17:33,894 [WARN] ModelIntegratedComponent:63 - No mode defined for component null
2025-11-07 18:17:33,894 [WARN] ModelIntegratedComponent:63 - No mode defined for component null
2025-11-07 18:17:33,894 [WARN] ModelIntegratedComponent:63 - No mode defined for component null
2025-11-07 18:17:33,894 [WARN] ModelIntegratedComponent:63 - No mode defined for component null
2025-11-07 18:17:33,894 [WARN] ModelIntegratedComponent:63 - No mode defined for component null
2025-11-07 18:17:33,894 [WARN] ModelIntegratedComponent:63 - No mode defined for component null
2025-11-07 18:17:33,894 [WARN] ModelIntegratedComponent:63 - No mode defined for component null
2025-11-07 18:17:33,894 [WARN] ModelIntegratedComponent:63 - No mode defined for component null
2025-11-07 18:17:33,894 [WARN] ModelIntegratedComponent:63 - No mode defined for component null
2025-11-07 18:17:33,894 [WARN] ModelIntegratedComponent:63 - No mode defined for component null
2025-11-07 18:17:33,894 [WARN] ModelIntegratedComponent:63 - No mode defined for component null
2025-11-07 18:17:33,894 [WARN] ModelIntegratedComponent:63 - No mode defined for component null
2025-11-07 18:17:33,894 [WARN] ModelIntegratedComponent:63 - No mode defined for component null
2025-11-07 18:17:33,894 [WARN] ModelIntegratedComponent:63 - No mode defined for component null
2025-11-07 18:17:33,894 [WARN] ModelIntegratedComponent:63 - No mode defined for component null
2025-11-07 18:17:33,894 [WARN] ModelIntegratedComponent:63 - No mode defined for component null
2025-11-07 18:17:33,894 [WARN] ModelIntegratedComponent:63 - No mode defined for component null
2025-11-07 18:17:33,894 [WARN] ModelIntegratedComponent:63 - No mode defined for component null
2025-11-07 18:17:33,894 [WARN] ModelIntegratedComponent:63 - No mode defined for component null
2025-11-07 18:17:33,894 [WARN] ModelIntegratedComponent:63 - No mode defined for component null
2025-11-07 18:17:33,894 [WARN] ModelIntegratedComponent:63 - No mode defined for component null
2025-11-07 18:17:33,894 [WARN] ModelIntegratedComponent:63 - No mode defined for component null
2025-11-07 18:17:33,894 [WARN] ModelIntegratedComponent:63 - No mode defined for component null
2025-11-07 18:17:33,894 [WARN] ModelIntegratedComponent:63 - No mode defined for component null
2025-11-07 18:17:33,894 [WARN] ModelIntegratedComponent:63 - No mode defined for component null
2025-11-07 18:17:33,894 [WARN] ModelIntegratedComponent:63 - No mode defined for component null
2025-11-07 18:17:33,894 [WARN] ModelIntegratedComponent:63 - No mode defined for component null
2025-11-07 18:17:33,894 [WARN] ModelIntegratedComponent:63 - No mode defined for component null
2025-11-07 18:17:33,894 [WARN] ModelIntegratedComponent:63 - No mode defined for component null
2025-11-07 18:17:33,894 [WARN] ModelIntegratedComponent:63 - No mode defined for component null
2025-11-07 18:17:33,894 [WARN] ModelIntegratedComponent:63 - No mode defined for component null
2025-11-07 18:17:33,894 [WARN] ModelPack:524 - Component already loaded: STMicroelectronics:HAL Drivers:0.0.0:STMicroelectronics:Device:STMicro_Driver:XSPI:HAL::0.0.1:HAL_XSPI
2025-11-07 18:17:34,002 [INFO] ThirdPartyModel:298 - Start build external matchings
2025-11-07 18:17:34,519 [INFO] ThirdPartyModel:316 - End build external matchings
2025-11-07 18:17:34,544 [INFO] ImportTextPane:218 - (OptionalMessage_ERROR) IP (RCC) : Invalid parameter (FamilyName)
2025-11-07 18:17:34,546 [INFO] ImportTextPane:218 - (OptionalMessage_ERROR) IP (RCC) : Parameter (RNGFreq_Value) has invalid value (64000000)
2025-11-07 18:17:34,546 [INFO] ImportTextPane:218 - (OptionalMessage_ERROR) IP (RCC) : Parameter (SDMMCFreq_Value) has invalid value (64000000)
2025-11-07 18:17:34,546 [INFO] ImportTextPane:218 - (OptionalMessage_ERROR) IP (RCC) : Parameter (USBFreq_Value) has invalid value (64000000)
2025-11-07 18:17:34,949 [INFO] UtilMem:75 - End LoadConfig() Used Memory: 865804600 Bytes (1073741824)
2025-11-07 18:17:34,978 [WARN] ThirdParty:833 - waiting for thirdparty lock release [change project]
2025-11-07 18:17:34,978 [INFO] ThirdParty:835 - entering critical section [change project]
2025-11-07 18:17:34,978 [INFO] ThirdParty:1030 - CMSIS Pack Vendor :STMicroelectronics X-CUBE-PM33A1 1.0.0
2025-11-07 18:17:34,978 [INFO] ThirdParty:1030 - CMSIS Pack Vendor :STMicroelectronics USBPD 4.1
2025-11-07 18:17:34,978 [INFO] ThirdParty:1030 - CMSIS Pack Vendor :STMicroelectronics X-CUBE-NFC9 1.0.0
2025-11-07 18:17:34,978 [INFO] ThirdParty:1030 - CMSIS Pack Vendor :STMicroelectronics USB_HOST 2.0.0
2025-11-07 18:17:34,978 [INFO] ThirdParty:1030 - CMSIS Pack Vendor :STMicroelectronics FP-SNS-MOTENVWB1 1.4.0
2025-11-07 18:17:34,978 [INFO] ThirdParty:1030 - CMSIS Pack Vendor :STMicroelectronics X-CUBE-AZRTOS-F4 1.1.0
2025-11-07 18:17:34,978 [INFO] ThirdParty:1030 - CMSIS Pack Vendor :STMicroelectronics LIBJPEG 8.0.0
2025-11-07 18:17:34,978 [INFO] ThirdParty:1030 - CMSIS Pack Vendor :STMicroelectronics FP-ATR-ASTRA1 2.0.2
2025-11-07 18:17:34,978 [INFO] ThirdParty:1030 - CMSIS Pack Vendor :wolfSSL I-CUBE-wolfSSL 5.8.2
2025-11-07 18:17:34,979 [INFO] ThirdParty:1030 - CMSIS Pack Vendor :STMicroelectronics X-CUBE-BLE1 7.1.0
2025-11-07 18:17:34,979 [INFO] ThirdParty:1030 - CMSIS Pack Vendor :STMicroelectronics X-CUBE-SMBUS 2.1.0
2025-11-07 18:17:34,979 [INFO] ThirdParty:1030 - CMSIS Pack Vendor :wolfSSL I-CUBE-wolfMQTT 1.19.2
2025-11-07 18:17:34,979 [INFO] ThirdParty:1030 - CMSIS Pack Vendor :STMicroelectronics USB_DEVICE 3.0.0
2025-11-07 18:17:34,979 [INFO] ThirdParty:1030 - CMSIS Pack Vendor :STMicroelectronics X-CUBE-ISPU 2.1.0
2025-11-07 18:17:34,979 [INFO] ThirdParty:1030 - CMSIS Pack Vendor :STMicroelectronics X-CUBE-EEPRMA1 5.2.0
2025-11-07 18:17:34,979 [INFO] ThirdParty:1030 - CMSIS Pack Vendor :STMicroelectronics X-CUBE-BLEMGR 4.1.0
2025-11-07 18:17:34,979 [INFO] ThirdParty:1030 - CMSIS Pack Vendor :STMicroelectronics X-CUBE-AZRTOS-WB 2.0.0
2025-11-07 18:17:34,979 [INFO] ThirdParty:1030 - CMSIS Pack Vendor :STMicroelectronics X-CUBE-GNSS1 7.0.1
2025-11-07 18:17:34,979 [INFO] ThirdParty:1030 - CMSIS Pack Vendor :STMicroelectronics X-CUBE-NFC12 1.0.0
2025-11-07 18:17:34,979 [INFO] ThirdParty:1030 - CMSIS Pack Vendor :STMicroelectronics X-CUBE-AZRTOS-F7 1.1.0
2025-11-07 18:17:34,979 [INFO] ThirdParty:1030 - CMSIS Pack Vendor :STMicroelectronics X-CUBE-AZRTOS-L5 2.0.0
2025-11-07 18:17:34,979 [INFO] ThirdParty:1030 - CMSIS Pack Vendor :STMicroelectronics USB_DEVICE 2.0.0
2025-11-07 18:17:34,979 [INFO] ThirdParty:1030 - CMSIS Pack Vendor :STMicroelectronics X-CUBE-NFC6 3.1.0
2025-11-07 18:17:34,979 [INFO] ThirdParty:1030 - CMSIS Pack Vendor :Cesanta I-CUBE-Mongoose 7.19.0
2025-11-07 18:17:34,980 [INFO] ThirdParty:1030 - CMSIS Pack Vendor :quantropi X-CUBE-qispace-sdk-base 2.1.0
2025-11-07 18:17:34,980 [INFO] ThirdParty:1030 - CMSIS Pack Vendor :STMicroelectronics FreeRTOS 0.0.1
2025-11-07 18:17:34,980 [INFO] ThirdParty:1030 - CMSIS Pack Vendor :STMicroelectronics X-CUBE-AZRTOS-G0 1.1.0
2025-11-07 18:17:34,980 [INFO] ThirdParty:1030 - CMSIS Pack Vendor :STMicroelectronics X-CUBE-SAFEA1 1.2.2
2025-11-07 18:17:34,980 [INFO] ThirdParty:1030 - CMSIS Pack Vendor :STMicroelectronics X-CUBE-NFC4 3.0.0
2025-11-07 18:17:34,980 [INFO] ThirdParty:1030 - CMSIS Pack Vendor :STMicroelectronics X-CUBE-SUBG2 5.0.0
2025-11-07 18:17:34,980 [INFO] ThirdParty:1030 - CMSIS Pack Vendor :STMicroelectronics X-CUBE-AZRTOS-H7RS 1.1.0
2025-11-07 18:17:34,980 [INFO] ThirdParty:1030 - CMSIS Pack Vendor :STMicroelectronics STM32_WPAN 1.0.0
2025-11-07 18:17:34,980 [INFO] ThirdParty:1030 - CMSIS Pack Vendor :EmbeddedOffice I-CUBE-FS-RTOS 1.0.1
2025-11-07 18:17:34,980 [INFO] ThirdParty:1030 - CMSIS Pack Vendor :STMicroelectronics lwIP 2.0.3
2025-11-07 18:17:34,980 [INFO] ThirdParty:1030 - CMSIS Pack Vendor :STMicroelectronics USB_HOST 1.0.0
2025-11-07 18:17:34,980 [INFO] ThirdParty:1030 - CMSIS Pack Vendor :Infineon AIROC-Wi-Fi-Bluetooth-STM32 1.7.1
2025-11-07 18:17:34,980 [INFO] ThirdParty:1030 - CMSIS Pack Vendor :STMicroelectronics X-CUBE-AZRTOS-G4 2.0.0
2025-11-07 18:17:34,981 [INFO] ThirdParty:1030 - CMSIS Pack Vendor :STMicroelectronics X-CUBE-WB05N 2.0.0
2025-11-07 18:17:34,981 [INFO] ThirdParty:1030 - CMSIS Pack Vendor :STMicroelectronics PDM2PCM 3.1.0
2025-11-07 18:17:34,981 [INFO] ThirdParty:1030 - CMSIS Pack Vendor :STMicroelectronics PDM2PCM 3.3.0
2025-11-07 18:17:34,981 [INFO] ThirdParty:1030 - CMSIS Pack Vendor :wolfSSL I-CUBE-wolfTPM 3.8.0
2025-11-07 18:17:34,981 [INFO] ThirdParty:1030 - CMSIS Pack Vendor :STMicroelectronics X-CUBE-AZRTOS-H7 3.4.0
2025-11-07 18:17:34,981 [INFO] ThirdParty:1030 - CMSIS Pack Vendor :STMicroelectronics X-CUBE-DISPLAY 3.0.0
2025-11-07 18:17:34,981 [INFO] ThirdParty:1030 - CMSIS Pack Vendor :wolfSSL I-CUBE-wolfSSH 1.4.20
2025-11-07 18:17:34,981 [INFO] ThirdParty:1030 - CMSIS Pack Vendor :STMicroelectronics X-CUBE-NFC7 2.0.0
2025-11-07 18:17:34,981 [INFO] ThirdParty:1030 - CMSIS Pack Vendor :STMicroelectronics X-CUBE-TCPP 4.2.0
2025-11-07 18:17:34,981 [INFO] ThirdParty:1030 - CMSIS Pack Vendor :RealThread X-CUBE-RT-Thread_Nano 4.1.1
2025-11-07 18:17:34,981 [INFO] ThirdParty:1030 - CMSIS Pack Vendor :STMicroelectronics FP-ATR-SIGFOX1 3.2.0
2025-11-07 18:17:34,982 [INFO] ThirdParty:1030 - CMSIS Pack Vendor :STMicroelectronics X-CUBE-NFC10 1.0.0
2025-11-07 18:17:34,982 [INFO] ThirdParty:1030 - CMSIS Pack Vendor :STMicroelectronics X-CUBE-FREERTOS 1.3.1
2025-11-07 18:17:34,982 [INFO] ThirdParty:1030 - CMSIS Pack Vendor :STMicroelectronics HAL Drivers 0.0.0
2025-11-07 18:17:34,983 [INFO] ThirdParty:1030 - CMSIS Pack Vendor :STMicroelectronics MBEDTLS 2.16.2
2025-11-07 18:17:34,983 [INFO] ThirdParty:1030 - CMSIS Pack Vendor :STMicroelectronics X-CUBE-ST60 1.1.0
2025-11-07 18:17:34,983 [INFO] ThirdParty:1030 - CMSIS Pack Vendor :STMicroelectronics X-CUBE-ALS 1.0.2
2025-11-07 18:17:34,983 [INFO] ThirdParty:1030 - CMSIS Pack Vendor :emotas I-CUBE-CANOPEN 1.3.0
2025-11-07 18:17:34,983 [INFO] ThirdParty:1030 - CMSIS Pack Vendor :STMicroelectronics MBEDTLS 2.14.1
2025-11-07 18:17:34,983 [INFO] ThirdParty:1030 - CMSIS Pack Vendor :STMicroelectronics X-CUBE-GNSS1 7.1.0
2025-11-07 18:17:34,983 [INFO] ThirdParty:1030 - CMSIS Pack Vendor :ITTIA_DB I-CUBE-ITTIADB 8.9.0
2025-11-07 18:17:34,983 [INFO] ThirdParty:1030 - CMSIS Pack Vendor :STMicroelectronics X-CUBE-TOUCHGFX 4.26.0
2025-11-07 18:17:34,983 [INFO] ThirdParty:1030 - CMSIS Pack Vendor :STMicroelectronics X-CUBE-STSE01 1.0.0
2025-11-07 18:17:34,983 [INFO] ThirdParty:1030 - CMSIS Pack Vendor :STMicroelectronics X-CUBE-AI 10.2.0
2025-11-07 18:17:34,983 [INFO] ThirdParty:1030 - CMSIS Pack Vendor :STMicroelectronics FP-SNS-STAIOTCFT 1.0.0
2025-11-07 18:17:34,983 [INFO] ThirdParty:1030 - CMSIS Pack Vendor :STMicroelectronics ThreadX 1.0.0
2025-11-07 18:17:34,983 [INFO] ThirdParty:1030 - CMSIS Pack Vendor :STMicroelectronics FP-SNS-SMARTAG2 1.2.0
2025-11-07 18:17:34,983 [INFO] ThirdParty:1030 - CMSIS Pack Vendor :STMicroelectronics FP-SNS-FLIGHT1 5.1.0
2025-11-07 18:17:34,983 [INFO] ThirdParty:1030 - CMSIS Pack Vendor :STMicroelectronics X-CUBE-AZRTOS-WL 2.0.0
2025-11-07 18:17:34,983 [INFO] ThirdParty:1030 - CMSIS Pack Vendor :SEGGER I-CUBE-embOS 1.3.1
2025-11-07 18:17:34,983 [INFO] ThirdParty:1030 - CMSIS Pack Vendor :STMicroelectronics X-CUBE-ALGOBUILD 1.4.0
2025-11-07 18:17:34,983 [INFO] ThirdParty:1030 - CMSIS Pack Vendor :STMicroelectronics X-CUBE-DPower 1.3.0
2025-11-07 18:17:34,983 [INFO] ThirdParty:1030 - CMSIS Pack Vendor :STMicroelectronics X-CUBE-MEMS1 11.3.0
2025-11-07 18:17:34,983 [INFO] ThirdParty:1030 - CMSIS Pack Vendor :STMicroelectronics USB_DEVICE 1.0.0
2025-11-07 18:17:34,983 [INFO] ThirdParty:1030 - CMSIS Pack Vendor :STMicroelectronics X-CUBE-AZRTOS-L4 2.0.0
2025-11-07 18:17:34,983 [INFO] ThirdParty:1030 - CMSIS Pack Vendor :STMicroelectronics ThreadX 0.0.2
2025-11-07 18:17:34,983 [INFO] ThirdParty:1030 - CMSIS Pack Vendor :STMicroelectronics lwIP 2.1.2
2025-11-07 18:17:34,983 [INFO] ThirdParty:1030 - CMSIS Pack Vendor :STMicroelectronics X-CUBE-SFXS2LP1 4.0.0
2025-11-07 18:17:34,983 [INFO] ThirdParty:1030 - CMSIS Pack Vendor :STMicroelectronics X-CUBE-BLE2 3.3.0
2025-11-07 18:17:34,983 [INFO] ThirdParty:1030 - CMSIS Pack Vendor :STMicroelectronics X-CUBE-TOF1 3.4.3
2025-11-07 18:17:34,983 [INFO] ThirdParty:1030 - CMSIS Pack Vendor :STMicroelectronics PDM2PCM 3.2.0
2025-11-07 18:17:34,984 [INFO] ThirdParty:841 - exiting critical section [change project]
2025-11-07 18:17:35,246 [INFO] PinOutPanel:1589 - setPackage(No Configuration,No Configuration)
2025-11-07 18:17:35,248 [INFO] PinOutPanel:1589 - setPackage(STM32L476RGTx,LQFP64)
2025-11-07 18:17:35,765 [INFO] UtilMem:75 - Before build in PCC Used Memory: 967675864 Bytes (1073741824)
2025-11-07 18:17:36,102 [INFO] UtilMem:75 - After build in PCC Used Memory: 754236336 Bytes (1073741824)
2025-11-07 18:17:36,124 [INFO] IPUIPlugin:80 - create IPUIPlugin
2025-11-07 18:17:36,124 [INFO] IPUIPlugin:80 - create IPUIPlugin
2025-11-07 18:17:36,124 [INFO] IPUIPlugin:80 - create IPUIPlugin
2025-11-07 18:17:36,124 [INFO] IPUIPlugin:80 - create IPUIPlugin
2025-11-07 18:17:36,124 [INFO] IPUIPlugin:80 - create IPUIPlugin
2025-11-07 18:17:36,124 [INFO] IPUIPlugin:80 - create IPUIPlugin
2025-11-07 18:17:36,124 [INFO] IPUIPlugin:80 - create IPUIPlugin
2025-11-07 18:17:36,125 [INFO] IPUIPlugin:80 - create IPUIPlugin
2025-11-07 18:17:36,125 [INFO] IPUIPlugin:80 - create IPUIPlugin
2025-11-07 18:17:36,125 [INFO] IPUIPlugin:80 - create IPUIPlugin
2025-11-07 18:17:36,125 [INFO] IPUIPlugin:80 - create IPUIPlugin
2025-11-07 18:17:36,125 [INFO] IPUIPlugin:80 - create IPUIPlugin
2025-11-07 18:17:36,125 [INFO] IPUIPlugin:80 - create IPUIPlugin
2025-11-07 18:17:36,125 [INFO] IPUIPlugin:80 - create IPUIPlugin
2025-11-07 18:17:36,125 [INFO] IPUIPlugin:80 - create IPUIPlugin
2025-11-07 18:17:36,125 [INFO] IPUIPlugin:80 - create IPUIPlugin
2025-11-07 18:17:36,125 [INFO] IPUIPlugin:80 - create IPUIPlugin
2025-11-07 18:17:36,126 [INFO] IPUIPlugin:80 - create IPUIPlugin
2025-11-07 18:17:36,126 [INFO] IPUIPlugin:80 - create IPUIPlugin
2025-11-07 18:17:36,126 [INFO] IPUIPlugin:80 - create IPUIPlugin
2025-11-07 18:17:36,126 [INFO] IPUIPlugin:80 - create IPUIPlugin
2025-11-07 18:17:36,126 [INFO] IPUIPlugin:80 - create IPUIPlugin
2025-11-07 18:17:36,126 [INFO] IPUIPlugin:80 - create IPUIPlugin
2025-11-07 18:17:36,127 [INFO] IPUIPlugin:80 - create IPUIPlugin
2025-11-07 18:17:36,127 [INFO] IPUIPlugin:80 - create IPUIPlugin
2025-11-07 18:17:36,127 [INFO] IPUIPlugin:80 - create IPUIPlugin
2025-11-07 18:17:36,127 [INFO] IPUIPlugin:80 - create IPUIPlugin
2025-11-07 18:17:36,127 [INFO] IPUIPlugin:80 - create IPUIPlugin
2025-11-07 18:17:36,127 [INFO] IPUIPlugin:80 - create IPUIPlugin
2025-11-07 18:17:36,128 [INFO] IPUIPlugin:80 - create IPUIPlugin
2025-11-07 18:17:36,128 [INFO] IPUIPlugin:80 - create IPUIPlugin
2025-11-07 18:17:36,128 [INFO] IPUIPlugin:80 - create IPUIPlugin
2025-11-07 18:17:36,128 [INFO] IPUIPlugin:80 - create IPUIPlugin
2025-11-07 18:17:36,128 [INFO] IPUIPlugin:80 - create IPUIPlugin
2025-11-07 18:17:36,128 [INFO] IPUIPlugin:80 - create IPUIPlugin
2025-11-07 18:17:36,128 [INFO] IPUIPlugin:80 - create IPUIPlugin
2025-11-07 18:17:36,129 [INFO] IPUIPlugin:80 - create IPUIPlugin
2025-11-07 18:17:36,129 [INFO] IPUIPlugin:80 - create IPUIPlugin
2025-11-07 18:17:36,129 [INFO] IPUIPlugin:80 - create IPUIPlugin
2025-11-07 18:17:36,129 [INFO] IPUIPlugin:80 - create IPUIPlugin
2025-11-07 18:17:36,129 [INFO] IPUIPlugin:80 - create IPUIPlugin
2025-11-07 18:17:36,130 [INFO] IPUIPlugin:80 - create IPUIPlugin
2025-11-07 18:17:36,130 [INFO] IPUIPlugin:80 - create IPUIPlugin
2025-11-07 18:17:36,130 [INFO] IPUIPlugin:80 - create IPUIPlugin
2025-11-07 18:17:36,130 [INFO] IPUIPlugin:80 - create IPUIPlugin
2025-11-07 18:17:36,130 [INFO] IPUIPlugin:80 - create IPUIPlugin
2025-11-07 18:17:36,130 [INFO] IPUIPlugin:80 - create IPUIPlugin
2025-11-07 18:17:36,130 [INFO] IPUIPlugin:80 - create IPUIPlugin
2025-11-07 18:17:36,131 [INFO] IPUIPlugin:80 - create IPUIPlugin
2025-11-07 18:17:36,131 [INFO] IPUIPlugin:80 - create IPUIPlugin
2025-11-07 18:17:36,131 [INFO] IPUIPlugin:80 - create IPUIPlugin
2025-11-07 18:17:36,131 [INFO] IPUIPlugin:80 - create IPUIPlugin
2025-11-07 18:17:36,131 [INFO] IPUIPlugin:80 - create IPUIPlugin
2025-11-07 18:17:36,132 [INFO] IPUIPlugin:80 - create IPUIPlugin
2025-11-07 18:17:36,132 [INFO] IPUIPlugin:80 - create IPUIPlugin
2025-11-07 18:17:36,132 [INFO] IPUIPlugin:80 - create IPUIPlugin
2025-11-07 18:17:36,132 [INFO] IPUIPlugin:80 - create IPUIPlugin
2025-11-07 18:17:36,132 [INFO] IPUIPlugin:80 - create IPUIPlugin
2025-11-07 18:17:36,133 [INFO] IPUIPlugin:80 - create IPUIPlugin
2025-11-07 18:17:36,198 [INFO] CADModel:165 - CPN selected for project levelSTM32L476RGT3
2025-11-07 18:17:36,198 [INFO] CADModel:114 - Register for checkConnection events
2025-11-07 18:17:36,252 [INFO] OpenFileManager:385 - Restore cursor
2025-11-07 18:17:36,726 [INFO] UtilMem:75 - End SaveConfig() Used Memory: 909243624 Bytes (1073741824)
2025-11-07 18:17:36,814 [INFO] UtilMem:75 - End SaveConfig() Used Memory: 934238480 Bytes (1073741824)
2025-11-07 18:17:36,988 [INFO] BlockDiagram:2775 - set Specific Code input for plugin: SYS
2025-11-07 18:17:36,988 [INFO] BlockDiagram:2775 - set Specific Code input for plugin: RCC
2025-11-07 18:17:36,989 [INFO] BlockDiagram:2775 - set Specific Code input for plugin: NVIC
2025-11-07 18:17:36,989 [INFO] BlockDiagram:2775 - set Specific Code input for plugin: USART
2025-11-07 18:17:36,989 [INFO] BlockDiagram:2775 - set Specific Code input for plugin: GPIO
2025-11-07 18:17:36,993 [INFO] CodeGenerator:882 - code generatio: config db path: C:\ST\STM32CubeIDE_1.18.1\STM32CubeIDE\plugins\com.st.stm32cube.common.mx_6.14.1.202504091515\\db\
2025-11-07 18:17:37,170 [INFO] CodeEngine:263 - oldGeneratedFile, C:\stm32\sd_card_ultrasonic\MXTmpFiles\license.tmp_save
2025-11-07 18:17:37,513 [INFO] CodeEngine:287 - Generated code: C:\stm32\sd_card_ultrasonic\MXTmpFiles\license.tmp
2025-11-07 18:17:37,669 [INFO] CodeEngine:263 - oldGeneratedFile, C:\stm32\sd_card_ultrasonic\MXTmpFiles\gpio.tmp_save
2025-11-07 18:17:37,817 [INFO] CodeEngine:287 - Generated code: C:\stm32\sd_card_ultrasonic\MXTmpFiles\gpio.tmp
2025-11-07 18:17:37,908 [INFO] CodeEngine:263 - oldGeneratedFile, C:\stm32\sd_card_ultrasonic\Core\Src\stm32l4xx_it.c_save
2025-11-07 18:17:38,115 [INFO] CodeEngine:287 - Generated code: C:\stm32\sd_card_ultrasonic\Core\Src\stm32l4xx_it.c
2025-11-07 18:17:38,122 [INFO] CodeEngine:263 - oldGeneratedFile, C:\stm32\sd_card_ultrasonic\Core\Inc\stm32l4xx_it.h_save
2025-11-07 18:17:38,215 [INFO] CodeEngine:287 - Generated code: C:\stm32\sd_card_ultrasonic\Core\Inc\stm32l4xx_it.h
2025-11-07 18:17:38,237 [INFO] CodeEngine:263 - oldGeneratedFile, C:\stm32\sd_card_ultrasonic\Core\Src\stm32l4xx_hal_msp.c_save
2025-11-07 18:17:38,403 [INFO] CodeEngine:287 - Generated code: C:\stm32\sd_card_ultrasonic\Core\Src\stm32l4xx_hal_msp.c
2025-11-07 18:17:38,411 [INFO] CodeEngine:263 - oldGeneratedFile, C:\stm32\sd_card_ultrasonic\MXTmpFiles\system.tmp_save
2025-11-07 18:17:38,481 [INFO] CodeEngine:287 - Generated code: C:\stm32\sd_card_ultrasonic\MXTmpFiles\system.tmp
2025-11-07 18:17:38,497 [INFO] CodeEngine:319 - oldGeneratedFile, C:\stm32\sd_card_ultrasonic\Core\Inc\stm32l4xx_hal_conf.h_save
2025-11-07 18:17:38,575 [INFO] CodeEngine:343 - Generated code: C:\stm32\sd_card_ultrasonic\Core\Inc\stm32l4xx_hal_conf.h
2025-11-07 18:17:38,621 [INFO] ApiDbMcu:508 - Load IP Config File for USART2
2025-11-07 18:17:38,625 [INFO] ApiDbMcu:508 - Load IP Config File for RCC
2025-11-07 18:17:38,636 [INFO] CodeEngine:263 - oldGeneratedFile, C:\stm32\sd_card_ultrasonic\Core\Inc\main.h_save
2025-11-07 18:17:38,724 [INFO] CodeEngine:287 - Generated code: C:\stm32\sd_card_ultrasonic\Core\Inc\main.h
2025-11-07 18:17:38,730 [INFO] CodeEngine:263 - oldGeneratedFile, C:\stm32\sd_card_ultrasonic\Core\Src\main.c_save
2025-11-07 18:17:38,817 [INFO] CodeEngine:287 - Generated code: C:\stm32\sd_card_ultrasonic\Core\Src\main.c
2025-11-07 18:17:39,141 [ERROR] ProjectBuilder:7054 - Problem during Copy of File LICENSE.txt
2025-11-07 18:17:39,154 [ERROR] ProjectBuilder:7054 - Problem during Copy of File LICENSE.txt
2025-11-07 18:17:39,370 [INFO] ProjectBuilder:3324 - Time for Copy HAL[1] : 376mS.
2025-11-07 18:17:39,375 [INFO] ProjectBuilder:4912 - Project Generator version: 4.6.0.1-B1
2025-11-07 18:17:39,446 [INFO] ConfigFileManager:1590 - The Die is : DIE415
2025-11-07 18:17:39,450 [INFO] ApiDbMcu:508 - Load IP Config File for FATFS
2025-11-07 18:17:39,456 [INFO] ApiDbMcu:508 - Load IP Config File for FREERTOS
2025-11-07 18:17:39,466 [INFO] ApiDbMcu:508 - Load IP Config File for TOUCHSENSING
2025-11-07 18:17:39,472 [INFO] ApiDbMcu:508 - Load IP Config File for USB_DEVICE
2025-11-07 18:17:39,475 [INFO] ApiDbMcu:508 - Load IP Config File for USB_HOST
2025-11-07 18:17:42,131 [INFO] ProjectBuilder:5191 - Time for Generating toolchain IDE Files: 2755mS.
2025-11-07 18:17:42,133 [INFO] ProjectBuilder:3181 - Time for Copy CMSIS : 1mS.
2025-11-07 18:17:42,135 [INFO] ProjectBuilder:3181 - Time for Copy CMSIS : 0mS.
2025-11-07 18:17:42,877 [INFO] McuFinderGlobals:76 - Set McuFinderConnectedMode to true
2025-11-07 18:17:42,882 [INFO] ApiDb:448 - Save user favorites file C:\Users\siree/.stm32cubeide/favorites.mcus.txt: 0 item(s)
2025-11-07 18:17:42,882 [INFO] ApiDb:452 - User favorites MCUs=[]
2025-11-07 18:17:42,885 [INFO] ApiDb:448 - Save user favorites file C:\Users\siree/.stm32cubeide/favorites.boards.txt: 0 item(s)
2025-11-07 18:17:42,885 [INFO] ApiDb:452 - User favorites Boards=[]
2025-11-07 18:18:23,303 [INFO] UtilMem:75 - End SaveConfig() Used Memory: 791031832 Bytes (1073741824)
2025-11-07 18:18:25,463 [INFO] UtilMem:75 - End SaveConfig() Used Memory: 823015448 Bytes (1073741824)
2025-11-07 18:18:28,991 [INFO] UtilMem:75 - End SaveConfig() Used Memory: 949916320 Bytes (1073741824)
2025-11-07 18:18:29,230 [INFO] BlockDiagram:2775 - set Specific Code input for plugin: SPI
2025-11-07 18:18:29,230 [INFO] BlockDiagram:2775 - set Specific Code input for plugin: SYS
2025-11-07 18:18:29,230 [INFO] BlockDiagram:2775 - set Specific Code input for plugin: RCC
2025-11-07 18:18:29,230 [INFO] BlockDiagram:2775 - set Specific Code input for plugin: NVIC
2025-11-07 18:18:29,230 [INFO] BlockDiagram:2775 - set Specific Code input for plugin: USART
2025-11-07 18:18:29,231 [INFO] BlockDiagram:2775 - set Specific Code input for plugin: GPIO
2025-11-07 18:18:29,236 [INFO] CodeGenerator:882 - code generatio: config db path: C:\ST\STM32CubeIDE_1.18.1\STM32CubeIDE\plugins\com.st.stm32cube.common.mx_6.14.1.202504091515\\db\
2025-11-07 18:18:29,391 [INFO] CodeEngine:263 - oldGeneratedFile, C:\stm32\sd_card_ultrasonic\MXTmpFiles\license.tmp_save
2025-11-07 18:18:29,630 [INFO] CodeEngine:287 - Generated code: C:\stm32\sd_card_ultrasonic\MXTmpFiles\license.tmp
2025-11-07 18:18:29,722 [INFO] CodeEngine:263 - oldGeneratedFile, C:\stm32\sd_card_ultrasonic\MXTmpFiles\gpio.tmp_save
2025-11-07 18:18:29,893 [INFO] CodeEngine:287 - Generated code: C:\stm32\sd_card_ultrasonic\MXTmpFiles\gpio.tmp
2025-11-07 18:18:30,236 [INFO] CodeEngine:263 - oldGeneratedFile, C:\stm32\sd_card_ultrasonic\Core\Src\stm32l4xx_it.c_save
2025-11-07 18:18:30,376 [INFO] CodeEngine:287 - Generated code: C:\stm32\sd_card_ultrasonic\Core\Src\stm32l4xx_it.c
2025-11-07 18:18:30,386 [INFO] CodeEngine:263 - oldGeneratedFile, C:\stm32\sd_card_ultrasonic\Core\Inc\stm32l4xx_it.h_save
2025-11-07 18:18:30,502 [INFO] CodeEngine:287 - Generated code: C:\stm32\sd_card_ultrasonic\Core\Inc\stm32l4xx_it.h
2025-11-07 18:18:30,528 [INFO] CodeEngine:263 - oldGeneratedFile, C:\stm32\sd_card_ultrasonic\Core\Src\stm32l4xx_hal_msp.c_save
2025-11-07 18:18:30,662 [INFO] CodeEngine:287 - Generated code: C:\stm32\sd_card_ultrasonic\Core\Src\stm32l4xx_hal_msp.c
2025-11-07 18:18:30,672 [INFO] CodeEngine:263 - oldGeneratedFile, C:\stm32\sd_card_ultrasonic\MXTmpFiles\system.tmp_save
2025-11-07 18:18:30,740 [INFO] CodeEngine:287 - Generated code: C:\stm32\sd_card_ultrasonic\MXTmpFiles\system.tmp
2025-11-07 18:18:30,758 [INFO] CodeEngine:319 - oldGeneratedFile, C:\stm32\sd_card_ultrasonic\Core\Inc\stm32l4xx_hal_conf.h_save
2025-11-07 18:18:30,841 [INFO] CodeEngine:343 - Generated code: C:\stm32\sd_card_ultrasonic\Core\Inc\stm32l4xx_hal_conf.h
2025-11-07 18:18:30,874 [INFO] ApiDbMcu:508 - Load IP Config File for SPI2
2025-11-07 18:18:30,890 [INFO] CodeEngine:263 - oldGeneratedFile, C:\stm32\sd_card_ultrasonic\Core\Inc\main.h_save
2025-11-07 18:18:30,975 [INFO] CodeEngine:287 - Generated code: C:\stm32\sd_card_ultrasonic\Core\Inc\main.h
2025-11-07 18:18:30,988 [INFO] CodeEngine:263 - oldGeneratedFile, C:\stm32\sd_card_ultrasonic\Core\Src\main.c_save
2025-11-07 18:18:31,115 [INFO] CodeEngine:287 - Generated code: C:\stm32\sd_card_ultrasonic\Core\Src\main.c
2025-11-07 18:18:31,355 [ERROR] ProjectBuilder:7054 - Problem during Copy of File LICENSE.txt
2025-11-07 18:18:31,686 [INFO] ProjectBuilder:3324 - Time for Copy HAL[1] : 384mS.
2025-11-07 18:18:31,691 [INFO] ProjectBuilder:4912 - Project Generator version: 4.6.0.1-B1
2025-11-07 18:18:31,777 [INFO] ConfigFileManager:1590 - The Die is : DIE415
2025-11-07 18:18:32,462 [INFO] ProjectBuilder:5191 - Time for Generating toolchain IDE Files: 771mS.
2025-11-07 18:18:32,463 [INFO] ProjectBuilder:3181 - Time for Copy CMSIS : 1mS.
2025-11-07 18:18:32,465 [INFO] ProjectBuilder:3181 - Time for Copy CMSIS : 0mS.
2025-11-07 18:22:12,879 [INFO] MainUpdater:2872 - connection check result : 10
2025-11-07 18:22:13,053 [INFO] McuFinderGlobals:76 - Set McuFinderConnectedMode to true
2025-11-07 18:22:13,059 [INFO] MultiScanPanel:200 - Auto-refresh data requested => check proxy status ongoing
2025-11-07 18:22:13,064 [INFO] FinderPluginLoader:95 - Searching for filters in installed packs
2025-11-07 18:22:14,973 [INFO] LoadUrlFilesThread:185 - End of LoadServerUrlFiles without Thread
2025-11-07 18:22:14,973 [INFO] DetailPanel:341 - Set advertising image to C:/Users/siree/STM32Cube/Repository/\en.mcu-finder-stm32n6dk.jpg
2025-11-07 18:22:19,441 [INFO] MultiScanPanel:200 - Auto-refresh data requested => check proxy status ongoing
2025-11-07 18:22:19,503 [INFO] LoadUrlFilesThread:185 - End of LoadServerUrlFiles without Thread
2025-11-07 18:22:19,503 [INFO] DetailPanel:341 - Set advertising image to C:/Users/siree/STM32Cube/Repository/\en.mcu-finder-stm32n6dk.jpg
2025-11-07 18:22:51,875 [INFO] MainUpdater:2872 - connection check result : 10
2025-11-07 18:22:51,875 [INFO] MainUpdater:2872 - connection check result : 10
2025-11-07 18:22:51,957 [INFO] MicroXplorer:468 - Change Database Path : 
2025-11-07 18:22:51,958 [INFO] MicroXplorer:498 - Change Database Version : DB.6.0.141
2025-11-07 18:22:51,975 [ERROR] ProjectManagerView:395 - 
java.lang.NullPointerException: Cannot invoke "javax.swing.JTextField.getText()" because the return value of "java.util.List.get(int)" is null
	at com.st.microxplorer.plugins.projectmanager.gui.ProjectChoiceTab$9.caretUpdate(ProjectChoiceTab.java:2678) ~[filemanager.jar:?]
	at javax.swing.text.JTextComponent.fireCaretUpdate(JTextComponent.java:408) ~[?:?]
	at javax.swing.text.JTextComponent$MutableCaretEvent.fire(JTextComponent.java:4484) ~[?:?]
	at javax.swing.text.JTextComponent$MutableCaretEvent.stateChanged(JTextComponent.java:4506) ~[?:?]
	at javax.swing.text.DefaultCaret.fireStateChanged(DefaultCaret.java:857) ~[?:?]
	at javax.swing.text.DefaultCaret.changeCaretPosition(DefaultCaret.java:1343) ~[?:?]
	at javax.swing.text.DefaultCaret.handleSetDot(DefaultCaret.java:1242) ~[?:?]
	at javax.swing.text.DefaultCaret.setDot(DefaultCaret.java:1223) ~[?:?]
	at javax.swing.text.DefaultCaret$Handler.insertUpdate(DefaultCaret.java:1819) ~[?:?]
	at javax.swing.text.AbstractDocument.fireInsertUpdate(AbstractDocument.java:227) ~[?:?]
	at javax.swing.text.AbstractDocument.handleInsertString(AbstractDocument.java:781) ~[?:?]
	at javax.swing.text.AbstractDocument.insertString(AbstractDocument.java:740) ~[?:?]
	at javax.swing.text.PlainDocument.insertString(PlainDocument.java:131) ~[?:?]
	at javax.swing.text.AbstractDocument.replace(AbstractDocument.java:699) ~[?:?]
	at javax.swing.text.JTextComponent.setText(JTextComponent.java:1725) ~[?:?]
	at com.st.microxplorer.plugins.projectmanager.gui.ProjectChoiceTab.createHeapStackFields(ProjectChoiceTab.java:979) ~[filemanager.jar:?]
	at com.st.microxplorer.plugins.projectmanager.gui.ProjectChoiceTab.buildLinkSettingsPanel(ProjectChoiceTab.java:3766) ~[filemanager.jar:?]
	at com.st.microxplorer.plugins.projectmanager.gui.ProjectChoiceTab.defineWindowsFields(ProjectChoiceTab.java:1962) ~[filemanager.jar:?]
	at com.st.microxplorer.plugins.projectmanager.gui.ProjectChoiceTab.updateSettings(ProjectChoiceTab.java:555) ~[filemanager.jar:?]
	at com.st.microxplorer.plugins.projectmanager.gui.ProjectSettingsPanel.UpdateDialog(ProjectSettingsPanel.java:245) ~[filemanager.jar:?]
	at com.st.microxplorer.plugins.projectmanager.ProjectManagerView.propertyChange(ProjectManagerView.java:392) ~[filemanager.jar:?]
	at java.beans.PropertyChangeSupport.fire(PropertyChangeSupport.java:343) ~[?:?]
	at java.beans.PropertyChangeSupport.firePropertyChange(PropertyChangeSupport.java:335) ~[?:?]
	at java.beans.PropertyChangeSupport.firePropertyChange(PropertyChangeSupport.java:268) ~[?:?]
	at com.st.microxplorer.util.MXPropertyChangeSupport.firePropertyChange(MXPropertyChangeSupport.java:54) ~[STM32CubeMX.jar:?]
	at com.st.microxplorer.mxsystem.MxSystem.closeConfig(MxSystem.java:899) ~[STM32CubeMX.jar:?]
	at com.st.microxplorer.maingui.MainPanel.closeConfig(MainPanel.java:789) ~[STM32CubeMX.jar:?]
	at com.st.microxplorer.plugins.filemanager.engine.OpenFileManager.loadConfigurationFile(OpenFileManager.java:287) ~[filemanager.jar:?]
	at com.st.microxplorer.plugins.filemanager.engine.MainFileManager.userLoadConfig(MainFileManager.java:341) ~[filemanager.jar:?]
	at com.st.microxplorer.plugins.filemanager.FileManagerView.getSpecificTask(FileManagerView.java:250) ~[filemanager.jar:?]
	at com.st.stm32cube.common.mx.editor.CubeMxEditor.getMxTabbedPaneInstance(CubeMxEditor.java:1191) ~[com.st.stm32cube.common.mx_6.14.1.202504091515/:?]
	at com.st.stm32cube.common.mx.editor.CubeMxEditor$12$1.createSwingComponent(CubeMxEditor.java:1068) ~[com.st.stm32cube.common.mx_6.14.1.202504091515/:?]
	at com.st.stm32cube.common.mx.oss.core.awtswtbridge.EmbeddedSwingComposite.doComponentCreation(EmbeddedSwingComposite.java:492) ~[com.st.stm32cube.common.mx.oss_6.14.1.202504091515/:?]
	at com.st.stm32cube.common.mx.oss.core.awtswtbridge.EmbeddedSwingComposite$4.run(EmbeddedSwingComposite.java:291) ~[com.st.stm32cube.common.mx.oss_6.14.1.202504091515/:?]
	at com.st.stm32cube.common.mx.oss.core.awtswtbridge.AwtEnvironment$2.run(AwtEnvironment.java:166) ~[com.st.stm32cube.common.mx.oss_6.14.1.202504091515/:?]
	at java.awt.event.InvocationEvent.dispatch(InvocationEvent.java:318) ~[?:?]
	at java.awt.EventQueue.dispatchEventImpl(EventQueue.java:773) ~[?:?]
	at java.awt.EventQueue$4.run(EventQueue.java:720) ~[?:?]
	at java.awt.EventQueue$4.run(EventQueue.java:714) ~[?:?]
	at java.security.AccessController.doPrivileged(AccessController.java:400) ~[?:?]
	at java.security.ProtectionDomain$JavaSecurityAccessImpl.doIntersectionPrivilege(ProtectionDomain.java:87) ~[?:?]
	at java.awt.EventQueue.dispatchEvent(EventQueue.java:742) ~[?:?]
	at java.awt.EventDispatchThread.pumpOneEventForFilters(EventDispatchThread.java:203) ~[?:?]
	at java.awt.EventDispatchThread.pumpEventsForFilter(EventDispatchThread.java:124) ~[?:?]
	at java.awt.EventDispatchThread.pumpEventsForHierarchy(EventDispatchThread.java:113) ~[?:?]
	at java.awt.EventDispatchThread.pumpEvents(EventDispatchThread.java:109) ~[?:?]
	at java.awt.EventDispatchThread.pumpEvents(EventDispatchThread.java:101) ~[?:?]
	at java.awt.EventDispatchThread.run(EventDispatchThread.java:90) ~[?:?]
2025-11-07 18:22:51,977 [WARN] ThirdParty:871 - waiting for thirdparty lock release [close project]
2025-11-07 18:22:51,977 [INFO] ThirdParty:873 - entering critical section [close project]
2025-11-07 18:22:51,977 [INFO] ThirdParty:883 - exiting critical section [close project]
2025-11-07 18:22:51,980 [INFO] PinOutPanel:1589 - setPackage(No Configuration,No Configuration)
2025-11-07 18:22:51,987 [INFO] UtilMem:75 - Begin LoadConfig() Used Memory: 982143176 Bytes (1073741824)
2025-11-07 18:22:51,988 [INFO] OpenFileManager:354 - Change cursor
2025-11-07 18:22:52,061 [INFO] RulesReader:64 - Compatibility file has been processed (302 Rules)
2025-11-07 18:22:52,067 [INFO] ProjectFactory:442 - No CPN specified for board NUCLEO-L476RG => set CPN to STM32L476RGT3
2025-11-07 18:22:52,068 [INFO] Mcu:2011 - Initializing MCU STM32L476R(C-E-G)Tx STM32L476RGTx STM32L476RGT3
2025-11-07 18:22:53,929 [INFO] Context:756 - Trying to add GPIOservice into a context  which must be forbidden
2025-11-07 18:22:54,791 [INFO] Rule:225 - rule 117617 - U5Cobra4M][GTZC] default value MPCBB3 and MPCBB5 - Not Secured memory - MPCBB1 is applicable
2025-11-07 18:22:54,791 [INFO] Rule:225 - rule 117617 - U5Cobra4M][GTZC] default value MPCBB3 and MPCBB5 - Not Secured memory - MPCBB1 is applicable
2025-11-07 18:22:54,791 [INFO] Rule:225 - rule 117617 - U5Cobra4M][GTZC] default value MPCBB3 and MPCBB5 - Not Secured memory - MPCBB2 is applicable
2025-11-07 18:22:54,791 [INFO] Rule:225 - rule 117617 - U5Cobra4M][GTZC] default value MPCBB3 and MPCBB5 - Not Secured memory - MPCBB2 is applicable
2025-11-07 18:22:54,791 [INFO] Rule:225 - rule 117617 - U5Cobra4M][GTZC] default value MPCBB3 and MPCBB5 - Not Secured memory - MPCBB3 is applicable
2025-11-07 18:22:54,791 [INFO] Rule:225 - rule 117617 - U5Cobra4M][GTZC] default value MPCBB3 and MPCBB5 - Not Secured memory - MPCBB3 is applicable
2025-11-07 18:22:54,791 [INFO] Rule:225 - rule 117617 - U5Cobra4M][GTZC] default value MPCBB3 and MPCBB5 - Not Secured memory - MPCBB4 is applicable
2025-11-07 18:22:54,791 [INFO] Rule:225 - rule 117617 - U5Cobra4M][GTZC] default value MPCBB3 and MPCBB5 - Not Secured memory - MPCBB4 is applicable
2025-11-07 18:22:54,791 [INFO] Rule:225 - rule 117617 - U5Cobra4M][GTZC] default value MPCBB3 and MPCBB5 - Secured memory - MPCBB1 is applicable
2025-11-07 18:22:54,791 [INFO] Rule:225 - rule 117617 - U5Cobra4M][GTZC] default value MPCBB3 and MPCBB5 - Secured memory - MPCBB2 is applicable
2025-11-07 18:22:54,791 [INFO] Rule:225 - rule 117617 - U5Cobra4M][GTZC] default value MPCBB3 and MPCBB5 - Secured memory - MPCBB3 is applicable
2025-11-07 18:22:54,791 [INFO] Rule:225 - rule 117617 - U5Cobra4M][GTZC] default value MPCBB3 and MPCBB5 - Secured memory - MPCBB4 is applicable
2025-11-07 18:22:54,791 [INFO] Rule:225 - rule 117617 - U5Cobra4M][GTZC] default value MPCBB3 and MPCBB5 - Privileged memory - MPCBB1 is applicable
2025-11-07 18:22:54,791 [INFO] Rule:225 - rule 117617 - U5Cobra4M][GTZC] default value MPCBB3 and MPCBB5 - Privileged memory - MPCBB2 is applicable
2025-11-07 18:22:54,791 [INFO] Rule:225 - rule 117617 - U5Cobra4M][GTZC] default value MPCBB3 and MPCBB5 - Privileged memory - MPCBB3 is applicable
2025-11-07 18:22:54,791 [INFO] Rule:225 - rule 117617 - U5Cobra4M][GTZC] default value MPCBB3 and MPCBB5 - Privileged memory - MPCBB4 is applicable
2025-11-07 18:22:54,791 [INFO] Rule:225 - rule 117617 - U5Cobra4M][GTZC] default value MPCBB3 and MPCBB5 - Not Privileged memory - MPCBB1 is applicable
2025-11-07 18:22:54,791 [INFO] Rule:225 - rule 117617 - U5Cobra4M][GTZC] default value MPCBB3 and MPCBB5 - Not Privileged memory - MPCBB2 is applicable
2025-11-07 18:22:54,791 [INFO] Rule:225 - rule 117617 - U5Cobra4M][GTZC] default value MPCBB3 and MPCBB5 - Not Privileged memory - MPCBB3 is applicable
2025-11-07 18:22:54,791 [INFO] Rule:225 - rule 117617 - U5Cobra4M][GTZC] default value MPCBB3 and MPCBB5 - Not Privileged memory - MPCBB4 is applicable
2025-11-07 18:22:54,791 [INFO] Rule:225 - rule 117617 - U5Cobra4M][GTZC] default value MPCBB3 and MPCBB5 - Privileged memory - MPCBB1 is applicable
2025-11-07 18:22:54,792 [INFO] Rule:225 - rule 117617 - U5Cobra4M][GTZC] default value MPCBB3 and MPCBB5 - Privileged memory - MPCBB2 is applicable
2025-11-07 18:22:54,792 [INFO] Rule:225 - rule 117617 - U5Cobra4M][GTZC] default value MPCBB3 and MPCBB5 - Privileged memory - MPCBB3 is applicable
2025-11-07 18:22:54,792 [INFO] Rule:225 - rule 117617 - U5Cobra4M][GTZC] default value MPCBB3 and MPCBB5 - Privileged memory - MPCBB4 is applicable
2025-11-07 18:22:54,792 [INFO] Rule:225 - rule 117617 - U5Cobra4M][GTZC] default value MPCBB3 and MPCBB5 - Privileged memory - MPCBB1 is applicable
2025-11-07 18:22:54,792 [INFO] Rule:225 - rule 117617 - U5Cobra4M][GTZC] default value MPCBB3 and MPCBB5 - Privileged memory - MPCBB2 is applicable
2025-11-07 18:22:54,792 [INFO] Rule:225 - rule 117617 - U5Cobra4M][GTZC] default value MPCBB3 and MPCBB5 - Privileged memory - MPCBB3 is applicable
2025-11-07 18:22:54,792 [INFO] Rule:225 - rule 117617 - U5Cobra4M][GTZC] default value MPCBB3 and MPCBB5 - Privileged memory - MPCBB4 is applicable
2025-11-07 18:22:54,792 [INFO] Rule:225 - rule 117617 - U5Cobra4M][GTZC] default value MPCBB3 and MPCBB5 - Not Privileged memory - MPCBB1 is applicable
2025-11-07 18:22:54,792 [INFO] Rule:225 - rule 117617 - U5Cobra4M][GTZC] default value MPCBB3 and MPCBB5 - Not Privileged memory - MPCBB2 is applicable
2025-11-07 18:22:54,792 [INFO] Rule:225 - rule 117617 - U5Cobra4M][GTZC] default value MPCBB3 and MPCBB5 - Not Privileged memory - MPCBB3 is applicable
2025-11-07 18:22:54,792 [INFO] Rule:225 - rule 117617 - U5Cobra4M][GTZC] default value MPCBB3 and MPCBB5 - Not Privileged memory - MPCBB4 is applicable
2025-11-07 18:22:54,792 [INFO] Rule:225 - rule 117617 - U5Cobra4M][GTZC] default value MPCBB3 and MPCBB5 - Privileged memory - MPCBB1 is applicable
2025-11-07 18:22:54,792 [INFO] Rule:225 - rule 117617 - U5Cobra4M][GTZC] default value MPCBB3 and MPCBB5 - Privileged memory - MPCBB2 is applicable
2025-11-07 18:22:54,792 [INFO] Rule:225 - rule 117617 - U5Cobra4M][GTZC] default value MPCBB3 and MPCBB5 - Privileged memory - MPCBB3 is applicable
2025-11-07 18:22:54,792 [INFO] Rule:225 - rule 117617 - U5Cobra4M][GTZC] default value MPCBB3 and MPCBB5 - Privileged memory - MPCBB4 is applicable
2025-11-07 18:22:54,792 [INFO] Rule:225 - rule Rename SubGHz_Phy SUBGHZ_APPLICATION SUBGHZ_PINGPONG to SUBGHZ_ADV_APPLICATION is applicable
2025-11-07 18:22:54,792 [INFO] Rule:225 - rule Rename Enabled to IBEACON is applicable
2025-11-07 18:22:54,792 [INFO] Rule:225 - rule GTZC_S instance for project manager is applicable
2025-11-07 18:22:54,792 [INFO] Rule:225 - rule GTZC_S instance for context M33S is applicable
2025-11-07 18:22:54,792 [INFO] Rule:225 - rule GTZC_S instance value for IP GTZC is applicable
2025-11-07 18:22:54,792 [INFO] Rule:225 - rule GTZC_S instance for mcu.IP is applicable
2025-11-07 18:22:54,792 [INFO] Rule:225 - rule GTZC_S instance for VP is applicable
2025-11-07 18:22:54,792 [INFO] Rule:225 - rule GTZC_S instance for signal is applicable
2025-11-07 18:22:54,792 [INFO] Rule:225 - rule GTZC_S instance for mcu.Pin is applicable
2025-11-07 18:22:54,792 [INFO] Rule:225 - rule GTZC_S instance for VP is applicable
2025-11-07 18:22:54,792 [INFO] Rule:225 - rule GTZC_S instance for signal is applicable
2025-11-07 18:22:54,792 [INFO] Rule:225 - rule GTZC_S instance for mcu is applicable
2025-11-07 18:22:54,792 [INFO] Rule:225 - rule GTZC_S instance for mcu.Pin is applicable
2025-11-07 18:22:54,792 [INFO] Rule:225 - rule GTZC_S instance value for IP GTZC is applicable
2025-11-07 18:22:54,792 [INFO] Rule:225 - rule GTZC_S instance for project manager is applicable
2025-11-07 18:22:54,792 [INFO] Rule:225 - rule GTZC_S instance for context M33S is applicable
2025-11-07 18:22:54,792 [INFO] Rule:225 - rule GTZC_S instance for VP is applicable
2025-11-07 18:22:54,792 [INFO] Rule:225 - rule GTZC_S instance for signal is applicable
2025-11-07 18:22:54,792 [INFO] Rule:225 - rule SPDIFRX instance for mcu is applicable
2025-11-07 18:22:54,792 [INFO] Rule:225 - rule Rename Tracer Mode is applicable
2025-11-07 18:22:54,792 [INFO] Rule:225 - rule SPDIFRX instance value for IP SPDIFRX is applicable
2025-11-07 18:22:54,792 [INFO] Rule:225 - rule SPDIFRX instance for signal is applicable
2025-11-07 18:22:54,792 [INFO] Rule:225 - rule SPDIFRX instance for project manager is applicable
2025-11-07 18:22:54,792 [INFO] Rule:225 - rule SPDIFRX instance for project manager is applicable
2025-11-07 18:22:54,792 [INFO] Rule:225 - rule ADC Scan  fix with FW F7 is applicable
2025-11-07 18:22:54,792 [INFO] Rule:225 - rule ADC Scan  fix with FW F7 is applicable
2025-11-07 18:22:54,792 [INFO] Rule:225 - rule WakeUp0 Mode is applicable
2025-11-07 18:22:54,792 [INFO] Rule:225 - rule WakeUp0 SIGNAL is applicable
2025-11-07 18:22:54,793 [INFO] Rule:225 - rule WakeUp1 Mode is applicable
2025-11-07 18:22:54,793 [INFO] Rule:225 - rule WakeUp1 SIGNAL is applicable
2025-11-07 18:22:54,793 [INFO] Rule:225 - rule WakeUp2 Mode is applicable
2025-11-07 18:22:54,793 [INFO] Rule:225 - rule WakeUp2 SIGNAL is applicable
2025-11-07 18:22:54,793 [INFO] Rule:225 - rule WakeUp4 Mode is applicable
2025-11-07 18:22:54,793 [INFO] Rule:225 - rule WakeUp4 SIGNAL is applicable
2025-11-07 18:22:54,793 [INFO] Rule:225 - rule WakeUp5 Mode is applicable
2025-11-07 18:22:54,793 [INFO] Rule:225 - rule WakeUp5 SIGNAL is applicable
2025-11-07 18:22:54,793 [INFO] Rule:225 - rule Add RTC Activate Clock Source is applicable
2025-11-07 18:22:54,793 [INFO] Rule:225 - rule Add RTC Activate Calendar 1 is applicable
2025-11-07 18:22:54,793 [INFO] Rule:225 - rule Add RTC Activate Calendar 2 is applicable
2025-11-07 18:22:54,793 [INFO] Rule:225 - rule Add RTC Activate Calendar 3 is applicable
2025-11-07 18:22:54,793 [INFO] Rule:225 - rule UART/USART TX Mode is applicable
2025-11-07 18:22:54,793 [INFO] Rule:225 - rule UART/USART RX Mode is applicable
2025-11-07 18:22:54,793 [INFO] Rule:225 - rule UART/USART RX TX Mode is applicable
2025-11-07 18:22:54,793 [INFO] Rule:225 - rule UART/USART PARITY NONE is applicable
2025-11-07 18:22:54,793 [INFO] Rule:225 - rule UART/USART PARITY EVEN is applicable
2025-11-07 18:22:54,793 [INFO] Rule:225 - rule UART/USART PARITY ODD is applicable
2025-11-07 18:22:54,793 [INFO] Rule:225 - rule USART StopBits 1 is applicable
2025-11-07 18:22:54,793 [INFO] Rule:225 - rule USART StopBits 2 is applicable
2025-11-07 18:22:54,793 [INFO] Rule:225 - rule USART StopBits 1.5 is applicable
2025-11-07 18:22:54,793 [INFO] Rule:225 - rule USART StopBits 0.5 is applicable
2025-11-07 18:22:54,793 [INFO] Rule:225 - rule UART/USART WORD LENGTH 7 is applicable
2025-11-07 18:22:54,793 [INFO] Rule:225 - rule UART/USART WORD LENGTH 8 is applicable
2025-11-07 18:22:54,793 [INFO] Rule:225 - rule UART/USART WORD LENGTH 9 is applicable
2025-11-07 18:22:54,793 [INFO] Rule:225 - rule Rename FMC NAND NCE signal is applicable
2025-11-07 18:22:54,793 [INFO] Rule:225 - rule Rename FMC NAND INT signal is applicable
2025-11-07 18:22:54,793 [INFO] Rule:225 - rule Change Default Value for LSE Drive Capability for WB family is applicable
2025-11-07 18:22:54,793 [INFO] Rule:225 - rule Change Default Value for ADC Clock Prescaler G0 family is applicable
2025-11-07 18:22:54,793 [INFO] Rule:225 - rule Change Default Value for ADC ExternalTrigConv L4 family is applicable
2025-11-07 18:22:54,793 [INFO] Rule:225 - rule Change Default Value for ADC ExternalTrigInjecConv L4 family is applicable
2025-11-07 18:22:54,793 [INFO] Rule:225 - rule Change Default Value for ADC ExternalTrigConv F3 family is applicable
2025-11-07 18:22:54,793 [INFO] Rule:225 - rule Change Default Value for ADC ExternalTrigInjecConv F3 family is applicable
2025-11-07 18:22:54,793 [INFO] Rule:225 - rule Change Default Value for ADC ExternalTrigConv Goldfish serie is applicable
2025-11-07 18:22:54,793 [INFO] Rule:225 - rule Change Default Value for ADC ExternalTrigInjecConv Goldfish serie is applicable
2025-11-07 18:22:54,793 [INFO] Rule:225 - rule Change Default Value for ADC ExternalTrigConv L0 family is applicable
2025-11-07 18:22:54,793 [INFO] Rule:225 - rule Change Default Value for ADC ExternalTrigConv F0 family is applicable
2025-11-07 18:22:54,793 [INFO] Rule:225 - rule Change Default Value for ADC ExternalTrigConvn L1 family is applicable
2025-11-07 18:22:54,793 [INFO] Rule:225 - rule Change Default Value for ADC ExternalTrigInjecConv L1 family is applicable
2025-11-07 18:22:54,793 [INFO] Rule:225 - rule Change Default Value for ADC ExternalTrigConv F1 family is applicable
2025-11-07 18:22:54,793 [INFO] Rule:225 - rule Change Default Value for ADC ExternalTrigInjecConv F1 family is applicable
2025-11-07 18:22:54,793 [INFO] Rule:225 - rule Change Default Value for ADC ExternalTrigConv F7 family is applicable
2025-11-07 18:22:54,794 [INFO] Rule:225 - rule Change Default Value for ADC ExternalTrigInjecConv F7 family is applicable
2025-11-07 18:22:54,794 [INFO] Rule:225 - rule Change Default Value for ADC ExternalTrigConv F4 and F2 family is applicable
2025-11-07 18:22:54,794 [INFO] Rule:225 - rule Change Default Value for ADC ExternalTrigInjecConv F4 and F2 family is applicable
2025-11-07 18:22:54,794 [INFO] Rule:225 - rule ADC SamplingTime fix with FW L0  is applicable
2025-11-07 18:22:54,794 [INFO] Rule:225 - rule ADC SamplingTime fix with FW L0  is applicable
2025-11-07 18:22:54,794 [INFO] Rule:225 - rule ADC SamplingTime fix with FW L0 is applicable
2025-11-07 18:22:54,794 [INFO] Rule:225 - rule ADC SamplingTime fix with FW L0 is applicable
2025-11-07 18:22:54,794 [INFO] Rule:225 - rule ADC SamplingTime fix with FW L0  is applicable
2025-11-07 18:22:54,794 [INFO] Rule:225 - rule ADC SamplingTime fix with FW L0 is applicable
2025-11-07 18:22:54,794 [INFO] Rule:225 - rule Rename USB_OE Signal is applicable
2025-11-07 18:22:54,794 [INFO] Rule:225 - rule Rename Activate_OE Mode is applicable
2025-11-07 18:22:54,794 [INFO] Rule:225 - rule Rename DIE462/DIE415 pin PC14/OSC32_IN -> PC14-OSC32_IN (PC14) is applicable
2025-11-07 18:22:54,794 [INFO] Rule:225 - rule Rename DIE462/DIE415 pin PC15/OSC32_OUT -> PC15-OSC32_OUT (PC15) is applicable
2025-11-07 18:22:54,794 [INFO] Rule:225 - rule Rename DIE462/DIE415 pin PH0/OSC_IN -> PH0-OSC_IN (PH0) is applicable
2025-11-07 18:22:54,794 [INFO] Rule:225 - rule Rename DIE462/DIE415 pin PH1/OSC_OUT -> PH1-OSC_OUT (PH1) is applicable
2025-11-07 18:22:54,794 [INFO] Rule:225 - rule Rename DIE462 pin PA13 -> PA13 (JTMS/SWDIO) is applicable
2025-11-07 18:22:54,794 [INFO] Rule:225 - rule Rename DIE415 pin PA13 -> PA13 (JTMS/SWDIO) is applicable
2025-11-07 18:22:54,794 [INFO] Rule:225 - rule Rename DIE462 pin PA14 -> PA14 (JTCK/SWCLK) is applicable
2025-11-07 18:22:54,794 [INFO] Rule:225 - rule Rename DIE415 pin PA14 -> PA14 (JTCK/SWCLK) is applicable
2025-11-07 18:22:54,794 [INFO] Rule:225 - rule Rename DIE462/DIE415 pin PA15 -> PA15 (JTDI) is applicable
2025-11-07 18:22:54,794 [INFO] Rule:225 - rule Rename DIE462 pin PB3 -> PB3 (JTD0/TRACESWO) is applicable
2025-11-07 18:22:54,794 [INFO] Rule:225 - rule Rename DIE415 pin PB3 -> PB3 (JTD0-TRACESWO) is applicable
2025-11-07 18:22:54,794 [INFO] Rule:225 - rule Rename DIE462/DIE415 pin PB4 -> PB4 (NJTRST) is applicable
2025-11-07 18:22:54,794 [INFO] Rule:225 - rule Rename DIE462 pin PH3/BOOT0 -> PH3-BOOT0 (BOOT0) is applicable
2025-11-07 18:22:54,794 [INFO] Rule:225 - rule Rename CRYP DataEncryptionTypesList to Algorithm is applicable
2025-11-07 18:22:54,794 [INFO] Rule:225 - rule Rename AES DataEncryptionTypesList to Algorithm is applicable
2025-11-07 18:22:54,794 [INFO] Rule:225 - rule Rename TDESECB to CRYP_TDES_ECB is applicable
2025-11-07 18:22:54,794 [INFO] Rule:225 - rule Rename TDESCBC to CRYP_TDES_CBC is applicable
2025-11-07 18:22:54,794 [INFO] Rule:225 - rule Rename DESECB to CRYP_DES_ECB is applicable
2025-11-07 18:22:54,794 [INFO] Rule:225 - rule Rename DESCBC to CRYP_DES_CBC is applicable
2025-11-07 18:22:54,794 [INFO] Rule:225 - rule Rename AESECB to CRYP_AES_ECB is applicable
2025-11-07 18:22:54,794 [INFO] Rule:225 - rule Rename AESCBC to CRYP_AES_CBC is applicable
2025-11-07 18:22:54,794 [INFO] Rule:225 - rule Rename AESCTR to CRYP_AES_CTR is applicable
2025-11-07 18:22:54,794 [INFO] Rule:225 - rule Rename AESGCM to CRYP_AES_GCM is applicable
2025-11-07 18:22:54,794 [INFO] Rule:225 - rule Rename AESCCM to CRYP_AES_CCM is applicable
2025-11-07 18:22:54,794 [INFO] Rule:225 - rule Rename CAN TimeSeg1 to BS1 is applicable
2025-11-07 18:22:54,794 [INFO] Rule:225 - rule Rename CAN TimeSeg2 to BS2 is applicable
2025-11-07 18:22:54,794 [INFO] Rule:225 - rule Rename CAN SyncJumpWidth to SJW is applicable
2025-11-07 18:22:54,795 [INFO] Rule:225 - rule TimeTriggeredMode to TTCM is applicable
2025-11-07 18:22:54,795 [INFO] Rule:225 - rule Rename CAN AutoBusOff to ABOM is applicable
2025-11-07 18:22:54,795 [INFO] Rule:225 - rule Rename CAN AutoWakeUp to AWUM is applicable
2025-11-07 18:22:54,795 [INFO] Rule:225 - rule Rename CAN AutoRetransmission to NART is applicable
2025-11-07 18:22:54,795 [INFO] Rule:225 - rule Rename CAN ReceiveFifoLocked to RFLM is applicable
2025-11-07 18:22:54,795 [INFO] Rule:225 - rule Rename CAN TransmitFifoPriority to TXFP is applicable
2025-11-07 18:22:54,795 [INFO] Rule:225 - rule Rename HRTIMER HRTIM_OUTPUTFAULTLEVEL_HIGH in HRTIMER HRTIM_OUTPUTFAULTLEVEL_HIGHZ is applicable
2025-11-07 18:22:54,795 [INFO] Rule:225 - rule Rename TIMER TIM_CLEARINPUTSOURCE_OCREFCLR in  TIMER TIM_CLEARINPUTSOURCE_NONE for F7 family is applicable
2025-11-07 18:22:54,795 [INFO] Rule:225 - rule FDCAN_R1 - Rename FDCAN mode Master into Classic is applicable
2025-11-07 18:22:54,795 [INFO] Rule:225 - rule FDCAN_R2 - Rename FDCAN mode Slave into Classic is applicable
2025-11-07 18:22:54,795 [INFO] Rule:225 - rule FDCAN1_R3 - if PA10.Mode=FullDuplex, add Pin PA12 is applicable
2025-11-07 18:22:54,795 [INFO] Rule:225 - rule FDCAN1_R3 - if PA9.Mode=FullDuplex, add Pin PA11 is applicable
2025-11-07 18:22:54,795 [INFO] Rule:225 - rule FDCAN1_R3 - Alternatepin_1 - if PE1.Mode=FullDuplex, add Pin PB9 is applicable
2025-11-07 18:22:54,795 [INFO] Rule:225 - rule FDCAN1_R3 - Alternatepin_1 - if PE0.Mode=FullDuplex, add Pin PB8 is applicable
2025-11-07 18:22:54,795 [INFO] Rule:225 - rule FDCAN1_R3 - Alternatepin_2 - if PD5.Mode=FullDuplex, add Pin PD1 is applicable
2025-11-07 18:22:54,795 [INFO] Rule:225 - rule FDCAN1_R3 - Alternatepin_2 - if PD4.Mode=FullDuplex, add Pin PD0 is applicable
2025-11-07 18:22:54,795 [INFO] Rule:225 - rule FDCAN1_R4 - Rename Mode FullDuplex into Enable FDCAN_TXFD for pin PA10 is applicable
2025-11-07 18:22:54,795 [INFO] Rule:225 - rule FDCAN1_R4 - Rename Mode FullDuplex into Enable FDCAN_TXFD for pin PA9 is applicable
2025-11-07 18:22:54,795 [INFO] Rule:225 - rule FDCAN1_R4 - Alternatepin_1 - Rename Mode FullDuplex into Enable FDCAN_TXFD for pin PE1 is applicable
2025-11-07 18:22:54,795 [INFO] Rule:225 - rule FDCAN1_R4 - Alternatepin_1 - Rename Mode FullDuplex into Enable FDCAN_TXFD for pin PE0 is applicable
2025-11-07 18:22:54,795 [INFO] Rule:225 - rule FDCAN1_R4 - Alternatepin_2 - Rename Mode FullDuplex into Enable FDCAN_TXFD for pin PD5 is applicable
2025-11-07 18:22:54,795 [INFO] Rule:225 - rule FDCAN1_R4 - Alternatepin_2 - Rename Mode FullDuplex into Enable FDCAN_TXFD for pin PD4 is applicable
2025-11-07 18:22:54,795 [INFO] Rule:225 - rule FDCAN2_R3 - if PD10.Mode=FullDuplex, add Pin PB13 is applicable
2025-11-07 18:22:54,795 [INFO] Rule:225 - rule FDCAN2_R3 - if PD9.Mode=FullDuplex, add Pin PB12 is applicable
2025-11-07 18:22:54,795 [INFO] Rule:225 - rule FDCAN2_R3 - Alternatepin_1 - if PB7.Mode=FullDuplex, add Pin PB6 is applicable
2025-11-07 18:22:54,795 [INFO] Rule:225 - rule FDCAN2_R3 - Alternatepin_1 - if PD9.Mode=FullDuplex, add Pin PB12 is applicable
2025-11-07 18:22:54,795 [INFO] Rule:225 - rule FDCAN2_R4 - Rename Mode FullDuplex into Enable FDCAN_TXFD for pin PD10 is applicable
2025-11-07 18:22:54,795 [INFO] Rule:225 - rule FDCAN2_R4 - Rename Mode FullDuplex into Enable FDCAN_TXFD for pin PD9 is applicable
2025-11-07 18:22:54,795 [INFO] Rule:225 - rule FDCAN2_R4 - Alternatepin_1 - Rename Mode FullDuplex into Enable FDCAN_TXFD for pin PB7 is applicable
2025-11-07 18:22:54,796 [INFO] Rule:225 - rule FDCAN2_R4 - Alternatepin_1 - Rename Mode FullDuplex into Enable FDCAN_TXFD for pin PD6 is applicable
2025-11-07 18:22:54,796 [INFO] Rule:225 - rule USART TxPinLevelInvertParam Mode is applicable
2025-11-07 18:22:54,796 [INFO] Rule:225 - rule USART RxPinLevelInvertParam Mode is applicable
2025-11-07 18:22:54,796 [INFO] Rule:225 - rule USART DataInvertParam Mode is applicable
2025-11-07 18:22:54,796 [INFO] Rule:225 - rule USART SwapParam Mode is applicable
2025-11-07 18:22:54,796 [INFO] Rule:225 - rule USART OverrunDisableParam Mode is applicable
2025-11-07 18:22:54,796 [INFO] Rule:225 - rule USART DMADisableonRxErrorParam Mode is applicable
2025-11-07 18:22:54,796 [INFO] Rule:225 - rule USART MSBFirstParam Mode is applicable
2025-11-07 18:22:54,796 [INFO] Rule:225 - rule Update MwName for USB_DEVICE is applicable
2025-11-07 18:22:54,796 [INFO] Rule:225 - rule Change PWR_Regulator_Voltage_Scale Default Value for RCC  H7 family is applicable
2025-11-07 18:22:54,796 [INFO] Rule:225 - rule UART/USART IPParameter rename Prescaler parameter to ClockPrescaler is applicable
2025-11-07 18:22:54,796 [INFO] Rule:225 - rule UART/USART Prescaler rename Prescaler parameter to ClockPrescaler is applicable
2025-11-07 18:22:54,796 [INFO] Rule:225 - rule TIM1CLockSelection is applicable
2025-11-07 18:22:54,796 [INFO] Rule:225 - rule TIM15CLockSelection is applicable
2025-11-07 18:22:54,796 [INFO] Rule:225 - rule align RCC SDMMC3CLockSelection default value on MP1 is applicable
2025-11-07 18:22:54,796 [INFO] Rule:225 - rule align RCC SDMMC12CLockSelection default value on MP1 is applicable
2025-11-07 18:22:54,796 [INFO] Rule:225 - rule align RCC QSPICLockSelection default value on MP1 is applicable
2025-11-07 18:22:54,796 [INFO] Rule:225 - rule align RCC QSPICLockSelection default value on MP1 is applicable
2025-11-07 18:22:54,796 [INFO] Rule:225 - rule align RCC SPI6CLockSelection default value on MP1 is applicable
2025-11-07 18:22:54,796 [INFO] Rule:225 - rule align RCC LPTIM23CLockSelection default value on MP1 is applicable
2025-11-07 18:22:54,796 [INFO] Rule:225 - rule align RCC LPTIM1CLockSelection default value on MP1 is applicable
2025-11-07 18:22:54,796 [INFO] Rule:225 - rule align RCC USART1CLockSelection default value on MP1 is applicable
2025-11-07 18:22:54,796 [INFO] Rule:225 - rule align RCC USART24CLockSelection default value on MP1 is applicable
2025-11-07 18:22:54,796 [INFO] Rule:225 - rule align RCC USART6CLockSelection default value on MP1 is applicable
2025-11-07 18:22:54,796 [INFO] Rule:225 - rule align RCC UART78CLockSelection default value on MP1 is applicable
2025-11-07 18:22:54,796 [INFO] Rule:225 - rule align RCC USART35CLockSelection default value on MP1 is applicable
2025-11-07 18:22:54,796 [INFO] Rule:225 - rule align RCC SPI45CLockSelection default value on MP1 is applicable
2025-11-07 18:22:54,796 [INFO] Rule:225 - rule align RCC I2C46CLockSelection BCLK value on MP1 is applicable
2025-11-07 18:22:54,796 [INFO] Rule:225 - rule align RCC SPI45CLockSelection default value on MP1 is applicable
2025-11-07 18:22:54,796 [INFO] Rule:225 - rule align RCC I2C12CLockSelection default value on MP1 is applicable
2025-11-07 18:22:54,796 [INFO] Rule:225 - rule align RCC I2C35CLockSelection default value on MP1 is applicable
2025-11-07 18:22:54,797 [INFO] Rule:225 - rule align RCC LPTIM45CLockSelection default value on MP1 is applicable
2025-11-07 18:22:54,797 [INFO] Rule:225 - rule Rename DCMI PIXCK signal is applicable
2025-11-07 18:22:54,797 [INFO] Rule:225 - rule Change Default Value for I2C46CLockSelection MP1 family is applicable
2025-11-07 18:22:54,797 [INFO] Rule:225 - rule Change Default Value for UART for G4, G0 and WB families is applicable
2025-11-07 18:22:54,797 [INFO] Rule:225 - rule Change Default Value for USART for G4, G0 and WB families is applicable
2025-11-07 18:22:54,797 [INFO] Rule:225 - rule Change Default Value for USART for G4 family is applicable
2025-11-07 18:22:54,797 [INFO] Rule:225 - rule Change USART1CLockSelection refparam name for MP1 is applicable
2025-11-07 18:22:54,797 [INFO] Rule:225 - rule Change USART2CLockSelection refparam name for MP1 is applicable
2025-11-07 18:22:54,797 [INFO] Rule:225 - rule Change USART3CLockSelection refparam name for MP1 is applicable
2025-11-07 18:22:54,797 [INFO] Rule:225 - rule Change UART4CLockSelection refparam name for MP1 is applicable
2025-11-07 18:22:54,797 [INFO] Rule:225 - rule Change UART5CLockSelection refparam name for MP1 is applicable
2025-11-07 18:22:54,797 [INFO] Rule:225 - rule Change LPUART1CLockSelection refparam name for MP1 is applicable
2025-11-07 18:22:54,797 [INFO] Rule:225 - rule Change LPTIM1CLockSelection refparam name for MP1 is applicable
2025-11-07 18:22:54,797 [INFO] Rule:225 - rule Change LPTIM2CLockSelection refparam name for MP1 is applicable
2025-11-07 18:22:54,797 [INFO] Rule:225 - rule Change RCC_MCO1Source refparam name for MP1 is applicable
2025-11-07 18:22:54,797 [INFO] Rule:225 - rule Change LSCOSource1 refparam name for MP1 is applicable
2025-11-07 18:22:54,797 [INFO] Rule:225 - rule Change SMPSCLockSelection refparam name for MP1 is applicable
2025-11-07 18:22:54,797 [INFO] Rule:225 - rule Change LPTIM3CLockSelection refparam name for MP1 is applicable
2025-11-07 18:22:54,797 [INFO] Rule:225 - rule Change MPCBB* Default Template Mode to Parameters is applicable
2025-11-07 18:22:54,797 [INFO] Rule:225 - rule Change MPCWM* or MPCBB* Secure Mode to Parameters is applicable
2025-11-07 18:22:54,797 [INFO] Rule:225 - rule Change MPCWM* or MPCBB* No Secure Mode to Parameters is applicable
2025-11-07 18:22:54,797 [INFO] Rule:225 - rule Change TZSC IP Secure Mode to Parameters is applicable
2025-11-07 18:22:54,797 [INFO] Rule:225 - rule Change TZSC IP No Secure Mode to Parameters is applicable
2025-11-07 18:22:54,797 [INFO] Rule:225 - rule Change TZSC IP Privilege Mode to Parameters is applicable
2025-11-07 18:22:54,797 [INFO] Rule:225 - rule Change TZSC IP No Privilege Mode to Parameters is applicable
2025-11-07 18:22:54,797 [INFO] Rule:225 - rule Change TZIC IT Secure Mode to Parameters is applicable
2025-11-07 18:22:54,797 [INFO] Rule:225 - rule Change TZIC IT No Secure Mode to Parameters is applicable
2025-11-07 18:22:54,797 [INFO] Rule:225 - rule Add MPCBB1_NonSecureArea_Start_Address value with referenced to MPCBB1_NonSecureArea_Start value is applicable
2025-11-07 18:22:54,797 [INFO] Rule:225 - rule Add MPCBB2_NonSecureArea_Start_Address value with referenced to MPCBB2_NonSecureArea_Start value is applicable
2025-11-07 18:22:54,797 [INFO] Rule:225 - rule Add MPCWM1_NonSecureArea*_Start_Address value with referenced to MPCWM1_NonSecureArea*_Start value is applicable
2025-11-07 18:22:54,797 [INFO] Rule:225 - rule Add MPCWM2_NonSecureArea*_Start_Address value with referenced to MPCWM2_NonSecureArea*_Start value is applicable
2025-11-07 18:22:54,797 [INFO] Rule:225 - rule Add MPCWM3_NonSecureArea_Start_Address value with referenced to MPCWM3_NonSecureArea_Start value is applicable
2025-11-07 18:22:54,797 [INFO] Rule:225 - rule Change Default Value for PLL1UserDefinedConfig is applicable
2025-11-07 18:22:54,797 [INFO] Rule:225 - rule Change GPIO_PuPd Default Value for USART in async mode is applicable
2025-11-07 18:22:54,797 [INFO] Rule:225 - rule Change SMPSDivider Default Value is applicable
2025-11-07 18:22:54,798 [INFO] Rule:225 - rule OPAMP is applicable
2025-11-07 18:22:54,798 [INFO] Rule:225 - rule LPUART IPParameter rename Prescaler parameter to ClockPrescaler for STM32H7 is applicable
2025-11-07 18:22:54,798 [INFO] Rule:225 - rule LPUART IPParameter rename Prescaler parameter to ClockPrescaler for STM32H7 is applicable
2025-11-07 18:22:54,798 [INFO] Rule:225 - rule LPUART IPParameter rename Prescaler parameter to ClockPrescaler for STM32WB is applicable
2025-11-07 18:22:54,798 [INFO] Rule:225 - rule LPUART IPParameter rename Prescaler parameter to ClockPrescaler for STM32WB is applicable
2025-11-07 18:22:54,798 [INFO] Rule:225 - rule LPUART IPParameter rename Prescaler parameter to ClockPrescaler for STM32G4 is applicable
2025-11-07 18:22:54,798 [INFO] Rule:225 - rule LPUART IPParameter rename Prescaler parameter to ClockPrescaler for STM32G4 is applicable
2025-11-07 18:22:54,798 [INFO] Rule:225 - rule LPUART IPParameter rename Prescaler parameter to ClockPrescaler for STM32L5 is applicable
2025-11-07 18:22:54,798 [INFO] Rule:225 - rule LPUART IPParameter rename Prescaler parameter to ClockPrescaler for STM32L5 is applicable
2025-11-07 18:22:54,798 [INFO] Rule:225 - rule LPUART IPParameter rename Prescaler parameter to ClockPrescaler for STM32G4 is applicable
2025-11-07 18:22:54,798 [INFO] Rule:225 - rule LPUART IPParameter rename Prescaler parameter to ClockPrescaler for STM32G4 is applicable
2025-11-07 18:22:54,798 [INFO] Rule:225 - rule USB device lib V2.5.3 for L0 rename USBD_SUPPORT_USER_STRING parameter to USBD_SUPPORT_USER_STRING_DESC4 is applicable
2025-11-07 18:22:54,798 [INFO] Rule:225 - rule I2SCLockSelection clock entry align is applicable
2025-11-07 18:22:54,798 [INFO] Rule:225 - rule Assign TIMx context if used as SYS timebase is applicable
2025-11-07 18:22:54,798 [INFO] Rule:225 - rule Change GPIO_Pu Default Value for I2C is applicable
2025-11-07 18:22:54,798 [INFO] Rule:225 - rule Change GPIO_Pu Default Value for SMBus is applicable
2025-11-07 18:22:54,798 [INFO] Rule:225 - rule change FDCAN default value is applicable
2025-11-07 18:22:54,798 [INFO] Rule:225 - rule Change mode sai is applicable
2025-11-07 18:22:54,798 [INFO] Rule:225 - rule **Change sai mode is applicable
2025-11-07 18:22:54,798 [INFO] Rule:225 - rule Rename STM32WPAN CFG_BLE_IRK to CFG_BLE_IR is applicable
2025-11-07 18:22:54,798 [INFO] Rule:225 - rule Rename STM32WPAN CFG_BLE_ERK to CFG_BLE_ER is applicable
2025-11-07 18:22:54,798 [INFO] Rule:225 - rule Rename STM32WPAN CFG_BLE_IRK_HEX to CFG_BLE_IR_HEX is applicable
2025-11-07 18:22:54,798 [INFO] Rule:225 - rule Rename STM32WPAN CFG_BLE_ERK_HEX to CFG_BLE_ER_HEX is applicable
2025-11-07 18:22:54,798 [INFO] Rule:225 - rule Adapt Old IOC before rework replace old CORTEX_M33/CORTEX_M55 attributes by the new one. is applicable
2025-11-07 18:22:54,798 [INFO] Rule:225 - rule Rename parametre of RCC RCC_APBDBG_DIV2 to RCC_TIMPRES_DIV2 is applicable
2025-11-07 18:22:54,798 [INFO] Rule:225 - rule Rename DIE493 pin PA10 [PA12] -> PA10 is applicable
2025-11-07 18:22:54,798 [INFO] Rule:225 - rule Rename DIE493 pin PA9 [PA11] -> PA9 is applicable
2025-11-07 18:22:54,798 [INFO] Rule:225 - rule Adapt Old IOC CSI. is applicable
2025-11-07 18:22:54,812 [INFO] DbConfProperties:307 - Apply Compatibility (49/267 Rules)
2025-11-07 18:22:54,827 [INFO] ImportTextPane:218 - (OptionalMessage_ERROR) Unable to find key (Mcu.ThirdPartyNb) in loaded IOC file
2025-11-07 18:22:54,829 [INFO] ImportTextPane:218 - (OptionalMessage_ERROR) Pin12 (VP_RIF_VS_RIF1) cannot be retrieved for this MCU
2025-11-07 18:22:54,909 [INFO] RtosManager:558 - Registered RTOS mode: class=CMSIS, group=RTOS, mode=CMSIS_V1, owner=FREERTOS
2025-11-07 18:22:54,909 [INFO] RtosManager:558 - Registered RTOS mode: class=CMSIS, group=RTOS2, mode=CMSIS_V2, owner=FREERTOS
2025-11-07 18:22:54,909 [INFO] RtosManager:558 - Registered RTOS mode: class=RTOS, group=Core, mode=CMSIS_V1, owner=FREERTOS
2025-11-07 18:22:54,909 [INFO] RtosManager:558 - Registered RTOS mode: class=RTOS, group=Core, mode=CMSIS_V2, owner=FREERTOS
2025-11-07 18:22:54,909 [WARN] ModelIntegratedComponent:184 - Missing modes for component STMicroelectronics:FreeRTOS:0.0.1:STMicroelectronics:RTOS:FreeRTOS:Core:::10.2.0:
2025-11-07 18:22:54,931 [WARN] ModelIntegratedComponent:63 - No mode defined for component null
2025-11-07 18:22:54,931 [WARN] ModelIntegratedComponent:63 - No mode defined for component null
2025-11-07 18:22:54,931 [WARN] ModelIntegratedComponent:63 - No mode defined for component null
2025-11-07 18:22:54,931 [WARN] ModelIntegratedComponent:63 - No mode defined for component null
2025-11-07 18:22:54,931 [WARN] ModelIntegratedComponent:63 - No mode defined for component null
2025-11-07 18:22:54,931 [WARN] ModelIntegratedComponent:63 - No mode defined for component null
2025-11-07 18:22:54,931 [WARN] ModelIntegratedComponent:63 - No mode defined for component null
2025-11-07 18:22:54,931 [WARN] ModelIntegratedComponent:63 - No mode defined for component null
2025-11-07 18:22:54,931 [WARN] ModelIntegratedComponent:63 - No mode defined for component null
2025-11-07 18:22:54,931 [WARN] ModelIntegratedComponent:63 - No mode defined for component null
2025-11-07 18:22:54,931 [WARN] ModelIntegratedComponent:63 - No mode defined for component null
2025-11-07 18:22:54,931 [WARN] ModelIntegratedComponent:63 - No mode defined for component null
2025-11-07 18:22:54,931 [WARN] ModelIntegratedComponent:63 - No mode defined for component null
2025-11-07 18:22:54,931 [WARN] ModelIntegratedComponent:63 - No mode defined for component null
2025-11-07 18:22:54,932 [WARN] ModelIntegratedComponent:63 - No mode defined for component null
2025-11-07 18:22:54,932 [WARN] ModelIntegratedComponent:63 - No mode defined for component null
2025-11-07 18:22:54,932 [WARN] ModelIntegratedComponent:63 - No mode defined for component null
2025-11-07 18:22:54,932 [WARN] ModelIntegratedComponent:63 - No mode defined for component null
2025-11-07 18:22:54,932 [WARN] ModelIntegratedComponent:63 - No mode defined for component null
2025-11-07 18:22:54,932 [WARN] ModelIntegratedComponent:63 - No mode defined for component null
2025-11-07 18:22:54,932 [WARN] ModelIntegratedComponent:63 - No mode defined for component null
2025-11-07 18:22:54,932 [WARN] ModelIntegratedComponent:63 - No mode defined for component null
2025-11-07 18:22:54,932 [WARN] ModelIntegratedComponent:63 - No mode defined for component null
2025-11-07 18:22:54,932 [WARN] ModelIntegratedComponent:63 - No mode defined for component null
2025-11-07 18:22:54,932 [WARN] ModelIntegratedComponent:63 - No mode defined for component null
2025-11-07 18:22:54,932 [WARN] ModelIntegratedComponent:63 - No mode defined for component null
2025-11-07 18:22:54,932 [WARN] ModelIntegratedComponent:63 - No mode defined for component null
2025-11-07 18:22:54,932 [WARN] ModelIntegratedComponent:63 - No mode defined for component null
2025-11-07 18:22:54,932 [WARN] ModelIntegratedComponent:63 - No mode defined for component null
2025-11-07 18:22:54,932 [WARN] ModelIntegratedComponent:63 - No mode defined for component null
2025-11-07 18:22:54,932 [WARN] ModelIntegratedComponent:63 - No mode defined for component null
2025-11-07 18:22:54,932 [WARN] ModelIntegratedComponent:63 - No mode defined for component null
2025-11-07 18:22:54,932 [WARN] ModelIntegratedComponent:63 - No mode defined for component null
2025-11-07 18:22:54,932 [WARN] ModelIntegratedComponent:63 - No mode defined for component null
2025-11-07 18:22:54,932 [WARN] ModelIntegratedComponent:63 - No mode defined for component null
2025-11-07 18:22:54,932 [WARN] ModelPack:524 - Component already loaded: STMicroelectronics:HAL Drivers:0.0.0:STMicroelectronics:Device:STMicro_Driver:XSPI:HAL::0.0.1:HAL_XSPI
2025-11-07 18:22:55,044 [INFO] ThirdPartyModel:298 - Start build external matchings
2025-11-07 18:22:55,569 [INFO] ThirdPartyModel:316 - End build external matchings
2025-11-07 18:22:55,598 [INFO] ImportTextPane:218 - (OptionalMessage_ERROR) IP (RCC) : Invalid parameter (FamilyName)
2025-11-07 18:22:55,600 [INFO] ImportTextPane:218 - (OptionalMessage_ERROR) IP (RCC) : Parameter (RNGFreq_Value) has invalid value (64000000)
2025-11-07 18:22:55,600 [INFO] ImportTextPane:218 - (OptionalMessage_ERROR) IP (RCC) : Parameter (SDMMCFreq_Value) has invalid value (64000000)
2025-11-07 18:22:55,600 [INFO] ImportTextPane:218 - (OptionalMessage_ERROR) IP (RCC) : Parameter (USBFreq_Value) has invalid value (64000000)
2025-11-07 18:22:55,997 [INFO] UtilMem:75 - End LoadConfig() Used Memory: 909323736 Bytes (1073741824)
2025-11-07 18:22:56,033 [WARN] ThirdParty:833 - waiting for thirdparty lock release [change project]
2025-11-07 18:22:56,033 [INFO] ThirdParty:835 - entering critical section [change project]
2025-11-07 18:22:56,033 [INFO] ThirdParty:1030 - CMSIS Pack Vendor :STMicroelectronics X-CUBE-PM33A1 1.0.0
2025-11-07 18:22:56,033 [INFO] ThirdParty:1030 - CMSIS Pack Vendor :STMicroelectronics USBPD 4.1
2025-11-07 18:22:56,033 [INFO] ThirdParty:1030 - CMSIS Pack Vendor :STMicroelectronics X-CUBE-NFC9 1.0.0
2025-11-07 18:22:56,033 [INFO] ThirdParty:1030 - CMSIS Pack Vendor :STMicroelectronics USB_HOST 2.0.0
2025-11-07 18:22:56,033 [INFO] ThirdParty:1030 - CMSIS Pack Vendor :STMicroelectronics FP-SNS-MOTENVWB1 1.4.0
2025-11-07 18:22:56,033 [INFO] ThirdParty:1030 - CMSIS Pack Vendor :STMicroelectronics X-CUBE-AZRTOS-F4 1.1.0
2025-11-07 18:22:56,034 [INFO] ThirdParty:1030 - CMSIS Pack Vendor :STMicroelectronics LIBJPEG 8.0.0
2025-11-07 18:22:56,034 [INFO] ThirdParty:1030 - CMSIS Pack Vendor :STMicroelectronics FP-ATR-ASTRA1 2.0.2
2025-11-07 18:22:56,034 [INFO] ThirdParty:1030 - CMSIS Pack Vendor :wolfSSL I-CUBE-wolfSSL 5.8.2
2025-11-07 18:22:56,034 [INFO] ThirdParty:1030 - CMSIS Pack Vendor :STMicroelectronics X-CUBE-BLE1 7.1.0
2025-11-07 18:22:56,034 [INFO] ThirdParty:1030 - CMSIS Pack Vendor :STMicroelectronics X-CUBE-SMBUS 2.1.0
2025-11-07 18:22:56,034 [INFO] ThirdParty:1030 - CMSIS Pack Vendor :wolfSSL I-CUBE-wolfMQTT 1.19.2
2025-11-07 18:22:56,034 [INFO] ThirdParty:1030 - CMSIS Pack Vendor :STMicroelectronics USB_DEVICE 3.0.0
2025-11-07 18:22:56,034 [INFO] ThirdParty:1030 - CMSIS Pack Vendor :STMicroelectronics X-CUBE-ISPU 2.1.0
2025-11-07 18:22:56,034 [INFO] ThirdParty:1030 - CMSIS Pack Vendor :STMicroelectronics X-CUBE-EEPRMA1 5.2.0
2025-11-07 18:22:56,034 [INFO] ThirdParty:1030 - CMSIS Pack Vendor :STMicroelectronics X-CUBE-BLEMGR 4.1.0
2025-11-07 18:22:56,034 [INFO] ThirdParty:1030 - CMSIS Pack Vendor :STMicroelectronics X-CUBE-AZRTOS-WB 2.0.0
2025-11-07 18:22:56,034 [INFO] ThirdParty:1030 - CMSIS Pack Vendor :STMicroelectronics X-CUBE-GNSS1 7.0.1
2025-11-07 18:22:56,034 [INFO] ThirdParty:1030 - CMSIS Pack Vendor :STMicroelectronics X-CUBE-NFC12 1.0.0
2025-11-07 18:22:56,034 [INFO] ThirdParty:1030 - CMSIS Pack Vendor :STMicroelectronics X-CUBE-AZRTOS-F7 1.1.0
2025-11-07 18:22:56,034 [INFO] ThirdParty:1030 - CMSIS Pack Vendor :STMicroelectronics X-CUBE-AZRTOS-L5 2.0.0
2025-11-07 18:22:56,034 [INFO] ThirdParty:1030 - CMSIS Pack Vendor :STMicroelectronics USB_DEVICE 2.0.0
2025-11-07 18:22:56,034 [INFO] ThirdParty:1030 - CMSIS Pack Vendor :STMicroelectronics X-CUBE-NFC6 3.1.0
2025-11-07 18:22:56,034 [INFO] ThirdParty:1030 - CMSIS Pack Vendor :Cesanta I-CUBE-Mongoose 7.19.0
2025-11-07 18:22:56,034 [INFO] ThirdParty:1030 - CMSIS Pack Vendor :quantropi X-CUBE-qispace-sdk-base 2.1.0
2025-11-07 18:22:56,034 [INFO] ThirdParty:1030 - CMSIS Pack Vendor :STMicroelectronics FreeRTOS 0.0.1
2025-11-07 18:22:56,034 [INFO] ThirdParty:1030 - CMSIS Pack Vendor :STMicroelectronics X-CUBE-AZRTOS-G0 1.1.0
2025-11-07 18:22:56,034 [INFO] ThirdParty:1030 - CMSIS Pack Vendor :STMicroelectronics X-CUBE-SAFEA1 1.2.2
2025-11-07 18:22:56,034 [INFO] ThirdParty:1030 - CMSIS Pack Vendor :STMicroelectronics X-CUBE-NFC4 3.0.0
2025-11-07 18:22:56,034 [INFO] ThirdParty:1030 - CMSIS Pack Vendor :STMicroelectronics X-CUBE-SUBG2 5.0.0
2025-11-07 18:22:56,034 [INFO] ThirdParty:1030 - CMSIS Pack Vendor :STMicroelectronics X-CUBE-AZRTOS-H7RS 1.1.0
2025-11-07 18:22:56,034 [INFO] ThirdParty:1030 - CMSIS Pack Vendor :STMicroelectronics STM32_WPAN 1.0.0
2025-11-07 18:22:56,034 [INFO] ThirdParty:1030 - CMSIS Pack Vendor :EmbeddedOffice I-CUBE-FS-RTOS 1.0.1
2025-11-07 18:22:56,034 [INFO] ThirdParty:1030 - CMSIS Pack Vendor :STMicroelectronics lwIP 2.0.3
2025-11-07 18:22:56,034 [INFO] ThirdParty:1030 - CMSIS Pack Vendor :STMicroelectronics USB_HOST 1.0.0
2025-11-07 18:22:56,034 [INFO] ThirdParty:1030 - CMSIS Pack Vendor :Infineon AIROC-Wi-Fi-Bluetooth-STM32 1.7.1
2025-11-07 18:22:56,034 [INFO] ThirdParty:1030 - CMSIS Pack Vendor :STMicroelectronics X-CUBE-AZRTOS-G4 2.0.0
2025-11-07 18:22:56,034 [INFO] ThirdParty:1030 - CMSIS Pack Vendor :STMicroelectronics X-CUBE-WB05N 2.0.0
2025-11-07 18:22:56,034 [INFO] ThirdParty:1030 - CMSIS Pack Vendor :STMicroelectronics PDM2PCM 3.1.0
2025-11-07 18:22:56,034 [INFO] ThirdParty:1030 - CMSIS Pack Vendor :STMicroelectronics PDM2PCM 3.3.0
2025-11-07 18:22:56,034 [INFO] ThirdParty:1030 - CMSIS Pack Vendor :wolfSSL I-CUBE-wolfTPM 3.8.0
2025-11-07 18:22:56,035 [INFO] ThirdParty:1030 - CMSIS Pack Vendor :STMicroelectronics X-CUBE-AZRTOS-H7 3.4.0
2025-11-07 18:22:56,035 [INFO] ThirdParty:1030 - CMSIS Pack Vendor :STMicroelectronics X-CUBE-DISPLAY 3.0.0
2025-11-07 18:22:56,035 [INFO] ThirdParty:1030 - CMSIS Pack Vendor :wolfSSL I-CUBE-wolfSSH 1.4.20
2025-11-07 18:22:56,035 [INFO] ThirdParty:1030 - CMSIS Pack Vendor :STMicroelectronics X-CUBE-NFC7 2.0.0
2025-11-07 18:22:56,035 [INFO] ThirdParty:1030 - CMSIS Pack Vendor :STMicroelectronics X-CUBE-TCPP 4.2.0
2025-11-07 18:22:56,035 [INFO] ThirdParty:1030 - CMSIS Pack Vendor :RealThread X-CUBE-RT-Thread_Nano 4.1.1
2025-11-07 18:22:56,035 [INFO] ThirdParty:1030 - CMSIS Pack Vendor :STMicroelectronics FP-ATR-SIGFOX1 3.2.0
2025-11-07 18:22:56,035 [INFO] ThirdParty:1030 - CMSIS Pack Vendor :STMicroelectronics X-CUBE-NFC10 1.0.0
2025-11-07 18:22:56,035 [INFO] ThirdParty:1030 - CMSIS Pack Vendor :STMicroelectronics X-CUBE-FREERTOS 1.3.1
2025-11-07 18:22:56,035 [INFO] ThirdParty:1030 - CMSIS Pack Vendor :STMicroelectronics HAL Drivers 0.0.0
2025-11-07 18:22:56,035 [INFO] ThirdParty:1030 - CMSIS Pack Vendor :STMicroelectronics MBEDTLS 2.16.2
2025-11-07 18:22:56,035 [INFO] ThirdParty:1030 - CMSIS Pack Vendor :STMicroelectronics X-CUBE-ST60 1.1.0
2025-11-07 18:22:56,035 [INFO] ThirdParty:1030 - CMSIS Pack Vendor :STMicroelectronics X-CUBE-ALS 1.0.2
2025-11-07 18:22:56,035 [INFO] ThirdParty:1030 - CMSIS Pack Vendor :emotas I-CUBE-CANOPEN 1.3.0
2025-11-07 18:22:56,035 [INFO] ThirdParty:1030 - CMSIS Pack Vendor :STMicroelectronics MBEDTLS 2.14.1
2025-11-07 18:22:56,035 [INFO] ThirdParty:1030 - CMSIS Pack Vendor :STMicroelectronics X-CUBE-GNSS1 7.1.0
2025-11-07 18:22:56,035 [INFO] ThirdParty:1030 - CMSIS Pack Vendor :ITTIA_DB I-CUBE-ITTIADB 8.9.0
2025-11-07 18:22:56,035 [INFO] ThirdParty:1030 - CMSIS Pack Vendor :STMicroelectronics X-CUBE-TOUCHGFX 4.26.0
2025-11-07 18:22:56,035 [INFO] ThirdParty:1030 - CMSIS Pack Vendor :STMicroelectronics X-CUBE-STSE01 1.0.0
2025-11-07 18:22:56,035 [INFO] ThirdParty:1030 - CMSIS Pack Vendor :STMicroelectronics X-CUBE-AI 10.2.0
2025-11-07 18:22:56,035 [INFO] ThirdParty:1030 - CMSIS Pack Vendor :STMicroelectronics FP-SNS-STAIOTCFT 1.0.0
2025-11-07 18:22:56,035 [INFO] ThirdParty:1030 - CMSIS Pack Vendor :STMicroelectronics ThreadX 1.0.0
2025-11-07 18:22:56,035 [INFO] ThirdParty:1030 - CMSIS Pack Vendor :STMicroelectronics FP-SNS-SMARTAG2 1.2.0
2025-11-07 18:22:56,035 [INFO] ThirdParty:1030 - CMSIS Pack Vendor :STMicroelectronics FP-SNS-FLIGHT1 5.1.0
2025-11-07 18:22:56,035 [INFO] ThirdParty:1030 - CMSIS Pack Vendor :STMicroelectronics X-CUBE-AZRTOS-WL 2.0.0
2025-11-07 18:22:56,035 [INFO] ThirdParty:1030 - CMSIS Pack Vendor :SEGGER I-CUBE-embOS 1.3.1
2025-11-07 18:22:56,035 [INFO] ThirdParty:1030 - CMSIS Pack Vendor :STMicroelectronics X-CUBE-ALGOBUILD 1.4.0
2025-11-07 18:22:56,035 [INFO] ThirdParty:1030 - CMSIS Pack Vendor :STMicroelectronics X-CUBE-DPower 1.3.0
2025-11-07 18:22:56,035 [INFO] ThirdParty:1030 - CMSIS Pack Vendor :STMicroelectronics X-CUBE-MEMS1 11.3.0
2025-11-07 18:22:56,035 [INFO] ThirdParty:1030 - CMSIS Pack Vendor :STMicroelectronics USB_DEVICE 1.0.0
2025-11-07 18:22:56,035 [INFO] ThirdParty:1030 - CMSIS Pack Vendor :STMicroelectronics X-CUBE-AZRTOS-L4 2.0.0
2025-11-07 18:22:56,035 [INFO] ThirdParty:1030 - CMSIS Pack Vendor :STMicroelectronics ThreadX 0.0.2
2025-11-07 18:22:56,035 [INFO] ThirdParty:1030 - CMSIS Pack Vendor :STMicroelectronics lwIP 2.1.2
2025-11-07 18:22:56,035 [INFO] ThirdParty:1030 - CMSIS Pack Vendor :STMicroelectronics X-CUBE-SFXS2LP1 4.0.0
2025-11-07 18:22:56,035 [INFO] ThirdParty:1030 - CMSIS Pack Vendor :STMicroelectronics X-CUBE-BLE2 3.3.0
2025-11-07 18:22:56,035 [INFO] ThirdParty:1030 - CMSIS Pack Vendor :STMicroelectronics X-CUBE-TOF1 3.4.3
2025-11-07 18:22:56,035 [INFO] ThirdParty:1030 - CMSIS Pack Vendor :STMicroelectronics PDM2PCM 3.2.0
2025-11-07 18:22:56,036 [INFO] ThirdParty:841 - exiting critical section [change project]
2025-11-07 18:22:56,259 [INFO] PinOutPanel:1589 - setPackage(No Configuration,No Configuration)
2025-11-07 18:22:56,261 [INFO] PinOutPanel:1589 - setPackage(STM32L476RGTx,LQFP64)
2025-11-07 18:22:56,750 [INFO] UtilMem:75 - Before build in PCC Used Memory: 838348192 Bytes (1073741824)
2025-11-07 18:22:57,082 [INFO] UtilMem:75 - After build in PCC Used Memory: 916469168 Bytes (1073741824)
2025-11-07 18:22:57,102 [INFO] IPUIPlugin:80 - create IPUIPlugin
2025-11-07 18:22:57,102 [INFO] IPUIPlugin:80 - create IPUIPlugin
2025-11-07 18:22:57,102 [INFO] IPUIPlugin:80 - create IPUIPlugin
2025-11-07 18:22:57,103 [INFO] IPUIPlugin:80 - create IPUIPlugin
2025-11-07 18:22:57,103 [INFO] IPUIPlugin:80 - create IPUIPlugin
2025-11-07 18:22:57,103 [INFO] IPUIPlugin:80 - create IPUIPlugin
2025-11-07 18:22:57,104 [INFO] IPUIPlugin:80 - create IPUIPlugin
2025-11-07 18:22:57,104 [INFO] IPUIPlugin:80 - create IPUIPlugin
2025-11-07 18:22:57,104 [INFO] IPUIPlugin:80 - create IPUIPlugin
2025-11-07 18:22:57,104 [INFO] IPUIPlugin:80 - create IPUIPlugin
2025-11-07 18:22:57,104 [INFO] IPUIPlugin:80 - create IPUIPlugin
2025-11-07 18:22:57,105 [INFO] IPUIPlugin:80 - create IPUIPlugin
2025-11-07 18:22:57,105 [INFO] IPUIPlugin:80 - create IPUIPlugin
2025-11-07 18:22:57,105 [INFO] IPUIPlugin:80 - create IPUIPlugin
2025-11-07 18:22:57,105 [INFO] IPUIPlugin:80 - create IPUIPlugin
2025-11-07 18:22:57,105 [INFO] IPUIPlugin:80 - create IPUIPlugin
2025-11-07 18:22:57,105 [INFO] IPUIPlugin:80 - create IPUIPlugin
2025-11-07 18:22:57,105 [INFO] IPUIPlugin:80 - create IPUIPlugin
2025-11-07 18:22:57,105 [INFO] IPUIPlugin:80 - create IPUIPlugin
2025-11-07 18:22:57,105 [INFO] IPUIPlugin:80 - create IPUIPlugin
2025-11-07 18:22:57,105 [INFO] IPUIPlugin:80 - create IPUIPlugin
2025-11-07 18:22:57,105 [INFO] IPUIPlugin:80 - create IPUIPlugin
2025-11-07 18:22:57,106 [INFO] IPUIPlugin:80 - create IPUIPlugin
2025-11-07 18:22:57,106 [INFO] IPUIPlugin:80 - create IPUIPlugin
2025-11-07 18:22:57,106 [INFO] IPUIPlugin:80 - create IPUIPlugin
2025-11-07 18:22:57,106 [INFO] IPUIPlugin:80 - create IPUIPlugin
2025-11-07 18:22:57,106 [INFO] IPUIPlugin:80 - create IPUIPlugin
2025-11-07 18:22:57,106 [INFO] IPUIPlugin:80 - create IPUIPlugin
2025-11-07 18:22:57,107 [INFO] IPUIPlugin:80 - create IPUIPlugin
2025-11-07 18:22:57,107 [INFO] IPUIPlugin:80 - create IPUIPlugin
2025-11-07 18:22:57,107 [INFO] IPUIPlugin:80 - create IPUIPlugin
2025-11-07 18:22:57,107 [INFO] IPUIPlugin:80 - create IPUIPlugin
2025-11-07 18:22:57,107 [INFO] IPUIPlugin:80 - create IPUIPlugin
2025-11-07 18:22:57,108 [INFO] IPUIPlugin:80 - create IPUIPlugin
2025-11-07 18:22:57,108 [INFO] IPUIPlugin:80 - create IPUIPlugin
2025-11-07 18:22:57,108 [INFO] IPUIPlugin:80 - create IPUIPlugin
2025-11-07 18:22:57,109 [INFO] IPUIPlugin:80 - create IPUIPlugin
2025-11-07 18:22:57,109 [INFO] IPUIPlugin:80 - create IPUIPlugin
2025-11-07 18:22:57,109 [INFO] IPUIPlugin:80 - create IPUIPlugin
2025-11-07 18:22:57,109 [INFO] IPUIPlugin:80 - create IPUIPlugin
2025-11-07 18:22:57,109 [INFO] IPUIPlugin:80 - create IPUIPlugin
2025-11-07 18:22:57,109 [INFO] IPUIPlugin:80 - create IPUIPlugin
2025-11-07 18:22:57,109 [INFO] IPUIPlugin:80 - create IPUIPlugin
2025-11-07 18:22:57,110 [INFO] IPUIPlugin:80 - create IPUIPlugin
2025-11-07 18:22:57,110 [INFO] IPUIPlugin:80 - create IPUIPlugin
2025-11-07 18:22:57,110 [INFO] IPUIPlugin:80 - create IPUIPlugin
2025-11-07 18:22:57,110 [INFO] IPUIPlugin:80 - create IPUIPlugin
2025-11-07 18:22:57,110 [INFO] IPUIPlugin:80 - create IPUIPlugin
2025-11-07 18:22:57,110 [INFO] IPUIPlugin:80 - create IPUIPlugin
2025-11-07 18:22:57,111 [INFO] IPUIPlugin:80 - create IPUIPlugin
2025-11-07 18:22:57,111 [INFO] IPUIPlugin:80 - create IPUIPlugin
2025-11-07 18:22:57,111 [INFO] IPUIPlugin:80 - create IPUIPlugin
2025-11-07 18:22:57,111 [INFO] IPUIPlugin:80 - create IPUIPlugin
2025-11-07 18:22:57,111 [INFO] IPUIPlugin:80 - create IPUIPlugin
2025-11-07 18:22:57,111 [INFO] IPUIPlugin:80 - create IPUIPlugin
2025-11-07 18:22:57,112 [INFO] IPUIPlugin:80 - create IPUIPlugin
2025-11-07 18:22:57,112 [INFO] IPUIPlugin:80 - create IPUIPlugin
2025-11-07 18:22:57,112 [INFO] IPUIPlugin:80 - create IPUIPlugin
2025-11-07 18:22:57,112 [INFO] IPUIPlugin:80 - create IPUIPlugin
2025-11-07 18:22:57,166 [INFO] CADModel:165 - CPN selected for project levelSTM32L476RGT3
2025-11-07 18:22:57,166 [INFO] CADModel:114 - Register for checkConnection events
2025-11-07 18:22:57,223 [INFO] OpenFileManager:385 - Restore cursor
2025-11-07 18:22:57,715 [INFO] UtilMem:75 - End SaveConfig() Used Memory: 838283088 Bytes (1073741824)
2025-11-07 18:22:57,845 [INFO] UtilMem:75 - End SaveConfig() Used Memory: 864306488 Bytes (1073741824)
2025-11-07 18:22:58,212 [INFO] BlockDiagram:2775 - set Specific Code input for plugin: SYS
2025-11-07 18:22:58,213 [INFO] BlockDiagram:2775 - set Specific Code input for plugin: RCC
2025-11-07 18:22:58,213 [INFO] BlockDiagram:2775 - set Specific Code input for plugin: NVIC
2025-11-07 18:22:58,213 [INFO] BlockDiagram:2775 - set Specific Code input for plugin: USART
2025-11-07 18:22:58,213 [INFO] BlockDiagram:2775 - set Specific Code input for plugin: GPIO
2025-11-07 18:22:58,216 [INFO] CodeGenerator:882 - code generatio: config db path: C:\ST\STM32CubeIDE_1.18.1\STM32CubeIDE\plugins\com.st.stm32cube.common.mx_6.14.1.202504091515\\db\
2025-11-07 18:22:58,385 [INFO] CodeEngine:263 - oldGeneratedFile, C:\stm32\environmentalSensor\MXTmpFiles\license.tmp_save
2025-11-07 18:22:58,655 [INFO] CodeEngine:287 - Generated code: C:\stm32\environmentalSensor\MXTmpFiles\license.tmp
2025-11-07 18:22:58,722 [INFO] CodeEngine:263 - oldGeneratedFile, C:\stm32\environmentalSensor\MXTmpFiles\gpio.tmp_save
2025-11-07 18:22:58,901 [INFO] CodeEngine:287 - Generated code: C:\stm32\environmentalSensor\MXTmpFiles\gpio.tmp
2025-11-07 18:22:59,014 [INFO] CodeEngine:263 - oldGeneratedFile, C:\stm32\environmentalSensor\Core\Src\stm32l4xx_it.c_save
2025-11-07 18:22:59,206 [INFO] CodeEngine:287 - Generated code: C:\stm32\environmentalSensor\Core\Src\stm32l4xx_it.c
2025-11-07 18:22:59,214 [INFO] CodeEngine:263 - oldGeneratedFile, C:\stm32\environmentalSensor\Core\Inc\stm32l4xx_it.h_save
2025-11-07 18:22:59,341 [INFO] CodeEngine:287 - Generated code: C:\stm32\environmentalSensor\Core\Inc\stm32l4xx_it.h
2025-11-07 18:22:59,365 [INFO] CodeEngine:263 - oldGeneratedFile, C:\stm32\environmentalSensor\Core\Src\stm32l4xx_hal_msp.c_save
2025-11-07 18:22:59,504 [INFO] CodeEngine:287 - Generated code: C:\stm32\environmentalSensor\Core\Src\stm32l4xx_hal_msp.c
2025-11-07 18:22:59,511 [INFO] CodeEngine:263 - oldGeneratedFile, C:\stm32\environmentalSensor\MXTmpFiles\system.tmp_save
2025-11-07 18:22:59,593 [INFO] CodeEngine:287 - Generated code: C:\stm32\environmentalSensor\MXTmpFiles\system.tmp
2025-11-07 18:22:59,611 [INFO] CodeEngine:319 - oldGeneratedFile, C:\stm32\environmentalSensor\Core\Inc\stm32l4xx_hal_conf.h_save
2025-11-07 18:22:59,711 [INFO] CodeEngine:343 - Generated code: C:\stm32\environmentalSensor\Core\Inc\stm32l4xx_hal_conf.h
2025-11-07 18:22:59,763 [INFO] ApiDbMcu:508 - Load IP Config File for USART2
2025-11-07 18:22:59,768 [INFO] ApiDbMcu:508 - Load IP Config File for RCC
2025-11-07 18:22:59,785 [INFO] CodeEngine:263 - oldGeneratedFile, C:\stm32\environmentalSensor\Core\Inc\main.h_save
2025-11-07 18:22:59,864 [INFO] CodeEngine:287 - Generated code: C:\stm32\environmentalSensor\Core\Inc\main.h
2025-11-07 18:22:59,872 [INFO] CodeEngine:263 - oldGeneratedFile, C:\stm32\environmentalSensor\Core\Src\main.c_save
2025-11-07 18:22:59,970 [INFO] CodeEngine:287 - Generated code: C:\stm32\environmentalSensor\Core\Src\main.c
2025-11-07 18:23:00,685 [INFO] ProjectBuilder:3324 - Time for Copy HAL[1] : 489mS.
2025-11-07 18:23:00,692 [INFO] ProjectBuilder:4912 - Project Generator version: 4.6.0.1-B1
2025-11-07 18:23:00,791 [INFO] ConfigFileManager:1590 - The Die is : DIE415
2025-11-07 18:23:00,795 [INFO] ApiDbMcu:508 - Load IP Config File for FATFS
2025-11-07 18:23:00,801 [INFO] ApiDbMcu:508 - Load IP Config File for FREERTOS
2025-11-07 18:23:00,815 [INFO] ApiDbMcu:508 - Load IP Config File for TOUCHSENSING
2025-11-07 18:23:00,824 [INFO] ApiDbMcu:508 - Load IP Config File for USB_DEVICE
2025-11-07 18:23:00,828 [INFO] ApiDbMcu:508 - Load IP Config File for USB_HOST
2025-11-07 18:23:03,863 [INFO] ProjectBuilder:5191 - Time for Generating toolchain IDE Files: 3171mS.
2025-11-07 18:23:03,865 [INFO] ProjectBuilder:3181 - Time for Copy CMSIS : 2mS.
2025-11-07 18:23:03,868 [INFO] ProjectBuilder:3181 - Time for Copy CMSIS : 0mS.
2025-11-07 18:23:04,517 [INFO] McuFinderGlobals:76 - Set McuFinderConnectedMode to true
2025-11-07 18:23:04,521 [INFO] ApiDb:448 - Save user favorites file C:\Users\siree/.stm32cubeide/favorites.mcus.txt: 0 item(s)
2025-11-07 18:23:04,522 [INFO] ApiDb:452 - User favorites MCUs=[]
2025-11-07 18:23:04,524 [INFO] ApiDb:448 - Save user favorites file C:\Users\siree/.stm32cubeide/favorites.boards.txt: 0 item(s)
2025-11-07 18:23:04,524 [INFO] ApiDb:452 - User favorites Boards=[]
2025-11-07 18:23:27,045 [INFO] I2cTimingTraitement:330 - 0x10D19CE4
2025-11-07 18:23:31,245 [INFO] UtilMem:75 - End SaveConfig() Used Memory: 938821136 Bytes (1073741824)
2025-11-07 18:23:36,861 [INFO] UtilMem:75 - End SaveConfig() Used Memory: 969794576 Bytes (1073741824)
2025-11-07 18:23:42,427 [INFO] UtilMem:75 - End SaveConfig() Used Memory: 808775576 Bytes (1073741824)
2025-11-07 18:23:42,588 [INFO] BlockDiagram:2775 - set Specific Code input for plugin: SYS
2025-11-07 18:23:42,588 [INFO] BlockDiagram:2775 - set Specific Code input for plugin: RCC
2025-11-07 18:23:42,588 [INFO] BlockDiagram:2775 - set Specific Code input for plugin: I2C
2025-11-07 18:23:42,588 [INFO] BlockDiagram:2775 - set Specific Code input for plugin: NVIC
2025-11-07 18:23:42,588 [INFO] BlockDiagram:2775 - set Specific Code input for plugin: USART
2025-11-07 18:23:42,588 [INFO] BlockDiagram:2775 - set Specific Code input for plugin: GPIO
2025-11-07 18:23:42,591 [INFO] CodeGenerator:882 - code generatio: config db path: C:\ST\STM32CubeIDE_1.18.1\STM32CubeIDE\plugins\com.st.stm32cube.common.mx_6.14.1.202504091515\\db\
2025-11-07 18:23:42,689 [INFO] CodeEngine:263 - oldGeneratedFile, C:\stm32\environmentalSensor\MXTmpFiles\license.tmp_save
2025-11-07 18:23:42,757 [INFO] CodeEngine:287 - Generated code: C:\stm32\environmentalSensor\MXTmpFiles\license.tmp
2025-11-07 18:23:42,791 [INFO] CodeEngine:263 - oldGeneratedFile, C:\stm32\environmentalSensor\MXTmpFiles\gpio.tmp_save
2025-11-07 18:23:42,860 [INFO] CodeEngine:287 - Generated code: C:\stm32\environmentalSensor\MXTmpFiles\gpio.tmp
2025-11-07 18:23:42,963 [INFO] CodeEngine:263 - oldGeneratedFile, C:\stm32\environmentalSensor\Core\Src\stm32l4xx_it.c_save
2025-11-07 18:23:43,040 [INFO] CodeEngine:287 - Generated code: C:\stm32\environmentalSensor\Core\Src\stm32l4xx_it.c
2025-11-07 18:23:43,049 [INFO] CodeEngine:263 - oldGeneratedFile, C:\stm32\environmentalSensor\Core\Inc\stm32l4xx_it.h_save
2025-11-07 18:23:43,108 [INFO] CodeEngine:287 - Generated code: C:\stm32\environmentalSensor\Core\Inc\stm32l4xx_it.h
2025-11-07 18:23:43,131 [INFO] CodeEngine:263 - oldGeneratedFile, C:\stm32\environmentalSensor\Core\Src\stm32l4xx_hal_msp.c_save
2025-11-07 18:23:43,229 [INFO] CodeEngine:287 - Generated code: C:\stm32\environmentalSensor\Core\Src\stm32l4xx_hal_msp.c
2025-11-07 18:23:43,236 [INFO] CodeEngine:263 - oldGeneratedFile, C:\stm32\environmentalSensor\MXTmpFiles\system.tmp_save
2025-11-07 18:23:43,290 [INFO] CodeEngine:287 - Generated code: C:\stm32\environmentalSensor\MXTmpFiles\system.tmp
2025-11-07 18:23:43,306 [INFO] CodeEngine:319 - oldGeneratedFile, C:\stm32\environmentalSensor\Core\Inc\stm32l4xx_hal_conf.h_save
2025-11-07 18:23:43,377 [INFO] CodeEngine:343 - Generated code: C:\stm32\environmentalSensor\Core\Inc\stm32l4xx_hal_conf.h
2025-11-07 18:23:43,422 [INFO] ApiDbMcu:508 - Load IP Config File for I2C1
2025-11-07 18:23:43,435 [INFO] CodeEngine:263 - oldGeneratedFile, C:\stm32\environmentalSensor\Core\Inc\main.h_save
2025-11-07 18:23:43,498 [INFO] CodeEngine:287 - Generated code: C:\stm32\environmentalSensor\Core\Inc\main.h
2025-11-07 18:23:43,511 [INFO] CodeEngine:263 - oldGeneratedFile, C:\stm32\environmentalSensor\Core\Src\main.c_save
2025-11-07 18:23:43,618 [INFO] CodeEngine:287 - Generated code: C:\stm32\environmentalSensor\Core\Src\main.c
2025-11-07 18:23:44,238 [INFO] ProjectBuilder:3324 - Time for Copy HAL[1] : 385mS.
2025-11-07 18:23:44,241 [INFO] ProjectBuilder:4912 - Project Generator version: 4.6.0.1-B1
2025-11-07 18:23:44,333 [INFO] ConfigFileManager:1590 - The Die is : DIE415
2025-11-07 18:23:45,087 [INFO] ProjectBuilder:5191 - Time for Generating toolchain IDE Files: 846mS.
2025-11-07 18:23:45,089 [INFO] ProjectBuilder:3181 - Time for Copy CMSIS : 2mS.
2025-11-07 18:23:45,091 [INFO] ProjectBuilder:3181 - Time for Copy CMSIS : 0mS.
2025-11-07 18:36:45,385 [INFO] WebApp:194 - Connection lost
2025-11-07 18:36:46,374 [INFO] WebApp:191 - Connection restablished
2025-11-07 18:39:21,279 [ERROR] LogOutputStream:75 - [STDERR_REDIRECT] 
